ask,at_close,avg_price,bid,cash_impact_usd,commission,date,decision_price,depth_cost,drift_cost,exchange_fee,execution_cost_bps,fill_rate_pct,filled_qty,impact_cost,implementation_shortfall,interval,limit_price,mid,notional,order_type,participant,participation_pct_of_session_volume,price_difference,reason,rebate,reference_close,reference_file,reference_high,reference_low,reference_open,reference_sha256,reference_volume,regulatory_fee,reject_reason,requested_qty,side,slippage_bps,slippage_vs_close_bps,slippage_vs_decision_bps,slippage_vs_open_bps,spread_cost,status,stop_price,symbol,total_cost
338.53,False,338.54,338.52,-189922.623,0.0,2025-09-17,338.529999,0.0,-0.9392,1.683,0.433,100.0,561,3.7448,7.2936,0,,338.525,189920.94,market,@GOLD_Trend_GLD,0.00339,5.6106,gold: trend up,0.0,336.970001,data/real/prices/yahoo/GLD.json,341.23999,335.519989,338.529999,545093d31c9d8284e3b5dc66f668a6cb7391d9925b5abdf3e82bcaa71e423b40,16535300,0.0,,561,buy,0.295,46.592,0.295,0.295,2.805,filled,,GLD,8.2328
238.83,False,238.83,238.82,-59947.083,0.0,2025-09-17,238.820007,0.0,0.6117,0.753,0.442,100.0,251,0.6415,3.2612,0,,238.825,59946.33,market,@PinePilot_EMA_Cross,0.00031,2.5082,pinepilot: EMA(20) > EMA(50),0.0,238.889999,data/real/prices/yahoo/IWM.json,244.279999,237.020004,238.820007,e64243e5cb1f476108f0b2a326759daaf5c078330e63d0a97197784a4b2f2ba7,79955600,0.0,,251,buy,0.418,-2.512,0.418,0.418,1.255,filled,,IWM,2.6495
591.1,False,591.1,591.09,-59701.403,0.0,2025-09-17,591.099976,0.0,-0.73,0.303,0.173,100.0,101,0.2275,0.3054,0,,591.095,59701.1,market,@PinePilot_EMA_Cross,0.00015,0.0024,pinepilot: EMA(20) > EMA(50),0.0,590.0,data/real/prices/yahoo/QQQ.json,591.75,584.369995,591.099976,e8cfe01a120c538da1320474ba43d37432e8ebb3387eb489dc22eba738ffd85a,69384800,0.0,,101,buy,0.0,18.644,0.0,0.0,0.505,filled,,QQQ,1.0355
591.1,False,591.1,591.09,-189744.063,0.0,2025-09-17,591.099976,0.0,-2.8861,0.963,0.203,100.0,321,1.2888,0.9707,0,,591.095,189743.1,market,@LeapMaxLever_Momentum,0.00046,0.0077,the leap: monthly leader QQQ,0.0,590.0,data/real/prices/yahoo/QQQ.json,591.75,584.369995,591.099976,e8cfe01a120c538da1320474ba43d37432e8ebb3387eb489dc22eba738ffd85a,69384800,0.0,,321,buy,0.0,18.644,0.0,0.0,1.605,filled,,QQQ,3.8568
660.02,False,660.02,660.01,-59402.07,0.0,2025-09-17,660.01001,0.0,0.3141,0.27,0.144,100.0,90,0.135,1.1691,0,,660.015,59401.8,market,@PinePilot_EMA_Cross,9e-05,0.8991,pinepilot: EMA(20) > EMA(50),0.0,659.179993,data/real/prices/yahoo/SPY.json,661.719971,654.299988,660.01001,7353863ce2b1a9438c1be2922e0aef571e3813bf0ff57dbbf11b33c28a864fbc,101952200,0.0,,90,buy,0.151,12.743,0.151,0.151,0.45,filled,,SPY,0.855
90.71,False,90.71,90.7,-149948.589,0.0,2025-09-17,90.709999,0.0,-10.78,4.959,1.05,100.0,1653,2.5166,4.9607,0,,90.705,149943.63,market,@YieldCurve_Rotator,0.00337,0.0017,curve: 21d change -3.0bp,0.0,90.120003,data/real/prices/yahoo/TLT.json,91.040001,89.870003,90.709999,d823b49f9ceafa130626634af73ca48f96ee2ec142fa7c454cd3e9b95d78a7cd,49121800,0.0,,1653,buy,0.0,65.468,0.0,0.0,8.265,filled,,TLT,15.7406
94.06,False,94.07,94.05,-149952.362,0.0,2025-09-17,94.059998,0.0,-1.6135,4.782,1.49,100.0,1594,9.5867,20.7252,0,,94.055,149947.58,market,@FDACatalyst_Rider,0.01054,15.9432,fda: 30d approvals=52 median=0,0.0,93.769997,data/real/prices/yahoo/XBI.json,95.809998,93.489998,94.059998,51e3a7268333197c1fd3996d0ccf7e0247fc9f5d8ab22ca19c8137c6dfa5e654,15125300,0.0,,1594,buy,1.063,31.993,1.063,1.063,7.97,filled,,XBI,22.3387
94.06,False,94.05,94.05,99971.7845,0.0,2025-09-17,94.059998,0.0,0.0921,3.189,1.39,100.0,1063,5.2208,13.9933,0,,94.055,99975.15,market,@FDA_ClusterFade,0.00703,10.6279,fda fade: z=52.00 short sector,0.0,93.769997,data/real/prices/yahoo/XBI.json,95.809998,93.489998,94.059998,51e3a7268333197c1fd3996d0ccf7e0247fc9f5d8ab22ca19c8137c6dfa5e654,15125300,0.1765,,1063,sell,1.063,29.861,1.063,-1.063,5.315,filled,,XBI,13.9013
336.23,False,336.22,336.22,1008.6505,0.0,2025-09-18,336.220001,0.0,-0.0165,0.009,0.258,100.0,3,0.0015,0.0095,0,,336.225,1008.66,market,@GOLD_Trend_GLD,2e-05,0.0,gold: trend up,0.0,335.619995,data/real/prices/yahoo/GLD.json,336.320007,333.809998,336.220001,545093d31c9d8284e3b5dc66f668a6cb7391d9925b5abdf3e82bcaa71e423b40,14913300,0.0005,,3,sell,0.0,17.878,0.0,-0.0,0.015,filled,,GLD,0.026
661.9,False,661.9,661.89,-661.903,0.0,2025-09-18,661.890015,0.0,0.0048,0.003,0.123,100.0,1,0.0002,0.013,0,,661.895,661.9,market,@PinePilot_EMA_Cross,0.0,0.01,pinepilot: EMA(20) > EMA(50),0.0,662.26001,data/real/prices/yahoo/SPY.json,664.890015,660.27002,661.890015,7353863ce2b1a9438c1be2922e0aef571e3813bf0ff57dbbf11b33c28a864fbc,90459200,0.0,,1,buy,0.151,-5.436,0.151,0.151,0.005,filled,,SPY,0.0082
94.8,False,94.8,94.79,-1516.848,0.0,2025-09-18,94.790001,0.0,0.0704,0.048,0.907,100.0,16,0.0096,0.208,0,,94.795,1516.8,market,@FDA_ClusterFade,0.00017,0.16,fda fade: z=15.81 short sector,0.0,96.68,data/real/prices/yahoo/XBI.json,96.730003,94.709999,94.790001,51e3a7268333197c1fd3996d0ccf7e0247fc9f5d8ab22ca19c8137c6dfa5e654,9284900,0.0,,16,buy,1.055,-194.456,1.055,1.055,0.08,filled,,XBI,0.1376
597.34,False,597.34,597.33,-597.343,0.0,2025-09-19,597.330017,0.0,0.0048,0.003,0.137,100.0,1,0.0002,0.013,0,,597.335,597.34,market,@PinePilot_EMA_Cross,0.0,0.01,pinepilot: EMA(20) > EMA(50),0.0,599.349976,data/real/prices/yahoo/QQQ.json,600.049988,595.849976,597.330017,e8cfe01a120c538da1320474ba43d37432e8ebb3387eb489dc22eba738ffd85a,58196100,0.0,,1,buy,0.167,-33.536,0.167,0.167,0.005,filled,,QQQ,0.0082
662.34,False,662.34,662.33,-662.343,0.0,2025-09-19,662.330017,0.0,0.0048,0.003,0.123,100.0,1,0.0002,0.013,0,,662.335,662.34,market,@PinePilot_EMA_Cross,0.0,0.01,pinepilot: EMA(20) > EMA(50),0.0,663.700012,data/real/prices/yahoo/SPY.json,664.549988,660.369995,662.330017,7353863ce2b1a9438c1be2922e0aef571e3813bf0ff57dbbf11b33c28a864fbc,97945600,0.0,,1,buy,0.151,-20.491,0.151,0.151,0.005,filled,,SPY,0.0082
96.99,False,96.99,96.98,-2327.832,0.0,2025-09-19,96.989998,0.0,-0.1391,0.072,0.907,100.0,24,0.0191,0.072,0,,96.985,2327.76,market,@FDACatalyst_Rider,0.00034,0.0,fda: 30d approvals=51 median=0,0.0,95.599998,data/real/prices/yahoo/XBI.json,97.040001,95.370003,96.989998,51e3a7268333197c1fd3996d0ccf7e0247fc9f5d8ab22ca19c8137c6dfa5e654,7144100,0.0,,24,buy,0.0,145.398,0.0,0.0,0.12,filled,,XBI,0.2111
96.99,False,96.99,96.98,-4558.671,0.0,2025-09-19,96.989998,0.0,-0.2873,0.141,0.94,100.0,47,0.0524,0.1411,0,,96.985,4558.53,market,@FDA_ClusterFade,0.00066,0.0001,fda fade: z=10.94 short sector,0.0,95.599998,data/real/prices/yahoo/XBI.json,97.040001,95.370003,96.989998,51e3a7268333197c1fd3996d0ccf7e0247fc9f5d8ab22ca19c8137c6dfa5e654,7144100,0.0,,47,buy,0.0,145.398,0.0,0.0,0.235,filled,,XBI,0.4284
342.76,False,342.76,342.75,-3084.867,0.0,2025-09-22,342.75,0.0,0.0371,0.027,0.259,100.0,9,0.0079,0.117,0,,342.755,3084.84,market,@GOLD_Trend_GLD,7e-05,0.09,gold: trend up,0.0,345.049988,data/real/prices/yahoo/GLD.json,345.070007,341.839996,342.75,545093d31c9d8284e3b5dc66f668a6cb7391d9925b5abdf3e82bcaa71e423b40,12386400,0.0,,9,buy,0.292,-66.367,0.292,0.292,0.045,filled,,GLD,0.0799
95.99,False,95.98,95.98,1823.5598,0.0,2025-09-22,95.989998,0.0,0.0813,0.057,0.926,100.0,19,0.0137,0.2501,0,,95.985,1823.62,market,@FDA_ClusterFade,0.00017,0.19,fda fade: z=8.97 short sector,0.0,97.300003,data/real/prices/yahoo/XBI.json,97.660004,95.339996,95.989998,51e3a7268333197c1fd3996d0ccf7e0247fc9f5d8ab22ca19c8137c6dfa5e654,11373600,0.0032,,19,sell,1.042,-135.663,1.042,-1.042,0.095,filled,,XBI,0.1688
348.24,False,348.24,348.23,-2785.944,0.0,2025-09-23,348.230011,0.0,0.033,0.024,0.255,100.0,8,0.0069,0.1039,0,,348.235,2785.92,market,@GOLD_Trend_GLD,4e-05,0.0799,gold: trend up,0.0,346.459991,data/real/prices/yahoo/GLD.json,348.75,345.320007,348.230011,545093d31c9d8284e3b5dc66f668a6cb7391d9925b5abdf3e82bcaa71e423b40,18384000,0.0,,8,buy,0.287,51.377,0.287,0.287,0.04,filled,,GLD,0.0709
97.09,False,97.09,97.08,-2136.046,0.0,2025-09-23,97.089996,0.0,-0.1275,0.066,0.906,100.0,22,0.0176,0.0661,0,,97.085,2135.98,market,@FDA_ClusterFade,0.00031,0.0001,fda fade: z=7.94 short sector,0.0,96.769997,data/real/prices/yahoo/XBI.json,97.75,96.620003,97.089996,51e3a7268333197c1fd3996d0ccf7e0247fc9f5d8ab22ca19c8137c6dfa5e654,7122400,0.0,,22,buy,0.0,33.068,0.0,0.0,0.11,filled,,XBI,0.1936
344.4,False,344.39,344.39,1721.9342,0.0,2025-09-25,344.390015,0.0,-0.0284,0.015,0.258,100.0,5,0.0035,0.0159,0,,344.395,1721.95,market,@GOLD_Trend_GLD,4e-05,0.0001,gold: trend up,0.0,344.75,data/real/prices/yahoo/GLD.json,345.829987,342.470001,344.390015,545093d31c9d8284e3b5dc66f668a6cb7391d9925b5abdf3e82bcaa71e423b40,12639600,0.0008,,5,sell,0.0,-10.442,0.0,-0.0,0.025,filled,,GLD,0.0443
96.28,False,96.27,96.27,1540.2693,0.0,2025-09-26,96.279999,0.0,0.0696,0.048,0.916,100.0,16,0.0104,0.2106,0,,96.275,1540.32,market,@FDA_ClusterFade,0.00013,0.16,fda fade: z=6.32 short sector,0.0,97.949997,data/real/prices/yahoo/XBI.json,98.0,95.860001,96.279999,51e3a7268333197c1fd3996d0ccf7e0247fc9f5d8ab22ca19c8137c6dfa5e654,12363300,0.0027,,16,sell,1.039,-171.516,1.039,-1.039,0.08,filled,,XBI,0.141
351.8,False,351.8,351.79,-3518.03,0.0,2025-09-29,351.790009,0.0,0.0398,0.03,0.256,100.0,10,0.0101,0.1299,0,,351.795,3518.0,market,@GOLD_Trend_GLD,6e-05,0.0999,gold: trend up,0.0,352.459991,data/real/prices/yahoo/GLD.json,352.829987,351.279999,351.790009,545093d31c9d8284e3b5dc66f668a6cb7391d9925b5abdf3e82bcaa71e423b40,15719600,0.0,,10,buy,0.284,-18.725,0.284,0.284,0.05,filled,,GLD,0.0901
98.34,False,98.34,98.33,-1180.116,0.0,2025-09-29,98.330002,0.0,0.0528,0.036,0.874,100.0,12,0.0071,0.156,0,,98.335,1180.08,market,@FDACatalyst_Rider,0.00012,0.12,fda: 30d approvals=48 median=0,0.0,99.400002,data/real/prices/yahoo/XBI.json,99.489998,98.010002,98.330002,51e3a7268333197c1fd3996d0ccf7e0247fc9f5d8ab22ca19c8137c6dfa5e654,9957300,0.0,,12,buy,1.017,-106.64,1.017,1.017,0.06,filled,,XBI,0.1031
98.34,False,98.34,98.33,-4130.406,0.0,2025-09-29,98.330002,0.0,0.1632,0.126,0.927,100.0,42,0.0467,0.5459,0,,98.335,4130.28,market,@FDA_ClusterFade,0.00042,0.4199,fda fade: z=4.98 short sector,0.0,99.400002,data/real/prices/yahoo/XBI.json,99.489998,98.010002,98.330002,51e3a7268333197c1fd3996d0ccf7e0247fc9f5d8ab22ca19c8137c6dfa5e654,9957300,0.0,,42,buy,1.017,-106.64,1.017,1.017,0.21,filled,,XBI,0.3827
99.42,False,99.42,99.41,-2087.883,0.0,2025-09-30,99.419998,0.0,-0.1218,0.063,0.885,100.0,21,0.0168,0.063,0,,99.415,2087.82,market,@FDA_ClusterFade,0.00016,0.0,fda fade: z=4.84 short sector,0.0,100.199997,data/real/prices/yahoo/XBI.json,100.529999,98.870003,99.419998,51e3a7268333197c1fd3996d0ccf7e0247fc9f5d8ab22ca19c8137c6dfa5e654,12913900,0.0,,21,buy,0.0,-77.844,0.0,0.0,0.105,filled,,XBI,0.1848
356.18,False,356.18,356.17,-2137.098,0.0,2025-10-01,356.170013,0.0,0.025,0.018,0.248,100.0,6,0.0049,0.0779,0,,356.175,2137.08,market,@GOLD_Trend_GLD,4e-05,0.0599,gold: trend up,0.0,356.029999,data/real/prices/yahoo/GLD.json,356.970001,354.790009,356.170013,545093d31c9d8284e3b5dc66f668a6cb7391d9925b5abdf3e82bcaa71e423b40,15573600,0.0,,6,buy,0.28,4.213,0.28,0.28,0.03,filled,,GLD,0.0529
597.17,False,597.17,597.16,-2388.692,0.0,2025-10-01,597.169983,0.0,-0.0212,0.012,0.139,100.0,4,0.0013,0.0121,0,,597.165,2388.68,market,@LeapMaxLever_Momentum,1e-05,0.0001,the leap: monthly leader QQQ,0.0,603.25,data/real/prices/yahoo/QQQ.json,603.789978,596.340027,597.169983,e8cfe01a120c538da1320474ba43d37432e8ebb3387eb489dc22eba738ffd85a,46899600,0.0,,4,buy,0.0,-100.787,0.0,0.0,0.02,filled,,QQQ,0.0333
100.12,False,100.12,100.11,-1401.722,0.0,2025-10-01,100.110001,0.0,0.0608,0.042,0.864,100.0,14,0.0091,0.182,0,,100.115,1401.68,market,@FDACatalyst_Rider,0.00014,0.14,fda: 30d approvals=54 median=0,0.0,101.389999,data/real/prices/yahoo/XBI.json,102.150002,100.110001,100.110001,51e3a7268333197c1fd3996d0ccf7e0247fc9f5d8ab22ca19c8137c6dfa5e654,9736200,0.0,,14,buy,0.999,-125.259,0.999,0.999,0.07,filled,,XBI,0.1211
100.12,False,100.12,100.11,-1301.599,0.0,2025-10-01,100.110001,0.0,0.0568,0.039,0.862,100.0,13,0.0082,0.169,0,,100.115,1301.56,market,@FDA_ClusterFade,0.00013,0.13,fda fade: z=5.10 short sector,0.0,101.389999,data/real/prices/yahoo/XBI.json,102.150002,100.110001,100.110001,51e3a7268333197c1fd3996d0ccf7e0247fc9f5d8ab22ca19c8137c6dfa5e654,9736200,0.0,,13,buy,0.999,-125.259,0.999,0.999,0.065,filled,,XBI,0.1122
358.27,False,358.27,358.26,-1074.819,0.0,2025-10-02,358.26001,0.0,0.0135,0.009,0.237,100.0,3,0.0015,0.039,0,,358.265,1074.81,market,@GOLD_Trend_GLD,2e-05,0.03,gold: trend up,0.0,354.790009,data/real/prices/yahoo/GLD.json,358.670013,351.399994,358.26001,545093d31c9d8284e3b5dc66f668a6cb7391d9925b5abdf3e82bcaa71e423b40,16162100,0.0,,3,buy,0.279,98.086,0.279,0.279,0.015,filled,,GLD,0.0255
243.01,False,243.01,243.0,-1215.065,0.0,2025-10-02,243.0,0.0,0.0235,0.015,0.341,100.0,5,0.0015,0.065,0,,243.005,1215.05,market,@PinePilot_EMA_Cross,2e-05,0.05,pinepilot: EMA(20) > EMA(50),0.0,244.020004,data/real/prices/yahoo/IWM.json,244.089996,241.470001,243.0,e64243e5cb1f476108f0b2a326759daaf5c078330e63d0a97197784a4b2f2ba7,28687400,0.0,,5,buy,0.412,-41.39,0.412,0.412,0.025,filled,,IWM,0.0415
101.64,False,101.64,101.63,-1219.716,0.0,2025-10-02,101.639999,0.0,-0.0667,0.036,0.842,100.0,12,0.0067,0.036,0,,101.635,1219.68,market,@FDACatalyst_Rider,0.00014,0.0,fda: 30d approvals=57 median=0,0.0,102.589996,data/real/prices/yahoo/XBI.json,102.599998,101.010002,101.639999,51e3a7268333197c1fd3996d0ccf7e0247fc9f5d8ab22ca19c8137c6dfa5e654,8601200,0.0,,12,buy,0.0,-92.601,0.0,0.0,0.06,filled,,XBI,0.1027
101.64,False,101.64,101.63,-2846.004,0.0,2025-10-02,101.639999,0.0,-0.1639,0.084,0.871,100.0,28,0.0239,0.084,0,,101.635,2845.92,market,@FDA_ClusterFade,0.00033,0.0,fda fade: z=5.12 short sector,0.0,102.589996,data/real/prices/yahoo/XBI.json,102.599998,101.010002,101.639999,51e3a7268333197c1fd3996d0ccf7e0247fc9f5d8ab22ca19c8137c6dfa5e654,8601200,0.0,,28,buy,0.0,-92.601,0.0,0.0,0.14,filled,,XBI,0.2479
102.99,False,102.99,102.98,-1132.923,0.0,2025-10-03,102.989998,0.0,-0.061,0.033,0.83,100.0,11,0.006,0.033,0,,102.985,1132.89,market,@FDACatalyst_Rider,9e-05,0.0,fda: 30d approvals=59 median=0,0.0,103.599998,data/real/prices/yahoo/XBI.json,104.099998,102.790001,102.989998,51e3a7268333197c1fd3996d0ccf7e0247fc9f5d8ab22ca19c8137c6dfa5e654,12886500,0.0,,11,buy,0.0,-58.88,0.0,0.0,0.055,filled,,XBI,0.094
102.99,False,102.99,102.98,-2471.832,0.0,2025-10-03,102.989998,0.0,-0.1392,0.072,0.855,100.0,24,0.0193,0.072,0,,102.985,2471.76,market,@FDA_ClusterFade,0.00019,0.0,fda fade: z=5.03 short sector,0.0,103.599998,data/real/prices/yahoo/XBI.json,104.099998,102.790001,102.989998,51e3a7268333197c1fd3996d0ccf7e0247fc9f5d8ab22ca19c8137c6dfa5e654,12886500,0.0,,24,buy,0.0,-58.88,0.0,0.0,0.12,filled,,XBI,0.2113
362.17,False,362.17,362.16,-2173.038,0.0,2025-10-06,362.160004,0.0,0.0257,0.018,0.24,100.0,6,0.0043,0.078,0,,362.165,2173.02,market,@GOLD_Trend_GLD,4e-05,0.06,gold: trend up,0.0,364.380005,data/real/prices/yahoo/GLD.json,365.299988,361.369995,362.160004,545093d31c9d8284e3b5dc66f668a6cb7391d9925b5abdf3e82bcaa71e423b40,17093700,0.0,,6,buy,0.276,-60.651,0.276,0.276,0.03,filled,,GLD,0.0523
608.46,False,608.46,608.45,-608.463,0.0,2025-10-06,608.450012,0.0,0.0048,0.003,0.134,100.0,1,0.0001,0.013,0,,608.455,608.46,market,@PinePilot_EMA_Cross,0.0,0.01,pinepilot: EMA(20) > EMA(50),0.0,607.710022,data/real/prices/yahoo/QQQ.json,609.359985,605.969971,608.450012,e8cfe01a120c538da1320474ba43d37432e8ebb3387eb489dc22eba738ffd85a,41962100,0.0,,1,buy,0.164,12.341,0.164,0.164,0.005,filled,,QQQ,0.0081
671.62,False,671.62,671.61,-1343.246,0.0,2025-10-06,671.619995,0.0,-0.0103,0.006,0.121,100.0,2,0.0003,0.006,0,,671.615,1343.24,market,@PinePilot_EMA_Cross,0.0,0.0,pinepilot: EMA(20) > EMA(50),0.0,671.609985,data/real/prices/yahoo/SPY.json,672.51001,669.460022,671.619995,7353863ce2b1a9438c1be2922e0aef571e3813bf0ff57dbbf11b33c28a864fbc,54623300,0.0,,2,buy,0.0,0.149,0.0,0.0,0.01,filled,,SPY,0.0163
13.37,False,13.38,13.36,-110182.239,0.0,2025-10-06,13.36,92.66,2.5356,24.699,16.96,100.0,8233,28.2994,189.359,0,,13.365,110157.54,market,@Weather_ColdSnap_Max,0.07409,164.66,weather: 1 cold anomaly days in 10,0.0,13.3,data/real/prices/yahoo/UNG.json,13.44,13.13,13.36,eb7bcc0769945fb2c40fbcd98753ed7e17e367cf69d2ce2bde9ae60f00a462cc,11112100,0.0,,8233,buy,14.97,60.15,14.97,14.97,41.165,filled,,UNG,186.8234
104.13,False,104.13,104.12,-937.197,0.0,2025-10-06,104.120003,0.0,0.0405,0.027,0.816,100.0,9,0.0044,0.117,0,,104.125,937.17,market,@FDACatalyst_Rider,0.00011,0.09,fda: 30d approvals=59 median=0,0.0,103.639999,data/real/prices/yahoo/XBI.json,104.510002,103.449997,104.120003,51e3a7268333197c1fd3996d0ccf7e0247fc9f5d8ab22ca19c8137c6dfa5e654,7956100,0.0,,9,buy,0.96,47.279,0.96,0.96,0.045,filled,,XBI,0.0764
104.13,False,104.13,104.12,-1978.527,0.0,2025-10-06,104.120003,0.0,0.0813,0.057,0.837,100.0,19,0.0136,0.2469,0,,104.125,1978.47,market,@FDA_ClusterFade,0.00024,0.1899,fda fade: z=4.77 short sector,0.0,103.639999,data/real/prices/yahoo/XBI.json,104.510002,103.449997,104.120003,51e3a7268333197c1fd3996d0ccf7e0247fc9f5d8ab22ca19c8137c6dfa5e654,7956100,0.0,,19,buy,0.96,47.279,0.96,0.96,0.095,filled,,XBI,0.1656
44.72,False,44.72,44.71,-59973.543,0.0,2025-10-06,44.715,0.0,-1.3725,4.023,2.018,100.0,1341,1.3725,10.728,0,,44.715,59969.52,market,@Weather_ColdSnap_Max,0.0067,6.705,weather: 1 cold anomaly days in 10,0.0,44.884998,data/real/prices/yahoo/XLU.json,44.935001,44.41,44.715,14b54e4f6f4c8f304dd74a921163ea2ceb3b09c2fca6a585e9368497d2b68e9b,20024200,0.0,,1341,buy,1.118,-36.76,1.118,1.118,6.705,filled,,XLU,12.1005
366.52,False,366.52,366.51,-2199.138,0.0,2025-10-07,366.51001,0.0,0.0254,0.018,0.239,100.0,6,0.0045,0.0779,0,,366.515,2199.12,market,@GOLD_Trend_GLD,4e-05,0.0599,gold: trend up,0.0,366.26001,data/real/prices/yahoo/GLD.json,367.269989,364.549988,366.51001,545093d31c9d8284e3b5dc66f668a6cb7391d9925b5abdf3e82bcaa71e423b40,16836800,0.0,,6,buy,0.273,7.099,0.273,0.273,0.03,filled,,GLD,0.0525
371.65,False,371.65,371.64,-2973.224,0.0,2025-10-08,371.649994,0.0,-0.0469,0.024,0.238,100.0,8,0.0069,0.024,0,,371.645,2973.2,market,@GOLD_Trend_GLD,3e-05,0.0,gold: trend up,0.0,372.299988,data/real/prices/yahoo/GLD.json,373.570007,370.5,371.649994,545093d31c9d8284e3b5dc66f668a6cb7391d9925b5abdf3e82bcaa71e423b40,28052300,0.0,,8,buy,0.0,-17.459,0.0,0.0,0.04,filled,,GLD,0.0709
105.87,False,105.87,105.86,-1482.222,0.0,2025-10-09,105.860001,0.0,0.0616,0.042,0.812,100.0,14,0.0084,0.182,0,,105.865,1482.18,market,@FDACatalyst_Rider,0.00012,0.14,fda: 30d approvals=64 median=0,0.0,106.519997,data/real/prices/yahoo/XBI.json,107.260002,105.769997,105.860001,51e3a7268333197c1fd3996d0ccf7e0247fc9f5d8ab22ca19c8137c6dfa5e654,12143500,0.0,,14,buy,0.945,-61.021,0.945,0.945,0.07,filled,,XBI,0.1204
105.87,False,105.87,105.86,-3070.317,0.0,2025-10-09,105.860001,0.0,0.1199,0.087,0.837,100.0,29,0.0251,0.377,0,,105.865,3070.23,market,@FDA_ClusterFade,0.00024,0.29,fda fade: z=4.50 short sector,0.0,106.519997,data/real/prices/yahoo/XBI.json,107.260002,105.769997,105.860001,51e3a7268333197c1fd3996d0ccf7e0247fc9f5d8ab22ca19c8137c6dfa5e654,12143500,0.0,,29,buy,0.945,-61.021,0.945,0.945,0.145,filled,,XBI,0.2571
45.55,False,45.54,45.54,1138.4208,0.0,2025-10-09,45.549999,0.0,0.1216,0.075,1.823,100.0,25,0.0034,0.3291,0,,45.545,1138.5,market,@Weather_ColdSnap_Max,0.00012,0.25,weather: 1 cold anomaly days in 10,0.0,45.285,data/real/prices/yahoo/XLU.json,45.685001,45.195,45.549999,14b54e4f6f4c8f304dd74a921163ea2ceb3b09c2fca6a585e9368497d2b68e9b,21557400,0.0042,,25,sell,2.195,56.31,2.195,-2.195,0.125,filled,,XLU,0.2075
367.55,False,367.54,367.54,1837.6842,0.0,2025-10-10,367.540009,0.0,-0.029,0.015,0.244,100.0,5,0.004,0.0159,0,,367.545,1837.7,market,@GOLD_Trend_GLD,2e-05,0.0,gold: trend up,0.0,369.119995,data/real/prices/yahoo/GLD.json,370.309998,365.440002,367.540009,545093d31c9d8284e3b5dc66f668a6cb7391d9925b5abdf3e82bcaa71e423b40,24192800,0.0008,,5,sell,0.0,-42.804,0.0,-0.0,0.025,filled,,GLD,0.0449
107.02,False,107.02,107.01,-963.207,0.0,2025-10-10,107.010002,0.0,0.0408,0.027,0.791,100.0,9,0.0042,0.117,0,,107.015,963.18,market,@FDACatalyst_Rider,5e-05,0.09,fda: 30d approvals=61 median=0,0.0,104.989998,data/real/prices/yahoo/XBI.json,107.080002,104.129997,107.010002,51e3a7268333197c1fd3996d0ccf7e0247fc9f5d8ab22ca19c8137c6dfa5e654,16973100,0.0,,9,buy,0.934,193.352,0.934,0.934,0.045,filled,,XBI,0.0762
107.02,False,107.02,107.01,-1926.414,0.0,2025-10-10,107.010002,0.0,0.0781,0.054,0.809,100.0,18,0.0119,0.234,0,,107.015,1926.36,market,@FDA_ClusterFade,0.00011,0.18,fda fade: z=4.10 short sector,0.0,104.989998,data/real/prices/yahoo/XBI.json,107.080002,104.129997,107.010002,51e3a7268333197c1fd3996d0ccf7e0247fc9f5d8ab22ca19c8137c6dfa5e654,16973100,0.0,,18,buy,0.934,193.352,0.934,0.934,0.09,filled,,XBI,0.1559
45.44,False,45.43,45.43,3770.4272,0.0,2025-10-10,45.435001,0.0,-0.0189,0.249,1.848,100.0,83,0.019,0.6779,0,,45.435,3770.69,market,@Weather_ColdSnap_Max,0.00036,0.4151,weather: 1 cold anomaly days in 10,0.0,45.099998,data/real/prices/yahoo/XLU.json,45.685001,45.049999,45.435001,14b54e4f6f4c8f304dd74a921163ea2ceb3b09c2fca6a585e9368497d2b68e9b,23183800,0.0138,,83,sell,1.101,73.171,1.101,-1.101,0.415,filled,,XLU,0.6968
376.51,False,376.51,376.5,-4518.156,0.0,2025-10-13,376.5,0.0,0.0448,0.036,0.246,100.0,12,0.0152,0.156,0,,376.505,4518.12,market,@GOLD_Trend_GLD,6e-05,0.12,gold: trend up,0.0,378.089996,data/real/prices/yahoo/GLD.json,378.859985,375.579987,376.5,545093d31c9d8284e3b5dc66f668a6cb7391d9925b5abdf3e82bcaa71e423b40,18514400,0.0,,12,buy,0.266,-41.789,0.266,0.266,0.06,filled,,GLD,0.1112
105.13,False,105.12,105.12,1471.6357,0.0,2025-10-13,105.120003,0.0,-0.0781,0.042,0.832,100.0,14,0.0082,0.0444,0,,105.125,1471.68,market,@FDACatalyst_Rider,0.00014,0.0,fda: 30d approvals=58 median=0,0.0,105.269997,data/real/prices/yahoo/XBI.json,105.860001,104.449997,105.120003,51e3a7268333197c1fd3996d0ccf7e0247fc9f5d8ab22ca19c8137c6dfa5e654,10190500,0.0023,,14,sell,0.0,-14.249,0.0,-0.0,0.07,filled,,XBI,0.1225
105.13,False,105.12,105.12,3048.3882,0.0,2025-10-13,105.120003,0.0,-0.1693,0.087,0.857,100.0,29,0.0244,0.0919,0,,105.125,3048.48,market,@FDA_ClusterFade,0.00028,0.0001,fda fade: z=3.74 short sector,0.0,105.269997,data/real/prices/yahoo/XBI.json,105.860001,104.449997,105.120003,51e3a7268333197c1fd3996d0ccf7e0247fc9f5d8ab22ca19c8137c6dfa5e654,10190500,0.0048,,29,sell,0.0,-14.249,0.0,-0.0,0.145,filled,,XBI,0.2612
45.14,False,45.13,45.13,1985.5807,0.0,2025-10-13,45.130001,0.0,-0.2274,0.132,1.847,100.0,44,0.0074,0.1393,0,,45.135,1985.72,market,@Weather_ColdSnap_Max,0.00023,0.0,weather: 3 cold anomaly days in 10,0.0,45.445,data/real/prices/yahoo/XLU.json,45.654999,45.110001,45.130001,14b54e4f6f4c8f304dd74a921163ea2ceb3b09c2fca6a585e9368497d2b68e9b,18760600,0.0073,,44,sell,0.0,-69.315,0.0,-0.0,0.22,filled,,XLU,0.3667
378.21,False,378.21,378.2,-756.426,0.0,2025-10-14,378.209991,0.0,-0.0111,0.006,0.226,100.0,2,0.0011,0.006,0,,378.205,756.42,market,@GOLD_Trend_GLD,1e-05,0.0,gold: trend up,0.0,380.790009,data/real/prices/yahoo/GLD.json,382.380005,377.899994,378.209991,545093d31c9d8284e3b5dc66f668a6cb7391d9925b5abdf3e82bcaa71e423b40,18409600,0.0,,2,buy,0.0,-67.754,0.0,0.0,0.01,filled,,GLD,0.0171
241.23,False,241.22,241.22,964.8673,0.0,2025-10-14,241.229996,0.0,0.0186,0.012,0.353,100.0,4,0.0014,0.0526,0,,241.225,964.88,market,@PinePilot_EMA_Cross,1e-05,0.04,pinepilot: EMA(20) > EMA(50),0.0,247.899994,data/real/prices/yahoo/IWM.json,249.600006,240.360001,241.229996,e64243e5cb1f476108f0b2a326759daaf5c078330e63d0a97197784a4b2f2ba7,45320800,0.0007,,4,sell,0.414,-269.463,0.414,-0.414,0.02,filled,,IWM,0.0341
657.17,False,657.16,657.16,657.1568,0.0,2025-10-14,657.169983,0.0,0.0048,0.003,0.128,100.0,1,0.0002,0.0131,0,,657.165,657.16,market,@PinePilot_EMA_Cross,0.0,0.01,pinepilot: EMA(20) > EMA(50),0.0,662.22998,data/real/prices/yahoo/SPY.json,665.830017,653.169983,657.169983,7353863ce2b1a9438c1be2922e0aef571e3813bf0ff57dbbf11b33c28a864fbc,88779600,0.0002,,1,sell,0.152,-76.559,0.152,-0.152,0.005,filled,,SPY,0.0084
104.13,False,104.12,104.12,1665.8693,0.0,2025-10-14,104.129997,0.0,0.0707,0.048,0.84,100.0,16,0.0092,0.2106,0,,104.125,1665.92,market,@FDA_ClusterFade,0.0002,0.16,fda fade: z=3.63 short sector,0.0,105.120003,data/real/prices/yahoo/XBI.json,106.010002,103.43,104.129997,51e3a7268333197c1fd3996d0ccf7e0247fc9f5d8ab22ca19c8137c6dfa5e654,7819800,0.0027,,16,sell,0.96,-95.13,0.96,-0.96,0.08,filled,,XBI,0.1399
385.93,False,385.93,385.92,-4245.263,0.0,2025-10-15,385.929993,0.0,-0.0697,0.033,0.242,100.0,11,0.0147,0.0331,0,,385.925,4245.23,market,@GOLD_Trend_GLD,5e-05,0.0001,gold: trend up,0.0,387.390015,data/real/prices/yahoo/GLD.json,387.76001,384.589996,385.929993,545093d31c9d8284e3b5dc66f668a6cb7391d9925b5abdf3e82bcaa71e423b40,20598300,0.0,,11,buy,0.0,-37.689,0.0,0.0,0.055,filled,,GLD,0.1027
666.83,False,666.83,666.82,-666.833,0.0,2025-10-15,666.820007,0.0,0.0048,0.003,0.123,100.0,1,0.0002,0.013,0,,666.825,666.83,market,@PinePilot_EMA_Cross,0.0,0.01,pinepilot: EMA(20) > EMA(50),0.0,665.169983,data/real/prices/yahoo/SPY.json,670.22998,658.929993,666.820007,7353863ce2b1a9438c1be2922e0aef571e3813bf0ff57dbbf11b33c28a864fbc,81702600,0.0,,1,buy,0.15,24.956,0.15,0.15,0.005,filled,,SPY,0.0082
105.52,False,105.52,105.51,-2321.506,0.0,2025-10-15,105.510002,0.0,0.0951,0.066,0.822,100.0,22,0.0148,0.286,0,,105.515,2321.44,market,@FDA_ClusterFade,0.00018,0.22,fda fade: z=3.59 short sector,0.0,108.370003,data/real/prices/yahoo/XBI.json,108.620003,105.370003,105.510002,51e3a7268333197c1fd3996d0ccf7e0247fc9f5d8ab22ca19c8137c6dfa5e654,11955900,0.0,,22,buy,0.948,-262.988,0.948,0.948,0.11,filled,,XBI,0.1908
46.06,False,46.05,46.05,1013.0303,0.0,2025-10-15,46.055,0.0,-0.0028,0.066,1.801,100.0,22,0.0028,0.1797,0,,46.055,1013.1,market,@Weather_ColdSnap_Max,0.00012,0.11,weather: 5 cold anomaly days in 10,0.0,46.450001,data/real/prices/yahoo/XLU.json,46.59,46.055,46.055,14b54e4f6f4c8f304dd74a921163ea2ceb3b09c2fca6a585e9368497d2b68e9b,19087600,0.0037,,22,sell,1.086,-86.114,1.086,-1.086,0.11,filled,,XLU,0.1824
391.15,False,391.15,391.14,-3129.224,0.0,2025-10-16,391.149994,0.0,-0.0494,0.024,0.235,100.0,8,0.0094,0.024,0,,391.145,3129.2,market,@GOLD_Trend_GLD,2e-05,0.0,gold: trend up,0.0,396.450012,data/real/prices/yahoo/GLD.json,396.869995,390.399994,391.149994,545093d31c9d8284e3b5dc66f668a6cb7391d9925b5abdf3e82bcaa71e423b40,33621400,0.0,,8,buy,0.0,-133.687,0.0,0.0,0.04,filled,,GLD,0.0734
11.83,False,11.83,11.82,-1064.97,0.0,2025-10-16,11.82,0.0,0.4206,0.27,7.038,100.0,90,0.0294,1.17,0,,11.825,1064.7,market,@Weather_ColdSnap_Max,0.00051,0.9,weather: 5 cold anomaly days in 10,0.0,11.58,data/real/prices/yahoo/UNG.json,12.05,11.55,11.82,eb7bcc0769945fb2c40fbcd98753ed7e17e367cf69d2ce2bde9ae60f00a462cc,17492300,0.0,,90,buy,8.46,215.889,8.46,8.46,0.45,filled,,UNG,0.7494
109.7,False,109.7,109.69,-3729.902,0.0,2025-10-16,109.690002,0.0,0.1374,0.102,0.816,100.0,34,0.0325,0.4419,0,,109.695,3729.8,market,@FDACatalyst_Rider,0.00019,0.3399,fda: 30d approvals=59 median=0,0.0,107.910004,data/real/prices/yahoo/XBI.json,110.959999,106.989998,109.690002,51e3a7268333197c1fd3996d0ccf7e0247fc9f5d8ab22ca19c8137c6dfa5e654,17515100,0.0,,34,buy,0.911,165.879,0.911,0.911,0.17,filled,,XBI,0.3045
109.7,False,109.7,109.69,-7020.992,0.0,2025-10-16,109.690002,0.0,0.2359,0.192,0.849,100.0,64,0.0839,0.8319,0,,109.695,7020.8,market,@FDA_ClusterFade,0.00037,0.6399,fda fade: z=3.49 short sector,0.0,107.910004,data/real/prices/yahoo/XBI.json,110.959999,106.989998,109.690002,51e3a7268333197c1fd3996d0ccf7e0247fc9f5d8ab22ca19c8137c6dfa5e654,17515100,0.0,,64,buy,0.911,165.879,0.911,0.911,0.32,filled,,XBI,0.5959
397.15,False,397.15,397.14,-3574.377,0.0,2025-10-17,397.140015,0.0,0.0335,0.027,0.233,100.0,9,0.0113,0.1169,0,,397.145,3574.35,market,@GOLD_Trend_GLD,1e-05,0.0899,gold: trend up,0.0,388.98999,data/real/prices/yahoo/GLD.json,397.279999,385.220001,397.140015,545093d31c9d8284e3b5dc66f668a6cb7391d9925b5abdf3e82bcaa71e423b40,62025000,0.0,,9,buy,0.251,209.774,0.251,0.251,0.045,filled,,GLD,0.0833
91.26,False,91.26,91.25,-1186.419,0.0,2025-10-17,91.25,0.0,0.0635,0.039,0.889,100.0,13,0.0015,0.169,0,,91.255,1186.38,market,@YieldCurve_Rotator,3e-05,0.13,curve: 21d change -3.0bp,0.0,91.199997,data/real/prices/yahoo/TLT.json,91.290001,90.900002,91.25,d823b49f9ceafa130626634af73ca48f96ee2ec142fa7c454cd3e9b95d78a7cd,40240400,0.0,,13,buy,1.096,6.579,1.096,1.096,0.065,filled,,TLT,0.1055
107.51,False,107.5,107.5,1719.9493,0.0,2025-10-17,107.5,0.0,-0.0904,0.048,0.82,100.0,16,0.0104,0.0507,0,,107.505,1720.0,market,@FDACatalyst_Rider,0.00016,-0.0,fda: 30d approvals=58 median=0,0.0,107.800003,data/real/prices/yahoo/XBI.json,108.839996,106.5,107.5,51e3a7268333197c1fd3996d0ccf7e0247fc9f5d8ab22ca19c8137c6dfa5e654,9981100,0.0027,,16,sell,-0.0,-27.83,-0.0,0.0,0.08,filled,,XBI,0.141
107.51,False,107.5,107.5,3332.4019,0.0,2025-10-17,107.5,0.0,-0.183,0.093,0.844,100.0,31,0.028,0.0981,0,,107.505,3332.5,market,@FDA_ClusterFade,0.00031,-0.0,fda fade: z=3.33 short sector,0.0,107.800003,data/real/prices/yahoo/XBI.json,108.839996,106.5,107.5,51e3a7268333197c1fd3996d0ccf7e0247fc9f5d8ab22ca19c8137c6dfa5e654,9981100,0.0051,,31,sell,-0.0,-27.83,-0.0,0.0,0.155,filled,,XBI,0.2811
46.03,False,46.02,46.02,1426.5219,0.0,2025-10-17,46.029999,0.0,0.1507,0.093,1.804,100.0,31,0.0042,0.4081,0,,46.025,1426.62,market,@Weather_ColdSnap_Max,0.00014,0.31,weather: 6 cold anomaly days in 10,0.0,45.785,data/real/prices/yahoo/XLU.json,46.095001,45.59,46.029999,14b54e4f6f4c8f304dd74a921163ea2ceb3b09c2fca6a585e9368497d2b68e9b,21825800,0.0051,,31,sell,2.172,51.327,2.172,-2.172,0.155,filled,,XLU,0.2574
108.84,False,108.84,108.83,-979.587,0.0,2025-10-20,108.830002,0.0,0.0409,0.027,0.776,100.0,9,0.004,0.117,0,,108.835,979.56,market,@FDACatalyst_Rider,0.0001,0.09,fda: 30d approvals=51 median=0,0.0,110.169998,data/real/prices/yahoo/XBI.json,110.540001,108.339996,108.830002,51e3a7268333197c1fd3996d0ccf7e0247fc9f5d8ab22ca19c8137c6dfa5e654,8697800,0.0,,9,buy,0.919,-120.722,0.919,0.919,0.045,filled,,XBI,0.076
108.84,False,108.84,108.83,-2068.017,0.0,2025-10-20,108.830002,0.0,0.0825,0.057,0.795,100.0,19,0.0124,0.247,0,,108.835,2067.96,market,@FDA_ClusterFade,0.00022,0.19,fda fade: z=2.81 short sector,0.0,110.169998,data/real/prices/yahoo/XBI.json,110.540001,108.339996,108.830002,51e3a7268333197c1fd3996d0ccf7e0247fc9f5d8ab22ca19c8137c6dfa5e654,8697800,0.0,,19,buy,0.919,-120.722,0.919,0.919,0.095,filled,,XBI,0.1644
46.14,False,46.14,46.13,-4660.443,0.0,2025-10-20,46.134998,0.0,-0.0253,0.303,1.789,100.0,101,0.0255,0.8082,0,,46.135,4660.14,market,@Weather_ColdSnap_Max,0.0004,0.5052,weather: 8 cold anomaly days in 10,0.0,45.77,data/real/prices/yahoo/XLU.json,46.244999,45.595001,46.134998,14b54e4f6f4c8f304dd74a921163ea2ceb3b09c2fca6a585e9368497d2b68e9b,25420000,0.0,,101,buy,1.084,80.839,1.084,1.084,0.505,filled,,XLU,0.8335
386.55,False,386.54,386.54,5798.0525,0.0,2025-10-21,386.540009,0.0,-0.1037,0.045,0.261,100.0,15,0.0288,0.0476,0,,386.545,5798.1,market,@GOLD_Trend_GLD,3e-05,0.0001,gold: trend up,0.0,377.23999,data/real/prices/yahoo/GLD.json,388.890015,375.649994,386.540009,545093d31c9d8284e3b5dc66f668a6cb7391d9925b5abdf3e82bcaa71e423b40,54101400,0.0025,,15,sell,0.0,246.528,0.0,-0.0,0.075,filled,,GLD,0.1513
110.13,False,110.13,110.12,-1101.33,0.0,2025-10-21,110.129997,0.0,-0.0547,0.03,0.77,100.0,10,0.0048,0.03,0,,110.125,1101.3,market,@FDACatalyst_Rider,0.00015,0.0,fda: 30d approvals=52 median=0,0.0,109.559998,data/real/prices/yahoo/XBI.json,110.540001,109.080002,110.129997,51e3a7268333197c1fd3996d0ccf7e0247fc9f5d8ab22ca19c8137c6dfa5e654,6792800,0.0,,10,buy,0.0,52.026,0.0,0.0,0.05,filled,,XBI,0.0848
110.13,False,110.13,110.12,-2092.527,0.0,2025-10-21,110.129997,0.0,-0.1074,0.057,0.786,100.0,19,0.0125,0.0571,0,,110.125,2092.47,market,@FDA_ClusterFade,0.00028,0.0001,fda fade: z=2.82 short sector,0.0,109.559998,data/real/prices/yahoo/XBI.json,110.540001,109.080002,110.129997,51e3a7268333197c1fd3996d0ccf7e0247fc9f5d8ab22ca19c8137c6dfa5e654,6792800,0.0,,19,buy,0.0,52.026,0.0,0.0,0.095,filled,,XBI,0.1645
45.82,False,45.82,45.81,-1832.92,0.0,2025-10-21,45.814999,0.0,-0.0063,0.12,1.781,100.0,40,0.0063,0.32,0,,45.815,1832.8,market,@Weather_ColdSnap_Max,0.00018,0.2,weather: 7 cold anomaly days in 10,0.0,45.305,data/real/prices/yahoo/XLU.json,45.869999,45.084999,45.814999,14b54e4f6f4c8f304dd74a921163ea2ceb3b09c2fca6a585e9368497d2b68e9b,22107800,0.0,,40,buy,1.092,113.674,1.092,1.092,0.2,filled,,XLU,0.3263
372.76,False,372.75,372.75,7827.6835,0.0,2025-10-22,372.75,0.0,-0.1735,0.063,0.307,100.0,21,0.0685,0.0665,0,,372.755,7827.75,market,@GOLD_Trend_GLD,7e-05,-0.0,gold: trend up,0.0,377.279999,data/real/prices/yahoo/GLD.json,378.470001,368.929993,372.75,545093d31c9d8284e3b5dc66f668a6cb7391d9925b5abdf3e82bcaa71e423b40,30524100,0.0035,,21,sell,-0.0,-120.07,-0.0,0.0,0.105,filled,,GLD,0.24
246.03,False,246.03,246.02,-984.132,0.0,2025-10-22,246.029999,0.0,-0.0215,0.012,0.341,100.0,4,0.0015,0.012,0,,246.025,984.12,market,@PinePilot_EMA_Cross,1e-05,0.0,pinepilot: EMA(20) > EMA(50),0.0,243.339996,data/real/prices/yahoo/IWM.json,246.860001,240.770004,246.029999,e64243e5cb1f476108f0b2a326759daaf5c078330e63d0a97197784a4b2f2ba7,46578400,0.0,,4,buy,0.0,110.545,0.0,0.0,0.02,filled,,IWM,0.0335
108.88,False,108.87,108.87,979.8015,0.0,2025-10-22,108.870003,0.0,-0.049,0.027,0.791,100.0,9,0.004,0.0285,0,,108.875,979.83,market,@FDACatalyst_Rider,8e-05,0.0,fda: 30d approvals=52 median=0,0.0,107.32,data/real/prices/yahoo/XBI.json,109.559998,106.559998,108.870003,51e3a7268333197c1fd3996d0ccf7e0247fc9f5d8ab22ca19c8137c6dfa5e654,10679200,0.0015,,9,sell,0.0,144.428,0.0,-0.0,0.045,filled,,XBI,0.0775
108.88,False,108.87,108.87,1850.7362,0.0,2025-10-22,108.870003,0.0,-0.0954,0.051,0.807,100.0,17,0.0105,0.0539,0,,108.875,1850.79,market,@FDA_ClusterFade,0.00016,0.0001,fda fade: z=2.76 short sector,0.0,107.32,data/real/prices/yahoo/XBI.json,109.559998,106.559998,108.870003,51e3a7268333197c1fd3996d0ccf7e0247fc9f5d8ab22ca19c8137c6dfa5e654,10679200,0.0028,,17,sell,0.0,144.428,0.0,-0.0,0.085,filled,,XBI,0.1493
45.41,False,45.41,45.4,-1634.868,0.0,2025-10-22,45.404999,0.0,-0.0058,0.108,1.798,100.0,36,0.0059,0.288,0,,45.405,1634.76,market,@Weather_ColdSnap_Max,0.00019,0.18,weather: 7 cold anomaly days in 10,0.0,45.200001,data/real/prices/yahoo/XLU.json,45.43,44.985001,45.404999,14b54e4f6f4c8f304dd74a921163ea2ceb3b09c2fca6a585e9368497d2b68e9b,19108600,0.0,,36,buy,1.101,46.46,1.101,1.101,0.18,filled,,XLU,0.2939
381.46,False,381.46,381.45,-4196.093,0.0,2025-10-23,381.459991,0.0,-0.0812,0.033,0.272,100.0,11,0.0263,0.0331,0,,381.455,4196.06,market,@GOLD_Trend_GLD,8e-05,0.0001,gold: trend up,0.0,378.790009,data/real/prices/yahoo/GLD.json,382.25,378.649994,381.459991,545093d31c9d8284e3b5dc66f668a6cb7391d9925b5abdf3e82bcaa71e423b40,13695500,0.0,,11,buy,0.0,70.487,0.0,0.0,0.055,filled,,GLD,0.1143
107.38,False,107.37,107.37,1288.402,0.0,2025-10-23,107.379997,0.0,0.0533,0.036,0.813,100.0,12,0.0067,0.158,0,,107.375,1288.44,market,@FDACatalyst_Rider,0.00019,0.12,fda: 30d approvals=55 median=0,0.0,107.559998,data/real/prices/yahoo/XBI.json,107.889999,106.5,107.379997,51e3a7268333197c1fd3996d0ccf7e0247fc9f5d8ab22ca19c8137c6dfa5e654,6341400,0.002,,12,sell,0.931,-17.664,0.931,-0.931,0.06,filled,,XBI,0.1047
107.38,False,107.37,107.37,2362.0703,0.0,2025-10-23,107.379997,0.0,0.0933,0.066,0.831,100.0,22,0.0166,0.2896,0,,107.375,2362.14,market,@FDA_ClusterFade,0.00035,0.2199,fda fade: z=2.89 short sector,0.0,107.559998,data/real/prices/yahoo/XBI.json,107.889999,106.5,107.379997,51e3a7268333197c1fd3996d0ccf7e0247fc9f5d8ab22ca19c8137c6dfa5e654,6341400,0.0037,,22,sell,0.931,-17.664,0.931,-0.931,0.11,filled,,XBI,0.1963
45.5,False,45.49,45.49,1000.7103,0.0,2025-10-23,45.494999,0.0,-0.0029,0.066,1.823,100.0,22,0.0028,0.1796,0,,45.495,1000.78,market,@Weather_ColdSnap_Max,0.00014,0.11,weather: 6 cold anomaly days in 10,0.0,45.165001,data/real/prices/yahoo/XLU.json,45.52,44.915001,45.494999,14b54e4f6f4c8f304dd74a921163ea2ceb3b09c2fca6a585e9368497d2b68e9b,16134000,0.0037,,22,sell,1.099,71.958,1.099,-1.099,0.11,filled,,XLU,0.1825
378.52,False,378.51,378.51,1135.5205,0.0,2025-10-24,378.51001,0.0,-0.0186,0.009,0.248,100.0,3,0.0037,0.0095,0,,378.515,1135.53,market,@GOLD_Trend_GLD,2e-05,0.0,gold: trend up,0.0,377.519989,data/real/prices/yahoo/GLD.json,380.769989,376.809998,378.51001,545093d31c9d8284e3b5dc66f668a6cb7391d9925b5abdf3e82bcaa71e423b40,13263800,0.0005,,3,sell,0.0,26.224,0.0,-0.0,0.015,filled,,GLD,0.0282
108.76,False,108.76,108.75,-1087.63,0.0,2025-10-24,108.75,0.0,0.0448,0.03,0.783,100.0,10,0.0052,0.13,0,,108.755,1087.6,market,@FDACatalyst_Rider,0.00018,0.1,fda: 30d approvals=57 median=0,0.0,108.389999,data/real/prices/yahoo/XBI.json,108.940002,108.059998,108.75,51e3a7268333197c1fd3996d0ccf7e0247fc9f5d8ab22ca19c8137c6dfa5e654,5692700,0.0,,10,buy,0.92,34.136,0.92,0.92,0.05,filled,,XBI,0.0852
108.76,False,108.76,108.75,-2175.26,0.0,2025-10-24,108.75,0.0,0.0854,0.06,0.803,100.0,20,0.0146,0.26,0,,108.755,2175.2,market,@FDA_ClusterFade,0.00035,0.2,fda fade: z=2.95 short sector,0.0,108.389999,data/real/prices/yahoo/XBI.json,108.940002,108.059998,108.75,51e3a7268333197c1fd3996d0ccf7e0247fc9f5d8ab22ca19c8137c6dfa5e654,5692700,0.0,,20,buy,0.92,34.136,0.92,0.92,0.1,filled,,XBI,0.1746
371.14,False,371.13,371.13,4082.3952,0.0,2025-10-27,371.130005,0.0,-0.0802,0.033,0.282,100.0,11,0.0253,0.0349,0,,371.135,4082.43,market,@GOLD_Trend_GLD,5e-05,0.0001,gold: trend up,0.0,367.01001,data/real/prices/yahoo/GLD.json,371.589996,365.339996,371.130005,545093d31c9d8284e3b5dc66f668a6cb7391d9925b5abdf3e82bcaa71e423b40,23657600,0.0018,,11,sell,0.0,112.258,0.0,-0.0,0.055,filled,,GLD,0.1151
624.53,False,624.53,624.52,-624.533,0.0,2025-10-27,624.52002,0.0,0.0046,0.003,0.134,100.0,1,0.0003,0.013,0,,624.525,624.53,market,@PinePilot_EMA_Cross,0.0,0.01,pinepilot: EMA(20) > EMA(50),0.0,628.090027,data/real/prices/yahoo/QQQ.json,628.549988,624.030029,624.52002,e8cfe01a120c538da1320474ba43d37432e8ebb3387eb489dc22eba738ffd85a,54098600,0.0,,1,buy,0.16,-56.68,0.16,0.16,0.005,filled,,QQQ,0.0083
682.73,False,682.73,682.72,-682.733,0.0,2025-10-27,682.72998,0.0,-0.0052,0.003,0.121,100.0,1,0.0002,0.003,0,,682.725,682.73,market,@PinePilot_EMA_Cross,0.0,0.0,pinepilot: EMA(20) > EMA(50),0.0,685.23999,data/real/prices/yahoo/SPY.json,685.539978,682.119995,682.72998,7353863ce2b1a9438c1be2922e0aef571e3813bf0ff57dbbf11b33c28a864fbc,63339800,0.0,,1,buy,0.0,-36.629,0.0,0.0,0.005,filled,,SPY,0.0082
110.02,False,110.02,110.01,-1100.23,0.0,2025-10-27,110.010002,0.0,0.0451,0.03,0.772,100.0,10,0.0049,0.13,0,,110.015,1100.2,market,@FDACatalyst_Rider,8e-05,0.1,fda: 30d approvals=53 median=0,0.0,111.589996,data/real/prices/yahoo/XBI.json,111.839996,109.889999,110.010002,51e3a7268333197c1fd3996d0ccf7e0247fc9f5d8ab22ca19c8137c6dfa5e654,13303700,0.0,,10,buy,0.909,-140.693,0.909,0.909,0.05,filled,,XBI,0.0849
110.02,False,110.02,110.01,-1980.414,0.0,2025-10-27,110.010002,0.0,0.0781,0.054,0.787,100.0,18,0.0118,0.234,0,,110.015,1980.36,market,@FDA_ClusterFade,0.00014,0.18,fda fade: z=2.66 short sector,0.0,111.589996,data/real/prices/yahoo/XBI.json,111.839996,109.889999,110.010002,51e3a7268333197c1fd3996d0ccf7e0247fc9f5d8ab22ca19c8137c6dfa5e654,13303700,0.0,,18,buy,0.909,-140.693,0.909,0.909,0.09,filled,,XBI,0.1558
361.81,False,361.8,361.8,5065.1557,0.0,2025-10-28,361.809998,0.0,0.0329,0.042,0.299,100.0,14,0.0371,0.1843,0,,361.805,5065.2,market,@GOLD_Trend_GLD,7e-05,0.14,gold: trend up,0.0,364.380005,data/real/prices/yahoo/GLD.json,365.299988,360.119995,361.809998,545093d31c9d8284e3b5dc66f668a6cb7391d9925b5abdf3e82bcaa71e423b40,19257600,0.0023,,14,sell,0.276,-70.805,0.276,-0.276,0.07,filled,,GLD,0.1514
249.56,False,249.56,249.55,-1746.941,0.0,2025-10-28,249.550003,0.0,0.0313,0.021,0.342,100.0,7,0.0037,0.091,0,,249.555,1746.92,market,@PinePilot_EMA_Cross,2e-05,0.07,pinepilot: EMA(20) > EMA(50),0.0,248.960007,data/real/prices/yahoo/IWM.json,250.899994,248.110001,249.550003,e64243e5cb1f476108f0b2a326759daaf5c078330e63d0a97197784a4b2f2ba7,28075900,0.0,,7,buy,0.401,24.1,0.401,0.401,0.035,filled,,IWM,0.0597
111.45,False,111.45,111.44,-1225.983,0.0,2025-10-28,111.449997,0.0,-0.061,0.033,0.767,100.0,11,0.006,0.033,0,,111.445,1225.95,market,@FDACatalyst_Rider,0.00012,0.0,fda: 30d approvals=56 median=0,0.0,112.0,data/real/prices/yahoo/XBI.json,112.43,110.82,111.449997,51e3a7268333197c1fd3996d0ccf7e0247fc9f5d8ab22ca19c8137c6dfa5e654,9438100,0.0,,11,buy,0.0,-49.107,0.0,0.0,0.055,filled,,XBI,0.094
111.45,False,111.45,111.44,-2229.06,0.0,2025-10-28,111.449997,0.0,-0.1147,0.06,0.784,100.0,20,0.0147,0.0601,0,,111.445,2229.0,market,@FDA_ClusterFade,0.00021,0.0001,fda fade: z=2.78 short sector,0.0,112.0,data/real/prices/yahoo/XBI.json,112.43,110.82,111.449997,51e3a7268333197c1fd3996d0ccf7e0247fc9f5d8ab22ca19c8137c6dfa5e654,9438100,0.0,,20,buy,0.0,-49.107,0.0,0.0,0.1,filled,,XBI,0.1747
45.99,False,45.98,45.98,2942.5174,0.0,2025-10-28,45.985001,0.0,-0.0126,0.192,1.819,100.0,64,0.0126,0.5227,0,,45.985,2942.72,market,@Weather_ColdSnap_Max,0.00031,0.3201,weather: 4 cold anomaly days in 10,0.0,45.064999,data/real/prices/yahoo/XLU.json,45.985001,45.009998,45.985001,14b54e4f6f4c8f304dd74a921163ea2ceb3b09c2fca6a585e9368497d2b68e9b,20661400,0.0106,,64,sell,1.088,203.04,1.088,-1.088,0.32,filled,,XLU,0.5352
369.65,False,369.65,369.64,-3696.53,0.0,2025-10-29,369.649994,0.0,-0.0726,0.03,0.278,100.0,10,0.0227,0.0301,0,,369.645,3696.5,market,@GOLD_Trend_GLD,5e-05,0.0001,gold: trend up,0.0,363.0,data/real/prices/yahoo/GLD.json,370.079987,361.359985,369.649994,545093d31c9d8284e3b5dc66f668a6cb7391d9925b5abdf3e82bcaa71e423b40,18891800,0.0,,10,buy,0.0,183.196,0.0,0.0,0.05,filled,,GLD,0.1027
12.2,False,12.19,12.19,1693.9699,0.0,2025-10-29,12.2,0.0,0.6225,0.417,7.127,100.0,139,0.0725,1.8301,0,,12.195,1694.41,market,@Weather_ColdSnap_Max,0.00123,1.39,weather: 5 cold anomaly days in 10,0.0,12.21,data/real/prices/yahoo/UNG.json,12.45,12.18,12.2,eb7bcc0769945fb2c40fbcd98753ed7e17e367cf69d2ce2bde9ae60f00a462cc,11310400,0.0231,,139,sell,8.197,-16.38,8.197,-8.197,0.695,filled,,UNG,1.2076
365.09,False,365.08,365.08,2190.461,0.0,2025-10-30,365.089996,0.0,0.0196,0.018,0.271,100.0,6,0.0103,0.079,0,,365.085,2190.48,market,@GOLD_Trend_GLD,4e-05,0.06,gold: trend up,0.0,370.130005,data/real/prices/yahoo/GLD.json,370.359985,364.5,365.089996,545093d31c9d8284e3b5dc66f668a6cb7391d9925b5abdf3e82bcaa71e423b40,14812800,0.001,,6,sell,0.274,-136.439,0.274,-0.274,0.03,filled,,GLD,0.0593
110.59,False,110.58,110.58,1216.3452,0.0,2025-10-30,110.589996,0.0,0.0489,0.033,0.789,100.0,11,0.0061,0.1448,0,,110.585,1216.38,market,@FDA_ClusterFade,0.00012,0.11,fda fade: z=3.78 short sector,0.0,111.910004,data/real/prices/yahoo/XBI.json,113.209999,110.230003,110.589996,51e3a7268333197c1fd3996d0ccf7e0247fc9f5d8ab22ca19c8137c6dfa5e654,9328800,0.0018,,11,sell,0.904,-118.846,0.904,-0.904,0.055,filled,,XBI,0.0959
370.48,False,370.48,370.47,-2593.381,0.0,2025-10-31,370.470001,0.0,0.0215,0.021,0.268,100.0,7,0.0134,0.091,0,,370.475,2593.36,market,@GOLD_Trend_GLD,6e-05,0.07,gold: trend up,0.0,368.119995,data/real/prices/yahoo/GLD.json,370.660004,365.5,370.470001,545093d31c9d8284e3b5dc66f668a6cb7391d9925b5abdf3e82bcaa71e423b40,11077900,0.0,,7,buy,0.27,64.11,0.27,0.27,0.035,filled,,GLD,0.0694
111.87,False,111.87,111.86,-1789.968,0.0,2025-10-31,111.860001,0.0,0.0692,0.048,0.775,100.0,16,0.0108,0.208,0,,111.865,1789.92,market,@FDA_ClusterFade,0.00013,0.16,fda fade: z=3.51 short sector,0.0,112.709999,data/real/prices/yahoo/XBI.json,113.010002,110.839996,111.860001,51e3a7268333197c1fd3996d0ccf7e0247fc9f5d8ab22ca19c8137c6dfa5e654,11962400,0.0,,16,buy,0.894,-74.527,0.894,0.894,0.08,filled,,XBI,0.1388
44.66,False,44.66,44.65,-4153.659,0.0,2025-10-31,44.66,0.0,-0.4899,0.279,1.851,100.0,93,0.0249,0.279,0,,44.655,4153.38,market,@Weather_ColdSnap_Max,0.0005,0.0,weather: 5 cold anomaly days in 10,0.0,44.549999,data/real/prices/yahoo/XLU.json,44.790001,44.314999,44.66,14b54e4f6f4c8f304dd74a921163ea2ceb3b09c2fca6a585e9368497d2b68e9b,18434000,0.0,,93,buy,0.0,24.692,0.0,0.0,0.465,filled,,XLU,0.7689
635.11,False,635.11,635.1,-10796.921,0.0,2025-11-03,635.109985,0.0,-0.1119,0.051,0.151,100.0,17,0.0272,0.0513,0,,635.105,10796.87,market,@LeapMaxLever_Momentum,5e-05,0.0003,the leap: monthly leader QQQ,0.0,632.080017,data/real/prices/yahoo/QQQ.json,635.820007,629.849976,635.109985,e8cfe01a120c538da1320474ba43d37432e8ebb3387eb489dc22eba738ffd85a,37154300,0.0,,17,buy,0.0,47.937,0.0,0.0,0.085,filled,,QQQ,0.1632
110.99,False,110.98,110.98,1109.7683,0.0,2025-11-03,110.980003,0.0,-0.0552,0.03,0.783,100.0,10,0.0052,0.0317,0,,110.985,1109.8,market,@FDA_ClusterFade,7e-05,0.0,fda fade: z=2.74 short sector,0.0,109.860001,data/real/prices/yahoo/XBI.json,111.93,107.889999,110.980003,51e3a7268333197c1fd3996d0ccf7e0247fc9f5d8ab22ca19c8137c6dfa5e654,15230300,0.0017,,10,sell,0.0,101.948,0.0,-0.0,0.05,filled,,XBI,0.0869
363.49,False,363.48,363.48,3634.7683,0.0,2025-11-04,363.480011,0.0,-0.0724,0.03,0.286,100.0,10,0.0225,0.0318,0,,363.485,3634.8,market,@GOLD_Trend_GLD,9e-05,0.0001,gold: trend up,0.0,362.320007,data/real/prices/yahoo/GLD.json,365.73999,361.390015,363.480011,545093d31c9d8284e3b5dc66f668a6cb7391d9925b5abdf3e82bcaa71e423b40,11540100,0.0017,,10,sell,0.0,32.016,0.0,-0.0,0.05,filled,,GLD,0.1041
623.29,False,623.28,623.28,1246.5537,0.0,2025-11-04,623.280029,0.0,-0.011,0.006,0.14,100.0,2,0.0011,0.0064,0,,623.285,1246.56,market,@PinePilot_EMA_Cross,0.0,0.0001,pinepilot: EMA(20) > EMA(50),0.0,619.25,data/real/prices/yahoo/QQQ.json,626.950012,618.460022,623.280029,e8cfe01a120c538da1320474ba43d37432e8ebb3387eb489dc22eba738ffd85a,63830800,0.0003,,2,sell,0.0,65.079,0.0,-0.0,0.01,filled,,QQQ,0.0174
108.34,False,108.33,108.33,2599.844,0.0,2025-11-04,108.330002,0.0,-0.141,0.072,0.835,100.0,24,0.021,0.076,0,,108.335,2599.92,market,@FDACatalyst_Rider,0.00018,0.0,fda: 30d approvals=69 median=0,0.0,108.040001,data/real/prices/yahoo/XBI.json,110.190002,108.0,108.330002,51e3a7268333197c1fd3996d0ccf7e0247fc9f5d8ab22ca19c8137c6dfa5e654,13665400,0.004,,24,sell,0.0,26.842,0.0,-0.0,0.12,filled,,XBI,0.217
108.34,False,108.33,108.33,4116.4197,0.0,2025-11-04,108.330002,0.0,-0.2318,0.114,0.856,100.0,38,0.0419,0.1204,0,,108.335,4116.54,market,@FDA_ClusterFade,0.00028,0.0001,fda fade: z=3.10 short sector,0.0,108.040001,data/real/prices/yahoo/XBI.json,110.190002,108.0,108.330002,51e3a7268333197c1fd3996d0ccf7e0247fc9f5d8ab22ca19c8137c6dfa5e654,13665400,0.0063,,38,sell,0.0,26.842,0.0,-0.0,0.19,filled,,XBI,0.3522
44.56,False,44.56,44.55,-2406.402,0.0,2025-11-04,44.555,0.0,-0.0107,0.162,1.84,100.0,54,0.0107,0.432,0,,44.555,2406.24,market,@Weather_ColdSnap_Max,0.00031,0.27,weather: 4 cold anomaly days in 10,0.0,44.415001,data/real/prices/yahoo/XLU.json,44.59,44.224998,44.555,14b54e4f6f4c8f304dd74a921163ea2ceb3b09c2fca6a585e9368497d2b68e9b,17156200,0.0,,54,buy,1.122,32.646,1.122,1.122,0.27,filled,,XLU,0.4427
366.4,False,366.4,366.39,-1465.612,0.0,2025-11-05,366.390015,0.0,0.0142,0.012,0.257,100.0,4,0.0057,0.0519,0,,366.395,1465.6,market,@GOLD_Trend_GLD,5e-05,0.0399,gold: trend up,0.0,366.51001,data/real/prices/yahoo/GLD.json,367.100006,364.649994,366.390015,545093d31c9d8284e3b5dc66f668a6cb7391d9925b5abdf3e82bcaa71e423b40,8357300,0.0,,4,buy,0.273,-3.002,0.273,0.273,0.02,filled,,GLD,0.0377
674.98,False,674.97,674.97,674.9668,0.0,2025-11-05,674.97998,0.0,0.0047,0.003,0.125,100.0,1,0.0003,0.0131,0,,674.975,674.97,market,@PinePilot_EMA_Cross,0.0,0.01,pinepilot: EMA(20) > EMA(50),0.0,677.580017,data/real/prices/yahoo/SPY.json,680.859985,674.169983,674.97998,7353863ce2b1a9438c1be2922e0aef571e3813bf0ff57dbbf11b33c28a864fbc,74402400,0.0002,,1,sell,0.148,-38.52,0.148,-0.148,0.005,filled,,SPY,0.0084
107.59,False,107.58,107.58,1075.7683,0.0,2025-11-05,107.589996,0.0,0.0441,0.03,0.813,100.0,10,0.0058,0.1316,0,,107.585,1075.8,market,@FDA_ClusterFade,0.00011,0.1,fda fade: z=3.32 short sector,0.0,109.209999,data/real/prices/yahoo/XBI.json,109.849998,107.32,107.589996,51e3a7268333197c1fd3996d0ccf7e0247fc9f5d8ab22ca19c8137c6dfa5e654,9127700,0.0017,,10,sell,0.929,-149.254,0.929,-0.929,0.05,filled,,XBI,0.0875
109.27,False,109.27,109.26,-2513.279,0.0,2025-11-06,109.269997,0.0,-0.1358,0.069,0.815,100.0,23,0.0209,0.0691,0,,109.265,2513.21,market,@FDA_ClusterFade,0.0002,0.0001,fda fade: z=3.29 short sector,0.0,109.290001,data/real/prices/yahoo/XBI.json,110.080002,108.669998,109.269997,51e3a7268333197c1fd3996d0ccf7e0247fc9f5d8ab22ca19c8137c6dfa5e654,11352600,0.0,,23,buy,0.0,-1.83,0.0,0.0,0.115,filled,,XBI,0.2049
44.35,False,44.35,44.34,-1020.119,0.0,2025-11-06,44.345001,0.0,-0.0029,0.069,1.832,100.0,23,0.0028,0.184,0,,44.345,1020.05,market,@Weather_ColdSnap_Max,0.0001,0.115,weather: 5 cold anomaly days in 10,0.0,44.23,data/real/prices/yahoo/XLU.json,44.68,44.209999,44.345001,14b54e4f6f4c8f304dd74a921163ea2ceb3b09c2fca6a585e9368497d2b68e9b,23668200,0.0,,23,buy,1.127,27.131,1.127,1.127,0.115,filled,,XLU,0.1868
238.42,False,238.41,238.41,1192.0342,0.0,2025-11-07,238.410004,0.0,-0.0273,0.015,0.362,100.0,5,0.0023,0.0158,0,,238.415,1192.05,market,@PinePilot_EMA_Cross,1e-05,0.0,pinepilot: EMA(20) > EMA(50),0.0,241.610001,data/real/prices/yahoo/IWM.json,241.660004,236.270004,238.410004,e64243e5cb1f476108f0b2a326759daaf5c078330e63d0a97197784a4b2f2ba7,54978900,0.0008,,5,sell,0.0,-132.445,0.0,-0.0,0.025,filled,,IWM,0.0432
667.91,False,667.9,667.9,667.8968,0.0,2025-11-07,667.909973,0.0,0.0047,0.003,0.126,100.0,1,0.0003,0.0131,0,,667.905,667.9,market,@PinePilot_EMA_Cross,0.0,0.01,pinepilot: EMA(20) > EMA(50),0.0,670.969971,data/real/prices/yahoo/SPY.json,671.080017,661.210022,667.909973,7353863ce2b1a9438c1be2922e0aef571e3813bf0ff57dbbf11b33c28a864fbc,100592400,0.0002,,1,sell,0.149,-45.754,0.149,-0.149,0.005,filled,,SPY,0.0084
108.34,False,108.33,108.33,1299.922,0.0,2025-11-07,108.339996,0.0,0.0524,0.036,0.812,100.0,12,0.0076,0.1579,0,,108.335,1299.96,market,@FDA_ClusterFade,8e-05,0.12,fda fade: z=3.06 short sector,0.0,108.959999,data/real/prices/yahoo/XBI.json,108.970001,106.300003,108.339996,51e3a7268333197c1fd3996d0ccf7e0247fc9f5d8ab22ca19c8137c6dfa5e654,15136300,0.002,,12,sell,0.923,-57.819,0.923,-0.923,0.06,filled,,XBI,0.1056
375.93,False,375.93,375.92,-4887.129,0.0,2025-11-10,375.929993,0.0,-0.0987,0.039,0.282,100.0,13,0.0338,0.0391,0,,375.925,4887.09,market,@GOLD_Trend_GLD,0.0001,0.0001,gold: trend up,0.0,378.380005,data/real/prices/yahoo/GLD.json,378.660004,374.779999,375.929993,545093d31c9d8284e3b5dc66f668a6cb7391d9925b5abdf3e82bcaa71e423b40,13456200,0.0,,13,buy,0.0,-64.75,0.0,0.0,0.065,filled,,GLD,0.1378
13.88,False,13.88,13.87,-1318.885,0.0,2025-11-10,13.88,0.0,-0.5186,0.285,6.094,100.0,95,0.0436,0.285,0,,13.875,1318.6,market,@Weather_ColdSnap_Max,0.00085,0.0,weather: 5 cold anomaly days in 10,0.0,14.1,data/real/prices/yahoo/UNG.json,14.13,13.75,13.88,eb7bcc0769945fb2c40fbcd98753ed7e17e367cf69d2ce2bde9ae60f00a462cc,11114700,0.0,,95,buy,0.0,-156.028,0.0,0.0,0.475,filled,,UNG,0.8036
110.28,False,110.28,110.27,-1543.962,0.0,2025-11-10,110.279999,0.0,-0.0796,0.042,0.788,100.0,14,0.0096,0.042,0,,110.275,1543.92,market,@FDACatalyst_Rider,0.00012,0.0,fda: 30d approvals=71 median=0,0.0,110.089996,data/real/prices/yahoo/XBI.json,111.040001,109.279999,110.279999,51e3a7268333197c1fd3996d0ccf7e0247fc9f5d8ab22ca19c8137c6dfa5e654,11453400,0.0,,14,buy,0.0,17.259,0.0,0.0,0.07,filled,,XBI,0.1216
110.28,False,110.28,110.27,-2977.641,0.0,2025-11-10,110.279999,0.0,-0.1607,0.081,0.812,100.0,27,0.0257,0.081,0,,110.275,2977.56,market,@FDA_ClusterFade,0.00024,0.0,fda fade: z=2.90 short sector,0.0,110.089996,data/real/prices/yahoo/XBI.json,111.040001,109.279999,110.279999,51e3a7268333197c1fd3996d0ccf7e0247fc9f5d8ab22ca19c8137c6dfa5e654,11453400,0.0,,27,buy,0.0,17.259,0.0,0.0,0.135,filled,,XBI,0.2417
379.99,False,379.99,379.98,-2279.958,0.0,2025-11-11,379.980011,0.0,0.0189,0.018,0.259,100.0,6,0.011,0.0779,0,,379.985,2279.94,market,@GOLD_Trend_GLD,6e-05,0.0599,gold: trend up,0.0,379.869995,data/real/prices/yahoo/GLD.json,380.399994,376.869995,379.980011,545093d31c9d8284e3b5dc66f668a6cb7391d9925b5abdf3e82bcaa71e423b40,10753200,0.0,,6,buy,0.263,3.159,0.263,0.263,0.03,filled,,GLD,0.059
44.85,False,44.85,44.84,-1390.443,0.0,2025-11-11,44.849998,0.0,-0.1597,0.093,1.818,100.0,31,0.0048,0.0931,0,,44.845,1390.35,market,@Weather_ColdSnap_Max,0.00021,0.0001,weather: 4 cold anomaly days in 10,0.0,44.855,data/real/prices/yahoo/XLU.json,45.029999,44.605,44.849998,14b54e4f6f4c8f304dd74a921163ea2ceb3b09c2fca6a585e9368497d2b68e9b,14435400,0.0,,31,buy,0.0,-1.115,0.0,0.0,0.155,filled,,XLU,0.2528
244.84,False,244.84,244.83,-1224.215,0.0,2025-11-12,244.839996,0.0,-0.0269,0.015,0.342,100.0,5,0.0019,0.015,0,,244.835,1224.2,market,@PinePilot_EMA_Cross,1e-05,0.0,pinepilot: EMA(20) > EMA(50),0.0,243.639999,data/real/prices/yahoo/IWM.json,246.380005,243.330002,244.839996,e64243e5cb1f476108f0b2a326759daaf5c078330e63d0a97197784a4b2f2ba7,34543200,0.0,,5,buy,0.0,49.253,0.0,0.0,0.025,filled,,IWM,0.0419
113.71,False,113.71,113.7,-2956.538,0.0,2025-11-12,113.709999,0.0,-0.1574,0.078,0.796,100.0,26,0.0274,0.078,0,,113.705,2956.46,market,@FDACatalyst_Rider,0.00021,0.0,fda: 30d approvals=75 median=0,0.0,114.110001,data/real/prices/yahoo/XBI.json,114.959999,113.379997,113.709999,51e3a7268333197c1fd3996d0ccf7e0247fc9f5d8ab22ca19c8137c6dfa5e654,12302600,0.0,,26,buy,0.0,-35.054,0.0,0.0,0.13,filled,,XBI,0.2354
113.71,False,113.71,113.7,-5230.798,0.0,2025-11-12,113.709999,0.0,-0.2945,0.138,0.827,100.0,46,0.0646,0.138,0,,113.705,5230.66,market,@FDA_ClusterFade,0.00037,0.0,fda fade: z=2.96 short sector,0.0,114.110001,data/real/prices/yahoo/XBI.json,114.959999,113.379997,113.709999,51e3a7268333197c1fd3996d0ccf7e0247fc9f5d8ab22ca19c8137c6dfa5e654,12302600,0.0,,46,buy,0.0,-35.054,0.0,0.0,0.23,filled,,XBI,0.4326
44.89,False,44.89,44.88,-2154.864,0.0,2025-11-12,44.884998,0.0,-0.0089,0.144,1.824,100.0,48,0.009,0.3841,0,,44.885,2154.72,market,@Weather_ColdSnap_Max,0.00032,0.2401,weather: 3 cold anomaly days in 10,0.0,44.959999,data/real/prices/yahoo/XLU.json,45.0,44.709999,44.884998,14b54e4f6f4c8f304dd74a921163ea2ceb3b09c2fca6a585e9368497d2b68e9b,15018400,0.0,,48,buy,1.114,-15.569,1.114,1.114,0.24,filled,,XLU,0.393
387.3,False,387.3,387.29,-4260.333,0.0,2025-11-13,387.290009,0.0,0.0277,0.033,0.27,100.0,11,0.0272,0.1429,0,,387.295,4260.3,market,@GOLD_Trend_GLD,7e-05,0.1099,gold: trend up,0.0,382.869995,data/real/prices/yahoo/GLD.json,388.179993,381.209991,387.290009,545093d31c9d8284e3b5dc66f668a6cb7391d9925b5abdf3e82bcaa71e423b40,15867900,0.0,,11,buy,0.258,115.705,0.258,0.258,0.055,filled,,GLD,0.1152
372.87,False,372.86,372.86,7829.9935,0.0,2025-11-14,372.869995,0.0,0.0369,0.063,0.306,100.0,21,0.068,0.2764,0,,372.865,7830.06,market,@GOLD_Trend_GLD,0.00014,0.2099,gold: trend up,0.0,375.959991,data/real/prices/yahoo/GLD.json,378.200012,370.890015,372.869995,545093d31c9d8284e3b5dc66f668a6cb7391d9925b5abdf3e82bcaa71e423b40,15198000,0.0035,,21,sell,0.268,-82.455,0.268,-0.268,0.105,filled,,GLD,0.2395
233.34,False,233.33,233.33,1166.6342,0.0,2025-11-14,233.339996,0.0,0.023,0.015,0.367,100.0,5,0.0019,0.0658,0,,233.335,1166.65,market,@PinePilot_EMA_Cross,1e-05,0.05,pinepilot: EMA(20) > EMA(50),0.0,237.479996,data/real/prices/yahoo/IWM.json,238.729996,233.270004,233.339996,e64243e5cb1f476108f0b2a326759daaf5c078330e63d0a97197784a4b2f2ba7,58344400,0.0008,,5,sell,0.428,-174.751,0.428,-0.428,0.025,filled,,IWM,0.0428
599.55,False,599.54,599.54,599.5368,0.0,2025-11-14,599.549988,0.0,0.0046,0.003,0.142,100.0,1,0.0003,0.0132,0,,599.545,599.54,market,@PinePilot_EMA_Cross,0.0,0.01,pinepilot: EMA(20) > EMA(50),0.0,608.859985,data/real/prices/yahoo/QQQ.json,613.349976,597.169983,599.549988,e8cfe01a120c538da1320474ba43d37432e8ebb3387eb489dc22eba738ffd85a,80087300,0.0002,,1,sell,0.167,-153.073,0.167,-0.167,0.005,filled,,QQQ,0.0085
665.39,False,665.38,665.38,1330.7537,0.0,2025-11-14,665.380005,0.0,-0.0106,0.006,0.128,100.0,2,0.0006,0.0063,0,,665.385,1330.76,market,@PinePilot_EMA_Cross,0.0,0.0,pinepilot: EMA(20) > EMA(50),0.0,671.929993,data/real/prices/yahoo/SPY.json,675.659973,663.27002,665.380005,7353863ce2b1a9438c1be2922e0aef571e3813bf0ff57dbbf11b33c28a864fbc,96846700,0.0003,,2,sell,0.0,-97.48,0.0,-0.0,0.01,filled,,SPY,0.017
111.19,False,111.18,111.18,2112.3598,0.0,2025-11-14,111.18,0.0,-0.1112,0.057,0.811,100.0,19,0.0162,0.0602,0,,111.185,2112.42,market,@FDACatalyst_Rider,0.00013,-0.0,fda: 30d approvals=84 median=0,0.0,114.010002,data/real/prices/yahoo/XBI.json,115.360001,111.110001,111.18,51e3a7268333197c1fd3996d0ccf7e0247fc9f5d8ab22ca19c8137c6dfa5e654,14433900,0.0032,,19,sell,-0.0,-248.224,-0.0,0.0,0.095,filled,,XBI,0.1713
111.19,False,111.18,111.18,3557.6587,0.0,2025-11-14,111.18,0.0,-0.1954,0.096,0.834,100.0,32,0.0354,0.1013,0,,111.185,3557.76,market,@FDA_ClusterFade,0.00022,-0.0,fda fade: z=3.23 short sector,0.0,114.010002,data/real/prices/yahoo/XBI.json,115.360001,111.110001,111.18,51e3a7268333197c1fd3996d0ccf7e0247fc9f5d8ab22ca19c8137c6dfa5e654,14433900,0.0053,,32,sell,-0.0,-248.224,-0.0,0.0,0.16,filled,,XBI,0.2967
113.52,False,113.52,113.51,-1929.891,0.0,2025-11-17,113.510002,0.0,0.0707,0.051,0.778,100.0,17,0.0142,0.221,0,,113.515,1929.84,market,@FDACatalyst_Rider,0.00014,0.17,fda: 30d approvals=83 median=0,0.0,114.830002,data/real/prices/yahoo/XBI.json,116.18,113.059998,113.510002,51e3a7268333197c1fd3996d0ccf7e0247fc9f5d8ab22ca19c8137c6dfa5e654,12401800,0.0,,17,buy,0.881,-114.082,0.881,0.881,0.085,filled,,XBI,0.1502
113.52,False,113.52,113.51,-3405.69,0.0,2025-11-17,113.510002,0.0,0.1166,0.09,0.803,100.0,30,0.0333,0.3899,0,,113.515,3405.6,market,@FDA_ClusterFade,0.00024,0.2999,fda fade: z=3.11 short sector,0.0,114.830002,data/real/prices/yahoo/XBI.json,116.18,113.059998,113.510002,51e3a7268333197c1fd3996d0ccf7e0247fc9f5d8ab22ca19c8137c6dfa5e654,12401800,0.0,,30,buy,0.881,-114.082,0.881,0.881,0.15,filled,,XBI,0.2733
599.62,False,599.61,599.61,599.6068,0.0,2025-11-18,599.619995,0.0,0.0046,0.003,0.142,100.0,1,0.0003,0.0132,0,,599.615,599.61,market,@PinePilot_EMA_Cross,0.0,0.01,pinepilot: EMA(20) > EMA(50),0.0,596.309998,data/real/prices/yahoo/QQQ.json,602.309998,591.340027,599.619995,e8cfe01a120c538da1320474ba43d37432e8ebb3387eb489dc22eba738ffd85a,83327300,0.0002,,1,sell,0.167,55.34,0.167,-0.167,0.005,filled,,QQQ,0.0085
44.82,False,44.81,44.81,2822.8305,0.0,2025-11-18,44.82,0.0,0.3022,0.189,1.868,100.0,63,0.0128,0.8295,0,,44.815,2823.03,market,@Weather_ColdSnap_Max,0.00025,0.63,weather: 1 cold anomaly days in 10,0.0,44.610001,data/real/prices/yahoo/XLU.json,45.035,44.595001,44.82,14b54e4f6f4c8f304dd74a921163ea2ceb3b09c2fca6a585e9368497d2b68e9b,25158800,0.0105,,63,sell,2.231,44.833,2.231,-2.231,0.315,filled,,XLU,0.5273
377.78,False,377.78,377.77,-2266.698,0.0,2025-11-19,377.779999,0.0,-0.0393,0.018,0.253,100.0,6,0.0093,0.018,0,,377.775,2266.68,market,@GOLD_Trend_GLD,5e-05,0.0,gold: trend up,0.0,374.959991,data/real/prices/yahoo/GLD.json,380.170013,373.029999,377.779999,545093d31c9d8284e3b5dc66f668a6cb7391d9925b5abdf3e82bcaa71e423b40,10980400,0.0,,6,buy,0.0,75.208,0.0,0.0,0.03,filled,,GLD,0.0573
114.81,False,114.81,114.8,-1148.13,0.0,2025-11-19,114.809998,0.0,-0.0562,0.03,0.751,100.0,10,0.0062,0.03,0,,114.805,1148.1,market,@FDACatalyst_Rider,0.0001,0.0,fda: 30d approvals=88 median=0,0.0,114.5,data/real/prices/yahoo/XBI.json,115.519997,113.470001,114.809998,51e3a7268333197c1fd3996d0ccf7e0247fc9f5d8ab22ca19c8137c6dfa5e654,10309600,0.0,,10,buy,0.0,27.074,0.0,0.0,0.05,filled,,XBI,0.0862
114.81,False,114.81,114.8,-1951.821,0.0,2025-11-19,114.809998,0.0,-0.0987,0.051,0.767,100.0,17,0.0138,0.051,0,,114.805,1951.77,market,@FDA_ClusterFade,0.00016,0.0,fda fade: z=3.17 short sector,0.0,114.5,data/real/prices/yahoo/XBI.json,115.519997,113.470001,114.809998,51e3a7268333197c1fd3996d0ccf7e0247fc9f5d8ab22ca19c8137c6dfa5e654,10309600,0.0,,17,buy,0.0,27.074,0.0,0.0,0.085,filled,,XBI,0.1498
44.65,False,44.65,44.64,-3125.71,0.0,2025-11-19,44.645,0.0,-0.015,0.21,1.84,100.0,70,0.015,0.56,0,,44.645,3125.5,market,@Weather_ColdSnap_Max,0.00028,0.35,weather: 2 cold anomaly days in 10,0.0,44.235001,data/real/prices/yahoo/XLU.json,44.77,44.139999,44.645,14b54e4f6f4c8f304dd74a921163ea2ceb3b09c2fca6a585e9368497d2b68e9b,25095600,0.0,,70,buy,1.12,93.817,1.12,1.12,0.35,filled,,XLU,0.575
375.3,False,375.29,375.29,1125.8605,0.0,2025-11-20,375.290009,0.0,-0.0172,0.009,0.237,100.0,3,0.0022,0.0095,0,,375.295,1125.87,market,@GOLD_Trend_GLD,3e-05,0.0,gold: trend up,0.0,374.850006,data/real/prices/yahoo/GLD.json,377.690002,371.850006,375.290009,545093d31c9d8284e3b5dc66f668a6cb7391d9925b5abdf3e82bcaa71e423b40,10506500,0.0005,,3,sell,0.0,11.738,0.0,-0.0,0.015,filled,,GLD,0.0267
116.16,False,116.16,116.15,-1161.63,0.0,2025-11-20,116.150002,0.0,0.0437,0.03,0.743,100.0,10,0.0063,0.13,0,,116.155,1161.6,market,@FDACatalyst_Rider,7e-05,0.1,fda: 30d approvals=92 median=0,0.0,113.830002,data/real/prices/yahoo/XBI.json,117.900002,113.739998,116.150002,51e3a7268333197c1fd3996d0ccf7e0247fc9f5d8ab22ca19c8137c6dfa5e654,13951600,0.0,,10,buy,0.861,204.691,0.861,0.861,0.05,filled,,XBI,0.0863
116.16,False,116.16,116.15,-1858.608,0.0,2025-11-20,116.150002,0.0,0.0672,0.048,0.757,100.0,16,0.0127,0.208,0,,116.155,1858.56,market,@FDA_ClusterFade,0.00011,0.16,fda fade: z=3.26 short sector,0.0,113.830002,data/real/prices/yahoo/XBI.json,117.900002,113.739998,116.150002,51e3a7268333197c1fd3996d0ccf7e0247fc9f5d8ab22ca19c8137c6dfa5e654,13951600,0.0,,16,buy,0.861,204.691,0.861,0.861,0.08,filled,,XBI,0.1407
655.05,False,655.04,655.04,1310.0737,0.0,2025-11-21,655.049988,0.0,0.0093,0.006,0.13,100.0,2,0.0007,0.0263,0,,655.045,1310.08,market,@PinePilot_EMA_Cross,0.0,0.02,pinepilot: EMA(20) > EMA(50),0.0,659.030029,data/real/prices/yahoo/SPY.json,664.549988,650.849976,655.049988,7353863ce2b1a9438c1be2922e0aef571e3813bf0ff57dbbf11b33c28a864fbc,123956200,0.0003,,2,sell,0.152,-60.544,0.152,-0.152,0.01,filled,,SPY,0.017
113.83,False,113.82,113.82,1934.8862,0.0,2025-11-21,113.82,0.0,-0.0979,0.051,0.784,100.0,17,0.0129,0.0538,0,,113.825,1934.94,market,@FDACatalyst_Rider,0.00015,-0.0,fda: 30d approvals=94 median=0,0.0,116.650002,data/real/prices/yahoo/XBI.json,117.629997,113.57,113.82,51e3a7268333197c1fd3996d0ccf7e0247fc9f5d8ab22ca19c8137c6dfa5e654,11618700,0.0028,,17,sell,-0.0,-242.606,-0.0,0.0,0.085,filled,,XBI,0.1518
113.83,False,113.82,113.82,3073.0545,0.0,2025-11-21,113.82,0.0,-0.1609,0.081,0.802,100.0,27,0.0259,0.0855,0,,113.825,3073.14,market,@FDA_ClusterFade,0.00023,-0.0,fda fade: z=3.26 short sector,0.0,116.650002,data/real/prices/yahoo/XBI.json,117.629997,113.57,113.82,51e3a7268333197c1fd3996d0ccf7e0247fc9f5d8ab22ca19c8137c6dfa5e654,11618700,0.0045,,27,sell,-0.0,-242.606,-0.0,0.0,0.135,filled,,XBI,0.2464
117.21,False,117.21,117.2,-2813.112,0.0,2025-11-24,117.209999,0.0,-0.1434,0.072,0.766,100.0,24,0.0234,0.072,0,,117.205,2813.04,market,@FDACatalyst_Rider,0.00024,0.0,fda: 30d approvals=82 median=0,0.0,119.580002,data/real/prices/yahoo/XBI.json,119.790001,117.110001,117.209999,51e3a7268333197c1fd3996d0ccf7e0247fc9f5d8ab22ca19c8137c6dfa5e654,9908800,0.0,,24,buy,0.0,-198.194,0.0,0.0,0.12,filled,,XBI,0.2154
117.21,False,117.21,117.2,-4688.52,0.0,2025-11-24,117.209999,0.0,-0.2504,0.12,0.79,100.0,40,0.0504,0.12,0,,117.205,4688.4,market,@FDA_ClusterFade,0.0004,0.0,fda fade: z=2.71 short sector,0.0,119.580002,data/real/prices/yahoo/XBI.json,119.790001,117.110001,117.209999,51e3a7268333197c1fd3996d0ccf7e0247fc9f5d8ab22ca19c8137c6dfa5e654,9908800,0.0,,40,buy,0.0,-198.194,0.0,0.0,0.2,filled,,XBI,0.3704
44.14,False,44.13,44.13,1367.9319,0.0,2025-11-24,44.139999,0.0,0.1507,0.093,1.882,100.0,31,0.0043,0.4081,0,,44.135,1368.03,market,@Weather_ColdSnap_Max,0.00013,0.31,weather: 7 cold anomaly days in 10,0.0,44.575001,data/real/prices/yahoo/XLU.json,44.689999,43.865002,44.139999,14b54e4f6f4c8f304dd74a921163ea2ceb3b09c2fca6a585e9368497d2b68e9b,23572800,0.0051,,31,sell,2.265,-99.832,2.265,-2.265,0.155,filled,,XLU,0.2575
380.27,False,380.27,380.26,-2281.638,0.0,2025-11-25,380.26001,0.0,0.0234,0.018,0.239,100.0,6,0.0065,0.0779,0,,380.265,2281.62,market,@GOLD_Trend_GLD,6e-05,0.0599,gold: trend up,0.0,380.079987,data/real/prices/yahoo/GLD.json,382.519989,378.059998,380.26001,545093d31c9d8284e3b5dc66f668a6cb7391d9925b5abdf3e82bcaa71e423b40,10462800,0.0,,6,buy,0.263,4.999,0.263,0.263,0.03,filled,,GLD,0.0545
603.52,False,603.52,603.51,-603.523,0.0,2025-11-25,603.51001,0.0,0.0046,0.003,0.139,100.0,1,0.0004,0.013,0,,603.515,603.52,market,@PinePilot_EMA_Cross,0.0,0.01,pinepilot: EMA(20) > EMA(50),0.0,608.890015,data/real/prices/yahoo/QQQ.json,610.26001,597.320007,603.51001,e8cfe01a120c538da1320474ba43d37432e8ebb3387eb489dc22eba738ffd85a,57560900,0.0,,1,buy,0.166,-88.194,0.166,0.166,0.005,filled,,QQQ,0.0084
668.64,False,668.64,668.63,-2005.929,0.0,2025-11-25,668.630005,0.0,0.0137,0.009,0.126,100.0,3,0.0013,0.039,0,,668.635,2005.92,market,@PinePilot_EMA_Cross,0.0,0.03,pinepilot: EMA(20) > EMA(50),0.0,675.02002,data/real/prices/yahoo/SPY.json,676.210022,664.47998,668.630005,7353863ce2b1a9438c1be2922e0aef571e3813bf0ff57dbbf11b33c28a864fbc,81077100,0.0,,3,buy,0.149,-94.516,0.149,0.149,0.015,filled,,SPY,0.0253
119.84,False,119.84,119.83,-2396.86,0.0,2025-11-25,119.839996,0.0,-0.1189,0.06,0.747,100.0,20,0.019,0.0601,0,,119.835,2396.8,market,@FDACatalyst_Rider,0.00019,0.0001,fda: 30d approvals=85 median=0,0.0,121.370003,data/real/prices/yahoo/XBI.json,121.410004,119.559998,119.839996,51e3a7268333197c1fd3996d0ccf7e0247fc9f5d8ab22ca19c8137c6dfa5e654,10532400,0.0,,20,buy,0.0,-126.061,0.0,0.0,0.1,filled,,XBI,0.179
119.84,False,119.84,119.83,-3595.29,0.0,2025-11-25,119.839996,0.0,-0.1847,0.09,0.764,100.0,30,0.0349,0.0901,0,,119.835,3595.2,market,@FDA_ClusterFade,0.00028,0.0001,fda fade: z=2.78 short sector,0.0,121.370003,data/real/prices/yahoo/XBI.json,121.410004,119.559998,119.839996,51e3a7268333197c1fd3996d0ccf7e0247fc9f5d8ab22ca19c8137c6dfa5e654,10532400,0.0,,30,buy,0.0,-126.061,0.0,0.0,0.15,filled,,XBI,0.2749
44.69,False,44.68,44.68,3574.1467,0.0,2025-11-25,44.689999,0.0,0.382,0.24,1.878,100.0,80,0.018,1.0532,0,,44.685,3574.4,market,@Weather_ColdSnap_Max,0.00036,0.7999,weather: 8 cold anomaly days in 10,0.0,44.404999,data/real/prices/yahoo/XLU.json,44.759998,44.224998,44.689999,14b54e4f6f4c8f304dd74a921163ea2ceb3b09c2fca6a585e9368497d2b68e9b,22195600,0.0133,,80,sell,2.237,61.93,2.237,-2.237,0.4,filled,,XLU,0.6712
612.52,False,612.52,612.51,-1225.046,0.0,2025-11-26,612.51001,0.0,0.0089,0.006,0.139,100.0,2,0.0011,0.026,0,,612.515,1225.04,market,@PinePilot_EMA_Cross,0.0,0.02,pinepilot: EMA(20) > EMA(50),0.0,614.27002,data/real/prices/yahoo/QQQ.json,616.190002,610.390015,612.51001,e8cfe01a120c538da1320474ba43d37432e8ebb3387eb489dc22eba738ffd85a,42393600,0.0,,2,buy,0.163,-28.489,0.163,0.163,0.01,filled,,QQQ,0.0171
121.56,False,121.56,121.55,-1458.756,0.0,2025-11-26,121.550003,0.0,0.0515,0.036,0.716,100.0,12,0.0084,0.156,0,,121.555,1458.72,market,@FDACatalyst_Rider,0.00013,0.12,fda: 30d approvals=89 median=0,0.0,122.849998,data/real/prices/yahoo/XBI.json,123.470001,120.959999,121.550003,51e3a7268333197c1fd3996d0ccf7e0247fc9f5d8ab22ca19c8137c6dfa5e654,8946600,0.0,,12,buy,0.822,-105.006,0.822,0.822,0.06,filled,,XBI,0.1044
121.56,False,121.56,121.55,-2188.134,0.0,2025-11-26,121.550003,0.0,0.0744,0.054,0.729,100.0,18,0.0155,0.2339,0,,121.555,2188.08,market,@FDA_ClusterFade,0.0002,0.1799,fda fade: z=2.88 short sector,0.0,122.849998,data/real/prices/yahoo/XBI.json,123.470001,120.959999,121.550003,51e3a7268333197c1fd3996d0ccf7e0247fc9f5d8ab22ca19c8137c6dfa5e654,8946600,0.0,,18,buy,0.822,-105.006,0.822,0.822,0.09,filled,,XBI,0.1595
44.65,False,44.65,44.64,-2545.221,0.0,2025-11-26,44.645,0.0,-0.0107,0.171,1.834,100.0,57,0.0107,0.456,0,,44.645,2545.05,market,@Weather_ColdSnap_Max,0.00034,0.285,weather: 9 cold anomaly days in 10,0.0,44.994999,data/real/prices/yahoo/XLU.json,45.049999,44.560001,44.645,14b54e4f6f4c8f304dd74a921163ea2ceb3b09c2fca6a585e9368497d2b68e9b,16759200,0.0,,57,buy,1.12,-76.675,1.12,1.12,0.285,filled,,XLU,0.4667
385.99,False,385.99,385.98,-3473.937,0.0,2025-11-28,385.980011,0.0,0.0344,0.027,0.237,100.0,9,0.0105,0.1169,0,,385.985,3473.91,market,@GOLD_Trend_GLD,0.00013,0.0899,gold: trend up,0.0,387.880005,data/real/prices/yahoo/GLD.json,388.0,384.98999,385.980011,545093d31c9d8284e3b5dc66f668a6cb7391d9925b5abdf3e82bcaa71e423b40,7175400,0.0,,9,buy,0.259,-48.727,0.259,0.259,0.045,filled,,GLD,0.0825
680.86,False,680.86,680.85,-1361.726,0.0,2025-11-28,680.859985,0.0,-0.0107,0.006,0.123,100.0,2,0.0007,0.006,0,,680.855,1361.72,market,@PinePilot_EMA_Cross,0.0,0.0,pinepilot: EMA(20) > EMA(50),0.0,683.390015,data/real/prices/yahoo/SPY.json,683.669983,680.5,680.859985,7353863ce2b1a9438c1be2922e0aef571e3813bf0ff57dbbf11b33c28a864fbc,49212000,0.0,,2,buy,0.0,-37.022,0.0,0.0,0.01,filled,,SPY,0.0167
123.03,False,123.03,123.02,-1353.363,0.0,2025-11-28,123.029999,0.0,-0.0625,0.033,0.706,100.0,11,0.0075,0.033,0,,123.025,1353.33,market,@FDACatalyst_Rider,0.00026,0.0,fda: 30d approvals=74 median=0,0.0,123.160004,data/real/prices/yahoo/XBI.json,123.279999,122.489998,123.029999,51e3a7268333197c1fd3996d0ccf7e0247fc9f5d8ab22ca19c8137c6dfa5e654,4255500,0.0,,11,buy,0.0,-10.556,0.0,0.0,0.055,filled,,XBI,0.0955
123.03,False,123.03,123.02,-1845.495,0.0,2025-11-28,123.029999,0.0,-0.087,0.045,0.715,100.0,15,0.012,0.045,0,,123.025,1845.45,market,@FDA_ClusterFade,0.00035,0.0,fda fade: z=2.26 short sector,0.0,123.160004,data/real/prices/yahoo/XBI.json,123.279999,122.489998,123.029999,51e3a7268333197c1fd3996d0ccf7e0247fc9f5d8ab22ca19c8137c6dfa5e654,4255500,0.0,,15,buy,0.0,-10.556,0.0,0.0,0.075,filled,,XBI,0.132
45.07,False,45.07,45.06,-1983.212,0.0,2025-11-28,45.07,0.0,-0.2272,0.132,1.811,100.0,44,0.0072,0.132,0,,45.065,1983.08,market,@Weather_ColdSnap_Max,0.00056,0.0,weather: 10 cold anomaly days in 10,0.0,45.314999,data/real/prices/yahoo/XLU.json,45.349998,45.025002,45.07,14b54e4f6f4c8f304dd74a921163ea2ceb3b09c2fca6a585e9368497d2b68e9b,7882600,0.0,,44,buy,0.0,-54.066,0.0,0.0,0.22,filled,,XLU,0.3592
390.61,False,390.61,390.6,-2343.678,0.0,2025-12-01,390.609985,0.0,-0.0358,0.018,0.23,100.0,6,0.0059,0.0181,0,,390.605,2343.66,market,@GOLD_Trend_GLD,5e-05,0.0001,gold: trend up,0.0,389.75,data/real/prices/yahoo/GLD.json,390.700012,388.059998,390.609985,545093d31c9d8284e3b5dc66f668a6cb7391d9925b5abdf3e82bcaa71e423b40,11177100,0.0,,6,buy,0.0,22.065,0.0,0.0,0.03,filled,,GLD,0.0539
15.03,False,15.03,15.02,-1052.31,0.0,2025-12-01,15.02,0.0,0.3254,0.21,5.557,100.0,70,0.0246,0.91,0,,15.025,1052.1,market,@Weather_ColdSnap_Max,0.00057,0.7,weather: 10 cold anomaly days in 10,0.0,15.21,data/real/prices/yahoo/UNG.json,15.31,14.8,15.02,eb7bcc0769945fb2c40fbcd98753ed7e17e367cf69d2ce2bde9ae60f00a462cc,12186500,0.0,,70,buy,6.658,-118.343,6.658,6.658,0.35,filled,,UNG,0.5846
121.85,False,121.84,121.84,974.6947,0.0,2025-12-01,121.849998,0.0,0.0355,0.024,0.717,100.0,8,0.0045,0.1053,0,,121.845,974.72,market,@FDACatalyst_Rider,7e-05,0.08,fda: 30d approvals=66 median=0,0.0,119.849998,data/real/prices/yahoo/XBI.json,121.970001,119.739998,121.849998,51e3a7268333197c1fd3996d0ccf7e0247fc9f5d8ab22ca19c8137c6dfa5e654,10987500,0.0013,,8,sell,0.821,166.041,0.821,-0.821,0.04,filled,,XBI,0.0699
121.85,False,121.84,121.84,1218.3683,0.0,2025-12-01,121.849998,0.0,0.0436,0.03,0.722,100.0,10,0.0063,0.1316,0,,121.845,1218.4,market,@FDA_ClusterFade,9e-05,0.1,fda fade: z=1.93 short sector,0.0,119.849998,data/real/prices/yahoo/XBI.json,121.970001,119.739998,121.849998,51e3a7268333197c1fd3996d0ccf7e0247fc9f5d8ab22ca19c8137c6dfa5e654,10987500,0.0017,,10,sell,0.821,166.041,0.821,-0.821,0.05,filled,,XBI,0.088
45.07,False,45.07,45.06,-2028.285,0.0,2025-12-01,45.060001,0.0,0.2173,0.135,1.813,100.0,45,0.0076,0.585,0,,45.065,2028.15,market,@Weather_ColdSnap_Max,0.00017,0.45,weather: 10 cold anomaly days in 10,0.0,44.255001,data/real/prices/yahoo/XLU.json,45.060001,44.23,45.060001,14b54e4f6f4c8f304dd74a921163ea2ceb3b09c2fca6a585e9368497d2b68e9b,26339000,0.0,,45,buy,2.219,184.16,2.219,2.219,0.225,filled,,XLU,0.3676
119.81,False,119.8,119.8,1796.9525,0.0,2025-12-02,119.800003,0.0,-0.0876,0.045,0.752,100.0,15,0.0126,0.0475,0,,119.805,1797.0,market,@FDACatalyst_Rider,7e-05,0.0,fda: 30d approvals=67 median=0,0.0,118.459999,data/real/prices/yahoo/XBI.json,120.260002,117.720001,119.800003,51e3a7268333197c1fd3996d0ccf7e0247fc9f5d8ab22ca19c8137c6dfa5e654,22047200,0.0025,,15,sell,0.0,113.118,0.0,-0.0,0.075,filled,,XBI,0.1351
119.81,False,119.8,119.8,2635.5303,0.0,2025-12-02,119.800003,0.0,-0.1324,0.066,0.767,100.0,22,0.0224,0.0697,0,,119.805,2635.6,market,@FDA_ClusterFade,0.0001,0.0001,fda fade: z=1.95 short sector,0.0,118.459999,data/real/prices/yahoo/XBI.json,120.260002,117.720001,119.800003,51e3a7268333197c1fd3996d0ccf7e0247fc9f5d8ab22ca19c8137c6dfa5e654,22047200,0.0037,,22,sell,0.0,113.118,0.0,-0.0,0.11,filled,,XBI,0.2021
44.46,False,44.46,44.45,-1467.279,0.0,2025-12-02,44.459999,0.0,-0.1707,0.099,1.839,100.0,33,0.0058,0.099,0,,44.455,1467.18,market,@Weather_ColdSnap_Max,0.00019,0.0,weather: 10 cold anomaly days in 10,0.0,43.939999,data/real/prices/yahoo/XLU.json,44.459999,43.884998,44.459999,14b54e4f6f4c8f304dd74a921163ea2ceb3b09c2fca6a585e9368497d2b68e9b,17384200,0.0,,33,buy,0.0,118.343,0.0,0.0,0.165,filled,,XLU,0.2698
15.33,False,15.32,15.32,1547.0002,0.0,2025-12-03,15.33,0.0,0.4635,0.303,5.599,100.0,101,0.0415,1.3298,0,,15.325,1547.32,market,@Weather_ColdSnap_Max,0.00091,1.01,weather: 10 cold anomaly days in 10,0.0,15.47,data/real/prices/yahoo/UNG.json,15.58,15.3,15.33,eb7bcc0769945fb2c40fbcd98753ed7e17e367cf69d2ce2bde9ae60f00a462cc,11076800,0.0168,,101,sell,6.523,-96.962,6.523,-6.523,0.505,filled,,UNG,0.8663
118.77,False,118.76,118.76,950.0547,0.0,2025-12-03,118.760002,0.0,-0.0449,0.024,0.739,100.0,8,0.0049,0.0253,0,,118.765,950.08,market,@FDACatalyst_Rider,7e-05,0.0,fda: 30d approvals=70 median=0,0.0,121.830002,data/real/prices/yahoo/XBI.json,121.959999,118.739998,118.760002,51e3a7268333197c1fd3996d0ccf7e0247fc9f5d8ab22ca19c8137c6dfa5e654,10792000,0.0013,,8,sell,0.0,-251.991,0.0,-0.0,0.04,filled,,XBI,0.0702
118.77,False,118.76,118.76,1306.3252,0.0,2025-12-03,118.760002,0.0,-0.0629,0.033,0.748,100.0,11,0.0079,0.0348,0,,118.765,1306.36,market,@FDA_ClusterFade,0.0001,0.0,fda fade: z=2.03 short sector,0.0,121.830002,data/real/prices/yahoo/XBI.json,121.959999,118.739998,118.760002,51e3a7268333197c1fd3996d0ccf7e0247fc9f5d8ab22ca19c8137c6dfa5e654,10792000,0.0018,,11,sell,0.0,-251.991,0.0,-0.0,0.055,filled,,XBI,0.0977
386.93,False,386.92,386.92,1547.6673,0.0,2025-12-04,386.920013,0.0,-0.023,0.012,0.231,100.0,4,0.003,0.0127,0,,386.925,1547.68,market,@GOLD_Trend_GLD,6e-05,0.0001,gold: trend up,0.0,387.130005,data/real/prices/yahoo/GLD.json,388.0,385.399994,386.920013,545093d31c9d8284e3b5dc66f668a6cb7391d9925b5abdf3e82bcaa71e423b40,6754400,0.0007,,4,sell,0.0,-5.425,0.0,-0.0,0.02,filled,,GLD,0.0357
121.23,False,121.23,121.22,-2060.961,0.0,2025-12-04,121.220001,0.0,0.0698,0.051,0.734,100.0,17,0.0152,0.221,0,,121.225,2060.91,market,@FDACatalyst_Rider,0.00015,0.17,fda: 30d approvals=64 median=0,0.0,123.25,data/real/prices/yahoo/XBI.json,123.610001,120.779999,121.220001,51e3a7268333197c1fd3996d0ccf7e0247fc9f5d8ab22ca19c8137c6dfa5e654,10978100,0.0,,17,buy,0.825,-163.895,0.825,0.825,0.085,filled,,XBI,0.1512
121.23,False,121.23,121.22,-3152.058,0.0,2025-12-04,121.220001,0.0,0.1013,0.078,0.751,100.0,26,0.0287,0.338,0,,121.225,3151.98,market,@FDA_ClusterFade,0.00024,0.26,fda fade: z=1.79 short sector,0.0,123.25,data/real/prices/yahoo/XBI.json,123.610001,120.779999,121.220001,51e3a7268333197c1fd3996d0ccf7e0247fc9f5d8ab22ca19c8137c6dfa5e654,10978100,0.0,,26,buy,0.825,-163.895,0.825,0.825,0.13,filled,,XBI,0.2367
389.12,False,389.12,389.11,-778.246,0.0,2025-12-05,389.119995,0.0,-0.011,0.006,0.218,100.0,2,0.001,0.006,0,,389.115,778.24,market,@GOLD_Trend_GLD,2e-05,0.0,gold: trend up,0.0,386.440002,data/real/prices/yahoo/GLD.json,391.73999,386.179993,389.119995,545093d31c9d8284e3b5dc66f668a6cb7391d9925b5abdf3e82bcaa71e423b40,9449800,0.0,,2,buy,0.0,69.351,0.0,0.0,0.01,filled,,GLD,0.017
624.39,False,624.39,624.38,-624.393,0.0,2025-12-05,624.380005,0.0,0.0046,0.003,0.134,100.0,1,0.0004,0.013,0,,624.385,624.39,market,@PinePilot_EMA_Cross,0.0,0.01,pinepilot: EMA(20) > EMA(50),0.0,625.47998,data/real/prices/yahoo/QQQ.json,628.919983,623.710022,624.380005,e8cfe01a120c538da1320474ba43d37432e8ebb3387eb489dc22eba738ffd85a,53614200,0.0,,1,buy,0.16,-17.426,0.16,0.16,0.005,filled,,QQQ,0.0084
123.77,False,123.77,123.76,-2351.687,0.0,2025-12-05,123.769997,0.0,-0.1125,0.057,0.721,100.0,19,0.0175,0.0571,0,,123.765,2351.63,market,@FDACatalyst_Rider,0.00025,0.0001,fda: 30d approvals=58 median=0,0.0,123.410004,data/real/prices/yahoo/XBI.json,124.18,122.690002,123.769997,51e3a7268333197c1fd3996d0ccf7e0247fc9f5d8ab22ca19c8137c6dfa5e654,7524500,0.0,,19,buy,0.0,29.171,0.0,0.0,0.095,filled,,XBI,0.1695
123.77,False,123.77,123.76,-3218.098,0.0,2025-12-05,123.769997,0.0,-0.158,0.078,0.734,100.0,26,0.0281,0.0781,0,,123.765,3218.02,market,@FDA_ClusterFade,0.00035,0.0001,fda fade: z=1.56 short sector,0.0,123.410004,data/real/prices/yahoo/XBI.json,124.18,122.690002,123.769997,51e3a7268333197c1fd3996d0ccf7e0247fc9f5d8ab22ca19c8137c6dfa5e654,7524500,0.0,,26,buy,0.0,29.171,0.0,0.0,0.13,filled,,XBI,0.2361
43.73,False,43.73,43.72,-6035.154,0.0,2025-12-05,43.720001,0.0,0.6412,0.414,1.91,100.0,138,0.0487,1.7939,0,,43.725,6034.74,market,@Weather_ColdSnap_Max,0.00102,1.3799,weather: 10 cold anomaly days in 10,0.0,43.299999,data/real/prices/yahoo/XLU.json,43.779999,43.279999,43.720001,14b54e4f6f4c8f304dd74a921163ea2ceb3b09c2fca6a585e9368497d2b68e9b,13474700,0.0,,138,buy,2.287,99.307,2.287,2.287,0.69,filled,,XLU,1.1527
686.6,False,686.6,686.59,-686.603,0.0,2025-12-08,686.590027,0.0,0.0047,0.003,0.12,100.0,1,0.0002,0.013,0,,686.595,686.6,market,@PinePilot_EMA_Cross,0.0,0.01,pinepilot: EMA(20) > EMA(50),0.0,683.630005,data/real/prices/yahoo/SPY.json,686.640015,681.570007,686.590027,7353863ce2b1a9438c1be2922e0aef571e3813bf0ff57dbbf11b33c28a864fbc,55231500,0.0,,1,buy,0.145,43.444,0.145,0.145,0.005,filled,,SPY,0.0082
125.16,False,125.16,125.15,-1251.63,0.0,2025-12-08,125.150002,0.0,0.0432,0.03,0.693,100.0,10,0.0068,0.13,0,,125.155,1251.6,market,@FDACatalyst_Rider,0.0001,0.1,fda: 30d approvals=53 median=0,0.0,123.660004,data/real/prices/yahoo/XBI.json,125.870003,123.410004,125.150002,51e3a7268333197c1fd3996d0ccf7e0247fc9f5d8ab22ca19c8137c6dfa5e654,9670300,0.0,,10,buy,0.799,121.3,0.799,0.799,0.05,filled,,XBI,0.0868
43.39,False,43.38,43.38,4077.4224,0.0,2025-12-08,43.380001,0.0,-0.4978,0.282,1.951,100.0,94,0.0279,0.2977,0,,43.385,4077.72,market,@Weather_ColdSnap_Max,0.00044,0.0001,weather: 10 cold anomaly days in 10,0.0,42.720001,data/real/prices/yahoo/XLU.json,43.41,42.66,43.380001,14b54e4f6f4c8f304dd74a921163ea2ceb3b09c2fca6a585e9368497d2b68e9b,21607900,0.0156,,94,sell,0.0,154.494,0.0,-0.0,0.47,filled,,XLU,0.7955
385.62,False,385.61,385.61,1542.4273,0.0,2025-12-09,385.619995,0.0,0.0172,0.012,0.23,100.0,4,0.0028,0.0526,0,,385.615,1542.44,market,@GOLD_Trend_GLD,6e-05,0.04,gold: trend up,0.0,387.399994,data/real/prices/yahoo/GLD.json,388.209991,385.269989,385.619995,545093d31c9d8284e3b5dc66f668a6cb7391d9925b5abdf3e82bcaa71e423b40,6358700,0.0007,,4,sell,0.259,-46.205,0.259,-0.259,0.02,filled,,GLD,0.0355
14.6,False,14.59,14.59,2436.0013,0.0,2025-12-09,14.6,0.0,0.7339,0.501,6.012,100.0,167,0.1011,2.1987,0,,14.595,2436.53,market,@Weather_ColdSnap_Max,0.00091,1.67,weather: 10 cold anomaly days in 10,0.0,14.1,data/real/prices/yahoo/UNG.json,14.86,14.08,14.6,eb7bcc0769945fb2c40fbcd98753ed7e17e367cf69d2ce2bde9ae60f00a462cc,18381500,0.0277,,167,sell,6.849,347.518,6.849,-6.849,0.835,filled,,UNG,1.4648
123.09,False,123.08,123.08,1846.1525,0.0,2025-12-09,123.080002,0.0,-0.0872,0.045,0.73,100.0,15,0.0122,0.0475,0,,123.085,1846.2,market,@FDACatalyst_Rider,0.00016,0.0,fda: 30d approvals=56 median=0,0.0,121.190002,data/real/prices/yahoo/XBI.json,124.0,121.129997,123.080002,51e3a7268333197c1fd3996d0ccf7e0247fc9f5d8ab22ca19c8137c6dfa5e654,9640500,0.0025,,15,sell,0.0,155.953,0.0,-0.0,0.075,filled,,XBI,0.1347
42.96,False,42.95,42.95,4122.8961,0.0,2025-12-09,42.950001,0.0,-0.5096,0.288,1.973,100.0,96,0.0297,0.304,0,,42.955,4123.2,market,@Weather_ColdSnap_Max,0.00039,0.0001,weather: 10 cold anomaly days in 10,0.0,42.75,data/real/prices/yahoo/XLU.json,43.169998,42.73,42.950001,14b54e4f6f4c8f304dd74a921163ea2ceb3b09c2fca6a585e9368497d2b68e9b,24347200,0.0159,,96,sell,0.0,46.784,0.0,-0.0,0.48,filled,,XLU,0.8136
121.24,False,121.23,121.23,1697.1757,0.0,2025-12-10,121.230003,0.0,-0.0814,0.042,0.741,100.0,14,0.0115,0.0444,0,,121.235,1697.22,market,@FDACatalyst_Rider,0.00015,0.0,fda: 30d approvals=57 median=0,0.0,122.050003,data/real/prices/yahoo/XBI.json,122.639999,120.660004,121.230003,51e3a7268333197c1fd3996d0ccf7e0247fc9f5d8ab22ca19c8137c6dfa5e654,9219200,0.0023,,14,sell,0.0,-67.186,0.0,-0.0,0.07,filled,,XBI,0.1258
42.8,False,42.79,42.79,1369.1787,0.0,2025-12-10,42.799999,0.0,0.1547,0.096,1.947,100.0,32,0.0053,0.4213,0,,42.795,1369.28,market,@Weather_ColdSnap_Max,0.00012,0.32,weather: 10 cold anomaly days in 10,0.0,42.73,data/real/prices/yahoo/XLU.json,42.830002,42.419998,42.799999,14b54e4f6f4c8f304dd74a921163ea2ceb3b09c2fca6a585e9368497d2b68e9b,25940200,0.0053,,32,sell,2.336,14.042,2.336,-2.336,0.16,filled,,XLU,0.2666
389.02,False,389.02,389.01,-1556.092,0.0,2025-12-11,389.019989,0.0,-0.0223,0.012,0.221,100.0,4,0.0023,0.012,0,,389.015,1556.08,market,@GOLD_Trend_GLD,4e-05,0.0,gold: trend up,0.0,393.23999,data/real/prices/yahoo/GLD.json,394.089996,388.5,389.019989,545093d31c9d8284e3b5dc66f668a6cb7391d9925b5abdf3e82bcaa71e423b40,11240600,0.0,,4,buy,0.0,-107.313,0.0,0.0,0.02,filled,,GLD,0.0343
13.51,False,13.5,13.5,1376.6771,0.0,2025-12-11,13.5,0.0,-0.5586,0.306,6.402,100.0,102,0.0486,0.3229,0,,13.505,1377.0,market,@Weather_ColdSnap_Max,0.00039,-0.0,weather: 10 cold anomaly days in 10,0.0,13.08,data/real/prices/yahoo/UNG.json,13.59,12.99,13.5,eb7bcc0769945fb2c40fbcd98753ed7e17e367cf69d2ce2bde9ae60f00a462cc,26227900,0.0169,,102,sell,-0.0,321.101,-0.0,0.0,0.51,filled,,UNG,0.8815
42.66,False,42.65,42.65,3795.5682,0.0,2025-12-11,42.650002,0.0,-0.4693,0.267,1.979,100.0,89,0.0245,0.282,0,,42.655,3795.85,market,@Weather_ColdSnap_Max,0.00048,0.0002,weather: 10 cold anomaly days in 10,0.0,43.040001,data/real/prices/yahoo/XLU.json,43.150002,42.650002,42.650002,14b54e4f6f4c8f304dd74a921163ea2ceb3b09c2fca6a585e9368497d2b68e9b,18703300,0.0148,,89,sell,0.0,-90.614,0.0,-0.0,0.445,filled,,XLU,0.7513
399.17,False,399.17,399.16,-5588.422,0.0,2025-12-12,399.160004,0.0,0.0538,0.042,0.229,100.0,14,0.0161,0.1819,0,,399.165,5588.38,market,@GOLD_Trend_GLD,8e-05,0.1399,gold: trend up,0.0,395.440002,data/real/prices/yahoo/GLD.json,400.390015,391.470001,399.160004,545093d31c9d8284e3b5dc66f668a6cb7391d9925b5abdf3e82bcaa71e423b40,16792100,0.0,,14,buy,0.25,94.325,0.25,0.25,0.07,filled,,GLD,0.1281
622.09,False,622.09,622.08,-1244.186,0.0,2025-12-12,622.080017,0.0,0.0091,0.006,0.136,100.0,2,0.0009,0.026,0,,622.085,1244.18,market,@PinePilot_EMA_Cross,0.0,0.02,pinepilot: EMA(20) > EMA(50),0.0,613.619995,data/real/prices/yahoo/QQQ.json,623.539978,611.359985,622.080017,e8cfe01a120c538da1320474ba43d37432e8ebb3387eb489dc22eba738ffd85a,75158700,0.0,,2,buy,0.16,138.033,0.16,0.16,0.01,filled,,QQQ,0.0169
688.17,False,688.17,688.16,-688.173,0.0,2025-12-12,688.169983,0.0,-0.0052,0.003,0.119,100.0,1,0.0002,0.003,0,,688.165,688.17,market,@PinePilot_EMA_Cross,0.0,0.0,pinepilot: EMA(20) > EMA(50),0.0,681.76001,data/real/prices/yahoo/SPY.json,688.880005,679.169983,688.169983,7353863ce2b1a9438c1be2922e0aef571e3813bf0ff57dbbf11b33c28a864fbc,113160300,0.0,,1,buy,0.0,94.021,0.0,0.0,0.005,filled,,SPY,0.0082
123.02,False,123.02,123.01,-1476.276,0.0,2025-12-12,123.010002,0.0,0.0516,0.036,0.707,100.0,12,0.0084,0.156,0,,123.015,1476.24,market,@FDACatalyst_Rider,0.00015,0.12,fda: 30d approvals=63 median=0,0.0,123.129997,data/real/prices/yahoo/XBI.json,123.610001,121.900002,123.010002,51e3a7268333197c1fd3996d0ccf7e0247fc9f5d8ab22ca19c8137c6dfa5e654,7792700,0.0,,12,buy,0.813,-8.933,0.813,0.813,0.06,filled,,XBI,0.1044
43.17,False,43.16,43.16,4013.5856,0.0,2025-12-12,43.169998,0.0,0.4376,0.279,1.96,100.0,93,0.0272,1.2243,0,,43.165,4013.88,market,@Weather_ColdSnap_Max,0.00054,0.9298,weather: 10 cold anomaly days in 10,0.0,42.830002,data/real/prices/yahoo/XLU.json,43.380001,42.77,43.169998,14b54e4f6f4c8f304dd74a921163ea2ceb3b09c2fca6a585e9368497d2b68e9b,17179800,0.0154,,93,sell,2.316,77.048,2.316,-2.316,0.465,filled,,XLU,0.7866
679.23,False,679.22,679.22,1358.4337,0.0,2025-12-16,679.22998,0.0,0.0094,0.006,0.124,100.0,2,0.0006,0.0263,0,,679.225,1358.44,market,@PinePilot_EMA_Cross,0.0,0.02,pinepilot: EMA(20) > EMA(50),0.0,678.869995,data/real/prices/yahoo/SPY.json,681.080017,674.97998,679.22998,7353863ce2b1a9438c1be2922e0aef571e3813bf0ff57dbbf11b33c28a864fbc,122030600,0.0003,,2,sell,0.147,5.156,0.147,-0.147,0.01,filled,,SPY,0.0169
43.21,False,43.2,43.2,3326.1562,0.0,2025-12-16,43.200001,0.0,-0.4052,0.231,1.951,100.0,77,0.0203,0.2439,0,,43.205,3326.4,market,@Weather_ColdSnap_Max,0.0004,0.0001,weather: 10 cold anomaly days in 10,0.0,43.040001,data/real/prices/yahoo/XLU.json,43.310001,42.779999,43.200001,14b54e4f6f4c8f304dd74a921163ea2ceb3b09c2fca6a585e9368497d2b68e9b,19067900,0.0128,,77,sell,0.0,37.174,0.0,-0.0,0.385,filled,,XLU,0.6491
43.07,False,43.07,43.06,-1852.139,0.0,2025-12-17,43.060001,0.0,0.2065,0.129,1.903,100.0,43,0.0085,0.559,0,,43.065,1852.01,market,@Weather_ColdSnap_Max,0.00022,0.43,weather: 10 cold anomaly days in 10,0.0,42.759998,data/real/prices/yahoo/XLU.json,43.139999,42.540001,43.060001,14b54e4f6f4c8f304dd74a921163ea2ceb3b09c2fca6a585e9368497d2b68e9b,19444600,0.0,,43,buy,2.322,72.498,2.322,2.322,0.215,filled,,XLU,0.3525
121.12,False,121.11,121.11,1574.3888,0.0,2025-12-18,121.110001,0.0,-0.0738,0.039,0.73,100.0,13,0.0088,0.0412,0,,121.115,1574.43,market,@FDACatalyst_Rider,0.00018,0.0,fda: 30d approvals=61 median=0,0.0,120.010002,data/real/prices/yahoo/XBI.json,122.029999,119.589996,121.110001,51e3a7268333197c1fd3996d0ccf7e0247fc9f5d8ab22ca19c8137c6dfa5e654,7083800,0.0022,,13,sell,0.0,91.659,0.0,-0.0,0.065,filled,,XBI,0.115
121.12,False,121.11,121.11,3148.7777,0.0,2025-12-18,121.110001,0.0,-0.155,0.078,0.754,100.0,26,0.025,0.0823,0,,121.115,3148.86,market,@FDA_ClusterFade,0.00037,0.0,fda fade: z=1.54 short sector,0.0,120.010002,data/real/prices/yahoo/XBI.json,122.029999,119.589996,121.110001,51e3a7268333197c1fd3996d0ccf7e0247fc9f5d8ab22ca19c8137c6dfa5e654,7083800,0.0043,,26,sell,0.0,91.659,0.0,-0.0,0.13,filled,,XBI,0.2373
43.03,False,43.03,43.02,-1334.023,0.0,2025-12-18,43.029999,0.0,-0.16,0.093,1.897,100.0,31,0.005,0.093,0,,43.025,1333.93,market,@Weather_ColdSnap_Max,0.00014,0.0,weather: 9 cold anomaly days in 10,0.0,43.18,data/real/prices/yahoo/XLU.json,43.419998,42.970001,43.029999,14b54e4f6f4c8f304dd74a921163ea2ceb3b09c2fca6a585e9368497d2b68e9b,21935800,0.0,,31,buy,0.0,-34.738,0.0,0.0,0.155,filled,,XLU,0.253
43.12,False,43.11,43.11,2888.1579,0.0,2025-12-19,43.119999,0.0,0.3182,0.201,1.952,100.0,67,0.0167,0.8821,0,,43.115,2888.37,market,@Weather_ColdSnap_Max,0.0003,0.6699,weather: 9 cold anomaly days in 10,0.0,42.630001,data/real/prices/yahoo/XLU.json,43.369999,42.599998,43.119999,14b54e4f6f4c8f304dd74a921163ea2ceb3b09c2fca6a585e9368497d2b68e9b,22612000,0.0111,,67,sell,2.319,112.597,2.319,-2.319,0.335,filled,,XLU,0.5638
406.99,False,406.99,406.98,-4476.923,0.0,2025-12-22,406.980011,0.0,0.0474,0.033,0.213,100.0,11,0.0075,0.1429,0,,406.985,4476.89,market,@GOLD_Trend_GLD,8e-05,0.1099,gold: trend up,0.0,408.230011,data/real/prices/yahoo/GLD.json,408.519989,405.720001,406.980011,545093d31c9d8284e3b5dc66f668a6cb7391d9925b5abdf3e82bcaa71e423b40,14202100,0.0,,11,buy,0.245,-30.375,0.245,0.245,0.055,filled,,GLD,0.0955
683.95,False,683.95,683.94,-683.953,0.0,2025-12-22,683.940002,0.0,0.0048,0.003,0.12,100.0,1,0.0002,0.013,0,,683.945,683.95,market,@PinePilot_EMA_Cross,0.0,0.01,pinepilot: EMA(20) > EMA(50),0.0,684.830017,data/real/prices/yahoo/SPY.json,685.359985,680.590027,683.940002,7353863ce2b1a9438c1be2922e0aef571e3813bf0ff57dbbf11b33c28a864fbc,69556700,0.0,,1,buy,0.146,-12.85,0.146,0.146,0.005,filled,,SPY,0.0082
11.76,False,11.75,11.75,1773.7719,0.0,2025-12-22,11.75,0.0,-0.8401,0.453,7.429,100.0,151,0.0851,0.4781,0,,11.755,1774.25,market,@Weather_ColdSnap_Max,0.00061,-0.0,weather: 5 cold anomaly days in 10,0.0,11.85,data/real/prices/yahoo/UNG.json,11.89,11.48,11.75,eb7bcc0769945fb2c40fbcd98753ed7e17e367cf69d2ce2bde9ae60f00a462cc,24677600,0.0251,,151,sell,-0.0,-84.388,-0.0,0.0,0.755,filled,,UNG,1.3181
123.33,False,123.33,123.32,-1849.995,0.0,2025-12-22,123.32,0.0,0.063,0.045,0.714,100.0,15,0.012,0.195,0,,123.325,1849.95,market,@FDACatalyst_Rider,0.00014,0.15,fda: 30d approvals=60 median=0,0.0,125.910004,data/real/prices/yahoo/XBI.json,126.5,122.919998,123.32,51e3a7268333197c1fd3996d0ccf7e0247fc9f5d8ab22ca19c8137c6dfa5e654,10518300,0.0,,15,buy,0.811,-204.909,0.811,0.811,0.075,filled,,XBI,0.132
42.3,False,42.29,42.29,1184.0314,0.0,2025-12-22,42.290001,0.0,-0.1445,0.084,1.969,100.0,28,0.0045,0.0887,0,,42.295,1184.12,market,@Weather_ColdSnap_Max,0.00016,0.0,weather: 5 cold anomaly days in 10,0.0,42.470001,data/real/prices/yahoo/XLU.json,42.529999,42.029999,42.290001,14b54e4f6f4c8f304dd74a921163ea2ceb3b09c2fca6a585e9368497d2b68e9b,17894900,0.0046,,28,sell,0.0,-42.383,0.0,-0.0,0.14,filled,,XLU,0.2332
410.3,False,410.3,410.29,-2051.515,0.0,2025-12-23,410.299988,0.0,-0.0279,0.015,0.209,100.0,5,0.0029,0.0151,0,,410.295,2051.5,market,@GOLD_Trend_GLD,4e-05,0.0001,gold: trend up,0.0,413.640015,data/real/prices/yahoo/GLD.json,413.76001,407.100006,410.299988,545093d31c9d8284e3b5dc66f668a6cb7391d9925b5abdf3e82bcaa71e423b40,13193300,0.0,,5,buy,0.0,-80.747,0.0,0.0,0.025,filled,,GLD,0.0429
125.46,False,125.46,125.45,-3136.575,0.0,2025-12-23,125.459999,0.0,-0.1517,0.075,0.723,100.0,25,0.0267,0.075,0,,125.455,3136.5,market,@FDACatalyst_Rider,0.00037,0.0,fda: 30d approvals=63 median=0,0.0,124.889999,data/real/prices/yahoo/XBI.json,126.360001,124.68,125.459999,51e3a7268333197c1fd3996d0ccf7e0247fc9f5d8ab22ca19c8137c6dfa5e654,6775100,0.0,,25,buy,0.0,45.64,0.0,0.0,0.125,filled,,XBI,0.2267
125.46,False,125.46,125.45,-5645.835,0.0,2025-12-23,125.459999,0.0,-0.2894,0.135,0.752,100.0,45,0.0645,0.135,0,,125.455,5645.7,market,@FDA_ClusterFade,0.00066,0.0,fda fade: z=1.57 short sector,0.0,124.889999,data/real/prices/yahoo/XBI.json,126.360001,124.68,125.459999,51e3a7268333197c1fd3996d0ccf7e0247fc9f5d8ab22ca19c8137c6dfa5e654,6775100,0.0,,45,buy,0.0,45.64,0.0,0.0,0.225,filled,,XBI,0.4245
42.41,False,42.41,42.4,-1993.411,0.0,2025-12-23,42.400002,0.0,0.2251,0.141,1.936,100.0,47,0.0098,0.6109,0,,42.405,1993.27,market,@Weather_ColdSnap_Max,0.00031,0.4699,weather: 4 cold anomaly days in 10,0.0,42.619999,data/real/prices/yahoo/XLU.json,42.75,42.380001,42.400002,14b54e4f6f4c8f304dd74a921163ea2ceb3b09c2fca6a585e9368497d2b68e9b,15097300,0.0,,47,buy,2.358,-49.272,2.358,2.358,0.235,filled,,XLU,0.3858
412.26,False,412.26,412.25,-1236.789,0.0,2025-12-24,412.25,0.0,0.0136,0.009,0.205,100.0,3,0.0014,0.039,0,,412.255,1236.78,market,@GOLD_Trend_GLD,4e-05,0.03,gold: trend up,0.0,411.929993,data/real/prices/yahoo/GLD.json,412.630005,408.829987,412.25,545093d31c9d8284e3b5dc66f668a6cb7391d9925b5abdf3e82bcaa71e423b40,6718400,0.0,,3,buy,0.243,8.011,0.243,0.243,0.015,filled,,GLD,0.0254
12.49,False,12.49,12.48,-1411.709,0.0,2025-12-24,12.48,0.0,0.5003,0.339,6.864,100.0,113,0.0647,1.469,0,,12.485,1411.37,market,@Weather_ColdSnap_Max,0.00109,1.13,weather: 3 cold anomaly days in 10,0.0,12.39,data/real/prices/yahoo/UNG.json,12.65,12.33,12.48,eb7bcc0769945fb2c40fbcd98753ed7e17e367cf69d2ce2bde9ae60f00a462cc,10352500,0.0,,113,buy,8.013,80.71,8.013,8.013,0.565,filled,,UNG,0.9687
42.62,False,42.62,42.61,-1449.182,0.0,2025-12-24,42.610001,0.0,0.1638,0.102,1.919,100.0,34,0.0061,0.442,0,,42.615,1449.08,market,@Weather_ColdSnap_Max,0.00059,0.34,weather: 3 cold anomaly days in 10,0.0,42.810001,data/real/prices/yahoo/XLU.json,42.860001,42.549999,42.610001,14b54e4f6f4c8f304dd74a921163ea2ceb3b09c2fca6a585e9368497d2b68e9b,5761000,0.0,,34,buy,2.347,-44.382,2.347,2.347,0.17,filled,,XLU,0.2781
416.49,False,416.49,416.48,-2498.958,0.0,2025-12-26,416.480011,0.0,0.0261,0.018,0.208,100.0,6,0.0039,0.0779,0,,416.485,2498.94,market,@GOLD_Trend_GLD,6e-05,0.0599,gold: trend up,0.0,416.73999,data/real/prices/yahoo/GLD.json,418.450012,414.75,416.480011,545093d31c9d8284e3b5dc66f668a6cb7391d9925b5abdf3e82bcaa71e423b40,10476200,0.0,,6,buy,0.24,-5.999,0.24,0.24,0.03,filled,,GLD,0.0519
252.59,False,252.59,252.58,-757.779,0.0,2025-12-26,252.580002,0.0,0.0142,0.009,0.327,100.0,3,0.0008,0.039,0,,252.585,757.77,market,@PinePilot_EMA_Cross,2e-05,0.03,pinepilot: EMA(20) > EMA(50),0.0,251.419998,data/real/prices/yahoo/IWM.json,252.75,250.399994,252.580002,e64243e5cb1f476108f0b2a326759daaf5c078330e63d0a97197784a4b2f2ba7,17429900,0.0,,3,buy,0.396,46.536,0.396,0.396,0.015,filled,,IWM,0.0248
42.8,False,42.8,42.79,-1669.317,0.0,2025-12-26,42.790001,0.0,0.1877,0.117,1.913,100.0,39,0.0073,0.507,0,,42.795,1669.2,market,@Weather_ColdSnap_Max,0.00046,0.39,weather: 1 cold anomaly days in 10,0.0,42.779999,data/real/prices/yahoo/XLU.json,42.869999,42.630001,42.790001,14b54e4f6f4c8f304dd74a921163ea2ceb3b09c2fca6a585e9368497d2b68e9b,8436700,0.0,,39,buy,2.337,4.675,2.337,2.337,0.195,filled,,XLU,0.3193
403.67,False,403.66,403.66,7265.823,0.0,2025-12-29,403.660004,0.0,-0.1098,0.054,0.23,100.0,18,0.0199,0.0571,0,,403.665,7265.88,market,@GOLD_Trend_GLD,9e-05,0.0001,gold: trend up,0.0,398.600006,data/real/prices/yahoo/GLD.json,403.76001,395.329987,403.660004,545093d31c9d8284e3b5dc66f668a6cb7391d9925b5abdf3e82bcaa71e423b40,20679200,0.003,,18,sell,0.0,126.944,0.0,-0.0,0.09,filled,,GLD,0.1669
124.03,False,124.02,124.02,1240.1683,0.0,2025-12-29,124.029999,0.0,0.0437,0.03,0.709,100.0,10,0.0062,0.1316,0,,124.025,1240.2,market,@FDACatalyst_Rider,0.00014,0.1,fda: 30d approvals=55 median=0,0.0,123.389999,data/real/prices/yahoo/XBI.json,124.419998,123.089996,124.029999,51e3a7268333197c1fd3996d0ccf7e0247fc9f5d8ab22ca19c8137c6dfa5e654,7372200,0.0017,,10,sell,0.806,51.058,0.806,-0.806,0.05,filled,,XBI,0.0879
13.67,False,13.67,13.66,-1312.608,0.0,2025-12-30,13.67,0.0,-0.5354,0.288,6.274,100.0,96,0.0554,0.288,0,,13.665,1312.32,market,@Weather_ColdSnap_Max,0.00034,0.0,weather: 1 cold anomaly days in 10,0.0,13.12,data/real/prices/yahoo/UNG.json,13.68,13.01,13.67,eb7bcc0769945fb2c40fbcd98753ed7e17e367cf69d2ce2bde9ae60f00a462cc,28028600,0.0,,96,buy,0.0,419.207,0.0,0.0,0.48,filled,,UNG,0.8234
42.89,False,42.89,42.88,-3860.37,0.0,2025-12-30,42.880001,0.0,0.4261,0.27,1.927,100.0,90,0.0238,1.1699,0,,42.885,3860.1,market,@Weather_ColdSnap_Max,0.00097,0.8999,weather: 1 cold anomaly days in 10,0.0,42.959999,data/real/prices/yahoo/XLU.json,43.040001,42.810001,42.880001,14b54e4f6f4c8f304dd74a921163ea2ceb3b09c2fca6a585e9368497d2b68e9b,9255300,0.0,,90,buy,2.332,-16.294,2.332,2.332,0.45,filled,,XLU,0.7438
398.61,False,398.6,398.6,3188.7747,0.0,2025-12-31,398.600006,0.0,-0.05,0.024,0.237,100.0,8,0.0101,0.0254,0,,398.605,3188.8,market,@GOLD_Trend_GLD,8e-05,0.0,gold: trend up,0.0,396.309998,data/real/prices/yahoo/GLD.json,400.130005,395.589996,398.600006,545093d31c9d8284e3b5dc66f668a6cb7391d9925b5abdf3e82bcaa71e423b40,10194700,0.0013,,8,sell,0.0,57.783,0.0,-0.0,0.04,filled,,GLD,0.0754
121.52,False,121.51,121.51,2308.6298,0.0,2025-12-31,121.510002,0.0,-0.1115,0.057,0.744,100.0,19,0.0166,0.0602,0,,121.515,2308.69,market,@FDACatalyst_Rider,0.00026,0.0,fda: 30d approvals=61 median=0,0.0,121.93,data/real/prices/yahoo/XBI.json,122.800003,120.949997,121.510002,51e3a7268333197c1fd3996d0ccf7e0247fc9f5d8ab22ca19c8137c6dfa5e654,7327700,0.0032,,19,sell,0.0,-34.446,0.0,-0.0,0.095,filled,,XBI,0.1717
42.98,False,42.97,42.97,5198.9869,0.0,2025-12-31,42.970001,0.0,-0.6414,0.363,1.971,100.0,121,0.0365,0.3832,0,,42.975,5199.37,market,@Weather_ColdSnap_Max,0.00119,0.0001,weather: 2 cold anomaly days in 10,0.0,42.689999,data/real/prices/yahoo/XLU.json,43.009998,42.68,42.970001,14b54e4f6f4c8f304dd74a921163ea2ceb3b09c2fca6a585e9368497d2b68e9b,10129000,0.0201,,121,sell,0.0,65.589,0.0,-0.0,0.605,filled,,XLU,1.0246
401.62,False,401.62,401.61,-1606.492,0.0,2026-01-02,401.619995,0.0,-0.0236,0.012,0.222,100.0,4,0.0036,0.012,0,,401.615,1606.48,market,@GOLD_Trend_GLD,4e-05,0.0,gold: trend up,0.0,398.279999,data/real/prices/yahoo/GLD.json,401.820007,396.25,401.619995,545093d31c9d8284e3b5dc66f668a6cb7391d9925b5abdf3e82bcaa71e423b40,10372600,0.0,,4,buy,0.0,83.861,0.0,0.0,0.02,filled,,GLD,0.0356
620.06,False,620.05,620.05,3720.2808,0.0,2026-01-02,620.059998,0.0,0.0264,0.018,0.142,100.0,6,0.0036,0.0792,0,,620.055,3720.3,market,@LeapMaxLever_Momentum,1e-05,0.06,the leap: monthly leader QQQ,0.0,613.119995,data/real/prices/yahoo/QQQ.json,622.849976,610.150024,620.059998,e8cfe01a120c538da1320474ba43d37432e8ebb3387eb489dc22eba738ffd85a,61859200,0.0012,,6,sell,0.161,113.029,0.161,-0.161,0.03,filled,,QQQ,0.0528
11.88,False,11.87,11.87,1400.283,0.0,2026-01-02,11.88,0.0,0.5249,0.354,7.369,100.0,118,0.0651,1.557,0,,11.875,1400.66,market,@Weather_ColdSnap_Max,0.00071,1.18,weather: 2 cold anomaly days in 10,0.0,12.06,data/real/prices/yahoo/UNG.json,12.26,11.8,11.88,eb7bcc0769945fb2c40fbcd98753ed7e17e367cf69d2ce2bde9ae60f00a462cc,16673900,0.023,,118,sell,8.418,-157.546,8.418,-8.418,0.59,filled,,UNG,1.0321
42.89,False,42.88,42.88,3387.2676,0.0,2026-01-02,42.889999,0.0,0.3792,0.237,1.958,100.0,79,0.0157,1.0423,0,,42.885,3387.52,market,@Weather_ColdSnap_Max,0.00039,0.7899,weather: 2 cold anomaly days in 10,0.0,43.18,data/real/prices/yahoo/XLU.json,43.389999,42.66,42.889999,14b54e4f6f4c8f304dd74a921163ea2ceb3b09c2fca6a585e9368497d2b68e9b,20495400,0.0154,,79,sell,2.331,-69.477,2.331,-2.331,0.395,filled,,XLU,0.6631
406.4,False,406.4,406.39,-2844.821,0.0,2026-01-05,406.390015,0.0,0.0264,0.021,0.227,100.0,7,0.0085,0.0909,0,,406.395,2844.8,market,@GOLD_Trend_GLD,5e-05,0.0699,gold: trend up,0.0,408.76001,data/real/prices/yahoo/GLD.json,409.720001,406.149994,406.390015,545093d31c9d8284e3b5dc66f668a6cb7391d9925b5abdf3e82bcaa71e423b40,13410600,0.0,,7,buy,0.246,-57.736,0.246,0.246,0.035,filled,,GLD,0.0645
43.19,False,43.18,43.18,3195.0836,0.0,2026-01-05,43.189999,0.0,0.3545,0.222,1.946,100.0,74,0.0154,0.9764,0,,43.185,3195.32,market,@Weather_ColdSnap_Max,0.00027,0.7399,weather: 2 cold anomaly days in 10,0.0,42.700001,data/real/prices/yahoo/XLU.json,43.290001,42.060001,43.189999,14b54e4f6f4c8f304dd74a921163ea2ceb3b09c2fca6a585e9368497d2b68e9b,27884400,0.0144,,74,sell,2.315,112.412,2.315,-2.315,0.37,filled,,XLU,0.6218
410.68,False,410.68,410.67,-2464.098,0.0,2026-01-06,410.670013,0.0,0.0225,0.018,0.225,100.0,6,0.0074,0.0779,0,,410.675,2464.08,market,@GOLD_Trend_GLD,5e-05,0.0599,gold: trend up,0.0,413.179993,data/real/prices/yahoo/GLD.json,413.480011,410.309998,410.670013,545093d31c9d8284e3b5dc66f668a6cb7391d9925b5abdf3e82bcaa71e423b40,11640900,0.0,,6,buy,0.243,-60.506,0.243,0.243,0.03,filled,,GLD,0.0554
119.99,False,119.98,119.98,1439.7217,0.0,2026-01-06,119.989998,0.0,0.0533,0.036,0.729,100.0,12,0.0067,0.1583,0,,119.985,1439.76,market,@FDACatalyst_Rider,0.00014,0.12,fda: 30d approvals=59 median=0,0.0,122.089996,data/real/prices/yahoo/XBI.json,122.190002,119.760002,119.989998,51e3a7268333197c1fd3996d0ccf7e0247fc9f5d8ab22ca19c8137c6dfa5e654,8364800,0.0023,,12,sell,0.833,-172.823,0.833,-0.833,0.06,filled,,XBI,0.105
408.64,False,408.63,408.63,817.2536,0.0,2026-01-07,408.630005,0.0,-0.0114,0.006,0.218,100.0,2,0.0014,0.0064,0,,408.635,817.26,market,@GOLD_Trend_GLD,2e-05,0.0,gold: trend up,0.0,409.230011,data/real/prices/yahoo/GLD.json,410.809998,406.649994,408.630005,545093d31c9d8284e3b5dc66f668a6cb7391d9925b5abdf3e82bcaa71e423b40,10589500,0.0004,,2,sell,0.0,-14.662,0.0,-0.0,0.01,filled,,GLD,0.0178
692.2,False,692.2,692.19,-692.203,0.0,2026-01-07,692.190002,0.0,0.0048,0.003,0.118,100.0,1,0.0002,0.013,0,,692.195,692.2,market,@PinePilot_EMA_Cross,0.0,0.01,pinepilot: EMA(20) > EMA(50),0.0,689.580017,data/real/prices/yahoo/SPY.json,693.960022,689.320007,692.190002,7353863ce2b1a9438c1be2922e0aef571e3813bf0ff57dbbf11b33c28a864fbc,75588300,0.0,,1,buy,0.144,37.994,0.144,0.144,0.005,filled,,SPY,0.0082
122.95,False,122.95,122.94,-2582.013,0.0,2026-01-07,122.949997,0.0,-0.1211,0.063,0.713,100.0,21,0.0161,0.0631,0,,122.945,2581.95,market,@FDACatalyst_Rider,0.00011,0.0001,fda: 30d approvals=63 median=0,0.0,126.43,data/real/prices/yahoo/XBI.json,129.119995,122.75,122.949997,51e3a7268333197c1fd3996d0ccf7e0247fc9f5d8ab22ca19c8137c6dfa5e654,19350100,0.0,,21,buy,0.0,-275.251,0.0,0.0,0.105,filled,,XBI,0.1841
42.96,False,42.96,42.95,-1503.705,0.0,2026-01-07,42.950001,0.0,0.1697,0.105,1.897,100.0,35,0.0053,0.455,0,,42.955,1503.6,market,@Weather_ColdSnap_Max,0.00013,0.35,weather: 2 cold anomaly days in 10,0.0,41.869999,data/real/prices/yahoo/XLU.json,42.970001,41.740002,42.950001,14b54e4f6f4c8f304dd74a921163ea2ceb3b09c2fca6a585e9368497d2b68e9b,27613300,0.0,,35,buy,2.328,260.33,2.328,2.328,0.175,filled,,XLU,0.2853
406.98,False,406.97,406.97,1220.9004,0.0,2026-01-08,406.970001,0.0,-0.0177,0.009,0.223,100.0,3,0.0027,0.0096,0,,406.975,1220.91,market,@GOLD_Trend_GLD,3e-05,0.0,gold: trend up,0.0,411.48999,data/real/prices/yahoo/GLD.json,411.640015,406.399994,406.970001,545093d31c9d8284e3b5dc66f668a6cb7391d9925b5abdf3e82bcaa71e423b40,8705900,0.0006,,3,sell,0.0,-109.844,0.0,-0.0,0.015,filled,,GLD,0.0273
11.49,False,11.48,11.48,1652.6599,0.0,2026-01-08,11.48,0.0,-0.8012,0.432,7.63,100.0,144,0.0812,0.4601,0,,11.485,1653.12,market,@Weather_ColdSnap_Max,0.00056,-0.0,weather: 1 cold anomaly days in 10,0.0,11.27,data/real/prices/yahoo/UNG.json,11.48,11.11,11.48,eb7bcc0769945fb2c40fbcd98753ed7e17e367cf69d2ce2bde9ae60f00a462cc,25829900,0.0281,,144,sell,-0.0,186.335,-0.0,0.0,0.72,filled,,UNG,1.2613
124.88,False,124.88,124.87,-1748.362,0.0,2026-01-08,124.870003,0.0,0.0595,0.042,0.701,100.0,14,0.0105,0.182,0,,124.875,1748.32,market,@FDACatalyst_Rider,9e-05,0.14,fda: 30d approvals=61 median=0,0.0,123.709999,data/real/prices/yahoo/XBI.json,125.480003,122.360001,124.870003,51e3a7268333197c1fd3996d0ccf7e0247fc9f5d8ab22ca19c8137c6dfa5e654,14907800,0.0,,14,buy,0.801,94.576,0.801,0.801,0.07,filled,,XBI,0.1225
413.23,False,413.23,413.22,-3305.864,0.0,2026-01-09,413.220001,0.0,0.0281,0.024,0.23,100.0,8,0.0119,0.104,0,,413.225,3305.84,market,@GOLD_Trend_GLD,6e-05,0.08,gold: trend up,0.0,414.470001,data/real/prices/yahoo/GLD.json,415.290009,411.799988,413.220001,545093d31c9d8284e3b5dc66f668a6cb7391d9925b5abdf3e82bcaa71e423b40,14011200,0.0,,8,buy,0.242,-29.918,0.242,0.242,0.04,filled,,GLD,0.0759
621.41,False,621.41,621.4,-621.413,0.0,2026-01-09,621.409973,0.0,-0.0052,0.003,0.133,100.0,1,0.0003,0.003,0,,621.405,621.41,market,@PinePilot_EMA_Cross,0.0,0.0,pinepilot: EMA(20) > EMA(50),0.0,626.650024,data/real/prices/yahoo/QQQ.json,627.890015,619.059998,621.409973,e8cfe01a120c538da1320474ba43d37432e8ebb3387eb489dc22eba738ffd85a,49688700,0.0,,1,buy,0.0,-83.62,0.0,0.0,0.005,filled,,QQQ,0.0083
42.52,False,42.51,42.51,2040.3266,0.0,2026-01-09,42.52,0.0,0.2304,0.144,1.975,100.0,48,0.0096,0.6334,0,,42.515,2040.48,market,@Weather_ColdSnap_Max,0.00022,0.48,weather: 1 cold anomaly days in 10,0.0,42.509998,data/real/prices/yahoo/XLU.json,42.889999,42.490002,42.52,14b54e4f6f4c8f304dd74a921163ea2ceb3b09c2fca6a585e9368497d2b68e9b,21518300,0.0094,,48,sell,2.352,0.0,2.352,-2.352,0.24,filled,,XLU,0.403
421.52,False,421.52,421.51,-5058.276,0.0,2026-01-12,421.519989,0.0,-0.0825,0.036,0.235,100.0,12,0.0226,0.0361,0,,421.515,5058.24,market,@GOLD_Trend_GLD,6e-05,0.0001,gold: trend up,0.0,422.230011,data/real/prices/yahoo/GLD.json,425.73999,421.519989,421.519989,545093d31c9d8284e3b5dc66f668a6cb7391d9925b5abdf3e82bcaa71e423b40,20904100,0.0,,12,buy,0.0,-16.816,0.0,0.0,0.06,filled,,GLD,0.1186
42.39,False,42.38,42.38,1695.0722,0.0,2026-01-12,42.380001,0.0,-0.2077,0.12,1.979,100.0,40,0.0077,0.1278,0,,42.385,1695.2,market,@Weather_ColdSnap_Max,0.00024,0.0,weather: 1 cold anomaly days in 10,0.0,42.580002,data/real/prices/yahoo/XLU.json,42.709999,42.299999,42.380001,14b54e4f6f4c8f304dd74a921163ea2ceb3b09c2fca6a585e9368497d2b68e9b,16810600,0.0078,,40,sell,0.0,-46.971,0.0,-0.0,0.2,filled,,XLU,0.3355
424.59,False,424.59,424.58,-1698.372,0.0,2026-01-13,424.589996,0.0,-0.0245,0.012,0.215,100.0,4,0.0045,0.012,0,,424.585,1698.36,market,@GOLD_Trend_GLD,2e-05,0.0,gold: trend up,0.0,421.630005,data/real/prices/yahoo/GLD.json,426.119995,420.070007,424.589996,545093d31c9d8284e3b5dc66f668a6cb7391d9925b5abdf3e82bcaa71e423b40,16681200,0.0,,4,buy,0.0,70.204,0.0,0.0,0.02,filled,,GLD,0.0365
627.28,False,627.28,627.27,-627.283,0.0,2026-01-13,627.27002,0.0,0.0047,0.003,0.132,100.0,1,0.0003,0.013,0,,627.275,627.28,market,@PinePilot_EMA_Cross,0.0,0.01,pinepilot: EMA(20) > EMA(50),0.0,626.23999,data/real/prices/yahoo/QQQ.json,629.469971,623.700012,627.27002,e8cfe01a120c538da1320474ba43d37432e8ebb3387eb489dc22eba738ffd85a,44481400,0.0,,1,buy,0.159,16.607,0.159,0.159,0.005,filled,,QQQ,0.0083
695.49,False,695.49,695.48,-1390.986,0.0,2026-01-13,695.48999,0.0,-0.0104,0.006,0.118,100.0,2,0.0004,0.006,0,,695.485,1390.98,market,@PinePilot_EMA_Cross,0.0,0.0,pinepilot: EMA(20) > EMA(50),0.0,693.77002,data/real/prices/yahoo/SPY.json,696.090027,691.349976,695.48999,7353863ce2b1a9438c1be2922e0aef571e3813bf0ff57dbbf11b33c28a864fbc,78309700,0.0,,2,buy,0.0,24.792,0.0,0.0,0.01,filled,,SPY,0.0164
123.37,False,123.36,123.36,1233.5681,0.0,2026-01-13,123.360001,0.0,-0.0563,0.03,0.716,100.0,10,0.0064,0.032,0,,123.365,1233.6,market,@FDACatalyst_Rider,0.00012,0.0,fda: 30d approvals=54 median=0,0.0,123.849998,data/real/prices/yahoo/XBI.json,124.290001,121.870003,123.360001,51e3a7268333197c1fd3996d0ccf7e0247fc9f5d8ab22ca19c8137c6dfa5e654,8421700,0.0019,,10,sell,0.0,-39.564,0.0,-0.0,0.05,filled,,XBI,0.0883
42.62,False,42.62,42.61,-2003.281,0.0,2026-01-13,42.619999,0.0,-0.2448,0.141,1.926,100.0,47,0.0099,0.141,0,,42.615,2003.14,market,@Weather_ColdSnap_Max,0.00021,0.0,weather: 1 cold anomaly days in 10,0.0,42.849998,data/real/prices/yahoo/XLU.json,42.959999,42.419998,42.619999,14b54e4f6f4c8f304dd74a921163ea2ceb3b09c2fca6a585e9368497d2b68e9b,22207400,0.0,,47,buy,0.0,-53.675,0.0,0.0,0.235,filled,,XLU,0.3859
426.03,False,426.03,426.02,-852.066,0.0,2026-01-14,426.029999,0.0,-0.0116,0.006,0.207,100.0,2,0.0016,0.006,0,,426.025,852.06,market,@GOLD_Trend_GLD,1e-05,0.0,gold: trend up,0.0,425.940002,data/real/prices/yahoo/GLD.json,426.859985,422.839996,426.029999,545093d31c9d8284e3b5dc66f668a6cb7391d9925b5abdf3e82bcaa71e423b40,18305500,0.0,,2,buy,0.0,2.113,0.0,0.0,0.01,filled,,GLD,0.0176
42.82,False,42.81,42.81,2696.8287,0.0,2026-01-14,42.810001,0.0,-0.3303,0.189,1.971,100.0,63,0.0153,0.2013,0,,42.815,2697.03,market,@Weather_ColdSnap_Max,0.00029,0.0001,weather: 1 cold anomaly days in 10,0.0,43.169998,data/real/prices/yahoo/XLU.json,43.32,42.77,42.810001,14b54e4f6f4c8f304dd74a921163ea2ceb3b09c2fca6a585e9368497d2b68e9b,21403100,0.0123,,63,sell,0.0,-83.391,0.0,-0.0,0.315,filled,,XLU,0.5316
423.02,False,423.01,423.01,1269.0204,0.0,2026-01-15,423.019989,0.0,0.012,0.009,0.217,100.0,3,0.0029,0.0396,0,,423.015,1269.03,market,@GOLD_Trend_GLD,2e-05,0.03,gold: trend up,0.0,423.329987,data/real/prices/yahoo/GLD.json,425.059998,422.790009,423.019989,545093d31c9d8284e3b5dc66f668a6cb7391d9925b5abdf3e82bcaa71e423b40,14253200,0.0006,,3,sell,0.236,-7.559,0.236,-0.236,0.015,filled,,GLD,0.0275
126.51,False,126.51,126.5,-2783.286,0.0,2026-01-15,126.5,0.0,0.0876,0.066,0.713,100.0,22,0.0224,0.286,0,,126.505,2783.22,market,@FDACatalyst_Rider,0.00021,0.22,fda: 30d approvals=59 median=0,0.0,124.349998,data/real/prices/yahoo/XBI.json,127.220001,124.18,126.5,51e3a7268333197c1fd3996d0ccf7e0247fc9f5d8ab22ca19c8137c6dfa5e654,10400500,0.0,,22,buy,0.791,173.703,0.791,0.791,0.11,filled,,XBI,0.1984
43.32,False,43.31,43.31,1948.8062,0.0,2026-01-15,43.32,0.0,0.2156,0.135,1.941,100.0,45,0.0094,0.5938,0,,43.315,1948.95,market,@Weather_ColdSnap_Max,0.00021,0.45,weather: 1 cold anomaly days in 10,0.0,43.610001,data/real/prices/yahoo/XLU.json,43.82,43.32,43.32,14b54e4f6f4c8f304dd74a921163ea2ceb3b09c2fca6a585e9368497d2b68e9b,21762700,0.0088,,45,sell,2.308,-68.792,2.308,-2.308,0.225,filled,,XLU,0.3782
124.6,False,124.59,124.59,1744.2153,0.0,2026-01-16,124.599998,0.0,0.0583,0.042,0.725,100.0,14,0.0117,0.1847,0,,124.595,1744.26,market,@FDACatalyst_Rider,0.00014,0.14,fda: 30d approvals=56 median=0,0.0,124.18,data/real/prices/yahoo/XBI.json,125.68,123.639999,124.599998,51e3a7268333197c1fd3996d0ccf7e0247fc9f5d8ab22ca19c8137c6dfa5e654,9758200,0.0027,,14,sell,0.802,33.017,0.802,-0.802,0.07,filled,,XBI,0.1264
436.7,False,436.7,436.69,-7860.654,0.0,2026-01-20,436.690002,0.0,0.0441,0.054,0.241,100.0,18,0.0458,0.234,0,,436.695,7860.6,market,@GOLD_Trend_GLD,8e-05,0.18,gold: trend up,0.0,437.230011,data/real/prices/yahoo/GLD.json,438.140015,434.100006,436.690002,545093d31c9d8284e3b5dc66f668a6cb7391d9925b5abdf3e82bcaa71e423b40,21308100,0.0,,18,buy,0.229,-12.122,0.229,0.229,0.09,filled,,GLD,0.1898
261.15,False,261.14,261.14,2089.0944,0.0,2026-01-20,261.140015,0.0,-0.0425,0.024,0.327,100.0,8,0.0027,0.0257,0,,261.145,2089.12,market,@PinePilot_EMA_Cross,2e-05,0.0001,pinepilot: EMA(20) > EMA(50),0.0,262.579987,data/real/prices/yahoo/IWM.json,265.079987,261.059998,261.140015,e64243e5cb1f476108f0b2a326759daaf5c078330e63d0a97197784a4b2f2ba7,47911500,0.0016,,8,sell,0.001,-54.84,0.001,-0.001,0.04,filled,,IWM,0.0682
12.33,False,12.32,12.32,95750.8421,0.0,2026-01-20,12.32,0.0,-74.6893,23.322,10.392,100.0,7774,35.8193,24.8379,0,,12.325,95775.68,market,@Weather_ColdSnap_Max,0.01543,-0.0,weather: no cold anomaly in the window,0.0,12.37,data/real/prices/yahoo/UNG.json,12.54,11.97,12.32,eb7bcc0769945fb2c40fbcd98753ed7e17e367cf69d2ce2bde9ae60f00a462cc,50395600,1.5159,,7774,sell,-0.0,-40.42,-0.0,0.0,38.87,filled,,UNG,99.5272
122.42,False,122.41,122.41,1958.5089,0.0,2026-01-20,122.419998,0.0,0.0659,0.048,0.741,100.0,16,0.014,0.2111,0,,122.415,1958.56,market,@FDACatalyst_Rider,0.00015,0.16,fda: 30d approvals=43 median=0,0.0,125.290001,data/real/prices/yahoo/XBI.json,125.410004,121.269997,122.419998,51e3a7268333197c1fd3996d0ccf7e0247fc9f5d8ab22ca19c8137c6dfa5e654,10780000,0.0031,,16,sell,0.817,-229.867,0.817,-0.817,0.08,filled,,XBI,0.1452
43.12,False,43.11,43.11,43494.7662,0.0,2026-01-20,43.119999,0.0,4.0377,3.027,2.132,100.0,1009,1.0063,13.3127,0,,43.115,43497.99,market,@Weather_ColdSnap_Max,0.00399,10.089,weather: no cold anomaly in the window,0.0,42.959999,data/real/prices/yahoo/XLU.json,43.360001,42.830002,43.119999,14b54e4f6f4c8f304dd74a921163ea2ceb3b09c2fca6a585e9368497d2b68e9b,25300900,0.1968,,1009,sell,2.319,34.916,2.319,-2.319,5.045,filled,,XLU,9.275
446.87,False,446.87,446.86,-6256.222,0.0,2026-01-21,446.869995,0.0,-0.107,0.042,0.238,100.0,14,0.0371,0.0421,0,,446.865,6256.18,market,@GOLD_Trend_GLD,4e-05,0.0001,gold: trend up,0.0,443.600006,data/real/prices/yahoo/GLD.json,448.0,437.109985,446.869995,545093d31c9d8284e3b5dc66f668a6cb7391d9925b5abdf3e82bcaa71e423b40,38830200,0.0,,14,buy,0.0,73.715,0.0,0.0,0.07,filled,,GLD,0.1491
125.23,False,125.23,125.22,-2379.427,0.0,2026-01-21,125.220001,0.0,0.0765,0.057,0.716,100.0,19,0.0185,0.247,0,,125.225,2379.37,market,@FDACatalyst_Rider,0.00023,0.19,fda: 30d approvals=49 median=0,0.0,128.179993,data/real/prices/yahoo/XBI.json,128.289993,124.889999,125.220001,51e3a7268333197c1fd3996d0ccf7e0247fc9f5d8ab22ca19c8137c6dfa5e654,8406000,0.0,,19,buy,0.799,-230.145,0.799,0.799,0.095,filled,,XBI,0.1705
443.84,False,443.83,443.83,1331.4804,0.0,2026-01-22,443.839996,0.0,0.0113,0.009,0.212,100.0,3,0.0037,0.0396,0,,443.835,1331.49,market,@GOLD_Trend_GLD,2e-05,0.03,gold: trend up,0.0,451.790009,data/real/prices/yahoo/GLD.json,452.980011,443.559998,443.839996,545093d31c9d8284e3b5dc66f668a6cb7391d9925b5abdf3e82bcaa71e423b40,19251200,0.0006,,3,sell,0.225,-176.188,0.225,-0.225,0.015,filled,,GLD,0.0282
622.35,False,622.35,622.34,-1244.706,0.0,2026-01-22,622.349976,0.0,-0.0106,0.006,0.134,100.0,2,0.0007,0.006,0,,622.345,1244.7,market,@PinePilot_EMA_Cross,0.0,0.0,pinepilot: EMA(20) > EMA(50),0.0,620.76001,data/real/prices/yahoo/QQQ.json,622.460022,617.780029,622.349976,e8cfe01a120c538da1320474ba43d37432e8ebb3387eb489dc22eba738ffd85a,42254800,0.0,,2,buy,0.0,25.614,0.0,0.0,0.01,filled,,QQQ,0.0167
689.85,False,689.85,689.84,-689.853,0.0,2026-01-22,689.849976,0.0,-0.0052,0.003,0.119,100.0,1,0.0002,0.003,0,,689.845,689.85,market,@PinePilot_EMA_Cross,0.0,0.0,pinepilot: EMA(20) > EMA(50),0.0,688.97998,data/real/prices/yahoo/SPY.json,691.130005,686.919983,689.849976,7353863ce2b1a9438c1be2922e0aef571e3813bf0ff57dbbf11b33c28a864fbc,77112200,0.0,,1,buy,0.0,12.628,0.0,0.0,0.005,filled,,SPY,0.0082
128.28,False,128.28,128.27,-2822.226,0.0,2026-01-22,128.279999,0.0,-0.1343,0.066,0.71,100.0,22,0.0243,0.066,0,,128.275,2822.16,market,@FDACatalyst_Rider,0.00023,0.0,fda: 30d approvals=53 median=0,0.0,131.570007,data/real/prices/yahoo/XBI.json,132.089996,128.190002,128.279999,51e3a7268333197c1fd3996d0ccf7e0247fc9f5d8ab22ca19c8137c6dfa5e654,9726200,0.0,,22,buy,0.0,-250.058,0.0,0.0,0.11,filled,,XBI,0.2003
454.11,False,454.11,454.1,-5903.469,0.0,2026-01-23,454.109985,0.0,-0.0998,0.039,0.235,100.0,13,0.035,0.0392,0,,454.105,5903.43,market,@GOLD_Trend_GLD,6e-05,0.0002,gold: trend up,0.0,458.0,data/real/prices/yahoo/GLD.json,458.75,453.450012,454.109985,545093d31c9d8284e3b5dc66f668a6cb7391d9925b5abdf3e82bcaa71e423b40,21531900,0.0,,13,buy,0.0,-84.934,0.0,0.0,0.065,filled,,GLD,0.139
130.93,False,130.93,130.92,-2487.727,0.0,2026-01-23,130.929993,0.0,-0.1146,0.057,0.69,100.0,19,0.0197,0.0571,0,,130.925,2487.67,market,@FDACatalyst_Rider,0.00017,0.0001,fda: 30d approvals=51 median=0,0.0,128.039993,data/real/prices/yahoo/XBI.json,131.669998,127.860001,130.929993,51e3a7268333197c1fd3996d0ccf7e0247fc9f5d8ab22ca19c8137c6dfa5e654,11376600,0.0,,19,buy,0.001,225.711,0.001,0.001,0.095,filled,,XBI,0.1717
466.78,False,466.78,466.77,-8402.094,0.0,2026-01-26,466.779999,0.0,-0.1476,0.054,0.24,100.0,18,0.0576,0.054,0,,466.775,8402.04,market,@GOLD_Trend_GLD,5e-05,0.0,gold: trend up,0.0,464.700012,data/real/prices/yahoo/GLD.json,469.279999,460.359985,466.779999,545093d31c9d8284e3b5dc66f668a6cb7391d9925b5abdf3e82bcaa71e423b40,34156000,0.0,,18,buy,0.0,44.76,0.0,0.0,0.09,filled,,GLD,0.2016
126.81,False,126.8,126.8,3677.1073,0.0,2026-01-26,126.809998,0.0,0.1073,0.087,0.749,100.0,29,0.0376,0.3826,0,,126.805,3677.2,market,@FDACatalyst_Rider,0.00043,0.2899,fda: 30d approvals=52 median=0,0.0,127.860001,data/real/prices/yahoo/XBI.json,128.490005,125.910004,126.809998,51e3a7268333197c1fd3996d0ccf7e0247fc9f5d8ab22ca19c8137c6dfa5e654,6799300,0.0057,,29,sell,0.788,-82.903,0.788,-0.788,0.145,filled,,XBI,0.2753
264.05,False,264.05,264.04,-1584.318,0.0,2026-01-27,264.049988,0.0,-0.0321,0.018,0.316,100.0,6,0.0021,0.0181,0,,264.045,1584.3,market,@PinePilot_EMA_Cross,2e-05,0.0001,pinepilot: EMA(20) > EMA(50),0.0,264.730011,data/real/prices/yahoo/IWM.json,264.859985,262.660004,264.049988,e64243e5cb1f476108f0b2a326759daaf5c078330e63d0a97197784a4b2f2ba7,26975500,0.0,,6,buy,0.0,-25.687,0.0,0.0,0.03,filled,,IWM,0.0501
483.4,False,483.4,483.39,-11118.269,0.0,2026-01-28,483.390015,0.0,0.0284,0.069,0.243,100.0,23,0.0863,0.2987,0,,483.395,11118.2,market,@GOLD_Trend_GLD,5e-05,0.2297,gold: trend up,0.0,494.559998,data/real/prices/yahoo/GLD.json,495.880005,481.25,483.390015,545093d31c9d8284e3b5dc66f668a6cb7391d9925b5abdf3e82bcaa71e423b40,44154600,0.0,,23,buy,0.207,-225.655,0.207,0.207,0.115,filled,,GLD,0.2703
128.62,False,128.62,128.61,-1543.476,0.0,2026-01-28,128.610001,0.0,0.05,0.036,0.687,100.0,12,0.01,0.156,0,,128.615,1543.44,market,@FDACatalyst_Rider,0.00014,0.12,fda: 30d approvals=66 median=0,0.0,125.940002,data/real/prices/yahoo/XBI.json,128.710007,125.800003,128.610001,51e3a7268333197c1fd3996d0ccf7e0247fc9f5d8ab22ca19c8137c6dfa5e654,8477500,0.0,,12,buy,0.777,212.8,0.777,0.777,0.06,filled,,XBI,0.106
509.52,False,509.53,509.51,-17833.655,0.0,2026-01-29,509.51001,0.0,0.342,0.105,0.259,100.0,35,0.1826,0.8046,0,,509.515,17833.55,market,@GOLD_Trend_GLD,5e-05,0.6996,gold: trend up,0.0,495.899994,data/real/prices/yahoo/GLD.json,509.700012,468.51001,509.51001,545093d31c9d8284e3b5dc66f668a6cb7391d9925b5abdf3e82bcaa71e423b40,69970900,0.0,,35,buy,0.392,274.854,0.392,0.392,0.175,filled,,GLD,0.4626
125.94,False,125.93,125.93,2392.6093,0.0,2026-01-29,125.93,0.0,-0.1151,0.057,0.735,100.0,19,0.0201,0.0607,0,,125.935,2392.67,market,@FDACatalyst_Rider,0.00031,-0.0,fda: 30d approvals=64 median=0,0.0,126.739998,data/real/prices/yahoo/XBI.json,127.349998,125.410004,125.93,51e3a7268333197c1fd3996d0ccf7e0247fc9f5d8ab22ca19c8137c6dfa5e654,6083400,0.0037,,19,sell,-0.0,-63.91,-0.0,0.0,0.095,filled,,XBI,0.1758
466.26,False,466.25,466.25,30772.2891,0.0,2026-01-30,466.25,0.0,-0.649,0.198,0.279,100.0,66,0.319,0.2109,0,,466.255,30772.5,market,@GOLD_Trend_GLD,8e-05,-0.0,gold: trend up,0.0,444.950012,data/real/prices/yahoo/GLD.json,470.059998,430.799988,466.25,545093d31c9d8284e3b5dc66f668a6cb7391d9925b5abdf3e82bcaa71e423b40,86593500,0.0129,,66,sell,-0.0,478.705,-0.0,0.0,0.33,filled,,GLD,0.8598
625.72,False,625.71,625.71,625.7068,0.0,2026-01-30,625.710022,0.0,-0.0052,0.003,0.135,100.0,1,0.0002,0.0032,0,,625.715,625.71,market,@PinePilot_EMA_Cross,0.0,0.0,pinepilot: EMA(20) > EMA(50),0.0,621.869995,data/real/prices/yahoo/QQQ.json,628.26001,619.299988,625.710022,e8cfe01a120c538da1320474ba43d37432e8ebb3387eb489dc22eba738ffd85a,65650700,0.0002,,1,sell,0.0,61.749,0.0,-0.0,0.005,filled,,QQQ,0.0084
434.02,False,433.99,434.0,20831.3666,0.0,2026-02-02,434.01001,0.0,0.113,0.144,0.48,100.0,48,0.3675,1.1138,0,,434.01,20831.52,market,@GOLD_Trend_GLD,0.00012,0.9605,gold: trend up,0.0,427.130005,data/real/prices/yahoo/GLD.json,440.779999,422.549988,434.01001,545093d31c9d8284e3b5dc66f668a6cb7391d9925b5abdf3e82bcaa71e423b40,41626200,0.0094,,48,sell,0.461,160.607,0.461,-0.461,0.48,filled,,GLD,1.0008
689.59,False,689.58,689.58,1379.1536,0.0,2026-02-02,689.580017,0.0,-0.0105,0.006,0.123,100.0,2,0.0005,0.0064,0,,689.585,1379.16,market,@PinePilot_EMA_Cross,0.0,0.0,pinepilot: EMA(20) > EMA(50),0.0,695.409973,data/real/prices/yahoo/SPY.json,696.929993,689.419983,689.580017,7353863ce2b1a9438c1be2922e0aef571e3813bf0ff57dbbf11b33c28a864fbc,79286500,0.0004,,2,sell,0.0,-83.835,0.0,-0.0,0.01,filled,,SPY,0.0169
124.06,False,124.05,124.05,1736.6553,0.0,2026-02-02,124.050003,0.0,-0.0824,0.042,0.732,100.0,14,0.0124,0.0448,0,,124.055,1736.7,market,@FDACatalyst_Rider,0.00024,0.0,fda: 30d approvals=62 median=0,0.0,127.349998,data/real/prices/yahoo/XBI.json,127.550003,124.029999,124.050003,51e3a7268333197c1fd3996d0ccf7e0247fc9f5d8ab22ca19c8137c6dfa5e654,5748400,0.0027,,14,sell,0.0,-259.128,0.0,-0.0,0.07,filled,,XBI,0.1272
452.64,False,452.65,452.62,-10863.672,0.0,2026-02-03,452.630005,0.0,0.0985,0.072,0.417,100.0,24,0.1414,0.5519,0,,452.63,10863.6,market,@GOLD_Trend_GLD,8e-05,0.4799,gold: trend up,0.0,454.290009,data/real/prices/yahoo/GLD.json,459.0,448.309998,452.630005,545093d31c9d8284e3b5dc66f668a6cb7391d9925b5abdf3e82bcaa71e423b40,28703500,0.0,,24,buy,0.442,-36.1,0.442,0.442,0.24,filled,,GLD,0.4534
127.3,False,127.3,127.29,-2800.666,0.0,2026-02-03,127.290001,0.0,0.084,0.066,0.721,100.0,22,0.026,0.286,0,,127.295,2800.6,market,@FDACatalyst_Rider,0.00025,0.22,fda: 30d approvals=67 median=0,0.0,127.650002,data/real/prices/yahoo/XBI.json,129.699997,125.980003,127.290001,51e3a7268333197c1fd3996d0ccf7e0247fc9f5d8ab22ca19c8137c6dfa5e654,8920200,0.0,,22,buy,0.786,-27.419,0.786,0.786,0.11,filled,,XBI,0.202
462.48,False,462.48,462.46,-6012.279,0.0,2026-02-04,462.470001,0.0,-0.0623,0.039,0.385,100.0,13,0.0623,0.169,0,,462.47,6012.24,market,@GOLD_Trend_GLD,5e-05,0.13,gold: trend up,0.0,453.970001,data/real/prices/yahoo/GLD.json,463.100006,445.709991,462.470001,545093d31c9d8284e3b5dc66f668a6cb7391d9925b5abdf3e82bcaa71e423b40,24427900,0.0,,13,buy,0.216,187.457,0.216,0.216,0.13,filled,,GLD,0.2313
264.17,False,264.16,264.16,1056.6272,0.0,2026-02-04,264.160004,0.0,-0.0211,0.012,0.321,100.0,4,0.0012,0.0128,0,,264.165,1056.64,market,@PinePilot_EMA_Cross,1e-05,0.0,pinepilot: EMA(20) > EMA(50),0.0,260.519989,data/real/prices/yahoo/IWM.json,264.649994,257.140015,264.160004,e64243e5cb1f476108f0b2a326759daaf5c078330e63d0a97197784a4b2f2ba7,48826500,0.0008,,4,sell,0.0,139.721,0.0,-0.0,0.02,filled,,IWM,0.0339
444.3,False,444.27,444.28,11106.6701,0.0,2026-02-05,444.290009,0.0,0.0933,0.075,0.438,100.0,25,0.1569,0.5801,0,,444.29,11106.75,market,@GOLD_Trend_GLD,0.00014,0.5002,gold: trend up,0.0,441.880005,data/real/prices/yahoo/GLD.json,450.899994,440.350006,444.290009,545093d31c9d8284e3b5dc66f668a6cb7391d9925b5abdf3e82bcaa71e423b40,17718100,0.0049,,25,sell,0.45,54.087,0.45,-0.45,0.25,filled,,GLD,0.4868
680.95,False,680.94,680.94,680.9368,0.0,2026-02-05,680.940002,0.0,-0.0052,0.003,0.123,100.0,1,0.0002,0.0032,0,,680.945,680.94,market,@PinePilot_EMA_Cross,0.0,0.0,pinepilot: EMA(20) > EMA(50),0.0,677.619995,data/real/prices/yahoo/SPY.json,683.690002,675.789978,680.940002,7353863ce2b1a9438c1be2922e0aef571e3813bf0ff57dbbf11b33c28a864fbc,113610800,0.0002,,1,sell,0.0,48.995,0.0,-0.0,0.005,filled,,SPY,0.0084
124.24,False,124.23,124.23,2732.9897,0.0,2026-02-05,124.230003,0.0,-0.1359,0.066,0.755,100.0,22,0.0259,0.0704,0,,124.235,2733.06,market,@FDACatalyst_Rider,0.00015,0.0001,fda: 30d approvals=70 median=0,0.0,120.720001,data/real/prices/yahoo/XBI.json,126.620003,120.279999,124.230003,51e3a7268333197c1fd3996d0ccf7e0247fc9f5d8ab22ca19c8137c6dfa5e654,14456700,0.0043,,22,sell,0.0,290.755,0.0,-0.0,0.11,filled,,XBI,0.2062
450.74,False,450.74,450.72,-3605.944,0.0,2026-02-06,450.730011,0.0,-0.0295,0.024,0.37,100.0,8,0.0294,0.1039,0,,450.73,3605.92,market,@GOLD_Trend_GLD,6e-05,0.0799,gold: trend up,0.0,455.459991,data/real/prices/yahoo/GLD.json,456.929993,450.029999,450.730011,545093d31c9d8284e3b5dc66f668a6cb7391d9925b5abdf3e82bcaa71e423b40,12663900,0.0,,8,buy,0.222,-103.631,0.222,0.222,0.08,filled,,GLD,0.1334
259.74,False,259.73,259.73,1038.9072,0.0,2026-02-06,259.73999,0.0,0.0188,0.012,0.327,100.0,4,0.0012,0.0527,0,,259.735,1038.92,market,@PinePilot_EMA_Cross,1e-05,0.04,pinepilot: EMA(20) > EMA(50),0.0,265.019989,data/real/prices/yahoo/IWM.json,265.720001,259.579987,259.73999,e64243e5cb1f476108f0b2a326759daaf5c078330e63d0a97197784a4b2f2ba7,43354900,0.0008,,4,sell,0.385,-199.607,0.385,-0.385,0.02,filled,,IWM,0.0339
122.85,False,122.84,122.84,1228.3681,0.0,2026-02-06,122.849998,0.0,0.0414,0.03,0.737,100.0,10,0.0085,0.1319,0,,122.845,1228.4,market,@FDACatalyst_Rider,0.0001,0.1,fda: 30d approvals=73 median=0,0.0,125.510002,data/real/prices/yahoo/XBI.json,125.870003,122.790001,122.849998,51e3a7268333197c1fd3996d0ccf7e0247fc9f5d8ab22ca19c8137c6dfa5e654,9603100,0.0019,,10,sell,0.814,-212.732,0.814,-0.814,0.05,filled,,XBI,0.0905
122.85,False,122.84,122.84,2948.0833,0.0,2026-02-06,122.849998,0.0,0.0882,0.072,0.775,100.0,24,0.0317,0.3166,0,,122.845,2948.16,market,@FDA_ClusterFade,0.00025,0.24,fda fade: z=1.55 short sector,0.0,125.510002,data/real/prices/yahoo/XBI.json,125.870003,122.790001,122.849998,51e3a7268333197c1fd3996d0ccf7e0247fc9f5d8ab22ca19c8137c6dfa5e654,9603100,0.0047,,24,sell,0.814,-212.732,0.814,-0.814,0.12,filled,,XBI,0.2284
461.4,False,461.41,461.38,-6921.195,0.0,2026-02-09,461.390015,0.0,0.0719,0.045,0.394,100.0,15,0.0779,0.3448,0,,461.39,6921.15,market,@GOLD_Trend_GLD,0.00012,0.2998,gold: trend up,0.0,467.029999,data/real/prices/yahoo/GLD.json,467.559998,460.850006,461.390015,545093d31c9d8284e3b5dc66f668a6cb7391d9925b5abdf3e82bcaa71e423b40,12330900,0.0,,15,buy,0.433,-120.335,0.433,0.433,0.15,filled,,GLD,0.2729
125.2,False,125.2,125.19,-2003.248,0.0,2026-02-09,125.199997,0.0,-0.0979,0.048,0.729,100.0,16,0.0179,0.048,0,,125.195,2003.2,market,@FDACatalyst_Rider,0.0003,0.0,fda: 30d approvals=66 median=0,0.0,126.110001,data/real/prices/yahoo/XBI.json,126.339996,123.830002,125.199997,51e3a7268333197c1fd3996d0ccf7e0247fc9f5d8ab22ca19c8137c6dfa5e654,5285300,0.0,,16,buy,0.0,-72.159,0.0,0.0,0.08,filled,,XBI,0.1459
465.97,False,465.97,465.95,-2795.838,0.0,2026-02-10,465.959991,0.0,-0.02,0.018,0.351,100.0,6,0.02,0.0781,0,,465.96,2795.82,market,@GOLD_Trend_GLD,8e-05,0.0601,gold: trend up,0.0,462.399994,data/real/prices/yahoo/GLD.json,466.75,459.519989,465.959991,545093d31c9d8284e3b5dc66f668a6cb7391d9925b5abdf3e82bcaa71e423b40,7861600,0.0,,6,buy,0.215,77.206,0.215,0.215,0.06,filled,,GLD,0.098
694.96,False,694.96,694.95,-694.963,0.0,2026-02-10,694.950012,0.0,0.0048,0.003,0.118,100.0,1,0.0002,0.013,0,,694.955,694.96,market,@PinePilot_EMA_Cross,0.0,0.01,pinepilot: EMA(20) > EMA(50),0.0,692.119995,data/real/prices/yahoo/SPY.json,696.539978,691.659973,694.950012,7353863ce2b1a9438c1be2922e0aef571e3813bf0ff57dbbf11b33c28a864fbc,65185700,0.0,,1,buy,0.144,41.033,0.144,0.144,0.005,filled,,SPY,0.0082
268.48,False,268.48,268.47,-805.449,0.0,2026-02-11,268.470001,0.0,0.014,0.009,0.31,100.0,3,0.001,0.039,0,,268.475,805.44,market,@PinePilot_EMA_Cross,1e-05,0.03,pinepilot: EMA(20) > EMA(50),0.0,264.950012,data/real/prices/yahoo/IWM.json,268.959991,262.100006,268.470001,e64243e5cb1f476108f0b2a326759daaf5c078330e63d0a97197784a4b2f2ba7,41829400,0.0,,3,buy,0.372,133.232,0.372,0.372,0.015,filled,,IWM,0.025
616.39,False,616.39,616.38,-616.393,0.0,2026-02-11,616.380005,0.0,0.0047,0.003,0.135,100.0,1,0.0003,0.013,0,,616.385,616.39,market,@PinePilot_EMA_Cross,0.0,0.01,pinepilot: EMA(20) > EMA(50),0.0,613.109985,data/real/prices/yahoo/QQQ.json,617.52002,607.690002,616.380005,e8cfe01a120c538da1320474ba43d37432e8ebb3387eb489dc22eba738ffd85a,58575100,0.0,,1,buy,0.162,53.498,0.162,0.162,0.005,filled,,QQQ,0.0083
459.74,False,459.72,459.72,3677.7344,0.0,2026-02-13,459.730011,0.0,-0.0313,0.024,0.372,100.0,8,0.0314,0.1056,0,,459.73,3677.76,market,@GOLD_Trend_GLD,6e-05,0.0801,gold: trend up,0.0,462.619995,data/real/prices/yahoo/GLD.json,463.839996,456.25,459.730011,545093d31c9d8284e3b5dc66f668a6cb7391d9925b5abdf3e82bcaa71e423b40,12359300,0.0016,,8,sell,0.218,-62.686,0.218,-0.218,0.08,filled,,GLD,0.137
89.63,False,89.63,89.62,-1971.926,0.0,2026-02-13,89.629997,0.0,-0.1137,0.066,0.912,100.0,22,0.0037,0.0661,0,,89.625,1971.86,market,@YieldCurve_Rotator,4e-05,0.0001,curve: 21d change -12.0bp,0.0,89.720001,data/real/prices/yahoo/TLT.json,89.809998,89.519997,89.629997,d823b49f9ceafa130626634af73ca48f96ee2ec142fa7c454cd3e9b95d78a7cd,56785200,0.0,,22,buy,0.0,-10.031,0.0,0.0,0.11,filled,,TLT,0.1797
123.6,False,123.59,123.59,1359.4549,0.0,2026-02-13,123.599998,0.0,0.0449,0.033,0.738,100.0,11,0.0101,0.1451,0,,123.595,1359.49,market,@FDACatalyst_Rider,0.00012,0.11,fda: 30d approvals=72 median=0,0.0,122.860001,data/real/prices/yahoo/XBI.json,126.099998,122.5,123.599998,51e3a7268333197c1fd3996d0ccf7e0247fc9f5d8ab22ca19c8137c6dfa5e654,8805000,0.0021,,11,sell,0.809,59.417,0.809,-0.809,0.055,filled,,XBI,0.1003
450.27,False,450.25,450.25,5853.2085,0.0,2026-02-17,450.26001,0.0,-0.0642,0.039,0.403,100.0,13,0.0643,0.1717,0,,450.26,5853.25,market,@GOLD_Trend_GLD,0.00012,0.1301,gold: trend up,0.0,448.200012,data/real/prices/yahoo/GLD.json,451.369995,445.529999,450.26001,545093d31c9d8284e3b5dc66f668a6cb7391d9925b5abdf3e82bcaa71e423b40,10976100,0.0025,,13,sell,0.222,45.738,0.222,-0.222,0.13,filled,,GLD,0.2359
262.39,False,262.38,262.38,1049.5072,0.0,2026-02-17,262.380005,0.0,-0.0216,0.012,0.327,100.0,4,0.0016,0.0128,0,,262.385,1049.52,market,@PinePilot_EMA_Cross,1e-05,0.0,pinepilot: EMA(20) > EMA(50),0.0,263.040009,data/real/prices/yahoo/IWM.json,264.359985,259.059998,262.380005,e64243e5cb1f476108f0b2a326759daaf5c078330e63d0a97197784a4b2f2ba7,33734800,0.0008,,4,sell,0.0,-25.092,0.0,-0.0,0.02,filled,,IWM,0.0344
455.82,False,455.82,455.8,-2734.938,0.0,2026-02-18,455.809998,0.0,-0.0209,0.018,0.362,100.0,6,0.0209,0.078,0,,455.81,2734.92,market,@GOLD_Trend_GLD,6e-05,0.06,gold: trend up,0.0,458.279999,data/real/prices/yahoo/GLD.json,460.51001,455.320007,455.809998,545093d31c9d8284e3b5dc66f668a6cb7391d9925b5abdf3e82bcaa71e423b40,10226300,0.0,,6,buy,0.219,-53.679,0.219,0.219,0.06,filled,,GLD,0.0989
11.78,False,11.8,11.77,-98165.551,0.0,2026-02-18,11.78,94.34,-29.3377,24.951,22.481,100.0,8317,59.7527,191.291,0,,11.775,98140.6,market,@Weather_ColdSnap_Max,0.08441,166.34,weather: 1 cold anomaly days in 10,0.0,11.87,data/real/prices/yahoo/UNG.json,11.9,11.54,11.78,eb7bcc0769945fb2c40fbcd98753ed7e17e367cf69d2ce2bde9ae60f00a462cc,9852700,0.0,,8317,buy,16.978,-58.972,16.978,16.978,41.585,filled,,UNG,220.6287
46.62,False,46.62,46.61,-53429.958,0.0,2026-02-18,46.610001,0.0,4.3678,3.438,1.971,100.0,1146,1.361,14.8969,0,,46.615,53426.52,market,@Weather_ColdSnap_Max,0.00349,11.4589,weather: 1 cold anomaly days in 10,0.0,45.610001,data/real/prices/yahoo/XLU.json,46.610001,45.509998,46.610001,14b54e4f6f4c8f304dd74a921163ea2ceb3b09c2fca6a585e9368497d2b68e9b,32841500,0.0,,1146,buy,2.145,221.442,2.145,2.145,5.73,filled,,XLU,10.529
457.35,False,457.35,457.33,-914.706,0.0,2026-02-19,457.339996,0.0,-0.0041,0.006,0.329,100.0,2,0.0041,0.026,0,,457.34,914.7,market,@GOLD_Trend_GLD,2e-05,0.02,gold: trend up,0.0,459.559998,data/real/prices/yahoo/GLD.json,461.51001,456.029999,457.339996,545093d31c9d8284e3b5dc66f668a6cb7391d9925b5abdf3e82bcaa71e423b40,8411400,0.0,,2,buy,0.219,-48.089,0.219,0.219,0.02,filled,,GLD,0.0301
12.04,False,12.03,12.03,1046.332,0.0,2026-02-19,12.04,0.0,0.3696,0.261,7.437,100.0,87,0.0654,1.148,0,,12.035,1046.61,market,@Weather_ColdSnap_Max,0.00087,0.87,weather: 2 cold anomaly days in 10,0.0,11.8,data/real/prices/yahoo/UNG.json,12.08,11.78,12.04,eb7bcc0769945fb2c40fbcd98753ed7e17e367cf69d2ce2bde9ae60f00a462cc,9977200,0.017,,87,sell,8.306,194.915,8.306,-8.306,0.435,filled,,UNG,0.7784
124.76,False,124.76,124.75,-998.104,0.0,2026-02-19,124.75,0.0,0.0339,0.024,0.703,100.0,8,0.0061,0.104,0,,124.755,998.08,market,@FDACatalyst_Rider,9e-05,0.08,fda: 30d approvals=73 median=0,0.0,126.739998,data/real/prices/yahoo/XBI.json,126.790001,123.43,124.75,51e3a7268333197c1fd3996d0ccf7e0247fc9f5d8ab22ca19c8137c6dfa5e654,9191400,0.0,,8,buy,0.802,-156.225,0.802,0.802,0.04,filled,,XBI,0.0701
45.78,False,45.78,45.77,-1556.622,0.0,2026-02-19,45.779999,0.0,-0.1773,0.102,1.794,100.0,34,0.0073,0.102,0,,45.775,1556.52,market,@Weather_ColdSnap_Max,0.00014,0.0,weather: 2 cold anomaly days in 10,0.0,46.110001,data/real/prices/yahoo/XLU.json,46.18,45.68,45.779999,14b54e4f6f4c8f304dd74a921163ea2ceb3b09c2fca6a585e9368497d2b68e9b,24172500,0.0,,34,buy,0.0,-71.568,0.0,0.0,0.17,filled,,XLU,0.2793
463.26,False,463.26,463.24,-3706.104,0.0,2026-02-20,463.25,0.0,-0.0323,0.024,0.368,100.0,8,0.0323,0.104,0,,463.25,3706.08,market,@GOLD_Trend_GLD,6e-05,0.08,gold: trend up,0.0,468.619995,data/real/prices/yahoo/GLD.json,468.619995,458.339996,463.25,545093d31c9d8284e3b5dc66f668a6cb7391d9925b5abdf3e82bcaa71e423b40,14316300,0.0,,8,buy,0.216,-114.378,0.216,0.216,0.08,filled,,GLD,0.1363
46.3,False,46.29,46.29,972.0229,0.0,2026-02-20,46.299999,0.0,0.1015,0.063,1.806,100.0,21,0.0035,0.2771,0,,46.295,972.09,market,@Weather_ColdSnap_Max,9e-05,0.21,weather: 3 cold anomaly days in 10,0.0,46.330002,data/real/prices/yahoo/XLU.json,46.490002,45.880001,46.299999,14b54e4f6f4c8f304dd74a921163ea2ceb3b09c2fca6a585e9368497d2b68e9b,22623200,0.0041,,21,sell,2.16,-8.634,2.16,-2.16,0.105,filled,,XLU,0.1756
474.66,False,474.67,474.64,-7594.768,0.0,2026-02-23,474.649994,0.0,0.0664,0.048,0.397,100.0,16,0.0937,0.3681,0,,474.65,7594.72,market,@GOLD_Trend_GLD,9e-05,0.3201,gold: trend up,0.0,481.279999,data/real/prices/yahoo/GLD.json,481.459991,474.609985,474.649994,545093d31c9d8284e3b5dc66f668a6cb7391d9925b5abdf3e82bcaa71e423b40,17441600,0.0,,16,buy,0.421,-137.342,0.421,0.421,0.16,filled,,GLD,0.3017
470.1,False,470.08,470.08,2350.384,0.0,2026-02-24,470.089996,0.0,-0.0163,0.015,0.35,100.0,5,0.0163,0.066,0,,470.09,2350.4,market,@GOLD_Trend_GLD,4e-05,0.05,gold: trend up,0.0,474.609985,data/real/prices/yahoo/GLD.json,475.440002,469.549988,470.089996,545093d31c9d8284e3b5dc66f668a6cb7391d9925b5abdf3e82bcaa71e423b40,14147100,0.001,,5,sell,0.213,-95.446,0.213,-0.213,0.05,filled,,GLD,0.0822
127.37,False,127.37,127.36,-2292.714,0.0,2026-02-24,127.360001,0.0,0.07,0.054,0.715,100.0,18,0.02,0.234,0,,127.365,2292.66,market,@FDACatalyst_Rider,0.00019,0.18,fda: 30d approvals=75 median=0,0.0,129.160004,data/real/prices/yahoo/XBI.json,129.639999,127.110001,127.360001,51e3a7268333197c1fd3996d0ccf7e0247fc9f5d8ab22ca19c8137c6dfa5e654,9478000,0.0,,18,buy,0.785,-138.588,0.785,0.785,0.09,filled,,XBI,0.164
46.64,False,46.63,46.63,1538.6846,0.0,2026-02-24,46.639999,0.0,0.1582,0.099,1.801,100.0,33,0.0068,0.4354,0,,46.635,1538.79,market,@Weather_ColdSnap_Max,0.00011,0.33,weather: 5 cold anomaly days in 10,0.0,47.200001,data/real/prices/yahoo/XLU.json,47.23,46.290001,46.639999,14b54e4f6f4c8f304dd74a921163ea2ceb3b09c2fca6a585e9368497d2b68e9b,29503300,0.0064,,33,sell,2.144,-120.763,2.144,-2.144,0.165,filled,,XLU,0.2772
475.75,False,475.75,475.73,-2854.518,0.0,2026-02-25,475.73999,0.0,-0.0216,0.018,0.349,100.0,6,0.0217,0.0781,0,,475.74,2854.5,market,@GOLD_Trend_GLD,5e-05,0.0601,gold: trend up,0.0,473.420013,data/real/prices/yahoo/GLD.json,479.529999,472.899994,475.73999,545093d31c9d8284e3b5dc66f668a6cb7391d9925b5abdf3e82bcaa71e423b40,12954300,0.0,,6,buy,0.21,49.216,0.21,0.21,0.06,filled,,GLD,0.0997
11.65,False,11.65,11.64,-1479.931,0.0,2026-02-25,11.64,0.0,0.5444,0.381,7.479,100.0,127,0.0906,1.651,0,,11.645,1479.55,market,@Weather_ColdSnap_Max,0.00164,1.27,weather: 5 cold anomaly days in 10,0.0,11.6,data/real/prices/yahoo/UNG.json,11.79,11.52,11.64,eb7bcc0769945fb2c40fbcd98753ed7e17e367cf69d2ce2bde9ae60f00a462cc,7762100,0.0,,127,buy,8.591,43.103,8.591,8.591,0.635,filled,,UNG,1.1066
129.26,False,129.26,129.25,-1809.682,0.0,2026-02-25,129.25,0.0,0.0565,0.042,0.694,100.0,14,0.0135,0.182,0,,129.255,1809.64,market,@FDACatalyst_Rider,0.00014,0.14,fda: 30d approvals=79 median=0,0.0,128.279999,data/real/prices/yahoo/XBI.json,131.179993,128.089996,129.25,51e3a7268333197c1fd3996d0ccf7e0247fc9f5d8ab22ca19c8137c6dfa5e654,9733900,0.0,,14,buy,0.774,76.395,0.774,0.774,0.07,filled,,XBI,0.1255
129.26,False,129.26,129.25,-7755.78,0.0,2026-02-25,129.25,0.0,0.1799,0.18,0.774,100.0,60,0.1201,0.78,0,,129.255,7755.6,market,@FDA_ClusterFade,0.00062,0.6,fda fade: z=1.59 short sector,0.0,128.279999,data/real/prices/yahoo/XBI.json,131.179993,128.089996,129.25,51e3a7268333197c1fd3996d0ccf7e0247fc9f5d8ab22ca19c8137c6dfa5e654,9733900,0.0,,60,buy,0.774,76.395,0.774,0.774,0.3,filled,,XBI,0.6001
265.02,False,265.02,265.01,-1325.115,0.0,2026-02-26,265.01001,0.0,0.0228,0.015,0.318,100.0,5,0.0022,0.0649,0,,265.015,1325.1,market,@PinePilot_EMA_Cross,1e-05,0.0499,pinepilot: EMA(20) > EMA(50),0.0,265.98999,data/real/prices/yahoo/IWM.json,266.23999,262.119995,265.01001,e64243e5cb1f476108f0b2a326759daaf5c078330e63d0a97197784a4b2f2ba7,41206500,0.0,,5,buy,0.377,-36.467,0.377,0.377,0.025,filled,,IWM,0.0422
127.51,False,127.5,127.5,1529.9617,0.0,2026-02-26,127.5,0.0,-0.0707,0.036,0.712,100.0,12,0.0107,0.0383,0,,127.505,1530.0,market,@FDACatalyst_Rider,0.00013,-0.0,fda: 30d approvals=76 median=0,0.0,127.669998,data/real/prices/yahoo/XBI.json,127.830002,125.0,127.5,51e3a7268333197c1fd3996d0ccf7e0247fc9f5d8ab22ca19c8137c6dfa5e654,9223800,0.0023,,12,sell,-0.0,-13.315,-0.0,0.0,0.06,filled,,XBI,0.109
47.27,False,47.26,47.26,1795.7586,0.0,2026-02-26,47.27,0.0,0.1816,0.114,1.781,100.0,38,0.0084,0.5014,0,,47.265,1795.88,market,@Weather_ColdSnap_Max,0.00012,0.38,weather: 5 cold anomaly days in 10,0.0,47.18,data/real/prices/yahoo/XLU.json,47.389999,46.91,47.27,14b54e4f6f4c8f304dd74a921163ea2ceb3b09c2fca6a585e9368497d2b68e9b,30578600,0.0074,,38,sell,2.116,16.956,2.116,-2.116,0.19,filled,,XLU,0.3198
480.76,False,480.76,480.74,-3365.341,0.0,2026-02-27,480.75,0.0,-0.0272,0.021,0.351,100.0,7,0.0272,0.091,0,,480.75,3365.32,market,@GOLD_Trend_GLD,4e-05,0.07,gold: trend up,0.0,483.75,data/real/prices/yahoo/GLD.json,483.899994,479.109985,480.75,545093d31c9d8284e3b5dc66f668a6cb7391d9925b5abdf3e82bcaa71e423b40,16795100,0.0,,7,buy,0.208,-61.809,0.208,0.208,0.07,filled,,GLD,0.1182
262.11,False,262.1,262.1,1048.3872,0.0,2026-02-27,262.100006,0.0,-0.0215,0.012,0.327,100.0,4,0.0015,0.0128,0,,262.105,1048.4,market,@PinePilot_EMA_Cross,1e-05,0.0,pinepilot: EMA(20) > EMA(50),0.0,261.410004,data/real/prices/yahoo/IWM.json,262.76001,259.769989,262.100006,e64243e5cb1f476108f0b2a326759daaf5c078330e63d0a97197784a4b2f2ba7,40631500,0.0008,,4,sell,0.0,26.395,0.0,-0.0,0.02,filled,,IWM,0.0343
126.08,False,126.07,126.07,1260.6681,0.0,2026-02-27,126.07,0.0,-0.058,0.03,0.714,100.0,10,0.008,0.032,0,,126.075,1260.7,market,@FDACatalyst_Rider,0.00017,0.0,fda: 30d approvals=77 median=0,0.0,127.370003,data/real/prices/yahoo/XBI.json,127.5,125.760002,126.07,51e3a7268333197c1fd3996d0ccf7e0247fc9f5d8ab22ca19c8137c6dfa5e654,5937500,0.0019,,10,sell,0.0,-102.065,0.0,0.0,0.05,filled,,XBI,0.09
126.08,False,126.07,126.07,3403.8037,0.0,2026-02-27,126.07,0.0,-0.1706,0.081,0.755,100.0,27,0.0356,0.0863,0,,126.075,3403.89,market,@FDA_ClusterFade,0.00045,-0.0,fda fade: z=1.50 short sector,0.0,127.370003,data/real/prices/yahoo/XBI.json,127.5,125.760002,126.07,51e3a7268333197c1fd3996d0ccf7e0247fc9f5d8ab22ca19c8137c6dfa5e654,5937500,0.0053,,27,sell,-0.0,-102.065,-0.0,0.0,0.135,filled,,XBI,0.2568
47.21,False,47.21,47.2,-1038.686,0.0,2026-02-27,47.200001,0.0,0.1063,0.066,1.73,100.0,22,0.0037,0.286,0,,47.205,1038.62,market,@Weather_ColdSnap_Max,6e-05,0.22,weather: 5 cold anomaly days in 10,0.0,47.73,data/real/prices/yahoo/XLU.json,47.799999,47.130001,47.200001,14b54e4f6f4c8f304dd74a921163ea2ceb3b09c2fca6a585e9368497d2b68e9b,39759600,0.0,,22,buy,2.118,-108.946,2.118,2.118,0.11,filled,,XLU,0.1797
490.11,False,490.12,490.09,-6371.599,0.0,2026-03-02,490.100006,0.0,0.0618,0.039,0.372,100.0,13,0.0682,0.2989,0,,490.1,6371.56,market,@GOLD_Trend_GLD,7e-05,0.2599,gold: trend up,0.0,490.0,data/real/prices/yahoo/GLD.json,492.149994,483.279999,490.100006,545093d31c9d8284e3b5dc66f668a6cb7391d9925b5abdf3e82bcaa71e423b40,19916600,0.0,,13,buy,0.408,2.449,0.408,0.408,0.13,filled,,GLD,0.2372
678.71,False,678.7,678.7,678.6968,0.0,2026-03-02,678.700012,0.0,-0.0052,0.003,0.124,100.0,1,0.0002,0.0032,0,,678.705,678.7,market,@PinePilot_EMA_Cross,0.0,0.0,pinepilot: EMA(20) > EMA(50),0.0,686.380005,data/real/prices/yahoo/SPY.json,688.619995,678.02002,678.700012,7353863ce2b1a9438c1be2922e0aef571e3813bf0ff57dbbf11b33c28a864fbc,87477200,0.0002,,1,sell,0.0,-111.891,0.0,-0.0,0.005,filled,,SPY,0.0084
124.63,False,124.62,124.62,1370.7849,0.0,2026-03-02,124.629997,0.0,0.0461,0.033,0.722,100.0,11,0.0089,0.1451,0,,124.625,1370.82,market,@FDACatalyst_Rider,0.00012,0.11,fda: 30d approvals=77 median=0,0.0,126.550003,data/real/prices/yahoo/XBI.json,127.309998,124.150002,124.629997,51e3a7268333197c1fd3996d0ccf7e0247fc9f5d8ab22ca19c8137c6dfa5e654,9334600,0.0021,,11,sell,0.802,-152.509,0.802,-0.802,0.055,filled,,XBI,0.099
47.41,False,47.41,47.4,-1991.346,0.0,2026-03-02,47.41,0.0,-0.2197,0.126,1.736,100.0,42,0.0097,0.126,0,,47.405,1991.22,market,@Weather_ColdSnap_Max,0.00013,0.0,weather: 2 cold anomaly days in 10,0.0,47.369999,data/real/prices/yahoo/XLU.json,47.740002,47.360001,47.41,14b54e4f6f4c8f304dd74a921163ea2ceb3b09c2fca6a585e9368497d2b68e9b,33087300,0.0,,42,buy,0.0,8.444,0.0,0.0,0.21,filled,,XLU,0.3457
472.84,False,472.81,472.82,11347.3633,0.0,2026-03-03,472.829987,0.0,0.075,0.072,0.424,100.0,24,0.1647,0.5564,0,,472.83,11347.44,market,@GOLD_Trend_GLD,0.00011,0.4797,gold: trend up,0.0,468.140015,data/real/prices/yahoo/GLD.json,473.200012,458.929993,472.829987,545093d31c9d8284e3b5dc66f668a6cb7391d9925b5abdf3e82bcaa71e423b40,22591500,0.0047,,24,sell,0.423,99.756,0.423,-0.423,0.24,filled,,GLD,0.4814
123.56,False,123.55,123.55,988.3744,0.0,2026-03-03,123.559998,0.0,0.0345,0.024,0.718,100.0,8,0.0054,0.1055,0,,123.555,988.4,market,@FDACatalyst_Rider,6e-05,0.08,fda: 30d approvals=80 median=0,0.0,123.5,data/real/prices/yahoo/XBI.json,125.300003,121.980003,123.559998,51e3a7268333197c1fd3996d0ccf7e0247fc9f5d8ab22ca19c8137c6dfa5e654,13501200,0.0016,,8,sell,0.809,4.049,0.809,-0.809,0.04,filled,,XBI,0.071
123.56,False,123.55,123.55,2841.5765,0.0,2026-03-03,123.559998,0.0,0.0884,0.069,0.757,100.0,23,0.0266,0.3034,0,,123.555,2841.65,market,@FDA_ClusterFade,0.00017,0.23,fda fade: z=1.57 short sector,0.0,123.5,data/real/prices/yahoo/XBI.json,125.300003,121.980003,123.559998,51e3a7268333197c1fd3996d0ccf7e0247fc9f5d8ab22ca19c8137c6dfa5e654,13501200,0.0045,,23,sell,0.809,4.049,0.809,-0.809,0.115,filled,,XBI,0.2151
46.71,False,46.71,46.7,-4624.587,0.0,2026-03-03,46.700001,0.0,0.4593,0.297,1.79,100.0,99,0.0356,1.2869,0,,46.705,4624.29,market,@Weather_ColdSnap_Max,0.00016,0.9899,weather: 1 cold anomaly days in 10,0.0,47.07,data/real/prices/yahoo/XLU.json,47.450001,45.959999,46.700001,14b54e4f6f4c8f304dd74a921163ea2ceb3b09c2fca6a585e9368497d2b68e9b,60946600,0.0,,99,buy,2.141,-76.482,2.141,2.141,0.495,filled,,XLU,0.8276
474.83,False,474.83,474.81,-949.666,0.0,2026-03-04,474.820007,0.0,-0.0032,0.006,0.307,100.0,2,0.0031,0.026,0,,474.82,949.66,market,@GOLD_Trend_GLD,2e-05,0.02,gold: trend up,0.0,471.799988,data/real/prices/yahoo/GLD.json,476.420013,469.390015,474.820007,545093d31c9d8284e3b5dc66f668a6cb7391d9925b5abdf3e82bcaa71e423b40,9985900,0.0,,2,buy,0.21,64.222,0.21,0.21,0.02,filled,,GLD,0.0291
11.85,False,11.83,11.84,98848.4362,0.0,2026-03-04,11.85,0.0,81.977,25.074,11.316,100.0,8358,43.393,193.8638,0,,11.845,98875.14,market,@Weather_ColdSnap_Max,0.06674,167.16,weather: no cold anomaly in the window,0.0,11.78,data/real/prices/yahoo/UNG.json,11.95,11.64,11.85,eb7bcc0769945fb2c40fbcd98753ed7e17e367cf69d2ce2bde9ae60f00a462cc,12522600,1.6298,,8358,sell,16.878,42.445,16.878,-16.878,41.79,filled,,UNG,111.8868
47.1,False,47.09,47.09,58858.5063,0.0,2026-03-04,47.09,0.0,-7.8573,3.75,2.013,100.0,1250,1.6073,3.9937,0,,47.095,58862.5,market,@Weather_ColdSnap_Max,0.0052,-0.0,weather: no cold anomaly in the window,0.0,47.27,data/real/prices/yahoo/XLU.json,47.419998,46.759998,47.09,14b54e4f6f4c8f304dd74a921163ea2ceb3b09c2fca6a585e9368497d2b68e9b,24020800,0.2437,,1250,sell,-0.0,-38.079,-0.0,0.0,6.25,filled,,XLU,11.8511
470.46,False,470.44,470.44,2352.184,0.0,2026-03-05,470.450012,0.0,-0.0114,0.015,0.329,100.0,5,0.0115,0.066,0,,470.45,2352.2,market,@GOLD_Trend_GLD,4e-05,0.0501,gold: trend up,0.0,466.130005,data/real/prices/yahoo/GLD.json,470.670013,463.910004,470.450012,545093d31c9d8284e3b5dc66f668a6cb7391d9925b5abdf3e82bcaa71e423b40,11674800,0.001,,5,sell,0.213,92.463,0.213,-0.213,0.05,filled,,GLD,0.0775
124.77,False,124.77,124.76,-998.184,0.0,2026-03-05,124.769997,0.0,-0.0457,0.024,0.698,100.0,8,0.0057,0.024,0,,124.765,998.16,market,@FDACatalyst_Rider,8e-05,0.0,fda: 30d approvals=80 median=0,0.0,123.900002,data/real/prices/yahoo/XBI.json,125.580002,122.720001,124.769997,51e3a7268333197c1fd3996d0ccf7e0247fc9f5d8ab22ca19c8137c6dfa5e654,10130700,0.0,,8,buy,0.0,70.218,0.0,0.0,0.04,filled,,XBI,0.0697
124.77,False,124.77,124.76,-1372.503,0.0,2026-03-05,124.769997,0.0,-0.0642,0.033,0.708,100.0,11,0.0092,0.033,0,,124.765,1372.47,market,@FDA_ClusterFade,0.00011,0.0,fda fade: z=1.54 short sector,0.0,123.900002,data/real/prices/yahoo/XBI.json,125.580002,122.720001,124.769997,51e3a7268333197c1fd3996d0ccf7e0247fc9f5d8ab22ca19c8137c6dfa5e654,10130700,0.0,,11,buy,0.0,70.218,0.0,0.0,0.055,filled,,XBI,0.0972
469.05,False,469.03,469.03,938.0536,0.0,2026-03-06,469.040009,0.0,-0.0025,0.006,0.308,100.0,2,0.0025,0.0264,0,,469.04,938.06,market,@GOLD_Trend_GLD,2e-05,0.02,gold: trend up,0.0,473.51001,data/real/prices/yahoo/GLD.json,475.459991,467.070007,469.040009,545093d31c9d8284e3b5dc66f668a6cb7391d9925b5abdf3e82bcaa71e423b40,10489800,0.0004,,2,sell,0.213,-94.613,0.213,-0.213,0.02,filled,,GLD,0.0289
673.41,False,673.4,673.4,673.3968,0.0,2026-03-06,673.409973,0.0,0.0048,0.003,0.125,100.0,1,0.0002,0.0132,0,,673.405,673.4,market,@PinePilot_EMA_Cross,0.0,0.01,pinepilot: EMA(20) > EMA(50),0.0,672.380005,data/real/prices/yahoo/SPY.json,676.109985,669.76001,673.409973,7353863ce2b1a9438c1be2922e0aef571e3813bf0ff57dbbf11b33c28a864fbc,100687000,0.0002,,1,sell,0.148,15.17,0.148,-0.148,0.005,filled,,SPY,0.0084
121.77,False,121.76,121.76,2678.6497,0.0,2026-03-06,121.769997,0.0,0.0836,0.066,0.772,100.0,22,0.0264,0.2902,0,,121.765,2678.72,market,@FDACatalyst_Rider,0.00019,0.2199,fda: 30d approvals=82 median=0,0.0,124.0,data/real/prices/yahoo/XBI.json,124.150002,120.849998,121.769997,51e3a7268333197c1fd3996d0ccf7e0247fc9f5d8ab22ca19c8137c6dfa5e654,11373300,0.0043,,22,sell,0.821,-180.645,0.821,-0.821,0.11,filled,,XBI,0.2067
121.77,False,121.76,121.76,3409.1905,0.0,2026-03-06,121.769997,0.0,0.102,0.084,0.784,100.0,28,0.0379,0.3694,0,,121.765,3409.28,market,@FDA_ClusterFade,0.00025,0.2799,fda fade: z=1.58 short sector,0.0,124.0,data/real/prices/yahoo/XBI.json,124.150002,120.849998,121.769997,51e3a7268333197c1fd3996d0ccf7e0247fc9f5d8ab22ca19c8137c6dfa5e654,11373300,0.0055,,28,sell,0.821,-180.645,0.821,-0.821,0.14,filled,,XBI,0.2673
124.2,False,124.2,124.19,-2111.451,0.0,2026-03-09,124.199997,0.0,-0.1028,0.051,0.728,100.0,17,0.0178,0.0511,0,,124.195,2111.4,market,@FDACatalyst_Rider,0.00014,0.0001,fda: 30d approvals=76 median=0,0.0,127.120003,data/real/prices/yahoo/XBI.json,127.519997,123.599998,124.199997,51e3a7268333197c1fd3996d0ccf7e0247fc9f5d8ab22ca19c8137c6dfa5e654,12194300,0.0,,17,buy,0.0,-229.704,0.0,0.0,0.085,filled,,XBI,0.1538
479.75,False,479.75,479.73,-6236.789,0.0,2026-03-10,479.73999,0.0,-0.0406,0.039,0.336,100.0,13,0.0407,0.1691,0,,479.74,6236.75,market,@GOLD_Trend_GLD,0.00014,0.1301,gold: trend up,0.0,477.859985,data/real/prices/yahoo/GLD.json,481.309998,474.209991,479.73999,545093d31c9d8284e3b5dc66f668a6cb7391d9925b5abdf3e82bcaa71e423b40,9616800,0.0,,13,buy,0.209,39.552,0.209,0.209,0.13,filled,,GLD,0.2097
126.7,False,126.7,126.69,-2280.654,0.0,2026-03-10,126.690002,0.0,0.0716,0.054,0.712,100.0,18,0.0183,0.234,0,,126.695,2280.6,market,@FDACatalyst_Rider,0.00018,0.18,fda: 30d approvals=81 median=0,0.0,127.43,data/real/prices/yahoo/XBI.json,129.110001,126.690002,126.690002,51e3a7268333197c1fd3996d0ccf7e0247fc9f5d8ab22ca19c8137c6dfa5e654,10042000,0.0,,18,buy,0.789,-57.286,0.789,0.789,0.09,filled,,XBI,0.1623
126.7,False,126.7,126.69,-5955.041,0.0,2026-03-10,126.690002,0.0,0.1575,0.141,0.761,100.0,47,0.0774,0.6109,0,,126.695,5954.9,market,@FDA_ClusterFade,0.00047,0.4699,fda fade: z=1.52 short sector,0.0,127.43,data/real/prices/yahoo/XBI.json,129.110001,126.690002,126.690002,51e3a7268333197c1fd3996d0ccf7e0247fc9f5d8ab22ca19c8137c6dfa5e654,10042000,0.0,,47,buy,0.789,-57.286,0.789,0.789,0.235,filled,,XBI,0.4534
476.14,False,476.12,476.12,1904.4672,0.0,2026-03-11,476.130005,0.0,-0.0066,0.012,0.312,100.0,4,0.0066,0.0528,0,,476.13,1904.48,market,@GOLD_Trend_GLD,5e-05,0.04,gold: trend up,0.0,476.23999,data/real/prices/yahoo/GLD.json,477.450012,473.130005,476.130005,545093d31c9d8284e3b5dc66f668a6cb7391d9925b5abdf3e82bcaa71e423b40,7522900,0.0008,,4,sell,0.21,-2.52,0.21,-0.21,0.04,filled,,GLD,0.0594
252.34,False,252.34,252.33,-1009.372,0.0,2026-03-11,252.339996,0.0,-0.0213,0.012,0.33,100.0,4,0.0013,0.012,0,,252.335,1009.36,market,@PinePilot_EMA_Cross,1e-05,0.0,pinepilot: EMA(20) > EMA(50),0.0,252.850006,data/real/prices/yahoo/IWM.json,254.380005,250.580002,252.339996,e64243e5cb1f476108f0b2a326759daaf5c078330e63d0a97197784a4b2f2ba7,50418100,0.0,,4,buy,0.0,-20.17,0.0,0.0,0.02,filled,,IWM,0.0333
86.92,False,86.91,86.91,1477.4157,0.0,2026-03-12,86.910004,0.0,-0.0874,0.051,0.96,100.0,17,0.0025,0.0544,0,,86.915,1477.47,market,@YieldCurve_Rotator,3e-05,0.0001,curve: 21d change -3.0bp,0.0,86.970001,data/real/prices/yahoo/TLT.json,87.25,86.779999,86.910004,d823b49f9ceafa130626634af73ca48f96ee2ec142fa7c454cd3e9b95d78a7cd,48977000,0.0033,,17,sell,0.0,-6.899,0.0,-0.0,0.085,filled,,TLT,0.1418
124.76,False,124.75,124.75,1621.7085,0.0,2026-03-12,124.75,0.0,-0.0745,0.039,0.715,100.0,13,0.0095,0.0415,0,,124.755,1621.75,market,@FDACatalyst_Rider,0.00011,-0.0,fda: 30d approvals=85 median=0,0.0,122.620003,data/real/prices/yahoo/XBI.json,124.849998,121.809998,124.75,51e3a7268333197c1fd3996d0ccf7e0247fc9f5d8ab22ca19c8137c6dfa5e654,11524800,0.0025,,13,sell,-0.0,173.707,-0.0,0.0,0.065,filled,,XBI,0.116
124.76,False,124.75,124.75,2120.6957,0.0,2026-03-12,124.75,0.0,-0.0992,0.051,0.724,100.0,17,0.0142,0.0543,0,,124.755,2120.75,market,@FDA_ClusterFade,0.00015,-0.0,fda fade: z=1.62 short sector,0.0,122.620003,data/real/prices/yahoo/XBI.json,124.849998,121.809998,124.75,51e3a7268333197c1fd3996d0ccf7e0247fc9f5d8ab22ca19c8137c6dfa5e654,11524800,0.0033,,17,sell,-0.0,173.707,-0.0,0.0,0.085,filled,,XBI,0.1535
469.32,False,469.3,469.3,4223.6712,0.0,2026-03-13,469.309998,0.0,-0.0217,0.027,0.332,100.0,9,0.0217,0.1187,0,,469.31,4223.7,market,@GOLD_Trend_GLD,8e-05,0.09,gold: trend up,0.0,460.839996,data/real/prices/yahoo/GLD.json,470.100006,460.220001,469.309998,545093d31c9d8284e3b5dc66f668a6cb7391d9925b5abdf3e82bcaa71e423b40,11741600,0.0018,,9,sell,0.213,183.578,0.213,-0.213,0.09,filled,,GLD,0.1404
249.26,False,249.25,249.25,63308.6885,0.0,2026-03-13,249.259995,0.0,0.5731,0.762,0.439,100.0,254,0.6956,3.3503,0,,249.255,63309.5,market,@PinePilot_EMA_Cross,0.00047,2.5387,pinepilot: no trend,0.0,246.589996,data/real/prices/yahoo/IWM.json,250.610001,245.539993,249.259995,e64243e5cb1f476108f0b2a326759daaf5c078330e63d0a97197784a4b2f2ba7,53933300,0.0495,,254,sell,0.401,107.872,0.401,-0.401,1.27,filled,,IWM,2.7772
599.73,False,599.72,599.72,65968.8485,0.0,2026-03-13,599.72998,0.0,0.2127,0.33,0.187,100.0,110,0.3351,1.4492,0,,599.725,65969.2,market,@PinePilot_EMA_Cross,0.00017,1.0978,pinepilot: no trend,0.0,593.719971,data/real/prices/yahoo/QQQ.json,603.599976,592.570007,599.72998,e8cfe01a120c538da1320474ba43d37432e8ebb3387eb489dc22eba738ffd85a,63145500,0.0215,,110,sell,0.166,101.058,0.166,-0.166,0.55,filled,,QQQ,1.2366
669.28,False,669.27,669.27,62911.0797,0.0,2026-03-13,669.27002,0.0,-0.6514,0.282,0.152,100.0,94,0.1833,0.3022,0,,669.275,62911.38,market,@PinePilot_EMA_Cross,0.0001,0.0019,pinepilot: no trend,0.0,662.289978,data/real/prices/yahoo/SPY.json,672.340027,661.359985,669.27002,7353863ce2b1a9438c1be2922e0aef571e3813bf0ff57dbbf11b33c28a864fbc,97200200,0.0183,,94,sell,0.0,105.392,0.0,-0.0,0.47,filled,,SPY,0.9536
123.44,False,123.43,123.43,1234.2681,0.0,2026-03-13,123.43,0.0,-0.057,0.03,0.72,100.0,10,0.007,0.0319,0,,123.435,1234.3,market,@FDACatalyst_Rider,0.0001,-0.0,fda: 30d approvals=84 median=0,0.0,121.830002,data/real/prices/yahoo/XBI.json,124.910004,120.970001,123.43,51e3a7268333197c1fd3996d0ccf7e0247fc9f5d8ab22ca19c8137c6dfa5e654,10405300,0.0019,,10,sell,-0.0,131.33,-0.0,0.0,0.05,filled,,XBI,0.0889
123.44,False,123.43,123.43,1604.5485,0.0,2026-03-13,123.43,0.0,-0.0753,0.039,0.728,100.0,13,0.0103,0.0415,0,,123.435,1604.59,market,@FDA_ClusterFade,0.00012,-0.0,fda fade: z=1.57 short sector,0.0,121.830002,data/real/prices/yahoo/XBI.json,124.910004,120.970001,123.43,51e3a7268333197c1fd3996d0ccf7e0247fc9f5d8ab22ca19c8137c6dfa5e654,10405300,0.0025,,13,sell,-0.0,131.33,-0.0,0.0,0.065,filled,,XBI,0.1169
461.28,False,461.26,461.26,5535.0817,0.0,2026-03-16,461.269989,0.0,-0.033,0.036,0.345,100.0,12,0.0328,0.1582,0,,461.27,5535.12,market,@GOLD_Trend_GLD,0.00013,0.1199,gold: trend up,0.0,460.429993,data/real/prices/yahoo/GLD.json,462.799988,456.910004,461.269989,545093d31c9d8284e3b5dc66f668a6cb7391d9925b5abdf3e82bcaa71e423b40,8964100,0.0023,,12,sell,0.217,18.027,0.217,-0.217,0.12,filled,,GLD,0.1912
446.67,False,446.65,446.65,9379.5829,0.0,2026-03-18,446.660004,0.0,-0.0652,0.063,0.365,100.0,21,0.0653,0.2772,0,,446.66,9379.65,market,@GOLD_Trend_GLD,0.00011,0.2101,gold: trend up,0.0,444.73999,data/real/prices/yahoo/GLD.json,450.059998,444.390015,446.660004,545093d31c9d8284e3b5dc66f668a6cb7391d9925b5abdf3e82bcaa71e423b40,18375600,0.0041,,21,sell,0.224,42.947,0.224,-0.224,0.21,filled,,GLD,0.3424
420.36,False,420.33,420.35,290866.1491,0.0,2026-03-19,420.359985,0.0,5.6752,2.076,0.594,100.0,692,11.6145,22.9606,0,,420.355,290868.36,market,@GOLD_Trend_GLD,0.00229,20.7496,gold: trend broke,0.0,426.410004,data/real/prices/yahoo/GLD.json,428.269989,416.799988,420.359985,545093d31c9d8284e3b5dc66f668a6cb7391d9925b5abdf3e82bcaa71e423b40,30206000,0.1349,,692,sell,0.713,-142.586,0.713,-0.713,3.46,filled,,GLD,17.2854
162.9,False,162.91,162.89,-57508.289,0.0,2026-03-19,162.899994,0.0,-2.0139,1.059,1.149,100.0,353,3.781,4.5911,0,,162.895,57507.23,market,@FDACatalyst_Rider,0.02623,3.5321,fda: 30d approvals=86 median=22,0.0,164.460007,data/real/prices/yahoo/IBB.json,165.429993,162.509995,162.899994,1e1d0b457ea2d7ac5c34635d502fd444d1bf308bb3865c58eaf0286f33e0a86c,1346000,0.0,,353,buy,0.614,-94.248,0.614,0.614,1.765,filled,,IBB,6.605
120.3,False,120.29,120.29,2886.8833,0.0,2026-03-19,120.290001,0.0,-0.1467,0.072,0.774,100.0,24,0.0267,0.0767,0,,120.295,2886.96,market,@FDACatalyst_Rider,0.0002,0.0,fda: 30d approvals=86 median=22,0.0,122.330002,data/real/prices/yahoo/XBI.json,123.360001,119.690002,120.290001,51e3a7268333197c1fd3996d0ccf7e0247fc9f5d8ab22ca19c8137c6dfa5e654,11717300,0.0047,,24,sell,0.0,-166.762,0.0,-0.0,0.12,filled,,XBI,0.2234
120.3,False,120.29,120.29,3728.891,0.0,2026-03-19,120.290001,0.0,-0.1942,0.093,0.787,100.0,31,0.0392,0.0991,0,,120.295,3728.99,market,@FDA_ClusterFade,0.00026,0.0,fda fade: z=1.58 short sector,0.0,122.330002,data/real/prices/yahoo/XBI.json,123.360001,119.690002,120.290001,51e3a7268333197c1fd3996d0ccf7e0247fc9f5d8ab22ca19c8137c6dfa5e654,11717300,0.006,,31,sell,0.0,-166.762,0.0,-0.0,0.155,filled,,XBI,0.2933
121.7,False,121.7,121.69,-1460.436,0.0,2026-03-20,121.699997,0.0,-0.0695,0.036,0.723,100.0,12,0.0096,0.036,0,,121.695,1460.4,market,@FDACatalyst_Rider,0.0001,0.0,fda: 30d approvals=87 median=46,0.0,120.309998,data/real/prices/yahoo/XBI.json,123.519997,119.529999,121.699997,51e3a7268333197c1fd3996d0ccf7e0247fc9f5d8ab22ca19c8137c6dfa5e654,12186700,0.0,,12,buy,0.0,115.535,0.0,0.0,0.06,filled,,XBI,0.1056
121.7,False,121.7,121.69,-1703.842,0.0,2026-03-20,121.699997,0.0,-0.082,0.042,0.728,100.0,14,0.0121,0.042,0,,121.695,1703.8,market,@FDA_ClusterFade,0.00011,0.0,fda fade: z=1.59 short sector,0.0,120.309998,data/real/prices/yahoo/XBI.json,123.519997,119.529999,121.699997,51e3a7268333197c1fd3996d0ccf7e0247fc9f5d8ab22ca19c8137c6dfa5e654,12186700,0.0,,14,buy,0.0,115.535,0.0,0.0,0.07,filled,,XBI,0.1241
163.73,False,163.73,163.72,-982.398,0.0,2026-03-23,163.720001,0.0,0.0214,0.018,0.576,100.0,6,0.0086,0.078,0,,163.725,982.38,market,@FDACatalyst_Rider,0.00029,0.06,fda: 30d approvals=84 median=48,0.0,162.690002,data/real/prices/yahoo/IBB.json,165.309998,162.169998,163.720001,1e1d0b457ea2d7ac5c34635d502fd444d1bf308bb3865c58eaf0286f33e0a86c,2084800,0.0,,6,buy,0.611,63.925,0.611,0.611,0.03,filled,,IBB,0.0566
120.27,False,120.26,120.26,2284.8793,0.0,2026-03-24,120.260002,0.0,-0.1139,0.057,0.764,100.0,19,0.0189,0.0607,0,,120.265,2284.94,market,@FDACatalyst_Rider,0.00018,0.0,fda: 30d approvals=87 median=49,0.0,119.540001,data/real/prices/yahoo/XBI.json,120.629997,118.190002,120.260002,51e3a7268333197c1fd3996d0ccf7e0247fc9f5d8ab22ca19c8137c6dfa5e654,10280000,0.0037,,19,sell,0.0,60.231,0.0,-0.0,0.095,filled,,XBI,0.1746
120.27,False,120.26,120.26,1683.5953,0.0,2026-03-24,120.260002,0.0,-0.0819,0.042,0.753,100.0,14,0.012,0.0448,0,,120.265,1683.64,market,@FDA_ClusterFade,0.00014,0.0,fda fade: z=1.56 short sector,0.0,119.540001,data/real/prices/yahoo/XBI.json,120.629997,118.190002,120.260002,51e3a7268333197c1fd3996d0ccf7e0247fc9f5d8ab22ca19c8137c6dfa5e654,10280000,0.0027,,14,sell,0.0,60.231,0.0,-0.0,0.07,filled,,XBI,0.1267
121.24,False,121.24,121.23,-1939.888,0.0,2026-03-25,121.239998,0.0,-0.0946,0.048,0.735,100.0,16,0.0146,0.048,0,,121.235,1939.84,market,@FDACatalyst_Rider,0.00014,0.0,fda: 30d approvals=91 median=50,0.0,123.919998,data/real/prices/yahoo/XBI.json,125.0,121.099998,121.239998,51e3a7268333197c1fd3996d0ccf7e0247fc9f5d8ab22ca19c8137c6dfa5e654,11469100,0.0,,16,buy,0.0,-216.268,0.0,0.0,0.08,filled,,XBI,0.1426
121.24,False,121.24,121.23,-1091.187,0.0,2026-03-25,121.239998,0.0,-0.0511,0.027,0.716,100.0,9,0.0062,0.027,0,,121.235,1091.16,market,@FDA_ClusterFade,8e-05,0.0,fda fade: z=1.66 short sector,0.0,123.919998,data/real/prices/yahoo/XBI.json,125.0,121.099998,121.239998,51e3a7268333197c1fd3996d0ccf7e0247fc9f5d8ab22ca19c8137c6dfa5e654,11469100,0.0,,9,buy,0.0,-216.268,0.0,0.0,0.045,filled,,XBI,0.0782
122.52,False,122.52,122.51,-1470.276,0.0,2026-03-26,122.519997,0.0,-0.0705,0.036,0.725,100.0,12,0.0106,0.036,0,,122.515,1470.24,market,@FDACatalyst_Rider,0.0001,0.0,fda: 30d approvals=80 median=51,0.0,123.900002,data/real/prices/yahoo/XBI.json,125.639999,122.519997,122.519997,51e3a7268333197c1fd3996d0ccf7e0247fc9f5d8ab22ca19c8137c6dfa5e654,11477100,0.0,,12,buy,0.0,-111.38,0.0,0.0,0.06,filled,,XBI,0.1066
123.24,False,123.24,123.23,-1232.43,0.0,2026-03-27,123.239998,0.0,-0.058,0.03,0.714,100.0,10,0.008,0.03,0,,123.235,1232.4,market,@FDACatalyst_Rider,9e-05,0.0,fda: 30d approvals=78 median=51,0.0,119.589996,data/real/prices/yahoo/XBI.json,123.690002,119.510002,123.239998,51e3a7268333197c1fd3996d0ccf7e0247fc9f5d8ab22ca19c8137c6dfa5e654,10706300,0.0,,10,buy,0.0,305.21,0.0,0.0,0.05,filled,,XBI,0.088
119.74,False,119.73,119.73,5028.5258,0.0,2026-03-30,119.730003,0.0,-0.2821,0.126,0.828,100.0,42,0.0722,0.1343,0,,119.735,5028.66,market,@FDACatalyst_Rider,0.00045,0.0001,fda: 30d approvals=62 median=51,0.0,118.779999,data/real/prices/yahoo/XBI.json,120.610001,118.279999,119.730003,51e3a7268333197c1fd3996d0ccf7e0247fc9f5d8ab22ca19c8137c6dfa5e654,9306200,0.0082,,42,sell,0.0,79.98,0.0,-0.0,0.21,filled,,XBI,0.4164
122.88,False,122.88,122.87,-4178.022,0.0,2026-03-31,122.879997,0.0,-0.2238,0.102,0.78,100.0,34,0.0539,0.1021,0,,122.875,4177.92,market,@FDACatalyst_Rider,0.00018,0.0001,fda: 30d approvals=65 median=51,0.0,127.730003,data/real/prices/yahoo/XBI.json,127.949997,122.739998,122.879997,51e3a7268333197c1fd3996d0ccf7e0247fc9f5d8ab22ca19c8137c6dfa5e654,18482500,0.0,,34,buy,0.0,-379.707,0.0,0.0,0.17,filled,,XBI,0.3259
169.76,False,169.76,169.75,-3565.023,0.0,2026-04-01,169.75,0.0,0.0244,0.063,0.697,100.0,21,0.0806,0.273,0,,169.755,3564.96,market,@FDACatalyst_Rider,0.00095,0.21,fda: 30d approvals=67 median=52,0.0,170.130005,data/real/prices/yahoo/IBB.json,172.039993,169.720001,169.75,1e1d0b457ea2d7ac5c34635d502fd444d1bf308bb3865c58eaf0286f33e0a86c,2210600,0.0,,21,buy,0.589,-21.748,0.589,0.589,0.105,filled,,IBB,0.2486
128.79,False,128.79,128.78,-8242.752,0.0,2026-04-01,128.789993,0.0,-0.5131,0.192,0.856,100.0,64,0.1936,0.1924,0,,128.785,8242.56,market,@FDACatalyst_Rider,0.00032,0.0004,fda: 30d approvals=67 median=52,0.0,128.550003,data/real/prices/yahoo/XBI.json,131.449997,128.029999,128.789993,51e3a7268333197c1fd3996d0ccf7e0247fc9f5d8ab22ca19c8137c6dfa5e654,20031500,0.0,,64,buy,0.001,18.67,0.001,0.001,0.32,filled,,XBI,0.7056
125.67,False,125.66,125.66,4021.0178,0.0,2026-04-02,125.660004,0.0,-0.2244,0.096,0.813,100.0,32,0.0645,0.1024,0,,125.665,4021.12,market,@FDACatalyst_Rider,0.00032,0.0001,fda: 30d approvals=65 median=52,0.0,128.960007,data/real/prices/yahoo/XBI.json,129.949997,125.57,125.660004,51e3a7268333197c1fd3996d0ccf7e0247fc9f5d8ab22ca19c8137c6dfa5e654,9896100,0.0062,,32,sell,0.0,-255.894,0.0,-0.0,0.16,filled,,XBI,0.3268
129.15,False,129.15,129.14,-4003.743,0.0,2026-04-06,129.149994,0.0,-0.2167,0.093,0.774,100.0,31,0.0619,0.0932,0,,129.145,4003.65,market,@FDACatalyst_Rider,0.00049,0.0002,fda: 30d approvals=59 median=52,0.0,128.800003,data/real/prices/yahoo/XBI.json,130.539993,128.660004,129.149994,51e3a7268333197c1fd3996d0ccf7e0247fc9f5d8ab22ca19c8137c6dfa5e654,6290400,0.0,,31,buy,0.0,27.174,0.0,0.0,0.155,filled,,XBI,0.3099
127.98,False,127.97,127.97,1663.5342,0.0,2026-04-07,127.970001,0.0,-0.0814,0.039,0.945,100.0,13,0.0164,0.0758,0,,127.975,1663.61,market,@FDACatalyst_Rider,0.00013,0.0,fda: 30d approvals=86 median=52,0.0,128.850006,data/real/prices/yahoo/XBI.json,129.220001,126.370003,127.970001,51e3a7268333197c1fd3996d0ccf7e0247fc9f5d8ab22ca19c8137c6dfa5e654,9788800,0.0368,,13,sell,0.0,-68.297,0.0,-0.0,0.065,filled,,XBI,0.1572
172.37,False,172.37,172.36,-2068.476,0.0,2026-04-08,172.369995,0.0,-0.0921,0.036,0.62,100.0,12,0.0321,0.0361,0,,172.365,2068.44,market,@FDACatalyst_Rider,0.00094,0.0001,fda: 30d approvals=89 median=52,0.0,171.860001,data/real/prices/yahoo/IBB.json,172.550003,170.270004,172.369995,1e1d0b457ea2d7ac5c34635d502fd444d1bf308bb3865c58eaf0286f33e0a86c,1274900,0.0,,12,buy,0.0,29.675,0.0,0.0,0.06,filled,,IBB,0.1281
132.42,False,132.42,132.41,-6488.727,0.0,2026-04-08,132.419998,0.0,-0.3691,0.147,0.795,100.0,49,0.1241,0.1471,0,,132.415,6488.58,market,@FDACatalyst_Rider,0.00065,0.0001,fda: 30d approvals=89 median=52,0.0,130.649994,data/real/prices/yahoo/XBI.json,133.270004,129.789993,132.419998,51e3a7268333197c1fd3996d0ccf7e0247fc9f5d8ab22ca19c8137c6dfa5e654,7511800,0.0,,49,buy,0.0,135.477,0.0,0.0,0.245,filled,,XBI,0.5161
132.42,False,132.42,132.41,-13904.415,0.0,2026-04-08,132.419998,0.0,-0.9142,0.315,0.884,100.0,105,0.3894,0.3152,0,,132.415,13904.1,market,@FDA_ClusterFade,0.0014,0.0002,fda fade: z=1.52 short sector,0.0,130.649994,data/real/prices/yahoo/XBI.json,133.270004,129.789993,132.419998,51e3a7268333197c1fd3996d0ccf7e0247fc9f5d8ab22ca19c8137c6dfa5e654,7511800,0.0,,105,buy,0.0,135.477,0.0,0.0,0.525,filled,,XBI,1.2294
171.42,False,171.41,171.41,1714.0327,0.0,2026-04-09,171.410004,0.0,-0.0741,0.03,0.825,100.0,10,0.0242,0.0673,0,,171.415,1714.1,market,@FDACatalyst_Rider,0.00126,0.0,fda: 30d approvals=87 median=52,0.0,172.160004,data/real/prices/yahoo/IBB.json,172.619995,170.330002,171.410004,1e1d0b457ea2d7ac5c34635d502fd444d1bf308bb3865c58eaf0286f33e0a86c,796100,0.0373,,10,sell,0.0,-43.564,0.0,-0.0,0.05,filled,,IBB,0.1414
129.7,False,129.69,129.69,3112.4192,0.0,2026-04-09,129.699997,0.0,0.0789,0.072,0.97,100.0,24,0.041,0.3807,0,,129.695,3112.56,market,@FDACatalyst_Rider,0.00043,0.2399,fda: 30d approvals=87 median=52,0.0,131.820007,data/real/prices/yahoo/XBI.json,132.149994,129.550003,129.699997,51e3a7268333197c1fd3996d0ccf7e0247fc9f5d8ab22ca19c8137c6dfa5e654,5596600,0.0688,,24,sell,0.771,-161.585,0.771,-0.771,0.12,filled,,XBI,0.3018
172.5,False,172.5,172.49,-1552.527,0.0,2026-04-10,172.490005,0.0,0.024,0.027,0.598,100.0,9,0.0209,0.117,0,,172.495,1552.5,market,@FDACatalyst_Rider,0.0008,0.09,fda: 30d approvals=88 median=52,0.0,169.369995,data/real/prices/yahoo/IBB.json,173.440002,168.559998,172.490005,1e1d0b457ea2d7ac5c34635d502fd444d1bf308bb3865c58eaf0286f33e0a86c,1130800,0.0,,9,buy,0.579,184.803,0.579,0.579,0.045,filled,,IBB,0.0929
132.09,False,132.09,132.08,-2773.953,0.0,2026-04-10,132.089996,0.0,-0.1395,0.063,0.73,100.0,21,0.0346,0.0631,0,,132.085,2773.89,market,@FDACatalyst_Rider,0.00021,0.0001,fda: 30d approvals=88 median=52,0.0,129.440002,data/real/prices/yahoo/XBI.json,132.270004,128.759995,132.089996,51e3a7268333197c1fd3996d0ccf7e0247fc9f5d8ab22ca19c8137c6dfa5e654,10034300,0.0,,21,buy,0.0,204.728,0.0,0.0,0.105,filled,,XBI,0.2026
130.31,False,130.3,130.3,2736.1765,0.0,2026-04-13,130.300003,0.0,-0.1397,0.063,0.962,100.0,21,0.0347,0.1235,0,,130.305,2736.3,market,@FDACatalyst_Rider,0.00027,0.0001,fda: 30d approvals=80 median=52,0.0,132.050003,data/real/prices/yahoo/XBI.json,133.600006,130.190002,130.300003,51e3a7268333197c1fd3996d0ccf7e0247fc9f5d8ab22ca19c8137c6dfa5e654,7851900,0.0605,,21,sell,0.0,-132.526,0.0,-0.0,0.105,filled,,XBI,0.2632
133.2,False,133.2,133.19,-3996.09,0.0,2026-04-14,133.199997,0.0,-0.2087,0.09,0.748,100.0,30,0.0588,0.0901,0,,133.195,3996.0,market,@FDACatalyst_Rider,0.00027,0.0001,fda: 30d approvals=82 median=53,0.0,135.720001,data/real/prices/yahoo/XBI.json,136.399994,133.029999,133.199997,51e3a7268333197c1fd3996d0ccf7e0247fc9f5d8ab22ca19c8137c6dfa5e654,11046900,0.0,,30,buy,0.0,-185.676,0.0,0.0,0.15,filled,,XBI,0.2988
442.89,False,442.91,442.87,-274163.147,0.0,2026-04-15,442.880005,0.0,-0.6297,1.857,0.768,100.0,619,13.0066,20.4239,0,,442.88,274161.29,market,@GOLD_Trend_GLD,0.00959,18.5669,gold: trend up,0.0,440.459991,data/real/prices/yahoo/GLD.json,443.73999,439.600006,442.880005,545093d31c9d8284e3b5dc66f668a6cb7391d9925b5abdf3e82bcaa71e423b40,6455900,0.0,,619,buy,0.677,55.624,0.677,0.677,6.19,filled,,GLD,21.0536
176.36,False,176.36,176.35,-2292.719,0.0,2026-04-15,176.350006,0.0,0.0273,0.039,0.618,100.0,13,0.0376,0.1689,0,,176.355,2292.68,market,@FDACatalyst_Rider,0.00072,0.1299,fda: 30d approvals=83 median=53,0.0,175.990005,data/real/prices/yahoo/IBB.json,177.360001,174.429993,176.350006,1e1d0b457ea2d7ac5c34635d502fd444d1bf308bb3865c58eaf0286f33e0a86c,1815700,0.0,,13,buy,0.567,21.024,0.567,0.567,0.065,filled,,IBB,0.1416
268.78,False,268.78,268.77,-62357.656,0.0,2026-04-15,268.779999,0.0,-1.9397,0.696,0.423,100.0,232,0.78,0.6962,0,,268.775,62356.96,market,@PinePilot_EMA_Cross,0.00107,0.0002,pinepilot: EMA(20) > EMA(50),0.0,269.390015,data/real/prices/yahoo/IWM.json,269.589996,267.589996,268.779999,e64243e5cb1f476108f0b2a326759daaf5c078330e63d0a97197784a4b2f2ba7,21670600,0.0,,232,buy,0.0,-22.644,0.0,0.0,1.16,filled,,IWM,2.636
136.37,False,136.37,136.36,-5182.174,0.0,2026-04-15,136.369995,0.0,-0.2772,0.114,0.755,100.0,38,0.0873,0.1142,0,,136.365,5182.06,market,@FDACatalyst_Rider,0.00044,0.0002,fda: 30d approvals=83 median=53,0.0,136.449997,data/real/prices/yahoo/XBI.json,137.5,134.449997,136.369995,51e3a7268333197c1fd3996d0ccf7e0247fc9f5d8ab22ca19c8137c6dfa5e654,8563800,0.0,,38,buy,0.0,-5.863,0.0,0.0,0.19,filled,,XBI,0.3913
445.66,False,445.66,445.64,-1336.989,0.0,2026-04-17,445.649994,0.0,-0.0045,0.009,0.325,100.0,3,0.0045,0.039,0,,445.65,1336.98,market,@GOLD_Trend_GLD,3e-05,0.03,gold: trend up,0.0,445.929993,data/real/prices/yahoo/GLD.json,448.700012,445.320007,445.649994,545093d31c9d8284e3b5dc66f668a6cb7391d9925b5abdf3e82bcaa71e423b40,9712000,0.0,,3,buy,0.225,-6.055,0.225,0.225,0.03,filled,,GLD,0.0435
176.34,False,176.34,176.33,-1058.058,0.0,2026-04-17,176.330002,0.0,0.0181,0.018,0.566,100.0,6,0.0119,0.078,0,,176.335,1058.04,market,@FDACatalyst_Rider,0.00048,0.06,fda: 30d approvals=86 median=54,0.0,176.660004,data/real/prices/yahoo/IBB.json,177.339996,175.5,176.330002,1e1d0b457ea2d7ac5c34635d502fd444d1bf308bb3865c58eaf0286f33e0a86c,1256200,0.0,,6,buy,0.567,-18.114,0.567,0.567,0.03,filled,,IBB,0.0599
645.6,False,645.6,645.58,-63269.094,0.0,2026-04-17,645.590027,0.0,-0.4187,0.294,0.267,100.0,98,0.4161,1.2714,0,,645.59,63268.8,market,@PinePilot_EMA_Cross,0.00018,0.9774,pinepilot: EMA(20) > EMA(50),0.0,648.849976,data/real/prices/yahoo/QQQ.json,650.0,644.070007,645.590027,e8cfe01a120c538da1320474ba43d37432e8ebb3387eb489dc22eba738ffd85a,53488900,0.0,,98,buy,0.154,-50.088,0.154,0.154,0.98,filled,,QQQ,1.6901
706.15,False,706.15,706.14,-62141.464,0.0,2026-04-17,706.140015,0.0,0.1609,0.264,0.158,100.0,88,0.2778,1.1427,0,,706.145,62141.2,market,@PinePilot_EMA_Cross,0.00012,0.8787,pinepilot: EMA(20) > EMA(50),0.0,710.140015,data/real/prices/yahoo/SPY.json,712.390015,705.76001,706.140015,7353863ce2b1a9438c1be2922e0aef571e3813bf0ff57dbbf11b33c28a864fbc,70661900,0.0,,88,buy,0.141,-56.186,0.141,0.141,0.44,filled,,SPY,0.9818
137.78,False,137.78,137.77,-1240.047,0.0,2026-04-17,137.770004,0.0,0.0348,0.027,0.663,100.0,9,0.0102,0.117,0,,137.775,1240.02,market,@FDACatalyst_Rider,9e-05,0.09,fda: 30d approvals=86 median=54,0.0,138.669998,data/real/prices/yahoo/XBI.json,139.190002,137.210007,137.770004,51e3a7268333197c1fd3996d0ccf7e0247fc9f5d8ab22ca19c8137c6dfa5e654,10212700,0.0,,9,buy,0.726,-64.181,0.726,0.726,0.045,filled,,XBI,0.0822
438.56,False,438.54,438.54,3508.2222,0.0,2026-04-21,438.549988,0.0,-0.017,0.024,0.555,100.0,8,0.0169,0.1777,0,,438.55,3508.32,market,@GOLD_Trend_GLD,8e-05,0.0799,gold: trend up,0.0,429.570007,data/real/prices/yahoo/GLD.json,440.25,428.709991,438.549988,545093d31c9d8284e3b5dc66f668a6cb7391d9925b5abdf3e82bcaa71e423b40,9480000,0.0738,,8,sell,0.228,208.813,0.228,-0.228,0.08,filled,,GLD,0.1948
710.29,False,710.29,710.28,-710.293,0.0,2026-04-21,710.280029,0.0,0.0046,0.003,0.117,100.0,1,0.0003,0.013,0,,710.285,710.29,market,@PinePilot_EMA_Cross,0.0,0.01,pinepilot: EMA(20) > EMA(50),0.0,704.080017,data/real/prices/yahoo/SPY.json,711.280029,702.640015,710.280029,7353863ce2b1a9438c1be2922e0aef571e3813bf0ff57dbbf11b33c28a864fbc,58941400,0.0,,1,buy,0.14,88.2,0.14,0.14,0.005,filled,,SPY,0.0083
436.27,False,436.24,436.26,267407.6527,0.0,2026-04-22,436.269989,0.0,4.0575,1.839,0.815,100.0,613,11.2607,25.8505,0,,436.265,267415.12,market,@GOLD_Trend_GLD,0.01184,18.3833,gold: trend broke,0.0,435.26001,data/real/prices/yahoo/GLD.json,437.170013,433.779999,436.269989,545093d31c9d8284e3b5dc66f668a6cb7391d9925b5abdf3e82bcaa71e423b40,5178100,5.6283,,613,sell,0.687,22.515,0.687,-0.687,3.065,filled,,GLD,21.793
136.83,False,136.82,136.82,2052.2098,0.0,2026-04-23,136.820007,0.0,-0.0962,0.045,0.909,100.0,15,0.0213,0.0903,0,,136.825,2052.3,market,@FDACatalyst_Rider,0.00019,0.0001,fda: 30d approvals=86 median=55,0.0,134.490005,data/real/prices/yahoo/XBI.json,138.119995,133.589996,136.820007,51e3a7268333197c1fd3996d0ccf7e0247fc9f5d8ab22ca19c8137c6dfa5e654,7785000,0.0452,,15,sell,0.001,173.247,0.001,-0.001,0.075,filled,,XBI,0.1865
171.64,False,171.63,171.63,1201.3629,0.0,2026-04-24,171.630005,0.0,-0.0494,0.021,0.804,100.0,7,0.0144,0.0471,0,,171.635,1201.41,market,@FDACatalyst_Rider,0.00047,0.0,fda: 30d approvals=85 median=55,0.0,169.779999,data/real/prices/yahoo/IBB.json,171.630005,168.449997,171.630005,1e1d0b457ea2d7ac5c34635d502fd444d1bf308bb3865c58eaf0286f33e0a86c,1486000,0.0261,,7,sell,0.0,108.965,0.0,-0.0,0.035,filled,,IBB,0.0966
134.53,False,134.52,134.52,3766.3929,0.0,2026-04-24,134.529999,0.0,0.0861,0.084,0.958,100.0,28,0.0538,0.447,0,,134.525,3766.56,market,@FDACatalyst_Rider,0.00041,0.28,fda: 30d approvals=85 median=55,0.0,133.279999,data/real/prices/yahoo/XBI.json,134.889999,131.970001,134.529999,51e3a7268333197c1fd3996d0ccf7e0247fc9f5d8ab22ca19c8137c6dfa5e654,6790700,0.0831,,28,sell,0.743,93.037,0.743,-0.743,0.14,filled,,XBI,0.3609
713.17,False,713.17,713.16,-713.173,0.0,2026-04-27,713.169983,0.0,-0.0053,0.003,0.117,100.0,1,0.0003,0.003,0,,713.165,713.17,market,@PinePilot_EMA_Cross,0.0,0.0,pinepilot: EMA(20) > EMA(50),0.0,715.169983,data/real/prices/yahoo/SPY.json,715.630005,712.299988,713.169983,7353863ce2b1a9438c1be2922e0aef571e3813bf0ff57dbbf11b33c28a864fbc,33135900,0.0,,1,buy,0.0,-27.965,0.0,0.0,0.005,filled,,SPY,0.0083
133.45,False,133.44,133.44,2535.2471,0.0,2026-04-27,133.440002,0.0,-0.1237,0.057,0.934,100.0,19,0.0288,0.113,0,,133.445,2535.36,market,@FDACatalyst_Rider,0.00029,0.0,fda: 30d approvals=82 median=55,0.0,133.039993,data/real/prices/yahoo/XBI.json,135.860001,132.630005,133.440002,51e3a7268333197c1fd3996d0ccf7e0247fc9f5d8ab22ca19c8137c6dfa5e654,6658700,0.0559,,19,sell,0.0,30.067,0.0,-0.0,0.095,filled,,XBI,0.2367
169.2,False,169.19,169.19,1184.2832,0.0,2026-04-28,169.190002,0.0,-0.0487,0.021,0.806,100.0,7,0.0137,0.0468,0,,169.195,1184.33,market,@FDACatalyst_Rider,0.00072,0.0,fda: 30d approvals=83 median=56,0.0,167.809998,data/real/prices/yahoo/IBB.json,170.779999,167.509995,169.190002,1e1d0b457ea2d7ac5c34635d502fd444d1bf308bb3865c58eaf0286f33e0a86c,971300,0.0258,,7,sell,0.0,82.236,0.0,-0.0,0.035,filled,,IBB,0.0955
132.23,False,132.22,132.22,1189.9267,0.0,2026-04-28,132.229996,0.0,0.0357,0.027,0.904,100.0,9,0.0093,0.1432,0,,132.225,1189.98,market,@FDACatalyst_Rider,0.00012,0.09,fda: 30d approvals=83 median=56,0.0,131.160004,data/real/prices/yahoo/XBI.json,134.440002,131.070007,132.229996,51e3a7268333197c1fd3996d0ccf7e0247fc9f5d8ab22ca19c8137c6dfa5e654,7649700,0.0263,,9,sell,0.756,80.817,0.756,-0.756,0.045,filled,,XBI,0.1076
166.28,False,166.27,166.27,997.5803,0.0,2026-04-29,166.270004,0.0,-0.0397,0.018,0.797,100.0,6,0.0097,0.0397,0,,166.275,997.62,market,@FDACatalyst_Rider,0.00034,0.0,fda: 30d approvals=85 median=56,0.0,165.380005,data/real/prices/yahoo/IBB.json,166.919998,164.020004,166.270004,1e1d0b457ea2d7ac5c34635d502fd444d1bf308bb3865c58eaf0286f33e0a86c,1764200,0.0217,,6,sell,0.0,53.815,0.0,-0.0,0.03,filled,,IBB,0.0795
130.06,False,130.05,130.05,3771.2797,0.0,2026-04-29,130.050003,0.0,-0.1945,0.087,0.968,100.0,29,0.0496,0.1704,0,,130.055,3771.45,market,@FDACatalyst_Rider,0.00032,0.0001,fda: 30d approvals=85 median=56,0.0,128.899994,data/real/prices/yahoo/XBI.json,130.610001,127.760002,130.050003,51e3a7268333197c1fd3996d0ccf7e0247fc9f5d8ab22ca19c8137c6dfa5e654,9033100,0.0833,,29,sell,0.0,89.217,0.0,-0.0,0.145,filled,,XBI,0.365
273.14,False,273.14,273.13,-1365.715,0.0,2026-04-30,273.130005,0.0,0.023,0.015,0.307,100.0,5,0.002,0.065,0,,273.135,1365.7,market,@PinePilot_EMA_Cross,2e-05,0.05,pinepilot: EMA(20) > EMA(50),0.0,277.970001,data/real/prices/yahoo/IWM.json,278.220001,272.440002,273.130005,e64243e5cb1f476108f0b2a326759daaf5c078330e63d0a97197784a4b2f2ba7,29220700,0.0,,5,buy,0.366,-173.76,0.366,0.366,0.025,filled,,IWM,0.042
669.16,False,669.16,669.15,-14721.586,0.0,2026-05-01,669.159973,0.0,-0.1395,0.066,0.14,100.0,22,0.0301,0.0666,0,,669.155,14721.52,market,@LeapMaxLever_Momentum,6e-05,0.0006,the leap: monthly leader QQQ,0.0,674.150024,data/real/prices/yahoo/QQQ.json,675.969971,668.799988,669.159973,e8cfe01a120c538da1320474ba43d37432e8ebb3387eb489dc22eba738ffd85a,39172600,0.0,,22,buy,0.0,-74.019,0.0,0.0,0.11,filled,,QQQ,0.2061
130.62,False,130.62,130.61,-1306.23,0.0,2026-05-01,130.619995,0.0,-0.0568,0.03,0.665,100.0,10,0.0068,0.0301,0,,130.615,1306.2,market,@FDACatalyst_Rider,0.00012,0.0001,fda: 30d approvals=89 median=56,0.0,130.419998,data/real/prices/yahoo/XBI.json,131.460007,128.990005,130.619995,51e3a7268333197c1fd3996d0ccf7e0247fc9f5d8ab22ca19c8137c6dfa5e654,8261100,0.0,,10,buy,0.0,15.335,0.0,0.0,0.05,filled,,XBI,0.0868
720.08,False,720.08,720.07,-720.083,0.0,2026-05-04,720.070007,0.0,0.0048,0.003,0.114,100.0,1,0.0002,0.013,0,,720.075,720.08,market,@PinePilot_EMA_Cross,0.0,0.01,pinepilot: EMA(20) > EMA(50),0.0,718.01001,data/real/prices/yahoo/SPY.json,722.119995,714.98999,720.070007,7353863ce2b1a9438c1be2922e0aef571e3813bf0ff57dbbf11b33c28a864fbc,51950600,0.0,,1,buy,0.139,28.83,0.139,0.139,0.005,filled,,SPY,0.0082
130.0,False,129.99,129.99,1299.8413,0.0,2026-05-04,129.990005,0.0,-0.0568,0.03,0.889,100.0,10,0.0068,0.0588,0,,129.995,1299.9,market,@FDACatalyst_Rider,0.00012,0.0,fda: 30d approvals=87 median=56,0.0,133.5,data/real/prices/yahoo/XBI.json,133.770004,129.800003,129.990005,51e3a7268333197c1fd3996d0ccf7e0247fc9f5d8ab22ca19c8137c6dfa5e654,8114200,0.0287,,10,sell,0.0,-262.921,0.0,-0.0,0.05,filled,,XBI,0.1156
171.29,False,171.29,171.28,-2569.395,0.0,2026-05-05,171.289993,0.0,-0.11,0.045,0.604,100.0,15,0.0351,0.0451,0,,171.285,2569.35,market,@FDACatalyst_Rider,0.00145,0.0001,fda: 30d approvals=89 median=57,0.0,170.339996,data/real/prices/yahoo/IBB.json,172.679993,168.759995,171.289993,1e1d0b457ea2d7ac5c34635d502fd444d1bf308bb3865c58eaf0286f33e0a86c,1036400,0.0,,15,buy,0.0,55.771,0.0,0.0,0.075,filled,,IBB,0.1551
135.15,False,135.15,135.14,-7568.568,0.0,2026-05-05,135.149994,0.0,-0.3794,0.168,0.724,100.0,56,0.0997,0.1683,0,,135.145,7568.4,market,@FDACatalyst_Rider,0.00064,0.0003,fda: 30d approvals=89 median=57,0.0,133.789993,data/real/prices/yahoo/XBI.json,136.369995,131.960007,135.149994,51e3a7268333197c1fd3996d0ccf7e0247fc9f5d8ab22ca19c8137c6dfa5e654,8702600,0.0,,56,buy,0.0,101.652,0.0,0.0,0.28,filled,,XBI,0.5477
687.79,False,687.79,687.78,-1375.586,0.0,2026-05-06,687.780029,0.0,0.0091,0.006,0.123,100.0,2,0.0009,0.0259,0,,687.785,1375.58,market,@PinePilot_EMA_Cross,1e-05,0.0199,pinepilot: EMA(20) > EMA(50),0.0,695.77002,data/real/prices/yahoo/QQQ.json,695.929993,686.47998,687.780029,e8cfe01a120c538da1320474ba43d37432e8ebb3387eb489dc22eba738ffd85a,38778500,0.0,,2,buy,0.145,-114.693,0.145,0.145,0.01,filled,,QQQ,0.0169
728.16,False,728.16,728.15,-1456.326,0.0,2026-05-06,728.159973,0.0,-0.0106,0.006,0.114,100.0,2,0.0006,0.0061,0,,728.155,1456.32,market,@PinePilot_EMA_Cross,0.0,0.0001,pinepilot: EMA(20) > EMA(50),0.0,733.830017,data/real/prices/yahoo/SPY.json,734.590027,727.820007,728.159973,7353863ce2b1a9438c1be2922e0aef571e3813bf0ff57dbbf11b33c28a864fbc,53288900,0.0,,2,buy,0.0,-77.266,0.0,0.0,0.01,filled,,SPY,0.0166
287.53,False,287.53,287.52,-1437.665,0.0,2026-05-07,287.529999,0.0,-0.027,0.015,0.292,100.0,5,0.002,0.015,0,,287.525,1437.65,market,@PinePilot_EMA_Cross,2e-05,0.0,pinepilot: EMA(20) > EMA(50),0.0,282.26001,data/real/prices/yahoo/IWM.json,287.579987,281.149994,287.529999,e64243e5cb1f476108f0b2a326759daaf5c078330e63d0a97197784a4b2f2ba7,28350400,0.0,,5,buy,0.0,186.707,0.0,0.0,0.025,filled,,IWM,0.042
735.05,False,735.05,735.04,-735.053,0.0,2026-05-07,735.049988,0.0,-0.0052,0.003,0.112,100.0,1,0.0002,0.003,0,,735.045,735.05,market,@PinePilot_EMA_Cross,0.0,0.0,pinepilot: EMA(20) > EMA(50),0.0,731.580017,data/real/prices/yahoo/SPY.json,736.130005,729.75,735.049988,7353863ce2b1a9438c1be2922e0aef571e3813bf0ff57dbbf11b33c28a864fbc,51724600,0.0,,1,buy,0.0,47.431,0.0,0.0,0.005,filled,,SPY,0.0082
136.81,False,136.81,136.8,-2462.634,0.0,2026-05-07,136.800003,0.0,0.0701,0.054,0.665,100.0,18,0.0198,0.2339,0,,136.805,2462.58,market,@FDACatalyst_Rider,0.00017,0.1799,fda: 30d approvals=65 median=57,0.0,133.660004,data/real/prices/yahoo/XBI.json,137.169998,131.960007,136.800003,51e3a7268333197c1fd3996d0ccf7e0247fc9f5d8ab22ca19c8137c6dfa5e654,10692800,0.0,,18,buy,0.731,235.672,0.731,0.731,0.09,filled,,XBI,0.1638
133.87,False,133.86,133.86,4684.8917,0.0,2026-05-08,133.869995,0.0,0.1179,0.105,0.94,100.0,35,0.0569,0.5582,0,,133.865,4685.1,market,@FDACatalyst_Rider,0.0003,0.3498,fda: 30d approvals=66 median=58,0.0,134.710007,data/real/prices/yahoo/XBI.json,135.880005,133.270004,133.869995,51e3a7268333197c1fd3996d0ccf7e0247fc9f5d8ab22ca19c8137c6dfa5e654,11783800,0.1033,,35,sell,0.747,-63.099,0.747,-0.747,0.175,filled,,XBI,0.4402
284.93,False,284.93,284.92,-1139.732,0.0,2026-05-11,284.920013,0.0,0.0186,0.012,0.293,100.0,4,0.0014,0.0519,0,,284.925,1139.72,market,@PinePilot_EMA_Cross,2e-05,0.0399,pinepilot: EMA(20) > EMA(50),0.0,285.329987,data/real/prices/yahoo/IWM.json,287.049988,284.589996,284.920013,e64243e5cb1f476108f0b2a326759daaf5c078330e63d0a97197784a4b2f2ba7,20150400,0.0,,4,buy,0.351,-14.018,0.351,0.351,0.02,filled,,IWM,0.0334
135.25,False,135.25,135.24,-1487.783,0.0,2026-05-11,135.240005,0.0,0.0448,0.033,0.659,100.0,11,0.0101,0.1429,0,,135.245,1487.75,market,@FDACatalyst_Rider,0.00011,0.1099,fda: 30d approvals=61 median=58,0.0,134.75,data/real/prices/yahoo/XBI.json,138.100006,134.149994,135.240005,51e3a7268333197c1fd3996d0ccf7e0247fc9f5d8ab22ca19c8137c6dfa5e654,9991800,0.0,,11,buy,0.739,37.106,0.739,0.739,0.055,filled,,XBI,0.0981
135.25,False,135.26,135.24,-69795.708,0.0,2026-05-11,135.240005,0.0,4.4939,1.548,1.056,100.0,516,3.2436,11.8654,0,,135.245,69794.16,market,@FDA_ClusterFade,0.00516,10.3174,fda fade: z back inside the band,0.0,134.75,data/real/prices/yahoo/XBI.json,138.100006,134.149994,135.240005,51e3a7268333197c1fd3996d0ccf7e0247fc9f5d8ab22ca19c8137c6dfa5e654,9991800,0.0,,516,buy,1.478,37.848,1.478,1.478,2.58,filled,,XBI,7.3716
283.84,False,283.84,283.83,-851.529,0.0,2026-05-14,283.839996,0.0,-0.0159,0.009,0.292,100.0,3,0.0009,0.009,0,,283.835,851.52,market,@PinePilot_EMA_Cross,2e-05,0.0,pinepilot: EMA(20) > EMA(50),0.0,284.450012,data/real/prices/yahoo/IWM.json,285.660004,281.959991,283.839996,e64243e5cb1f476108f0b2a326759daaf5c078330e63d0a97197784a4b2f2ba7,17428700,0.0,,3,buy,0.0,-21.445,0.0,0.0,0.015,filled,,IWM,0.0249
136.26,False,136.26,136.25,-2588.997,0.0,2026-05-14,136.259995,0.0,-0.115,0.057,0.665,100.0,19,0.0201,0.0571,0,,136.255,2588.94,market,@FDACatalyst_Rider,0.00037,0.0001,fda: 30d approvals=65 median=58,0.0,134.850006,data/real/prices/yahoo/XBI.json,136.910004,133.539993,136.259995,51e3a7268333197c1fd3996d0ccf7e0247fc9f5d8ab22ca19c8137c6dfa5e654,5197100,0.0,,19,buy,0.0,104.56,0.0,0.0,0.095,filled,,XBI,0.1721
133.22,False,133.21,133.21,4129.3259,0.0,2026-05-15,133.210007,0.0,-0.1959,0.093,0.921,100.0,31,0.0411,0.1843,0,,133.215,4129.51,market,@FDACatalyst_Rider,0.00033,0.0002,fda: 30d approvals=69 median=58,0.0,130.690002,data/real/prices/yahoo/XBI.json,133.669998,130.300003,133.210007,51e3a7268333197c1fd3996d0ccf7e0247fc9f5d8ab22ca19c8137c6dfa5e654,9438200,0.0911,,31,sell,0.001,192.823,0.001,-0.001,0.155,filled,,XBI,0.3802
711.54,False,711.53,711.53,711.5121,0.0,2026-05-18,711.539978,0.0,0.0046,0.003,0.326,100.0,1,0.0004,0.0278,0,,711.535,711.53,market,@PinePilot_EMA_Cross,0.0,0.01,pinepilot: EMA(20) > EMA(50),0.0,705.880005,data/real/prices/yahoo/QQQ.json,712.070007,698.849976,711.539978,e8cfe01a120c538da1320474ba43d37432e8ebb3387eb489dc22eba738ffd85a,49834500,0.0149,,1,sell,0.14,80.042,0.14,-0.14,0.005,filled,,QQQ,0.0232
130.9,False,130.89,130.89,4973.5961,0.0,2026-05-18,130.899994,0.0,0.1301,0.114,0.952,100.0,38,0.0596,0.6036,0,,130.895,4973.82,market,@FDACatalyst_Rider,0.00047,0.3798,fda: 30d approvals=65 median=59,0.0,127.669998,data/real/prices/yahoo/XBI.json,131.5,126.699997,130.899994,51e3a7268333197c1fd3996d0ccf7e0247fc9f5d8ab22ca19c8137c6dfa5e654,8076600,0.1099,,38,sell,0.763,252.213,0.763,-0.763,0.19,filled,,XBI,0.4735
699.81,False,699.8,699.8,699.7824,0.0,2026-05-19,699.809998,0.0,0.0046,0.003,0.328,100.0,1,0.0004,0.0276,0,,699.805,699.8,market,@PinePilot_EMA_Cross,0.0,0.01,pinepilot: EMA(20) > EMA(50),0.0,701.530029,data/real/prices/yahoo/QQQ.json,706.48999,695.25,699.809998,e8cfe01a120c538da1320474ba43d37432e8ebb3387eb489dc22eba738ffd85a,46827500,0.0146,,1,sell,0.143,-24.661,0.143,-0.143,0.005,filled,,QQQ,0.023
734.79,False,734.78,734.78,1469.5233,0.0,2026-05-19,734.780029,0.0,-0.0105,0.006,0.321,100.0,2,0.0006,0.0367,0,,734.785,1469.56,market,@PinePilot_EMA_Cross,0.0,0.0001,pinepilot: EMA(20) > EMA(50),0.0,733.72998,data/real/prices/yahoo/SPY.json,737.650024,731.530029,734.780029,7353863ce2b1a9438c1be2922e0aef571e3813bf0ff57dbbf11b33c28a864fbc,54255900,0.0307,,2,sell,0.0,14.311,0.0,-0.0,0.01,filled,,SPY,0.0472
127.28,False,127.27,127.27,4963.3031,0.0,2026-05-19,127.279999,0.0,0.1362,0.117,0.968,100.0,39,0.0587,0.6168,0,,127.275,4963.53,market,@FDACatalyst_Rider,0.00032,0.39,fda: 30d approvals=67 median=59,0.0,126.790001,data/real/prices/yahoo/XBI.json,128.130005,125.07,127.279999,51e3a7268333197c1fd3996d0ccf7e0247fc9f5d8ab22ca19c8137c6dfa5e654,12027000,0.1099,,39,sell,0.786,37.858,0.786,-0.786,0.195,filled,,XBI,0.4806
127.81,False,127.81,127.8,-1405.943,0.0,2026-05-20,127.809998,0.0,-0.0638,0.033,0.688,100.0,11,0.0088,0.033,0,,127.805,1405.91,market,@FDACatalyst_Rider,0.0001,0.0,fda: 30d approvals=68 median=59,0.0,131.710007,data/real/prices/yahoo/XBI.json,132.070007,127.809998,127.809998,51e3a7268333197c1fd3996d0ccf7e0247fc9f5d8ab22ca19c8137c6dfa5e654,10734400,0.0,,11,buy,0.0,-296.106,0.0,0.0,0.055,filled,,XBI,0.0968
738.65,False,738.65,738.64,-738.653,0.0,2026-05-21,738.640015,0.0,0.0048,0.003,0.111,100.0,1,0.0002,0.013,0,,738.645,738.65,market,@PinePilot_EMA_Cross,0.0,0.01,pinepilot: EMA(20) > EMA(50),0.0,742.719971,data/real/prices/yahoo/SPY.json,744.869995,737.030029,738.640015,7353863ce2b1a9438c1be2922e0aef571e3813bf0ff57dbbf11b33c28a864fbc,43332200,0.0,,1,buy,0.135,-54.798,0.135,0.135,0.005,filled,,SPY,0.0082
130.64,False,130.64,130.63,-3527.361,0.0,2026-05-21,130.639999,0.0,-0.1746,0.081,0.725,100.0,27,0.0396,0.081,0,,130.635,3527.28,market,@FDACatalyst_Rider,0.00039,0.0,fda: 30d approvals=65 median=59,0.0,132.779999,data/real/prices/yahoo/XBI.json,133.429993,129.669998,130.639999,51e3a7268333197c1fd3996d0ccf7e0247fc9f5d8ab22ca19c8137c6dfa5e654,6852700,0.0,,27,buy,0.0,-161.169,0.0,0.0,0.135,filled,,XBI,0.2556
718.08,False,718.08,718.07,-718.083,0.0,2026-05-22,718.070007,0.0,0.0046,0.003,0.117,100.0,1,0.0004,0.013,0,,718.075,718.08,market,@PinePilot_EMA_Cross,0.0,0.01,pinepilot: EMA(20) > EMA(50),0.0,717.539978,data/real/prices/yahoo/QQQ.json,722.119995,715.950012,718.070007,e8cfe01a120c538da1320474ba43d37432e8ebb3387eb489dc22eba738ffd85a,33118600,0.0,,1,buy,0.139,7.526,0.139,0.139,0.005,filled,,QQQ,0.0084
746.24,False,746.24,746.23,-746.243,0.0,2026-05-22,746.23999,0.0,-0.0052,0.003,0.11,100.0,1,0.0002,0.003,0,,746.235,746.24,market,@PinePilot_EMA_Cross,0.0,0.0,pinepilot: EMA(20) > EMA(50),0.0,745.640015,data/real/prices/yahoo/SPY.json,748.940002,744.47998,746.23999,7353863ce2b1a9438c1be2922e0aef571e3813bf0ff57dbbf11b33c28a864fbc,41762000,0.0,,1,buy,0.0,8.047,0.0,0.0,0.005,filled,,SPY,0.0082
132.5,False,132.5,132.49,-3180.072,0.0,2026-05-22,132.490005,0.0,0.0859,0.072,0.711,100.0,24,0.0339,0.3119,0,,132.495,3180.0,market,@FDACatalyst_Rider,0.00037,0.2399,fda: 30d approvals=63 median=59,0.0,131.660004,data/real/prices/yahoo/XBI.json,134.289993,131.470001,132.490005,51e3a7268333197c1fd3996d0ccf7e0247fc9f5d8ab22ca19c8137c6dfa5e654,6467700,0.0,,24,buy,0.754,63.8,0.754,0.754,0.12,filled,,XBI,0.2259
169.76,False,169.74,169.75,68741.9899,0.0,2026-05-26,169.75,0.0,-3.4581,1.215,1.486,100.0,405,5.4831,6.7601,0,,169.755,68744.7,market,@FDACatalyst_Rider,0.0414,4.05,fda: approval flow back below median,0.0,169.419998,data/real/prices/yahoo/IBB.json,170.25,168.570007,169.75,1e1d0b457ea2d7ac5c34635d502fd444d1bf308bb3865c58eaf0286f33e0a86c,978300,1.4951,,405,sell,0.589,18.888,0.589,-0.589,2.025,filled,,IBB,10.2182
750.02,False,750.02,750.01,-1500.046,0.0,2026-05-26,750.01001,0.0,0.0094,0.006,0.111,100.0,2,0.0006,0.026,0,,750.015,1500.04,market,@PinePilot_EMA_Cross,0.0,0.02,pinepilot: EMA(20) > EMA(50),0.0,750.590027,data/real/prices/yahoo/SPY.json,752.130005,748.369995,750.01001,7353863ce2b1a9438c1be2922e0aef571e3813bf0ff57dbbf11b33c28a864fbc,41123600,0.0,,2,buy,0.133,-7.594,0.133,0.133,0.01,filled,,SPY,0.0166
11.13,False,11.14,11.12,-98994.412,0.0,2026-05-26,11.13,105.68,-88.7242,26.652,20.635,100.0,8884,27.4642,115.492,0,,11.125,98967.76,market,@Weather_ColdSnap_Max,0.14172,88.84,weather: 2 cold anomaly days in 10,0.0,10.91,data/real/prices/yahoo/UNG.json,11.22,10.88,11.13,eb7bcc0769945fb2c40fbcd98753ed7e17e367cf69d2ce2bde9ae60f00a462cc,6268700,0.0,,8884,buy,8.985,210.816,8.985,8.985,44.42,filled,,UNG,204.2162
132.48,False,132.46,132.47,250735.5665,0.0,2026-05-26,132.470001,0.0,-13.8329,5.679,1.754,100.0,1893,23.2998,30.1454,0,,132.475,250746.78,market,@FDACatalyst_Rider,0.03193,18.9319,fda: approval flow back below median,0.0,133.350006,data/real/prices/yahoo/XBI.json,133.679993,131.389999,132.470001,51e3a7268333197c1fd3996d0ccf7e0247fc9f5d8ab22ca19c8137c6dfa5e654,5928300,5.5345,,1893,sell,0.755,-66.742,0.755,-0.755,9.465,filled,,XBI,43.9783
45.6,False,45.6,45.59,-53902.746,0.0,2026-05-26,45.59,0.0,4.4454,3.546,2.026,100.0,1182,1.4646,15.366,0,,45.595,53899.2,market,@Weather_ColdSnap_Max,0.0086,11.82,weather: 2 cold anomaly days in 10,0.0,45.330002,data/real/prices/yahoo/XLU.json,45.639999,45.330002,45.59,14b54e4f6f4c8f304dd74a921163ea2ceb3b09c2fca6a585e9368497d2b68e9b,13738200,0.0,,1182,buy,2.193,59.563,2.193,2.193,5.91,filled,,XLU,10.9206
732.97,False,732.97,732.96,-732.973,0.0,2026-05-27,732.960022,0.0,0.0046,0.003,0.114,100.0,1,0.0004,0.013,0,,732.965,732.97,market,@PinePilot_EMA_Cross,0.0,0.01,pinepilot: EMA(20) > EMA(50),0.0,729.450012,data/real/prices/yahoo/QQQ.json,733.320007,725.440002,732.960022,e8cfe01a120c538da1320474ba43d37432e8ebb3387eb489dc22eba738ffd85a,35148700,0.0,,1,buy,0.136,48.255,0.136,0.136,0.005,filled,,QQQ,0.0084
134.23,False,134.24,134.22,-251168.653,0.0,2026-05-28,134.229996,0.0,-14.2245,5.613,1.535,100.0,1871,23.587,24.3305,0,,134.225,251163.04,market,@FDACatalyst_Rider,0.02727,18.7175,fda: 30d approvals=60 median=59,0.0,135.990005,data/real/prices/yahoo/XBI.json,136.559998,133.130005,134.229996,51e3a7268333197c1fd3996d0ccf7e0247fc9f5d8ab22ca19c8137c6dfa5e654,6861000,0.0,,1871,buy,0.745,-128.686,0.745,0.745,9.355,filled,,XBI,38.555
45.03,False,45.03,45.02,-1035.759,0.0,2026-05-28,45.029999,0.0,-0.1189,0.069,1.815,100.0,23,0.004,0.069,0,,45.025,1035.69,market,@Weather_ColdSnap_Max,0.00012,0.0,weather: 2 cold anomaly days in 10,0.0,44.630001,data/real/prices/yahoo/XLU.json,45.27,44.580002,45.029999,14b54e4f6f4c8f304dd74a921163ea2ceb3b09c2fca6a585e9368497d2b68e9b,19383000,0.0,,23,buy,0.0,89.626,0.0,0.0,0.115,filled,,XLU,0.188
291.39,False,291.39,291.38,-1456.965,0.0,2026-05-29,291.380005,0.0,0.0226,0.015,0.291,100.0,5,0.0024,0.065,0,,291.385,1456.95,market,@PinePilot_EMA_Cross,2e-05,0.05,pinepilot: EMA(20) > EMA(50),0.0,290.429993,data/real/prices/yahoo/IWM.json,291.410004,288.329987,291.380005,e64243e5cb1f476108f0b2a326759daaf5c078330e63d0a97197784a4b2f2ba7,26952800,0.0,,5,buy,0.343,33.055,0.343,0.343,0.025,filled,,IWM,0.0424
755.91,False,755.91,755.9,-755.913,0.0,2026-05-29,755.900024,0.0,0.0048,0.003,0.109,100.0,1,0.0002,0.013,0,,755.905,755.91,market,@PinePilot_EMA_Cross,0.0,0.01,pinepilot: EMA(20) > EMA(50),0.0,756.47998,data/real/prices/yahoo/SPY.json,758.080017,754.690002,755.900024,7353863ce2b1a9438c1be2922e0aef571e3813bf0ff57dbbf11b33c28a864fbc,55075700,0.0,,1,buy,0.132,-7.535,0.132,0.132,0.005,filled,,SPY,0.0082
136.48,False,136.48,136.47,-2047.245,0.0,2026-05-29,136.479996,0.0,-0.092,0.045,0.67,100.0,15,0.0171,0.0451,0,,136.475,2047.2,market,@FDACatalyst_Rider,0.00022,0.0001,fda: 30d approvals=60 median=59,0.0,136.690002,data/real/prices/yahoo/XBI.json,137.350006,135.610001,136.479996,51e3a7268333197c1fd3996d0ccf7e0247fc9f5d8ab22ca19c8137c6dfa5e654,6734800,0.0,,15,buy,0.0,-15.363,0.0,0.0,0.075,filled,,XBI,0.1371
44.67,False,44.67,44.66,-4735.338,0.0,2026-05-29,44.669998,0.0,-0.5695,0.318,1.875,100.0,106,0.0397,0.3182,0,,44.665,4735.02,market,@Weather_ColdSnap_Max,0.00046,0.0002,weather: 2 cold anomaly days in 10,0.0,44.419998,data/real/prices/yahoo/XLU.json,44.720001,44.25,44.669998,14b54e4f6f4c8f304dd74a921163ea2ceb3b09c2fca6a585e9368497d2b68e9b,23048500,0.0,,106,buy,0.0,56.281,0.0,0.0,0.53,filled,,XLU,0.8877
737.04,False,737.04,737.03,-22111.29,0.0,2026-06-01,737.039978,0.0,-0.2084,0.09,0.135,100.0,30,0.0591,0.0907,0,,737.035,22111.2,market,@LeapMaxLever_Momentum,9e-05,0.0007,the leap: monthly leader QQQ,0.0,742.73999,data/real/prices/yahoo/QQQ.json,745.650024,735.98999,737.039978,e8cfe01a120c538da1320474ba43d37432e8ebb3387eb489dc22eba738ffd85a,33890600,0.0,,30,buy,0.0,-76.743,0.0,0.0,0.15,filled,,QQQ,0.2991
11.62,False,11.61,11.61,2031.149,0.0,2026-06-01,11.61,0.0,-0.9595,0.525,7.68,100.0,175,0.0845,0.601,0,,11.615,2031.75,market,@Weather_ColdSnap_Max,0.00201,-0.0,weather: 1 cold anomaly days in 10,0.0,11.54,data/real/prices/yahoo/UNG.json,11.66,11.45,11.61,eb7bcc0769945fb2c40fbcd98753ed7e17e367cf69d2ce2bde9ae60f00a462cc,8716900,0.076,,175,sell,-0.0,60.659,-0.0,0.0,0.875,filled,,UNG,1.5604
135.62,False,135.6,135.61,255594.7119,0.0,2026-06-01,135.619995,0.0,5.0701,5.655,1.718,100.0,1885,23.1955,48.9786,0,,135.615,255606.0,market,@FDACatalyst_Rider,0.02377,37.6906,fda: approval flow back below median,0.0,133.619995,data/real/prices/yahoo/XBI.json,135.660004,132.240005,135.619995,51e3a7268333197c1fd3996d0ccf7e0247fc9f5d8ab22ca19c8137c6dfa5e654,7929300,5.6331,,1885,sell,1.474,148.182,1.474,-1.474,9.425,filled,,XBI,43.9086
43.91,False,43.9,43.9,2414.2745,0.0,2026-06-01,43.900002,0.0,-0.2892,0.165,2.132,100.0,55,0.0143,0.2256,0,,43.905,2414.5,market,@Weather_ColdSnap_Max,0.00018,0.0001,weather: 1 cold anomaly days in 10,0.0,43.099998,data/real/prices/yahoo/XLU.json,43.959999,43.07,43.900002,14b54e4f6f4c8f304dd74a921163ea2ceb3b09c2fca6a585e9368497d2b68e9b,31206300,0.0605,,55,sell,0.0,185.615,0.0,-0.0,0.275,filled,,XLU,0.5148
85.81,False,85.81,85.8,-1544.634,0.0,2026-06-02,85.800003,0.0,0.0874,0.054,0.949,100.0,18,0.0026,0.2339,0,,85.805,1544.58,market,@YieldCurve_Rotator,9e-05,0.1799,curve: 21d change -3.0bp,0.0,85.650002,data/real/prices/yahoo/TLT.json,85.82,85.5,85.800003,d823b49f9ceafa130626634af73ca48f96ee2ec142fa7c454cd3e9b95d78a7cd,20319000,0.0,,18,buy,1.165,18.68,1.165,1.165,0.09,filled,,TLT,0.1466
11.35,False,11.34,11.34,98718.8637,0.0,2026-06-02,11.34,0.0,-72.7423,26.124,10.39,100.0,8708,29.2023,29.8563,0,,11.345,98748.72,market,@Weather_ColdSnap_Max,0.14694,-0.0,weather: no cold anomaly in the window,0.0,11.47,data/real/prices/yahoo/UNG.json,11.52,11.33,11.34,eb7bcc0769945fb2c40fbcd98753ed7e17e367cf69d2ce2bde9ae60f00a462cc,5926300,3.7323,,8708,sell,-0.0,-113.339,-0.0,0.0,43.54,filled,,UNG,102.5986
43.21,False,43.2,43.2,54297.2653,0.0,2026-06-02,43.209999,0.0,4.7593,3.771,2.384,100.0,1257,1.5244,17.7035,0,,43.205,54302.4,market,@Weather_ColdSnap_Max,0.00459,12.5687,weather: no cold anomaly in the window,0.0,43.900002,data/real/prices/yahoo/XLU.json,43.959999,43.18,43.209999,14b54e4f6f4c8f304dd74a921163ea2ceb3b09c2fca6a585e9368497d2b68e9b,27366300,1.3637,,1257,sell,2.314,-159.454,2.314,-2.314,6.285,filled,,XLU,12.9441
127.58,False,127.59,127.57,-254803.221,0.0,2026-06-03,127.57,0.0,2.2631,5.991,1.714,100.0,1997,27.6919,45.931,0,,127.575,254797.23,market,@FDACatalyst_Rider,0.02466,39.94,fda: 30d approvals=60 median=59,0.0,129.830002,data/real/prices/yahoo/XBI.json,129.990005,127.120003,127.57,51e3a7268333197c1fd3996d0ccf7e0247fc9f5d8ab22ca19c8137c6dfa5e654,8097300,0.0,,1997,buy,1.568,-172.533,1.568,1.568,9.985,filled,,XBI,43.6679
130.45,False,130.45,130.44,-2739.513,0.0,2026-06-04,130.440002,0.0,0.075,0.063,0.723,100.0,21,0.03,0.273,0,,130.445,2739.45,market,@FDACatalyst_Rider,0.00029,0.21,fda: 30d approvals=70 median=59,0.0,133.419998,data/real/prices/yahoo/XBI.json,134.479996,130.440002,130.440002,51e3a7268333197c1fd3996d0ccf7e0247fc9f5d8ab22ca19c8137c6dfa5e654,7324200,0.0,,21,buy,0.766,-222.605,0.766,0.766,0.105,filled,,XBI,0.198
132.78,False,132.78,132.77,-2390.094,0.0,2026-06-05,132.770004,0.0,0.0645,0.054,0.709,100.0,18,0.0254,0.2339,0,,132.775,2390.04,market,@FDACatalyst_Rider,0.00021,0.1799,fda: 30d approvals=73 median=59,0.0,128.669998,data/real/prices/yahoo/XBI.json,133.320007,128.179993,132.770004,51e3a7268333197c1fd3996d0ccf7e0247fc9f5d8ab22ca19c8137c6dfa5e654,8408400,0.0,,18,buy,0.753,319.422,0.753,0.753,0.09,filled,,XBI,0.1694
285.52,False,285.51,285.51,1142.0037,0.0,2026-06-08,285.51001,0.0,-0.022,0.012,0.511,100.0,4,0.002,0.0363,0,,285.515,1142.04,market,@PinePilot_EMA_Cross,1e-05,0.0,pinepilot: EMA(20) > EMA(50),0.0,284.109985,data/real/prices/yahoo/IWM.json,286.839996,283.579987,285.51001,e64243e5cb1f476108f0b2a326759daaf5c078330e63d0a97197784a4b2f2ba7,27277400,0.0243,,4,sell,0.0,49.277,0.0,-0.0,0.02,filled,,IWM,0.0583
743.36,False,743.35,743.35,743.3315,0.0,2026-06-08,743.359985,0.0,0.0047,0.003,0.32,100.0,1,0.0003,0.0285,0,,743.355,743.35,market,@PinePilot_EMA_Cross,0.0,0.01,pinepilot: EMA(20) > EMA(50),0.0,739.219971,data/real/prices/yahoo/SPY.json,745.340027,738.190002,743.359985,7353863ce2b1a9438c1be2922e0aef571e3813bf0ff57dbbf11b33c28a864fbc,49319100,0.0155,,1,sell,0.134,55.87,0.134,-0.134,0.005,filled,,SPY,0.0238
11.4,False,11.42,11.39,-97689.496,0.0,2026-06-08,11.4,99.04,-1.3124,25.656,20.274,100.0,8552,30.5524,196.696,0,,11.395,97663.84,market,@Weather_ColdSnap_Max,0.2043,171.04,weather: 1 cold anomaly days in 10,0.0,11.37,data/real/prices/yahoo/UNG.json,11.44,11.23,11.4,eb7bcc0769945fb2c40fbcd98753ed7e17e367cf69d2ce2bde9ae60f00a462cc,4186100,0.0,,8552,buy,17.544,43.975,17.544,17.544,42.76,filled,,UNG,198.0084
130.22,False,130.21,130.21,2473.8783,0.0,2026-06-08,130.210007,0.0,-0.1223,0.057,0.946,100.0,19,0.0275,0.1118,0,,130.215,2473.99,market,@FDACatalyst_Rider,0.00029,0.0001,fda: 30d approvals=67 median=60,0.0,128.429993,data/real/prices/yahoo/XBI.json,131.059998,127.849998,130.210007,51e3a7268333197c1fd3996d0ccf7e0247fc9f5d8ab22ca19c8137c6dfa5e654,6472300,0.0547,,19,sell,0.001,138.597,0.001,-0.001,0.095,filled,,XBI,0.2341
44.32,False,44.32,44.31,-53187.6,0.0,2026-06-08,44.32,0.0,-7.6387,3.6,2.113,100.0,1200,1.6387,3.6,0,,44.315,53184.0,market,@Weather_ColdSnap_Max,0.00576,0.0,weather: 1 cold anomaly days in 10,0.0,43.52,data/real/prices/yahoo/XLU.json,44.380001,43.470001,44.32,14b54e4f6f4c8f304dd74a921163ea2ceb3b09c2fca6a585e9368497d2b68e9b,20843500,0.0,,1200,buy,0.0,183.824,0.0,0.0,6.0,filled,,XLU,11.2387
11.35,False,11.34,11.34,1156.3303,0.0,2026-06-09,11.34,0.0,-0.5511,0.306,7.788,100.0,102,0.0411,0.3497,0,,11.345,1156.68,market,@Weather_ColdSnap_Max,0.00245,-0.0,weather: 1 cold anomaly days in 10,0.0,11.39,data/real/prices/yahoo/UNG.json,11.56,11.31,11.34,eb7bcc0769945fb2c40fbcd98753ed7e17e367cf69d2ce2bde9ae60f00a462cc,4161200,0.0437,,102,sell,-0.0,-43.898,-0.0,0.0,0.51,filled,,UNG,0.9008
168.68,False,168.7,168.67,-70180.448,0.0,2026-06-10,168.679993,0.0,-0.1701,1.248,1.388,100.0,416,6.413,9.5709,0,,168.675,70179.2,market,@FDACatalyst_Rider,0.0327,8.3229,fda: 30d approvals=77 median=60,0.0,165.929993,data/real/prices/yahoo/IBB.json,170.809998,165.880005,168.679993,1e1d0b457ea2d7ac5c34635d502fd444d1bf308bb3865c58eaf0286f33e0a86c,1272100,0.0,,416,buy,1.186,166.938,1.186,1.186,2.08,filled,,IBB,9.741
284.59,False,284.58,284.58,1422.8547,0.0,2026-06-10,284.589996,0.0,0.0222,0.015,0.513,100.0,5,0.0027,0.0953,0,,284.585,1422.9,market,@PinePilot_EMA_Cross,1e-05,0.05,pinepilot: EMA(20) > EMA(50),0.0,282.049988,data/real/prices/yahoo/IWM.json,289.0,281.76001,284.589996,e64243e5cb1f476108f0b2a326759daaf5c078330e63d0a97197784a4b2f2ba7,39285000,0.0303,,5,sell,0.351,89.701,0.351,-0.351,0.025,filled,,IWM,0.073
733.4,False,733.39,733.39,733.3717,0.0,2026-06-10,733.390015,0.0,-0.0052,0.003,0.321,100.0,1,0.0003,0.0183,0,,733.395,733.39,market,@PinePilot_EMA_Cross,0.0,0.0,pinepilot: EMA(20) > EMA(50),0.0,725.429993,data/real/prices/yahoo/SPY.json,738.380005,725.330017,733.390015,7353863ce2b1a9438c1be2922e0aef571e3813bf0ff57dbbf11b33c28a864fbc,60341300,0.0153,,1,sell,0.0,109.728,0.0,-0.0,0.005,filled,,SPY,0.0236
11.65,False,11.65,11.64,-1025.464,0.0,2026-06-10,11.65,0.0,-0.474,0.264,7.198,100.0,88,0.034,0.264,0,,11.645,1025.2,market,@Weather_ColdSnap_Max,0.00142,0.0,weather: 1 cold anomaly days in 10,0.0,11.54,data/real/prices/yahoo/UNG.json,11.72,11.5,11.65,eb7bcc0769945fb2c40fbcd98753ed7e17e367cf69d2ce2bde9ae60f00a462cc,6187700,0.0,,88,buy,0.0,95.321,0.0,0.0,0.44,filled,,UNG,0.738
44.23,False,44.23,44.22,-1194.291,0.0,2026-06-10,44.220001,0.0,0.1292,0.081,1.857,100.0,27,0.0058,0.351,0,,44.225,1194.21,market,@Weather_ColdSnap_Max,0.00015,0.27,weather: 1 cold anomaly days in 10,0.0,44.0,data/real/prices/yahoo/XLU.json,44.279999,43.790001,44.220001,14b54e4f6f4c8f304dd74a921163ea2ceb3b09c2fca6a585e9368497d2b68e9b,17778000,0.0,,27,buy,2.261,52.273,2.261,2.261,0.135,filled,,XLU,0.2218
129.14,False,129.13,129.13,2324.2346,0.0,2026-06-11,129.139999,0.0,0.0647,0.054,0.95,100.0,18,0.0253,0.2854,0,,129.135,2324.34,market,@FDACatalyst_Rider,0.00018,0.18,fda: 30d approvals=77 median=60,0.0,132.740005,data/real/prices/yahoo/XBI.json,133.419998,128.449997,129.139999,51e3a7268333197c1fd3996d0ccf7e0247fc9f5d8ab22ca19c8137c6dfa5e654,10176700,0.0514,,18,sell,0.774,-271.961,0.774,-0.774,0.09,filled,,XBI,0.2207
44.23,False,44.22,44.22,1547.5563,0.0,2026-06-11,44.220001,0.0,-0.1834,0.105,2.113,100.0,35,0.0084,0.1437,0,,44.225,1547.7,market,@Weather_ColdSnap_Max,0.00018,0.0,weather: 1 cold anomaly days in 10,0.0,44.049999,data/real/prices/yahoo/XLU.json,44.52,44.009998,44.220001,14b54e4f6f4c8f304dd74a921163ea2ceb3b09c2fca6a585e9368497d2b68e9b,19146300,0.0387,,35,sell,0.0,38.593,0.0,-0.0,0.175,filled,,XLU,0.3271
170.73,False,170.73,170.72,-1536.597,0.0,2026-06-12,170.720001,0.0,0.0222,0.027,0.617,100.0,9,0.0228,0.117,0,,170.725,1536.57,market,@FDACatalyst_Rider,0.00053,0.09,fda: 30d approvals=79 median=60,0.0,170.660004,data/real/prices/yahoo/IBB.json,172.279999,169.979996,170.720001,1e1d0b457ea2d7ac5c34635d502fd444d1bf308bb3865c58eaf0286f33e0a86c,1706900,0.0,,9,buy,0.586,4.101,0.586,0.586,0.045,filled,,IBB,0.0948
740.72,False,740.72,740.71,-740.723,0.0,2026-06-12,740.710022,0.0,0.0047,0.003,0.112,100.0,1,0.0003,0.013,0,,740.715,740.72,market,@PinePilot_EMA_Cross,0.0,0.01,pinepilot: EMA(20) > EMA(50),0.0,741.75,data/real/prices/yahoo/SPY.json,744.440002,735.030029,740.710022,7353863ce2b1a9438c1be2922e0aef571e3813bf0ff57dbbf11b33c28a864fbc,57079500,0.0,,1,buy,0.135,-13.886,0.135,0.135,0.005,filled,,SPY,0.0083
132.98,False,132.98,132.97,-6250.201,0.0,2026-06-12,132.979996,0.0,-0.3507,0.141,0.787,100.0,47,0.1159,0.1412,0,,132.975,6250.06,market,@FDACatalyst_Rider,0.0006,0.0002,fda: 30d approvals=79 median=60,0.0,133.789993,data/real/prices/yahoo/XBI.json,135.539993,132.960007,132.979996,51e3a7268333197c1fd3996d0ccf7e0247fc9f5d8ab22ca19c8137c6dfa5e654,7822900,0.0,,47,buy,0.0,-60.542,0.0,0.0,0.235,filled,,XBI,0.4919
296.56,False,296.56,296.55,-1779.378,0.0,2026-06-15,296.559998,0.0,-0.0342,0.018,0.293,100.0,6,0.0042,0.018,0,,296.555,1779.36,market,@PinePilot_EMA_Cross,3e-05,0.0,pinepilot: EMA(20) > EMA(50),0.0,294.640015,data/real/prices/yahoo/IWM.json,297.910004,293.920013,296.559998,e64243e5cb1f476108f0b2a326759daaf5c078330e63d0a97197784a4b2f2ba7,23889000,0.0,,6,buy,0.0,65.164,0.0,0.0,0.03,filled,,IWM,0.0522
738.11,False,738.11,738.09,-738.113,0.0,2026-06-15,738.099976,0.0,-0.0006,0.003,0.184,100.0,1,0.0006,0.013,0,,738.1,738.11,market,@PinePilot_EMA_Cross,0.0,0.01,pinepilot: EMA(20) > EMA(50),0.0,744.0,data/real/prices/yahoo/QQQ.json,744.76001,737.380005,738.099976,e8cfe01a120c538da1320474ba43d37432e8ebb3387eb489dc22eba738ffd85a,46710200,0.0,,1,buy,0.136,-79.167,0.136,0.136,0.01,filled,,QQQ,0.0136
751.85,False,751.85,751.84,-1503.706,0.0,2026-06-15,751.849976,0.0,-0.0108,0.006,0.112,100.0,2,0.0009,0.006,0,,751.845,1503.7,market,@PinePilot_EMA_Cross,0.0,0.0,pinepilot: EMA(20) > EMA(50),0.0,754.830017,data/real/prices/yahoo/SPY.json,756.679993,751.76001,751.849976,7353863ce2b1a9438c1be2922e0aef571e3813bf0ff57dbbf11b33c28a864fbc,60176400,0.0,,2,buy,0.0,-39.479,0.0,0.0,0.01,filled,,SPY,0.0169
135.76,False,135.76,135.75,-3122.549,0.0,2026-06-15,135.75,0.0,0.0744,0.069,0.719,100.0,23,0.0406,0.299,0,,135.755,3122.48,market,@FDACatalyst_Rider,0.00044,0.23,fda: 30d approvals=67 median=61,0.0,136.399994,data/real/prices/yahoo/XBI.json,136.770004,134.550003,135.75,51e3a7268333197c1fd3996d0ccf7e0247fc9f5d8ab22ca19c8137c6dfa5e654,5269900,0.0,,23,buy,0.737,-46.92,0.737,0.737,0.115,filled,,XBI,0.2246
136.43,False,136.43,136.42,-1227.897,0.0,2026-06-16,136.429993,0.0,-0.0551,0.027,0.669,100.0,9,0.0102,0.0271,0,,136.425,1227.87,market,@FDACatalyst_Rider,0.00013,0.0001,fda: 30d approvals=71 median=61,0.0,135.339996,data/real/prices/yahoo/XBI.json,137.360001,134.169998,136.429993,51e3a7268333197c1fd3996d0ccf7e0247fc9f5d8ab22ca19c8137c6dfa5e654,6925500,0.0,,9,buy,0.001,80.538,0.001,0.001,0.045,filled,,XBI,0.0822
174.83,False,174.83,174.82,-6293.988,0.0,2026-06-18,174.820007,0.0,0.0079,0.108,0.731,100.0,36,0.1718,0.4677,0,,174.825,6293.88,market,@FDACatalyst_Rider,0.0036,0.3597,fda: 30d approvals=78 median=61,0.0,173.639999,data/real/prices/yahoo/IBB.json,176.580002,171.789993,174.820007,1e1d0b457ea2d7ac5c34635d502fd444d1bf308bb3865c58eaf0286f33e0a86c,998900,0.0,,36,buy,0.572,68.533,0.572,0.572,0.18,filled,,IBB,0.4598
87.08,False,87.08,87.07,-1044.996,0.0,2026-06-18,87.07,0.0,0.0587,0.036,0.931,100.0,12,0.0013,0.156,0,,87.075,1044.96,market,@YieldCurve_Rotator,4e-05,0.12,curve: 21d change -27.0bp,0.0,86.75,data/real/prices/yahoo/TLT.json,87.18,86.650002,87.07,d823b49f9ceafa130626634af73ca48f96ee2ec142fa7c454cd3e9b95d78a7cd,32350900,0.0,,12,buy,1.149,38.04,1.149,1.149,0.06,filled,,TLT,0.0973
11.42,False,11.41,11.41,97400.7008,0.0,2026-06-18,11.41,0.0,-73.1924,25.617,10.518,100.0,8539,30.4974,29.2892,0,,11.415,97429.99,market,@Weather_ColdSnap_Max,0.12545,-0.0,weather: no cold anomaly in the window,0.0,11.74,data/real/prices/yahoo/UNG.json,11.82,11.41,11.41,eb7bcc0769945fb2c40fbcd98753ed7e17e367cf69d2ce2bde9ae60f00a462cc,6806800,3.6722,,8539,sell,-0.0,-281.09,-0.0,0.0,42.695,filled,,UNG,102.4815
142.01,False,142.01,142.0,-7526.689,0.0,2026-06-18,142.0,0.0,0.1217,0.159,0.754,100.0,53,0.1433,0.689,0,,142.005,7526.53,market,@FDACatalyst_Rider,0.00055,0.53,fda: 30d approvals=78 median=61,0.0,140.720001,data/real/prices/yahoo/XBI.json,143.460007,138.699997,142.0,51e3a7268333197c1fd3996d0ccf7e0247fc9f5d8ab22ca19c8137c6dfa5e654,9569900,0.0,,53,buy,0.704,91.671,0.704,0.704,0.265,filled,,XBI,0.5673
44.6,False,44.59,44.59,53101.7908,0.0,2026-06-18,44.599998,0.0,4.3416,3.573,2.347,100.0,1191,1.611,16.8069,0,,44.595,53106.69,market,@Weather_ColdSnap_Max,0.00323,11.9076,weather: no cold anomaly in the window,0.0,44.759998,data/real/prices/yahoo/XLU.json,45.34,44.529999,44.599998,14b54e4f6f4c8f304dd74a921163ea2ceb3b09c2fca6a585e9368497d2b68e9b,36828300,1.3262,,1191,sell,2.242,-37.98,2.242,-2.242,5.955,filled,,XLU,12.4653
747.71,False,747.71,747.7,-747.713,0.0,2026-06-22,747.700012,0.0,0.0046,0.003,0.112,100.0,1,0.0003,0.013,0,,747.705,747.71,market,@PinePilot_EMA_Cross,0.0,0.01,pinepilot: EMA(20) > EMA(50),0.0,744.390015,data/real/prices/yahoo/SPY.json,750.179993,743.130005,747.700012,7353863ce2b1a9438c1be2922e0aef571e3813bf0ff57dbbf11b33c28a864fbc,46628100,0.0,,1,buy,0.134,44.6,0.134,0.134,0.005,filled,,SPY,0.0083
143.53,False,143.53,143.52,-2296.528,0.0,2026-06-22,143.529999,0.0,-0.1039,0.048,0.662,100.0,16,0.0239,0.048,0,,143.525,2296.48,market,@FDACatalyst_Rider,0.0001,0.0,fda: 30d approvals=72 median=61,0.0,145.860001,data/real/prices/yahoo/XBI.json,146.770004,143.25,143.529999,51e3a7268333197c1fd3996d0ccf7e0247fc9f5d8ab22ca19c8137c6dfa5e654,16738700,0.0,,16,buy,0.0,-159.742,0.0,0.0,0.08,filled,,XBI,0.1519
293.27,False,293.26,293.26,1466.2538,0.0,2026-06-23,293.26001,0.0,-0.0279,0.015,0.506,100.0,5,0.0029,0.0462,0,,293.265,1466.3,market,@PinePilot_EMA_Cross,2e-05,0.0001,pinepilot: EMA(20) > EMA(50),0.0,295.320007,data/real/prices/yahoo/IWM.json,297.75,292.399994,293.26001,e64243e5cb1f476108f0b2a326759daaf5c078330e63d0a97197784a4b2f2ba7,26821700,0.0312,,5,sell,0.0,-69.755,0.0,-0.0,0.025,filled,,IWM,0.0741
733.81,False,733.8,733.8,733.7817,0.0,2026-06-23,733.809998,0.0,0.0047,0.003,0.322,100.0,1,0.0003,0.0283,0,,733.805,733.8,market,@PinePilot_EMA_Cross,0.0,0.01,pinepilot: EMA(20) > EMA(50),0.0,733.580017,data/real/prices/yahoo/SPY.json,739.630005,732.299988,733.809998,7353863ce2b1a9438c1be2922e0aef571e3813bf0ff57dbbf11b33c28a864fbc,66846800,0.0153,,1,sell,0.136,2.999,0.136,-0.136,0.005,filled,,SPY,0.0236
144.12,False,144.12,144.11,-1441.23,0.0,2026-06-23,144.110001,0.0,0.0383,0.03,0.636,100.0,10,0.0117,0.13,0,,144.115,1441.2,market,@FDACatalyst_Rider,9e-05,0.1,fda: 30d approvals=73 median=61,0.0,147.029999,data/real/prices/yahoo/XBI.json,148.759995,144.110001,144.110001,51e3a7268333197c1fd3996d0ccf7e0247fc9f5d8ab22ca19c8137c6dfa5e654,10610000,0.0,,10,buy,0.694,-197.919,0.694,0.694,0.05,filled,,XBI,0.0917
178.26,False,178.26,178.25,-3743.523,0.0,2026-06-24,178.259995,0.0,-0.1825,0.063,0.656,100.0,21,0.0776,0.0631,0,,178.255,3743.46,market,@FDACatalyst_Rider,0.00081,0.0001,fda: 30d approvals=78 median=61,0.0,181.529999,data/real/prices/yahoo/IBB.json,183.039993,178.259995,178.259995,1e1d0b457ea2d7ac5c34635d502fd444d1bf308bb3865c58eaf0286f33e0a86c,2591700,0.0,,21,buy,0.0,-180.135,0.0,0.0,0.105,filled,,IBB,0.2456
147.33,False,147.33,147.32,-4861.989,0.0,2026-06-24,147.320007,0.0,0.0931,0.099,0.691,100.0,33,0.0717,0.4288,0,,147.325,4861.89,market,@FDACatalyst_Rider,0.00024,0.3298,fda: 30d approvals=78 median=61,0.0,149.710007,data/real/prices/yahoo/XBI.json,151.779999,147.320007,147.320007,51e3a7268333197c1fd3996d0ccf7e0247fc9f5d8ab22ca19c8137c6dfa5e654,13716000,0.0,,33,buy,0.678,-158.974,0.678,0.678,0.165,filled,,XBI,0.3357
182.17,False,182.17,182.16,-1275.211,0.0,2026-06-25,182.169998,0.0,-0.0505,0.021,0.561,100.0,7,0.0155,0.021,0,,182.165,1275.19,market,@FDACatalyst_Rider,0.00036,0.0,fda: 30d approvals=81 median=62,0.0,183.669998,data/real/prices/yahoo/IBB.json,186.809998,182.0,182.169998,1e1d0b457ea2d7ac5c34635d502fd444d1bf308bb3865c58eaf0286f33e0a86c,1967900,0.0,,7,buy,0.0,-81.668,0.0,0.0,0.035,filled,,IBB,0.0715
149.89,False,149.89,149.88,-5546.041,0.0,2026-06-25,149.889999,0.0,-0.2711,0.111,0.689,100.0,37,0.0862,0.111,0,,149.885,5545.93,market,@FDACatalyst_Rider,0.0003,0.0,fda: 30d approvals=81 median=62,0.0,151.589996,data/real/prices/yahoo/XBI.json,154.699997,149.889999,149.889999,51e3a7268333197c1fd3996d0ccf7e0247fc9f5d8ab22ca19c8137c6dfa5e654,12268600,0.0,,37,buy,0.0,-112.144,0.0,0.0,0.185,filled,,XBI,0.3822
296.61,False,296.6,296.6,1186.3628,0.0,2026-06-26,296.600006,0.0,-0.0221,0.012,0.5,100.0,4,0.0021,0.0372,0,,296.605,1186.4,market,@PinePilot_EMA_Cross,1e-05,0.0,pinepilot: EMA(20) > EMA(50),0.0,299.829987,data/real/prices/yahoo/IWM.json,300.029999,295.730011,296.600006,e64243e5cb1f476108f0b2a326759daaf5c078330e63d0a97197784a4b2f2ba7,39832500,0.0252,,4,sell,0.0,-107.727,0.0,-0.0,0.02,filled,,IWM,0.0593
151.23,False,151.23,151.22,-2722.194,0.0,2026-06-26,151.229996,0.0,-0.1194,0.054,0.637,100.0,18,0.0295,0.0541,0,,151.225,2722.14,market,@FDACatalyst_Rider,0.00016,0.0001,fda: 30d approvals=84 median=62,0.0,155.380005,data/real/prices/yahoo/XBI.json,155.929993,151.199997,151.229996,51e3a7268333197c1fd3996d0ccf7e0247fc9f5d8ab22ca19c8137c6dfa5e654,11014400,0.0,,18,buy,0.0,-267.087,0.0,0.0,0.09,filled,,XBI,0.1735
155.51,False,155.51,155.5,-8242.189,0.0,2026-06-29,155.5,0.0,0.1091,0.159,0.704,100.0,53,0.1559,0.689,0,,155.505,8242.03,market,@FDACatalyst_Rider,0.00043,0.53,fda: 30d approvals=76 median=62,0.0,158.309998,data/real/prices/yahoo/XBI.json,158.330002,154.369995,155.5,51e3a7268333197c1fd3996d0ccf7e0247fc9f5d8ab22ca19c8137c6dfa5e654,12227900,0.0,,53,buy,0.643,-176.868,0.643,0.643,0.265,filled,,XBI,0.5799
190.45,False,190.45,190.44,-5523.137,0.0,2026-06-30,190.449997,0.0,-0.2854,0.087,0.674,100.0,29,0.1404,0.0871,0,,190.445,5523.05,market,@FDACatalyst_Rider,0.00158,0.0001,fda: 30d approvals=80 median=62,0.0,190.190002,data/real/prices/yahoo/IBB.json,191.149994,189.309998,190.449997,1e1d0b457ea2d7ac5c34635d502fd444d1bf308bb3865c58eaf0286f33e0a86c,1838600,0.0,,29,buy,0.0,13.67,0.0,0.0,0.145,filled,,IBB,0.3724
298.56,False,298.56,298.55,-1194.252,0.0,2026-06-30,298.559998,0.0,-0.0221,0.012,0.286,100.0,4,0.0022,0.012,0,,298.555,1194.24,market,@PinePilot_EMA_Cross,2e-05,0.0,pinepilot: EMA(20) > EMA(50),0.0,300.450012,data/real/prices/yahoo/IWM.json,300.980011,297.440002,298.559998,e64243e5cb1f476108f0b2a326759daaf5c078330e63d0a97197784a4b2f2ba7,23230300,0.0,,4,buy,0.0,-62.906,0.0,0.0,0.02,filled,,IWM,0.0342
158.81,False,158.81,158.8,-5240.829,0.0,2026-06-30,158.809998,0.0,-0.2435,0.099,0.654,100.0,33,0.0786,0.0991,0,,158.805,5240.73,market,@FDACatalyst_Rider,0.00037,0.0001,fda: 30d approvals=80 median=62,0.0,158.25,data/real/prices/yahoo/XBI.json,160.009995,157.520004,158.809998,51e3a7268333197c1fd3996d0ccf7e0247fc9f5d8ab22ca19c8137c6dfa5e654,9017700,0.0,,33,buy,0.0,35.387,0.0,0.0,0.165,filled,,XBI,0.3426
729.2,False,729.18,729.18,1458.3236,0.0,2026-07-01,729.190002,0.0,-0.0023,0.006,0.402,100.0,2,0.0023,0.0564,0,,729.19,1458.36,market,@LeapMaxLever_Momentum,0.0,0.02,the leap: monthly leader QQQ,0.0,725.169983,data/real/prices/yahoo/QQQ.json,731.919983,724.599976,729.190002,e8cfe01a120c538da1320474ba43d37432e8ebb3387eb489dc22eba738ffd85a,40803800,0.0304,,2,sell,0.137,55.298,0.137,-0.137,0.02,filled,,QQQ,0.0587
85.49,False,85.48,85.48,1282.1257,0.0,2026-07-01,85.480003,0.0,-0.0771,0.045,1.182,100.0,15,0.0022,0.0744,0,,85.485,1282.2,market,@YieldCurve_Rotator,5e-05,0.0,curve: 21d change -19.0bp,0.0,85.519997,data/real/prices/yahoo/TLT.json,85.790001,85.43,85.480003,d823b49f9ceafa130626634af73ca48f96ee2ec142fa7c454cd3e9b95d78a7cd,28109800,0.0293,,15,sell,0.0,-4.677,0.0,-0.0,0.075,filled,,TLT,0.1515
191.61,False,191.6,191.6,1341.15,0.0,2026-07-02,191.600006,0.0,-0.051,0.021,0.753,100.0,7,0.016,0.05,0,,191.605,1341.2,market,@FDACatalyst_Rider,0.00032,0.0,fda: 30d approvals=84 median=63,0.0,195.699997,data/real/prices/yahoo/IBB.json,195.990005,190.919998,191.600006,1e1d0b457ea2d7ac5c34635d502fd444d1bf308bb3865c58eaf0286f33e0a86c,2213000,0.029,,7,sell,0.0,-209.504,0.0,-0.0,0.035,filled,,IBB,0.101
725.59,False,725.59,725.57,-725.593,0.0,2026-07-02,725.580017,0.0,-0.0008,0.003,0.19,100.0,1,0.0008,0.013,0,,725.58,725.59,market,@PinePilot_EMA_Cross,0.0,0.01,pinepilot: EMA(20) > EMA(50),0.0,712.599976,data/real/prices/yahoo/QQQ.json,730.830017,707.559998,725.580017,e8cfe01a120c538da1320474ba43d37432e8ebb3387eb489dc22eba738ffd85a,50959800,0.0,,1,buy,0.138,182.291,0.138,0.138,0.01,filled,,QQQ,0.0138
160.23,False,160.23,160.22,-5768.388,0.0,2026-07-06,160.229996,0.0,-0.2558,0.108,0.631,100.0,36,0.076,0.1081,0,,160.225,5768.28,market,@FDACatalyst_Rider,0.00048,0.0001,fda: 30d approvals=64 median=63,0.0,160.809998,data/real/prices/yahoo/XBI.json,161.559998,158.669998,160.229996,51e3a7268333197c1fd3996d0ccf7e0247fc9f5d8ab22ca19c8137c6dfa5e654,7470600,0.0,,36,buy,0.0,-36.067,0.0,0.0,0.18,filled,,XBI,0.364
714.18,False,714.18,714.16,-714.183,0.0,2026-07-07,714.169983,0.0,-0.0008,0.003,0.194,100.0,1,0.0008,0.013,0,,714.17,714.18,market,@PinePilot_EMA_Cross,0.0,0.01,pinepilot: EMA(20) > EMA(50),0.0,709.429993,data/real/prices/yahoo/QQQ.json,716.349976,704.900024,714.169983,e8cfe01a120c538da1320474ba43d37432e8ebb3387eb489dc22eba738ffd85a,42483100,0.0,,1,buy,0.14,66.955,0.14,0.14,0.01,filled,,QQQ,0.0138
162.04,False,162.04,162.03,-3726.989,0.0,2026-07-07,162.039993,0.0,-0.1543,0.069,0.6,100.0,23,0.0395,0.0692,0,,162.035,3726.92,market,@FDACatalyst_Rider,0.00024,0.0002,fda: 30d approvals=67 median=63,0.0,163.869995,data/real/prices/yahoo/XBI.json,164.350006,159.350006,162.039993,51e3a7268333197c1fd3996d0ccf7e0247fc9f5d8ab22ca19c8137c6dfa5e654,9548200,0.0,,23,buy,0.0,-111.674,0.0,0.0,0.115,filled,,XBI,0.2235
743.16,False,743.15,743.15,743.1315,0.0,2026-07-08,743.159973,0.0,0.0046,0.003,0.322,100.0,1,0.0004,0.0285,0,,743.155,743.15,market,@PinePilot_EMA_Cross,0.0,0.01,pinepilot: EMA(20) > EMA(50),0.0,745.400024,data/real/prices/yahoo/SPY.json,746.150024,739.51001,743.159973,7353863ce2b1a9438c1be2922e0aef571e3813bf0ff57dbbf11b33c28a864fbc,43767400,0.0155,,1,sell,0.134,-30.185,0.134,-0.134,0.005,filled,,SPY,0.0239
163.89,False,163.89,163.88,-1638.93,0.0,2026-07-10,163.889999,0.0,-0.0592,0.03,0.545,100.0,10,0.0092,0.03,0,,163.885,1638.9,market,@FDACatalyst_Rider,8e-05,0.0,fda: 30d approvals=69 median=64,0.0,159.029999,data/real/prices/yahoo/XBI.json,164.229996,156.270004,163.889999,51e3a7268333197c1fd3996d0ccf7e0247fc9f5d8ab22ca19c8137c6dfa5e654,12260000,0.0,,10,buy,0.0,305.603,0.0,0.0,0.05,filled,,XBI,0.0892
157.23,False,157.22,157.22,12419.8717,0.0,2026-07-13,157.229996,0.0,0.1649,0.237,0.912,100.0,79,0.2298,1.2979,0,,157.225,12420.38,market,@FDACatalyst_Rider,0.0007,0.7897,fda: 30d approvals=64 median=64,0.0,155.339996,data/real/prices/yahoo/XBI.json,157.289993,153.869995,157.229996,51e3a7268333197c1fd3996d0ccf7e0247fc9f5d8ab22ca19c8137c6dfa5e654,11350500,0.2713,,79,sell,0.636,121.025,0.636,-0.636,0.395,filled,,XBI,1.1331
155.73,False,155.72,155.72,2958.5583,0.0,2026-07-14,155.720001,0.0,-0.1223,0.057,0.825,100.0,19,0.0273,0.1217,0,,155.725,2958.68,market,@FDACatalyst_Rider,0.00023,0.0,fda: 30d approvals=67 median=64,0.0,155.449997,data/real/prices/yahoo/XBI.json,156.320007,153.75,155.720001,51e3a7268333197c1fd3996d0ccf7e0247fc9f5d8ab22ca19c8137c6dfa5e654,8187600,0.0647,,19,sell,0.0,17.369,0.0,-0.0,0.095,filled,,XBI,0.244
295.26,False,295.26,295.25,-1181.052,0.0,2026-07-15,295.25,0.0,0.0186,0.012,0.283,100.0,4,0.0014,0.052,0,,295.255,1181.04,market,@PinePilot_EMA_Cross,2e-05,0.04,pinepilot: EMA(20) > EMA(50),0.0,295.769989,data/real/prices/yahoo/IWM.json,297.140015,294.149994,295.25,e64243e5cb1f476108f0b2a326759daaf5c078330e63d0a97197784a4b2f2ba7,18832700,0.0,,4,buy,0.339,-17.243,0.339,0.339,0.02,filled,,IWM,0.0334
154.26,False,154.25,154.25,2622.1417,0.0,2026-07-15,154.25,0.0,-0.1071,0.051,0.822,100.0,17,0.0221,0.1083,0,,154.255,2622.25,market,@FDACatalyst_Rider,0.0003,-0.0,fda: 30d approvals=71 median=64,0.0,156.220001,data/real/prices/yahoo/XBI.json,156.330002,152.899994,154.25,51e3a7268333197c1fd3996d0ccf7e0247fc9f5d8ab22ca19c8137c6dfa5e654,5608900,0.0573,,17,sell,-0.0,-126.104,-0.0,0.0,0.085,filled,,XBI,0.2155
155.03,False,155.03,155.02,-1705.363,0.0,2026-07-16,155.020004,0.0,0.0433,0.033,0.584,100.0,11,0.0116,0.143,0,,155.025,1705.33,market,@FDACatalyst_Rider,0.00011,0.11,fda: 30d approvals=69 median=64,0.0,152.0,data/real/prices/yahoo/XBI.json,155.649994,150.929993,155.020004,51e3a7268333197c1fd3996d0ccf7e0247fc9f5d8ab22ca19c8137c6dfa5e654,9850600,0.0,,11,buy,0.645,199.342,0.645,0.645,0.055,filled,,XBI,0.0996
292.03,False,292.02,292.02,2336.0863,0.0,2026-07-17,292.029999,0.0,0.0363,0.024,0.503,100.0,8,0.0037,0.1537,0,,292.025,2336.16,market,@PinePilot_EMA_Cross,3e-05,0.08,pinepilot: EMA(20) > EMA(50),0.0,294.040009,data/real/prices/yahoo/IWM.json,296.130005,291.640015,292.029999,e64243e5cb1f476108f0b2a326759daaf5c078330e63d0a97197784a4b2f2ba7,28738500,0.0497,,8,sell,0.342,-68.698,0.342,-0.342,0.04,filled,,IWM,0.1174
742.09,False,742.08,742.08,1484.123,0.0,2026-07-17,742.080017,0.0,-0.0108,0.006,0.322,100.0,2,0.0008,0.037,0,,742.085,1484.16,market,@PinePilot_EMA_Cross,0.0,0.0,pinepilot: EMA(20) > EMA(50),0.0,743.289978,data/real/prices/yahoo/SPY.json,747.289978,740.799988,742.080017,7353863ce2b1a9438c1be2922e0aef571e3813bf0ff57dbbf11b33c28a864fbc,62651000,0.031,,2,sell,0.0,-16.279,0.0,-0.0,0.01,filled,,SPY,0.0478
149.58,False,149.57,149.57,7627.7499,0.0,2026-07-17,149.570007,0.0,-0.3754,0.153,0.912,100.0,51,0.1207,0.3204,0,,149.575,7628.07,market,@FDACatalyst_Rider,0.00044,0.0004,fda: 30d approvals=68 median=64,0.0,154.259995,data/real/prices/yahoo/XBI.json,155.470001,149.149994,149.570007,51e3a7268333197c1fd3996d0ccf7e0247fc9f5d8ab22ca19c8137c6dfa5e654,11572800,0.1671,,51,sell,0.0,-304.032,0.0,-0.0,0.255,filled,,XBI,0.6958
189.81,False,189.78,189.8,96973.9496,0.0,2026-07-20,189.800003,0.0,-0.3944,1.533,1.469,100.0,511,8.061,13.8519,0,,189.805,96977.58,market,@FDACatalyst_Rider,0.03316,10.2215,fda: approval flow back below median,0.0,186.529999,data/real/prices/yahoo/IBB.json,191.179993,186.470001,189.800003,1e1d0b457ea2d7ac5c34635d502fd444d1bf308bb3865c58eaf0286f33e0a86c,1540800,2.0974,,511,sell,1.054,174.235,1.054,-1.054,2.555,filled,,IBB,14.2464
154.64,False,154.61,154.63,347085.127,0.0,2026-07-20,154.639999,0.0,20.0988,6.735,1.774,100.0,2245,36.024,81.6708,0,,154.635,347099.45,market,@FDACatalyst_Rider,0.02879,67.3478,fda: approval flow back below median,0.0,150.940002,data/real/prices/yahoo/XBI.json,156.539993,150.889999,154.639999,51e3a7268333197c1fd3996d0ccf7e0247fc9f5d8ab22ca19c8137c6dfa5e654,7797500,7.588,,2245,sell,1.94,243.143,1.94,-1.94,11.225,filled,,XBI,61.572
293.43,False,293.43,293.42,-880.299,0.0,2026-07-21,293.429993,0.0,-0.0158,0.009,0.282,100.0,3,0.0008,0.009,0,,293.425,880.29,market,@PinePilot_EMA_Cross,2e-05,0.0,pinepilot: EMA(20) > EMA(50),0.0,296.540009,data/real/prices/yahoo/IWM.json,296.75,292.679993,293.429993,e64243e5cb1f476108f0b2a326759daaf5c078330e63d0a97197784a4b2f2ba7,18190200,0.0,,3,buy,0.0,-104.877,0.0,0.0,0.015,filled,,IWM,0.0248
153.64,False,153.66,153.63,-354346.878,0.0,2026-07-22,153.639999,3.06,-6.9655,6.918,1.693,100.0,2306,38.4978,53.0403,0,,153.635,354339.96,market,@FDACatalyst_Rider,0.0366,46.1223,fda: 30d approvals=68 median=65,0.0,152.110001,data/real/prices/yahoo/XBI.json,154.75,151.979996,153.639999,51e3a7268333197c1fd3996d0ccf7e0247fc9f5d8ab22ca19c8137c6dfa5e654,6301200,0.0,,2306,buy,1.302,101.9,1.302,1.302,11.53,filled,,XBI,60.0058
150.0,False,149.99,149.99,4199.544,0.0,2026-07-23,149.990005,0.0,-0.1875,0.084,0.866,100.0,28,0.0476,0.1761,0,,149.995,4199.72,market,@FDACatalyst_Rider,0.00042,0.0001,fda: 30d approvals=72 median=65,0.0,152.229996,data/real/prices/yahoo/XBI.json,153.389999,149.330002,149.990005,51e3a7268333197c1fd3996d0ccf7e0247fc9f5d8ab22ca19c8137c6dfa5e654,6647000,0.092,,28,sell,0.0,-147.146,0.0,-0.0,0.14,filled,,XBI,0.3636
293.42,False,293.41,293.41,1173.603,0.0,2026-07-24,293.410004,0.0,-0.0212,0.012,0.495,100.0,4,0.0012,0.037,0,,293.415,1173.64,market,@PinePilot_EMA_Cross,2e-05,0.0,pinepilot: EMA(20) > EMA(50),0.0,291.170013,data/real/prices/yahoo/IWM.json,293.970001,290.480011,293.410004,e64243e5cb1f476108f0b2a326759daaf5c078330e63d0a97197784a4b2f2ba7,19771000,0.025,,4,sell,0.0,76.931,0.0,-0.0,0.02,filled,,IWM,0.0581
152.78,False,152.78,152.77,-3055.66,0.0,2026-07-24,152.779999,0.0,-0.1291,0.06,0.619,100.0,20,0.0292,0.06,0,,152.775,3055.6,market,@FDACatalyst_Rider,0.00027,0.0,fda: 30d approvals=68 median=65,0.0,150.479996,data/real/prices/yahoo/XBI.json,153.279999,149.910004,152.779999,51e3a7268333197c1fd3996d0ccf7e0247fc9f5d8ab22ca19c8137c6dfa5e654,7387100,0.0,,20,buy,0.0,152.845,0.0,0.0,0.1,filled,,XBI,0.1892
151.76,False,151.73,151.75,348661.0152,0.0,2026-07-27,151.759995,0.0,22.131,6.894,1.759,100.0,2298,35.3075,83.4533,0,,151.755,348675.54,market,@FDACatalyst_Rider,0.02465,68.9285,fda: approval flow back below median,0.0,150.589996,data/real/prices/yahoo/XBI.json,154.210007,150.539993,151.759995,51e3a7268333197c1fd3996d0ccf7e0247fc9f5d8ab22ca19c8137c6dfa5e654,9321300,7.6308,,2298,sell,1.976,75.703,1.976,-1.976,11.49,filled,,XBI,61.3224
739.97,False,739.96,739.96,739.9416,0.0,2026-07-29,739.969971,0.0,0.0047,0.003,0.32,100.0,1,0.0003,0.0284,0,,739.965,739.96,market,@PinePilot_EMA_Cross,0.0,0.01,pinepilot: EMA(20) > EMA(50),0.0,729.460022,data/real/prices/yahoo/SPY.json,742.679993,729.099976,739.969971,7353863ce2b1a9438c1be2922e0aef571e3813bf0ff57dbbf11b33c28a864fbc,70697200,0.0154,,1,sell,0.135,143.942,0.135,-0.135,0.005,filled,,SPY,0.0237
149.23,False,149.25,149.22,-347460.984,0.0,2026-07-29,149.229996,3.28,-1.2597,6.984,1.578,100.0,2328,32.909,53.5533,0,,149.225,347454.0,market,@FDACatalyst_Rider,0.02575,46.5693,fda: 30d approvals=81 median=65,0.0,147.910004,data/real/prices/yahoo/XBI.json,151.110001,146.669998,149.229996,51e3a7268333197c1fd3996d0ccf7e0247fc9f5d8ab22ca19c8137c6dfa5e654,9042200,0.0,,2328,buy,1.34,90.595,1.34,1.34,11.64,filled,,XBI,54.813
291.15,False,291.14,291.14,873.3924,0.0,2026-07-30,291.149994,0.0,0.0142,0.009,0.497,100.0,3,0.0008,0.0576,0,,291.145,873.42,market,@PinePilot_EMA_Cross,1e-05,0.03,pinepilot: EMA(20) > EMA(50),0.0,292.589996,data/real/prices/yahoo/IWM.json,292.839996,288.959991,291.149994,e64243e5cb1f476108f0b2a326759daaf5c078330e63d0a97197784a4b2f2ba7,22198800,0.0186,,3,sell,0.343,-49.557,0.343,-0.343,0.015,filled,,IWM,0.0434
148.01,False,148.0,148.0,1331.9438,0.0,2026-07-30,148.0,0.0,-0.0526,0.027,0.817,100.0,9,0.0076,0.0562,0,,148.005,1332.0,market,@FDACatalyst_Rider,0.00013,-0.0,fda: 30d approvals=81 median=65,0.0,151.460007,data/real/prices/yahoo/XBI.json,151.839996,146.720001,148.0,51e3a7268333197c1fd3996d0ccf7e0247fc9f5d8ab22ca19c8137c6dfa5e654,6725300,0.0292,,9,sell,-0.0,-228.444,-0.0,0.0,0.045,filled,,XBI,0.1088
293.56,False,293.56,293.55,-1174.252,0.0,2026-07-31,293.559998,0.0,-0.0214,0.012,0.284,100.0,4,0.0014,0.012,0,,293.555,1174.24,market,@PinePilot_EMA_Cross,1e-05,0.0,pinepilot: EMA(20) > EMA(50),0.0,291.200012,data/real/prices/yahoo/IWM.json,293.950012,287.829987,293.559998,e64243e5cb1f476108f0b2a326759daaf5c078330e63d0a97197784a4b2f2ba7,28350700,0.0,,4,buy,0.0,81.044,0.0,0.0,0.02,filled,,IWM,0.0334
151.2,False,151.2,151.19,-3477.669,0.0,2026-07-31,151.199997,0.0,-0.1487,0.069,0.626,100.0,23,0.0338,0.0691,0,,151.195,3477.6,market,@FDACatalyst_Rider,0.00029,0.0001,fda: 30d approvals=79 median=65,0.0,147.009995,data/real/prices/yahoo/XBI.json,151.770004,146.0,151.199997,51e3a7268333197c1fd3996d0ccf7e0247fc9f5d8ab22ca19c8137c6dfa5e654,8044000,0.0,,23,buy,0.0,285.015,0.0,0.0,0.115,filled,,XBI,0.2178
688.31,False,688.29,688.29,14453.7252,0.0,2026-08-03,688.299988,0.0,-0.0538,0.063,0.435,100.0,21,0.0536,0.5746,0,,688.3,14454.09,market,@LeapMaxLever_Momentum,5e-05,0.2097,the leap: monthly leader QQQ,0.0,700.070007,data/real/prices/yahoo/QQQ.json,701.590027,685.820007,688.299988,e8cfe01a120c538da1320474ba43d37432e8ebb3387eb489dc22eba738ffd85a,44965100,0.3018,,21,sell,0.145,-168.269,0.145,-0.145,0.21,filled,,QQQ,0.6284
146.98,False,146.97,146.97,4702.8409,0.0,2026-08-03,146.979996,0.0,0.103,0.096,0.885,100.0,32,0.0569,0.519,0,,146.975,4703.04,market,@FDACatalyst_Rider,0.00048,0.3199,fda: 30d approvals=78 median=65,0.0,147.309998,data/real/prices/yahoo/XBI.json,148.149994,143.779999,146.979996,51e3a7268333197c1fd3996d0ccf7e0247fc9f5d8ab22ca19c8137c6dfa5e654,6719000,0.1031,,32,sell,0.68,-23.08,0.68,-0.68,0.16,filled,,XBI,0.416
297.59,False,297.59,297.58,-1487.965,0.0,2026-08-04,297.589996,0.0,-0.0271,0.015,0.283,100.0,5,0.0022,0.015,0,,297.585,1487.95,market,@PinePilot_EMA_Cross,2e-05,0.0,pinepilot: EMA(20) > EMA(50),0.0,301.709991,data/real/prices/yahoo/IWM.json,302.390015,297.220001,297.589996,e64243e5cb1f476108f0b2a326759daaf5c078330e63d0a97197784a4b2f2ba7,20751800,0.0,,5,buy,0.0,-136.555,0.0,0.0,0.025,filled,,IWM,0.0422
760.64,False,760.64,760.63,-1521.286,0.0,2026-08-04,760.630005,0.0,0.0091,0.006,0.111,100.0,2,0.0009,0.026,0,,760.635,1521.28,market,@PinePilot_EMA_Cross,0.0,0.02,pinepilot: EMA(20) > EMA(50),0.0,771.330017,data/real/prices/yahoo/SPY.json,773.409973,760.52002,760.630005,7353863ce2b1a9438c1be2922e0aef571e3813bf0ff57dbbf11b33c28a864fbc,69154800,0.0,,2,buy,0.131,-138.592,0.131,0.131,0.01,filled,,SPY,0.0169
148.78,False,148.78,148.77,-1934.179,0.0,2026-08-04,148.770004,0.0,0.0509,0.039,0.61,100.0,13,0.014,0.1689,0,,148.775,1934.14,market,@FDACatalyst_Rider,0.00017,0.1299,fda: 30d approvals=80 median=66,0.0,151.880005,data/real/prices/yahoo/XBI.json,152.210007,147.940002,148.770004,51e3a7268333197c1fd3996d0ccf7e0247fc9f5d8ab22ca19c8137c6dfa5e654,7841300,0.0,,13,buy,0.672,-204.109,0.672,0.672,0.065,filled,,XBI,0.118
302.43,False,302.43,302.42,-1512.165,0.0,2026-08-05,302.429993,0.0,-0.0274,0.015,0.28,100.0,5,0.0024,0.015,0,,302.425,1512.15,market,@PinePilot_EMA_Cross,3e-05,0.0,pinepilot: EMA(20) > EMA(50),0.0,299.769989,data/real/prices/yahoo/IWM.json,303.059998,299.75,302.429993,e64243e5cb1f476108f0b2a326759daaf5c078330e63d0a97197784a4b2f2ba7,17791000,0.0,,5,buy,0.0,88.735,0.0,0.0,0.025,filled,,IWM,0.0424
775.85,False,775.85,775.84,-775.853,0.0,2026-08-05,775.849976,0.0,-0.0053,0.003,0.108,100.0,1,0.0003,0.003,0,,775.845,775.85,market,@PinePilot_EMA_Cross,0.0,0.0,pinepilot: EMA(20) > EMA(50),0.0,769.789978,data/real/prices/yahoo/SPY.json,776.849976,769.51001,775.849976,7353863ce2b1a9438c1be2922e0aef571e3813bf0ff57dbbf11b33c28a864fbc,44689100,0.0,,1,buy,0.0,78.723,0.0,0.0,0.005,filled,,SPY,0.0083
153.14,False,153.14,153.13,-5053.719,0.0,2026-08-05,153.130005,0.0,0.1009,0.099,0.649,100.0,33,0.0639,0.4288,0,,153.135,5053.62,market,@FDACatalyst_Rider,0.00037,0.3298,fda: 30d approvals=82 median=66,0.0,153.009995,data/real/prices/yahoo/XBI.json,155.119995,151.490005,153.130005,51e3a7268333197c1fd3996d0ccf7e0247fc9f5d8ab22ca19c8137c6dfa5e654,8973800,0.0,,33,buy,0.653,8.497,0.653,0.653,0.165,filled,,XBI,0.3279
710.83,False,710.83,710.81,-1421.666,0.0,2026-08-06,710.820007,0.0,-0.0018,0.006,0.195,100.0,2,0.0018,0.026,0,,710.82,1421.66,market,@PinePilot_EMA_Cross,1e-05,0.02,pinepilot: EMA(20) > EMA(50),0.0,714.650024,data/real/prices/yahoo/QQQ.json,719.320007,708.5,710.820007,e8cfe01a120c538da1320474ba43d37432e8ebb3387eb489dc22eba738ffd85a,33035900,0.0,,2,buy,0.141,-53.453,0.141,0.141,0.02,filled,,QQQ,0.0278
153.95,False,153.95,153.94,-923.718,0.0,2026-08-06,153.949997,0.0,-0.0348,0.018,0.572,100.0,6,0.0048,0.018,0,,153.945,923.7,market,@FDACatalyst_Rider,7e-05,0.0,fda: 30d approvals=82 median=66,0.0,154.5,data/real/prices/yahoo/XBI.json,156.889999,153.139999,153.949997,51e3a7268333197c1fd3996d0ccf7e0247fc9f5d8ab22ca19c8137c6dfa5e654,8778700,0.0,,6,buy,0.0,-35.599,0.0,0.0,0.03,filled,,XBI,0.0528
156.87,False,156.87,156.86,-3451.206,0.0,2026-08-07,156.869995,0.0,-0.1449,0.066,0.612,100.0,22,0.035,0.0661,0,,156.865,3451.14,market,@FDACatalyst_Rider,0.00026,0.0001,fda: 30d approvals=80 median=66,0.0,157.369995,data/real/prices/yahoo/XBI.json,157.850006,154.960007,156.869995,51e3a7268333197c1fd3996d0ccf7e0247fc9f5d8ab22ca19c8137c6dfa5e654,8397100,0.0,,22,buy,0.0,-31.772,0.0,0.0,0.11,filled,,XBI,0.211
158.51,False,158.51,158.5,-1902.156,0.0,2026-08-11,158.5,0.0,0.0463,0.036,0.577,100.0,12,0.0137,0.156,0,,158.505,1902.12,market,@FDACatalyst_Rider,0.00019,0.12,fda: 30d approvals=75 median=67,0.0,158.070007,data/real/prices/yahoo/XBI.json,159.179993,156.789993,158.5,51e3a7268333197c1fd3996d0ccf7e0247fc9f5d8ab22ca19c8137c6dfa5e654,6203700,0.0,,12,buy,0.631,27.835,0.631,0.631,0.06,filled,,XBI,0.1097
160.26,False,160.26,160.25,-2083.419,0.0,2026-08-13,160.25,0.0,0.05,0.039,0.571,100.0,13,0.015,0.169,0,,160.255,2083.38,market,@FDACatalyst_Rider,0.00017,0.13,fda: 30d approvals=75 median=67,0.0,156.860001,data/real/prices/yahoo/XBI.json,160.669998,156.550003,160.25,51e3a7268333197c1fd3996d0ccf7e0247fc9f5d8ab22ca19c8137c6dfa5e654,7535100,0.0,,13,buy,0.624,216.754,0.624,0.624,0.065,filled,,XBI,0.119
778.54,False,778.54,778.53,-778.543,0.0,2026-08-14,778.539978,0.0,-0.0053,0.003,0.107,100.0,1,0.0003,0.003,0,,778.535,778.54,market,@PinePilot_EMA_Cross,0.0,0.0,pinepilot: EMA(20) > EMA(50),0.0,776.340027,data/real/prices/yahoo/SPY.json,778.799988,775.429993,778.539978,7353863ce2b1a9438c1be2922e0aef571e3813bf0ff57dbbf11b33c28a864fbc,31367900,0.0,,1,buy,0.0,28.338,0.0,0.0,0.005,filled,,SPY,0.0083
156.54,False,156.53,156.53,4226.1367,0.0,2026-08-14,156.539993,0.0,0.09,0.081,0.836,100.0,27,0.0448,0.4431,0,,156.535,4226.31,market,@FDACatalyst_Rider,0.00043,0.2698,fda: 30d approvals=74 median=67,0.0,157.410004,data/real/prices/yahoo/XBI.json,157.770004,154.149994,156.539993,51e3a7268333197c1fd3996d0ccf7e0247fc9f5d8ab22ca19c8137c6dfa5e654,6322600,0.0923,,27,sell,0.638,-55.905,0.638,-0.638,0.135,filled,,XBI,0.3531
158.34,False,158.34,158.33,-1900.116,0.0,2026-08-18,158.339996,0.0,-0.0724,0.036,0.571,100.0,12,0.0125,0.036,0,,158.335,1900.08,market,@FDACatalyst_Rider,0.00018,0.0,fda: 30d approvals=77 median=67,0.0,160.110001,data/real/prices/yahoo/XBI.json,160.600006,157.880005,158.339996,51e3a7268333197c1fd3996d0ccf7e0247fc9f5d8ab22ca19c8137c6dfa5e654,6522000,0.0,,12,buy,0.0,-110.549,0.0,0.0,0.06,filled,,XBI,0.1085
165.7,False,165.7,165.69,-8947.962,0.0,2026-08-19,165.699997,0.0,-0.3871,0.162,0.614,100.0,54,0.1173,0.1622,0,,165.695,8947.8,market,@FDACatalyst_Rider,0.00038,0.0002,fda: 30d approvals=78 median=67,0.0,169.550003,data/real/prices/yahoo/XBI.json,169.679993,164.5,165.699997,51e3a7268333197c1fd3996d0ccf7e0247fc9f5d8ab22ca19c8137c6dfa5e654,14090500,0.0,,54,buy,0.0,-227.072,0.0,0.0,0.27,filled,,XBI,0.5493
410.08,False,410.1,410.07,-265746.744,0.0,2026-08-20,410.079987,0.0,-4.5014,1.944,0.731,100.0,648,14.2299,14.9124,0,,410.075,265744.8,market,@GOLD_Trend_GLD,0.00466,12.9684,gold: trend up,0.0,415.26001,data/real/prices/yahoo/GLD.json,416.450012,409.820007,410.079987,545093d31c9d8284e3b5dc66f668a6cb7391d9925b5abdf3e82bcaa71e423b40,13900900,0.0,,648,buy,0.488,-124.26,0.488,0.488,3.24,filled,,GLD,19.4139
299.27,False,299.26,299.26,897.7519,0.0,2026-08-20,299.269989,0.0,0.0139,0.009,0.492,100.0,3,0.0011,0.058,0,,299.265,897.78,market,@PinePilot_EMA_Cross,1e-05,0.03,pinepilot: EMA(20) > EMA(50),0.0,297.670013,data/real/prices/yahoo/IWM.json,300.040009,297.040009,299.269989,e64243e5cb1f476108f0b2a326759daaf5c078330e63d0a97197784a4b2f2ba7,21638700,0.0191,,3,sell,0.334,53.414,0.334,-0.334,0.015,filled,,IWM,0.0441
765.97,False,765.96,765.96,765.941,0.0,2026-08-20,765.960022,0.0,-0.0053,0.003,0.317,100.0,1,0.0003,0.019,0,,765.965,765.96,market,@PinePilot_EMA_Cross,0.0,0.0,pinepilot: EMA(20) > EMA(50),0.0,762.599976,data/real/prices/yahoo/SPY.json,768.150024,762.039978,765.960022,7353863ce2b1a9438c1be2922e0aef571e3813bf0ff57dbbf11b33c28a864fbc,45520300,0.016,,1,sell,0.0,44.06,0.0,-0.0,0.005,filled,,SPY,0.0243
166.67,False,166.67,166.66,-1166.711,0.0,2026-08-20,166.660004,0.0,0.028,0.021,0.54,100.0,7,0.007,0.091,0,,166.665,1166.69,market,@FDACatalyst_Rider,5e-05,0.07,fda: 30d approvals=80 median=67,0.0,163.380005,data/real/prices/yahoo/XBI.json,167.529999,162.529999,166.660004,51e3a7268333197c1fd3996d0ccf7e0247fc9f5d8ab22ca19c8137c6dfa5e654,15031000,0.0,,7,buy,0.6,201.371,0.6,0.6,0.035,filled,,XBI,0.063
420.53,False,420.5,420.52,272476.3165,0.0,2026-08-21,420.529999,0.0,1.7833,1.944,0.93,100.0,648,14.4161,27.1229,0,,420.525,272484.0,market,@GOLD_Trend_GLD,0.00446,19.4394,gold: trend broke,0.0,423.359985,data/real/prices/yahoo/GLD.json,424.890015,419.420013,420.529999,545093d31c9d8284e3b5dc66f668a6cb7391d9925b5abdf3e82bcaa71e423b40,14529000,5.7395,,648,sell,0.713,-67.554,0.713,-0.713,3.24,filled,,GLD,25.3396
164.61,False,164.6,164.6,2468.9012,0.0,2026-08-21,164.600006,0.0,-0.0982,0.045,0.798,100.0,15,0.0233,0.0989,0,,164.605,2469.0,market,@FDACatalyst_Rider,0.00015,0.0001,fda: 30d approvals=79 median=67,0.0,165.729996,data/real/prices/yahoo/XBI.json,167.910004,163.740005,164.600006,51e3a7268333197c1fd3996d0ccf7e0247fc9f5d8ab22ca19c8137c6dfa5e654,10010500,0.0538,,15,sell,0.0,-68.183,0.0,-0.0,0.075,filled,,XBI,0.1971
428.55,False,428.57,428.54,-278572.45,0.0,2026-08-24,428.549988,0.0,-4.2317,1.95,0.689,100.0,650,13.9895,14.9578,0,,428.545,278570.5,market,@GOLD_Trend_GLD,0.00343,13.0078,gold: trend up,0.0,426.690002,data/real/prices/yahoo/GLD.json,429.420013,424.200012,428.549988,545093d31c9d8284e3b5dc66f668a6cb7391d9925b5abdf3e82bcaa71e423b40,18943000,0.0,,650,buy,0.467,44.06,0.467,0.467,3.25,filled,,GLD,19.1895
422.78,False,422.77,422.77,2959.3067,0.0,2026-08-25,422.779999,0.0,0.0198,0.021,0.451,100.0,7,0.0152,0.1533,0,,422.775,2959.39,market,@GOLD_Trend_GLD,6e-05,0.07,gold: trend up,0.0,428.070007,data/real/prices/yahoo/GLD.json,428.140015,422.329987,422.779999,545093d31c9d8284e3b5dc66f668a6cb7391d9925b5abdf3e82bcaa71e423b40,12450600,0.0623,,7,sell,0.237,-123.812,0.237,-0.237,0.035,filled,,GLD,0.1335
166.18,False,166.18,166.17,-1828.013,0.0,2026-08-25,166.179993,0.0,-0.0697,0.033,0.562,100.0,11,0.0148,0.0331,0,,166.175,1827.98,market,@FDACatalyst_Rider,0.00011,0.0001,fda: 30d approvals=71 median=68,0.0,169.100006,data/real/prices/yahoo/XBI.json,169.889999,165.789993,166.179993,51e3a7268333197c1fd3996d0ccf7e0247fc9f5d8ab22ca19c8137c6dfa5e654,9899700,0.0,,11,buy,0.0,-172.679,0.0,0.0,0.055,filled,,XBI,0.1028
168.09,False,168.09,168.08,-2353.302,0.0,2026-08-26,168.080002,0.0,0.0479,0.042,0.57,100.0,14,0.0221,0.182,0,,168.085,2353.26,market,@FDACatalyst_Rider,0.00016,0.14,fda: 30d approvals=71 median=68,0.0,168.389999,data/real/prices/yahoo/XBI.json,169.050003,166.5,168.080002,51e3a7268333197c1fd3996d0ccf7e0247fc9f5d8ab22ca19c8137c6dfa5e654,8943200,0.0,,14,buy,0.595,-17.816,0.595,0.595,0.07,filled,,XBI,0.1341
420.83,False,420.82,420.82,1262.4244,0.0,2026-08-27,420.820007,0.0,-0.0192,0.009,0.434,100.0,3,0.0042,0.0356,0,,420.825,1262.46,market,@GOLD_Trend_GLD,4e-05,0.0,gold: trend up,0.0,422.600006,data/real/prices/yahoo/GLD.json,423.350006,418.429993,420.820007,545093d31c9d8284e3b5dc66f668a6cb7391d9925b5abdf3e82bcaa71e423b40,7089000,0.0266,,3,sell,0.0,-42.12,0.0,-0.0,0.015,filled,,GLD,0.0548
166.73,False,166.7,166.72,411065.8528,0.0,2026-08-28,166.720001,0.0,-13.4056,7.398,1.924,100.0,2466,50.398,65.6696,0,,166.725,411082.2,market,@FDACatalyst_Rider,0.02518,49.3225,fda: approval flow back below median,0.0,162.380005,data/real/prices/yahoo/XBI.json,167.119995,162.160004,166.720001,51e3a7268333197c1fd3996d0ccf7e0247fc9f5d8ab22ca19c8137c6dfa5e654,9792600,8.9492,,2466,sell,1.2,266.042,1.2,-1.2,12.33,filled,,XBI,79.0752
407.77,False,407.74,407.76,260946.1796,0.0,2026-08-31,407.76001,0.0,-4.5202,1.92,0.948,100.0,640,14.1266,20.2268,0,,407.765,260953.6,market,@GOLD_Trend_GLD,0.00674,12.8064,gold: trend broke,0.0,408.420013,data/real/prices/yahoo/GLD.json,408.799988,404.899994,407.76001,545093d31c9d8284e3b5dc66f668a6cb7391d9925b5abdf3e82bcaa71e423b40,9490000,5.5004,,640,sell,0.491,-16.65,0.491,-0.491,3.2,filled,,GLD,24.7471
161.01,False,161.02,161.0,-100317.329,0.0,2026-08-31,161.0,0.0,2.7611,1.869,1.153,100.0,623,6.5839,14.329,0,,161.005,100315.46,market,@FDA_ClusterFade,0.00847,12.46,fda fade: z=-1.00 long sector,0.0,162.5,data/real/prices/yahoo/XBI.json,163.220001,159.619995,161.0,51e3a7268333197c1fd3996d0ccf7e0247fc9f5d8ab22ca19c8137c6dfa5e654,7354700,0.0,,623,buy,1.242,-91.077,1.242,1.242,3.115,filled,,XBI,11.5679
707.4,False,707.39,707.39,707.3722,0.0,2026-09-01,707.390015,0.0,-0.0054,0.003,0.328,100.0,1,0.0004,0.0178,0,,707.395,707.39,market,@PinePilot_EMA_Cross,0.0,0.0,pinepilot: EMA(20) > EMA(50),0.0,707.640015,data/real/prices/yahoo/QQQ.json,712.299988,704.659973,707.390015,e8cfe01a120c538da1320474ba43d37432e8ebb3387eb489dc22eba738ffd85a,35236100,0.0148,,1,sell,0.0,-3.533,0.0,-0.0,0.005,filled,,QQQ,0.0232
762.02,False,762.01,762.01,1523.9822,0.0,2026-09-01,762.01001,0.0,-0.0107,0.006,0.318,100.0,2,0.0007,0.0378,0,,762.015,1524.02,market,@PinePilot_EMA_Cross,0.0,0.0,pinepilot: EMA(20) > EMA(50),0.0,761.780029,data/real/prices/yahoo/SPY.json,764.669983,759.47998,762.01001,7353863ce2b1a9438c1be2922e0aef571e3813bf0ff57dbbf11b33c28a864fbc,41126300,0.0318,,2,sell,0.0,3.019,0.0,-0.0,0.01,filled,,SPY,0.0485
81.89,False,81.88,81.88,1391.877,0.0,2026-09-01,81.889999,0.0,0.0824,0.051,1.226,100.0,17,0.0026,0.253,0,,81.885,1391.96,market,@YieldCurve_Rotator,7e-05,0.17,curve: 21d change -8.0bp,0.0,81.870003,data/real/prices/yahoo/TLT.json,82.349998,81.779999,81.889999,d823b49f9ceafa130626634af73ca48f96ee2ec142fa7c454cd3e9b95d78a7cd,25623900,0.032,,17,sell,1.221,1.221,1.221,-1.221,0.085,filled,,TLT,0.1706
293.71,False,293.71,293.7,-881.139,0.0,2026-09-04,293.700012,0.0,0.0141,0.009,0.283,100.0,3,0.0009,0.039,0,,293.705,881.13,market,@PinePilot_EMA_Cross,2e-05,0.03,pinepilot: EMA(20) > EMA(50),0.0,296.01001,data/real/prices/yahoo/IWM.json,296.179993,293.559998,293.700012,e64243e5cb1f476108f0b2a326759daaf5c078330e63d0a97197784a4b2f2ba7,13951100,0.0,,3,buy,0.34,-77.7,0.34,0.34,0.015,filled,,IWM,0.0249
403.56,False,403.58,403.55,-253046.541,0.0,2026-09-08,403.559998,0.0,-3.5243,1.881,0.709,100.0,627,12.9305,14.4223,0,,403.555,253044.66,market,@GOLD_Trend_GLD,0.00697,12.5413,gold: trend up,0.0,399.720001,data/real/prices/yahoo/GLD.json,404.279999,399.480011,403.559998,545093d31c9d8284e3b5dc66f668a6cb7391d9925b5abdf3e82bcaa71e423b40,8992200,0.0,,627,buy,0.496,96.568,0.496,0.496,3.135,filled,,GLD,17.9465
406.11,False,406.11,406.1,-1624.452,0.0,2026-09-09,406.109985,0.0,-0.0265,0.012,0.237,100.0,4,0.0066,0.0121,0,,406.105,1624.44,market,@GOLD_Trend_GLD,5e-05,0.0001,gold: trend up,0.0,403.350006,data/real/prices/yahoo/GLD.json,406.559998,401.179993,406.109985,545093d31c9d8284e3b5dc66f668a6cb7391d9925b5abdf3e82bcaa71e423b40,8188400,0.0,,4,buy,0.0,68.427,0.0,0.0,0.02,filled,,GLD,0.0386
399.53,False,399.52,399.52,3595.5772,0.0,2026-09-10,399.529999,0.0,0.0232,0.027,0.472,100.0,9,0.0218,0.1928,0,,399.525,3595.68,market,@GOLD_Trend_GLD,9e-05,0.09,gold: trend up,0.0,396.359985,data/real/prices/yahoo/GLD.json,401.149994,395.450012,399.529999,545093d31c9d8284e3b5dc66f668a6cb7391d9925b5abdf3e82bcaa71e423b40,10202900,0.0758,,9,sell,0.25,79.726,0.25,-0.25,0.045,filled,,GLD,0.1696
707.55,False,707.54,707.54,707.5222,0.0,2026-09-10,707.549988,0.0,0.0047,0.003,0.326,100.0,1,0.0003,0.0278,0,,707.545,707.54,market,@PinePilot_EMA_Cross,0.0,0.01,pinepilot: EMA(20) > EMA(50),0.0,708.690002,data/real/prices/yahoo/QQQ.json,712.059998,706.859985,707.549988,e8cfe01a120c538da1320474ba43d37432e8ebb3387eb489dc22eba738ffd85a,31414400,0.0148,,1,sell,0.141,-16.227,0.141,-0.141,0.005,filled,,QQQ,0.0231
402.53,False,402.5,402.52,250347.8554,0.0,2026-09-11,402.529999,0.0,2.5992,1.866,0.927,100.0,622,12.9501,25.804,0,,402.525,250355.0,market,@GOLD_Trend_GLD,0.00567,18.6594,gold: trend broke,0.0,398.769989,data/real/prices/yahoo/GLD.json,403.649994,398.140015,402.529999,545093d31c9d8284e3b5dc66f668a6cb7391d9925b5abdf3e82bcaa71e423b40,10963000,5.2786,,622,sell,0.745,93.538,0.745,-0.745,3.11,filled,,GLD,23.2047
156.87,False,156.86,156.86,1097.975,0.0,2026-09-14,156.860001,0.0,-0.0422,0.021,0.794,100.0,7,0.0072,0.045,0,,156.865,1098.02,market,@FDA_ClusterFade,0.00011,0.0,fda fade: z=-1.72 long sector,0.0,157.600006,data/real/prices/yahoo/XBI.json,158.970001,156.199997,156.860001,51e3a7268333197c1fd3996d0ccf7e0247fc9f5d8ab22ca19c8137c6dfa5e654,6183400,0.024,,7,sell,0.0,-46.955,0.0,-0.0,0.035,filled,,XBI,0.0872
391.74,False,391.73,391.73,391.7187,0.0,2026-09-16,391.73999,0.0,0.0042,0.003,0.436,100.0,1,0.0008,0.0213,13,,391.735,391.73,market,@GOLD_Trend_GLD,1e-05,0.01,end-of-competition forced liquidation,0.0,391.73999,data/real/prices/yahoo/GLD.json,400.600006,388.390015,398.910004,545093d31c9d8284e3b5dc66f668a6cb7391d9925b5abdf3e82bcaa71e423b40,15773200,0.0083,,1,sell,0.255,-0.255,0.255,-179.991,0.005,filled,,GLD,0.0171
283.93,False,283.92,283.92,71829.4719,0.0,2026-09-16,283.920013,0.0,-1.9601,0.759,0.592,100.0,253,0.6984,2.2914,13,,283.925,71831.76,market,@PinePilot_EMA_Cross,0.00092,0.0033,end-of-competition forced liquidation,0.0,283.920013,data/real/prices/yahoo/IWM.json,287.040009,281.029999,285.630005,e64243e5cb1f476108f0b2a326759daaf5c078330e63d0a97197784a4b2f2ba7,27599400,1.5291,,253,sell,0.0,-0.0,0.0,-59.868,1.265,filled,,IWM,4.2515
704.72,False,704.71,704.71,72583.3057,0.0,2026-09-16,704.719971,0.0,0.1684,0.309,0.37,100.0,103,0.3436,2.8514,13,,704.715,72585.13,market,@PinePilot_EMA_Cross,0.00029,1.027,end-of-competition forced liquidation,0.0,704.719971,data/real/prices/yahoo/QQQ.json,711.880005,700.0,708.0,e8cfe01a120c538da1320474ba43d37432e8ebb3387eb489dc22eba738ffd85a,35688000,1.5153,,103,sell,0.141,-0.141,0.141,-46.469,0.515,filled,,QQQ,2.683
704.72,False,704.7,704.71,257209.0352,0.0,2026-09-16,704.719971,0.0,3.1721,1.095,0.411,100.0,365,2.2924,13.7542,13,,704.715,257215.5,market,@LeapMaxLever_Momentum,0.00102,7.2894,end-of-competition forced liquidation,0.0,704.719971,data/real/prices/yahoo/QQQ.json,711.880005,700.0,708.0,e8cfe01a120c538da1320474ba43d37432e8ebb3387eb489dc22eba738ffd85a,35688000,5.3698,,365,sell,0.283,-0.283,0.283,-46.61,1.825,filled,,QQQ,10.5822
754.05,False,754.04,754.04,72386.0421,0.0,2026-09-16,754.049988,0.0,0.2758,0.288,0.343,100.0,96,0.2031,2.7568,13,,754.045,72387.84,market,@PinePilot_EMA_Cross,0.00016,0.9588,end-of-competition forced liquidation,0.0,754.049988,data/real/prices/yahoo/SPY.json,761.669983,749.599976,759.5,7353863ce2b1a9438c1be2922e0aef571e3813bf0ff57dbbf11b33c28a864fbc,59217700,1.5099,,96,sell,0.132,-0.132,0.132,-71.889,0.48,filled,,SPY,2.481
80.88,False,80.87,80.87,134963.9171,0.0,2026-09-16,80.879997,0.0,5.924,5.007,1.398,100.0,1669,2.416,24.7979,13,,80.875,134972.03,market,@YieldCurve_Rotator,0.00295,16.685,end-of-competition forced liquidation,0.0,80.879997,data/real/prices/yahoo/TLT.json,81.559998,80.860001,80.940002,d823b49f9ceafa130626634af73ca48f96ee2ec142fa7c454cd3e9b95d78a7cd,56481700,3.1059,,1669,sell,1.236,-1.236,1.236,-8.649,8.345,filled,,TLT,18.8739
154.18,False,154.16,154.17,94804.482,0.0,2026-09-16,154.179993,0.0,3.2796,1.845,1.364,100.0,615,5.9411,16.2137,13,,154.175,94808.4,market,@FDA_ClusterFade,0.00695,12.2957,end-of-competition forced liquidation,0.0,154.179993,data/real/prices/yahoo/XBI.json,156.039993,152.5,154.369995,51e3a7268333197c1fd3996d0ccf7e0247fc9f5d8ab22ca19c8137c6dfa5e654,8847200,2.073,,615,sell,1.297,-1.297,1.297,-13.603,3.075,filled,,XBI,12.934
41.32,False,41.31,41.31,41.306,0.0,2026-09-16,41.32,0.0,0.005,0.003,2.197,100.0,1,0.0,0.014,13,,41.315,41.31,market,@Weather_ColdSnap_Max,0.0,0.01,end-of-competition forced liquidation,0.0,41.32,data/real/prices/yahoo/XLU.json,41.66,41.150002,41.630001,14b54e4f6f4c8f304dd74a921163ea2ceb3b09c2fca6a585e9368497d2b68e9b,23577400,0.001,,1,sell,2.42,-2.42,2.42,-76.868,0.005,filled,,XLU,0.0091
