ask,at_close,avg_price,bid,cash_impact_usd,commission,date,decision_price,depth_cost,drift_cost,exchange_fee,execution_cost_bps,fill_rate_pct,filled_qty,impact_cost,implementation_shortfall,interval,limit_price,mid,notional,order_type,participant,participation_pct_of_session_volume,price_difference,reason,rebate,reference_close,reference_file,reference_high,reference_low,reference_open,reference_sha256,reference_volume,regulatory_fee,reject_reason,requested_qty,side,slippage_bps,slippage_vs_close_bps,slippage_vs_decision_bps,slippage_vs_open_bps,spread_cost,status,stop_price,symbol,total_cost
338.53,False,338.54,338.52,-189922.623,0.0,2025-09-17,338.529999,1.61,-2.5492,1.683,0.518,100.0,561,3.7448,7.2936,0,,338.525,189920.94,market,@GOLD_Trend_GLD,0.00339,5.6106,gold: trend up,0.0,336.970001,data/real/prices/yahoo/GLD.json,341.23999,335.519989,338.529999,545093d31c9d8284e3b5dc66f668a6cb7391d9925b5abdf3e82bcaa71e423b40,16535300,0.0,,561,buy,0.295,46.592,0.295,0.295,2.805,filled,,GLD,9.8428
238.83,False,238.83,238.82,-59947.083,0.0,2025-09-17,238.820007,0.0,0.6117,0.753,0.442,100.0,251,0.6415,3.2612,0,,238.825,59946.33,market,@PinePilot_EMA_Cross,0.00031,2.5082,pinepilot: EMA(20) > EMA(50),0.0,238.889999,data/real/prices/yahoo/IWM.json,244.279999,237.020004,238.820007,4f6191d7931ac8755dec346902f769128dd059359a542aaf947e90ff8f2d344a,79955600,0.0,,251,buy,0.418,-2.512,0.418,0.418,1.255,filled,,IWM,2.6495
591.1,False,591.1,591.09,-59701.403,0.0,2025-09-17,591.099976,0.0,-0.73,0.303,0.173,100.0,101,0.2275,0.3054,0,,591.095,59701.1,market,@PinePilot_EMA_Cross,0.00015,0.0024,pinepilot: EMA(20) > EMA(50),0.0,590.0,data/real/prices/yahoo/QQQ.json,591.75,584.369995,591.099976,ae9ec3c0b0b8e0f5cd28ee45eac2dfcff9f95a7c5a1244e170ab0980d85979ed,69384800,0.0,,101,buy,0.0,18.644,0.0,0.0,0.505,filled,,QQQ,1.0355
591.1,False,591.1,591.09,-189744.063,0.0,2025-09-17,591.099976,0.0,-2.8861,0.963,0.203,100.0,321,1.2888,0.9707,0,,591.095,189743.1,market,@LeapMaxLever_Momentum,0.00046,0.0077,the leap: monthly leader QQQ,0.0,590.0,data/real/prices/yahoo/QQQ.json,591.75,584.369995,591.099976,ae9ec3c0b0b8e0f5cd28ee45eac2dfcff9f95a7c5a1244e170ab0980d85979ed,69384800,0.0,,321,buy,0.0,18.644,0.0,0.0,1.605,filled,,QQQ,3.8568
660.02,False,660.02,660.01,-59402.07,0.0,2025-09-17,660.01001,0.0,0.3141,0.27,0.144,100.0,90,0.135,1.1691,0,,660.015,59401.8,market,@PinePilot_EMA_Cross,9e-05,0.8991,pinepilot: EMA(20) > EMA(50),0.0,659.179993,data/real/prices/yahoo/SPY.json,661.719971,654.299988,660.01001,e0f05aaf67be23da1db20513eaed93274b165898427ebeab80c7cb2eca1d9a2d,101952200,0.0,,90,buy,0.151,12.743,0.151,0.151,0.45,filled,,SPY,0.855
90.71,False,90.72,90.7,-149965.119,0.0,2025-09-17,90.709999,6.53,-0.78,4.959,1.485,100.0,1653,2.5166,21.4907,0,,90.705,149960.16,market,@YieldCurve_Rotator,0.00337,16.5317,curve: 21d change -3.0bp,0.0,90.120003,data/real/prices/yahoo/TLT.json,91.040001,89.870003,90.709999,b2914ca7451d1c04fbe97f399361df69871d9a8afcbb0121541ac2bdd13a29f3,49121800,0.0,,1653,buy,1.103,66.578,1.103,1.103,8.265,filled,,TLT,22.2706
94.06,False,94.07,94.05,-149952.362,0.0,2025-09-17,94.059998,5.94,-7.5535,4.782,1.886,100.0,1594,9.5867,20.7252,0,,94.055,149947.58,market,@FDA_ClusterFade,0.01054,15.9432,fda fade: z=-1.12 long sector,0.0,93.769997,data/real/prices/yahoo/XBI.json,95.809998,93.489998,94.059998,fe9eeb851e6faba2a7187e008fab271608d8a4d544227ad3543ac3d95d5dd769,15125300,0.0,,1594,buy,1.063,31.993,1.063,1.063,7.97,filled,,XBI,28.2787
336.23,False,336.22,336.22,1008.6505,0.0,2025-09-18,336.220001,0.0,-0.0165,0.009,0.258,100.0,3,0.0015,0.0095,0,,336.225,1008.66,market,@GOLD_Trend_GLD,2e-05,0.0,gold: trend up,0.0,335.619995,data/real/prices/yahoo/GLD.json,336.320007,333.809998,336.220001,545093d31c9d8284e3b5dc66f668a6cb7391d9925b5abdf3e82bcaa71e423b40,14913300,0.0005,,3,sell,0.0,17.878,0.0,-0.0,0.015,filled,,GLD,0.026
661.9,False,661.9,661.89,-661.903,0.0,2025-09-18,661.890015,0.0,0.0048,0.003,0.123,100.0,1,0.0002,0.013,0,,661.895,661.9,market,@PinePilot_EMA_Cross,0.0,0.01,pinepilot: EMA(20) > EMA(50),0.0,662.26001,data/real/prices/yahoo/SPY.json,664.890015,660.27002,661.890015,e0f05aaf67be23da1db20513eaed93274b165898427ebeab80c7cb2eca1d9a2d,90459200,0.0,,1,buy,0.151,-5.436,0.151,0.151,0.005,filled,,SPY,0.0082
597.34,False,597.34,597.33,-597.343,0.0,2025-09-19,597.330017,0.0,0.0048,0.003,0.137,100.0,1,0.0002,0.013,0,,597.335,597.34,market,@PinePilot_EMA_Cross,0.0,0.01,pinepilot: EMA(20) > EMA(50),0.0,599.349976,data/real/prices/yahoo/QQQ.json,600.049988,595.849976,597.330017,ae9ec3c0b0b8e0f5cd28ee45eac2dfcff9f95a7c5a1244e170ab0980d85979ed,58196100,0.0,,1,buy,0.167,-33.536,0.167,0.167,0.005,filled,,QQQ,0.0082
662.34,False,662.34,662.33,-662.343,0.0,2025-09-19,662.330017,0.0,0.0048,0.003,0.123,100.0,1,0.0002,0.013,0,,662.335,662.34,market,@PinePilot_EMA_Cross,0.0,0.01,pinepilot: EMA(20) > EMA(50),0.0,663.700012,data/real/prices/yahoo/SPY.json,664.549988,660.369995,662.330017,e0f05aaf67be23da1db20513eaed93274b165898427ebeab80c7cb2eca1d9a2d,97945600,0.0,,1,buy,0.151,-20.491,0.151,0.151,0.005,filled,,SPY,0.0082
96.99,False,96.99,96.98,-2327.832,0.0,2025-09-19,96.989998,0.0,-0.1391,0.072,0.907,100.0,24,0.0191,0.072,0,,96.985,2327.76,market,@FDA_ClusterFade,0.00034,0.0,fda fade: z=-1.26 long sector,0.0,95.599998,data/real/prices/yahoo/XBI.json,97.040001,95.370003,96.989998,fe9eeb851e6faba2a7187e008fab271608d8a4d544227ad3543ac3d95d5dd769,7144100,0.0,,24,buy,0.0,145.398,0.0,0.0,0.12,filled,,XBI,0.2111
342.76,False,342.76,342.75,-3084.867,0.0,2025-09-22,342.75,0.0,0.0371,0.027,0.259,100.0,9,0.0079,0.117,0,,342.755,3084.84,market,@GOLD_Trend_GLD,7e-05,0.09,gold: trend up,0.0,345.049988,data/real/prices/yahoo/GLD.json,345.070007,341.839996,342.75,545093d31c9d8284e3b5dc66f668a6cb7391d9925b5abdf3e82bcaa71e423b40,12386400,0.0,,9,buy,0.292,-66.367,0.292,0.292,0.045,filled,,GLD,0.0799
348.24,False,348.24,348.23,-2785.944,0.0,2025-09-23,348.230011,0.0,0.033,0.024,0.255,100.0,8,0.0069,0.1039,0,,348.235,2785.92,market,@GOLD_Trend_GLD,4e-05,0.0799,gold: trend up,0.0,346.459991,data/real/prices/yahoo/GLD.json,348.75,345.320007,348.230011,545093d31c9d8284e3b5dc66f668a6cb7391d9925b5abdf3e82bcaa71e423b40,18384000,0.0,,8,buy,0.287,51.377,0.287,0.287,0.04,filled,,GLD,0.0709
344.4,False,344.39,344.39,1721.9342,0.0,2025-09-25,344.390015,0.0,-0.0284,0.015,0.258,100.0,5,0.0035,0.0159,0,,344.395,1721.95,market,@GOLD_Trend_GLD,4e-05,0.0001,gold: trend up,0.0,344.75,data/real/prices/yahoo/GLD.json,345.829987,342.470001,344.390015,545093d31c9d8284e3b5dc66f668a6cb7391d9925b5abdf3e82bcaa71e423b40,12639600,0.0008,,5,sell,0.0,-10.442,0.0,-0.0,0.025,filled,,GLD,0.0443
351.8,False,351.8,351.79,-3518.03,0.0,2025-09-29,351.790009,0.0,0.0398,0.03,0.256,100.0,10,0.0101,0.1299,0,,351.795,3518.0,market,@GOLD_Trend_GLD,6e-05,0.0999,gold: trend up,0.0,352.459991,data/real/prices/yahoo/GLD.json,352.829987,351.279999,351.790009,545093d31c9d8284e3b5dc66f668a6cb7391d9925b5abdf3e82bcaa71e423b40,15719600,0.0,,10,buy,0.284,-18.725,0.284,0.284,0.05,filled,,GLD,0.0901
98.34,False,98.34,98.33,-1180.116,0.0,2025-09-29,98.330002,0.0,0.0528,0.036,0.874,100.0,12,0.0071,0.156,0,,98.335,1180.08,market,@FDA_ClusterFade,0.00012,0.12,fda fade: z=-2.00 long sector,0.0,99.400002,data/real/prices/yahoo/XBI.json,99.489998,98.010002,98.330002,fe9eeb851e6faba2a7187e008fab271608d8a4d544227ad3543ac3d95d5dd769,9957300,0.0,,12,buy,1.017,-106.64,1.017,1.017,0.06,filled,,XBI,0.1031
356.18,False,356.18,356.17,-2137.098,0.0,2025-10-01,356.170013,0.0,0.025,0.018,0.248,100.0,6,0.0049,0.0779,0,,356.175,2137.08,market,@GOLD_Trend_GLD,4e-05,0.0599,gold: trend up,0.0,356.029999,data/real/prices/yahoo/GLD.json,356.970001,354.790009,356.170013,545093d31c9d8284e3b5dc66f668a6cb7391d9925b5abdf3e82bcaa71e423b40,15573600,0.0,,6,buy,0.28,4.213,0.28,0.28,0.03,filled,,GLD,0.0529
597.17,False,597.17,597.16,-2388.692,0.0,2025-10-01,597.169983,0.0,-0.0212,0.012,0.139,100.0,4,0.0013,0.0121,0,,597.165,2388.68,market,@LeapMaxLever_Momentum,1e-05,0.0001,the leap: monthly leader QQQ,0.0,603.25,data/real/prices/yahoo/QQQ.json,603.789978,596.340027,597.169983,ae9ec3c0b0b8e0f5cd28ee45eac2dfcff9f95a7c5a1244e170ab0980d85979ed,46899600,0.0,,4,buy,0.0,-100.787,0.0,0.0,0.02,filled,,QQQ,0.0333
100.12,False,100.12,100.11,-1401.722,0.0,2025-10-01,100.110001,0.0,0.0608,0.042,0.864,100.0,14,0.0091,0.182,0,,100.115,1401.68,market,@FDA_ClusterFade,0.00014,0.14,fda fade: z=-1.52 long sector,0.0,101.389999,data/real/prices/yahoo/XBI.json,102.150002,100.110001,100.110001,fe9eeb851e6faba2a7187e008fab271608d8a4d544227ad3543ac3d95d5dd769,9736200,0.0,,14,buy,0.999,-125.259,0.999,0.999,0.07,filled,,XBI,0.1211
358.27,False,358.27,358.26,-1074.819,0.0,2025-10-02,358.26001,0.0,0.0135,0.009,0.237,100.0,3,0.0015,0.039,0,,358.265,1074.81,market,@GOLD_Trend_GLD,2e-05,0.03,gold: trend up,0.0,354.790009,data/real/prices/yahoo/GLD.json,358.670013,351.399994,358.26001,545093d31c9d8284e3b5dc66f668a6cb7391d9925b5abdf3e82bcaa71e423b40,16162100,0.0,,3,buy,0.279,98.086,0.279,0.279,0.015,filled,,GLD,0.0255
243.01,False,243.01,243.0,-1215.065,0.0,2025-10-02,243.0,0.0,0.0235,0.015,0.341,100.0,5,0.0015,0.065,0,,243.005,1215.05,market,@PinePilot_EMA_Cross,2e-05,0.05,pinepilot: EMA(20) > EMA(50),0.0,244.020004,data/real/prices/yahoo/IWM.json,244.089996,241.470001,243.0,4f6191d7931ac8755dec346902f769128dd059359a542aaf947e90ff8f2d344a,28687400,0.0,,5,buy,0.412,-41.39,0.412,0.412,0.025,filled,,IWM,0.0415
101.64,False,101.64,101.63,-1219.716,0.0,2025-10-02,101.639999,0.0,-0.0667,0.036,0.842,100.0,12,0.0067,0.036,0,,101.635,1219.68,market,@FDA_ClusterFade,0.00014,0.0,fda fade: z=-1.24 long sector,0.0,102.589996,data/real/prices/yahoo/XBI.json,102.599998,101.010002,101.639999,fe9eeb851e6faba2a7187e008fab271608d8a4d544227ad3543ac3d95d5dd769,8601200,0.0,,12,buy,0.0,-92.601,0.0,0.0,0.06,filled,,XBI,0.1027
102.99,False,102.99,102.98,-1132.923,0.0,2025-10-03,102.989998,0.0,-0.061,0.033,0.83,100.0,11,0.006,0.033,0,,102.985,1132.89,market,@FDA_ClusterFade,9e-05,0.0,fda fade: z=-1.05 long sector,0.0,103.599998,data/real/prices/yahoo/XBI.json,104.099998,102.790001,102.989998,fe9eeb851e6faba2a7187e008fab271608d8a4d544227ad3543ac3d95d5dd769,12886500,0.0,,11,buy,0.0,-58.88,0.0,0.0,0.055,filled,,XBI,0.094
362.17,False,362.17,362.16,-2173.038,0.0,2025-10-06,362.160004,0.0,0.0257,0.018,0.24,100.0,6,0.0043,0.078,0,,362.165,2173.02,market,@GOLD_Trend_GLD,4e-05,0.06,gold: trend up,0.0,364.380005,data/real/prices/yahoo/GLD.json,365.299988,361.369995,362.160004,545093d31c9d8284e3b5dc66f668a6cb7391d9925b5abdf3e82bcaa71e423b40,17093700,0.0,,6,buy,0.276,-60.651,0.276,0.276,0.03,filled,,GLD,0.0523
608.46,False,608.46,608.45,-608.463,0.0,2025-10-06,608.450012,0.0,0.0048,0.003,0.134,100.0,1,0.0001,0.013,0,,608.455,608.46,market,@PinePilot_EMA_Cross,0.0,0.01,pinepilot: EMA(20) > EMA(50),0.0,607.710022,data/real/prices/yahoo/QQQ.json,609.359985,605.969971,608.450012,ae9ec3c0b0b8e0f5cd28ee45eac2dfcff9f95a7c5a1244e170ab0980d85979ed,41962100,0.0,,1,buy,0.164,12.341,0.164,0.164,0.005,filled,,QQQ,0.0081
671.62,False,671.62,671.61,-1343.246,0.0,2025-10-06,671.619995,0.0,-0.0103,0.006,0.121,100.0,2,0.0003,0.006,0,,671.615,1343.24,market,@PinePilot_EMA_Cross,0.0,0.0,pinepilot: EMA(20) > EMA(50),0.0,671.609985,data/real/prices/yahoo/SPY.json,672.51001,669.460022,671.619995,e0f05aaf67be23da1db20513eaed93274b165898427ebeab80c7cb2eca1d9a2d,54623300,0.0,,2,buy,0.0,0.149,0.0,0.0,0.01,filled,,SPY,0.0163
13.37,False,13.39,13.36,-110264.569,0.0,2025-10-06,13.36,159.39,18.1356,24.699,23.0,100.0,8233,28.2994,271.689,0,,13.365,110239.87,market,@Weather_ColdSnap_Max,0.07409,246.99,weather: 1 cold anomaly days in 10,0.0,13.3,data/real/prices/yahoo/UNG.json,13.44,13.13,13.36,eb7bcc0769945fb2c40fbcd98753ed7e17e367cf69d2ce2bde9ae60f00a462cc,11112100,0.0,,8233,buy,22.455,67.669,22.455,22.455,41.165,filled,,UNG,253.5534
104.13,False,104.13,104.12,-937.197,0.0,2025-10-06,104.120003,0.0,0.0405,0.027,0.816,100.0,9,0.0044,0.117,0,,104.125,937.17,market,@FDA_ClusterFade,0.00011,0.09,fda fade: z=-1.07 long sector,0.0,103.639999,data/real/prices/yahoo/XBI.json,104.510002,103.449997,104.120003,fe9eeb851e6faba2a7187e008fab271608d8a4d544227ad3543ac3d95d5dd769,7956100,0.0,,9,buy,0.96,47.279,0.96,0.96,0.045,filled,,XBI,0.0764
44.72,False,44.72,44.71,-59973.543,0.0,2025-10-06,44.715,3.41,-4.7825,4.023,2.586,100.0,1341,1.3725,10.728,0,,44.715,59969.52,market,@Weather_ColdSnap_Max,0.0067,6.705,weather: 1 cold anomaly days in 10,0.0,44.884998,data/real/prices/yahoo/XLU.json,44.935001,44.41,44.715,5dddbd83cab3a8b7cd0814ea8215cbfc7d759602d4557e0cdf34937ba995df5d,20024200,0.0,,1341,buy,1.118,-36.76,1.118,1.118,6.705,filled,,XLU,15.5105
366.52,False,366.52,366.51,-2199.138,0.0,2025-10-07,366.51001,0.0,0.0254,0.018,0.239,100.0,6,0.0045,0.0779,0,,366.515,2199.12,market,@GOLD_Trend_GLD,4e-05,0.0599,gold: trend up,0.0,366.26001,data/real/prices/yahoo/GLD.json,367.269989,364.549988,366.51001,545093d31c9d8284e3b5dc66f668a6cb7391d9925b5abdf3e82bcaa71e423b40,16836800,0.0,,6,buy,0.273,7.099,0.273,0.273,0.03,filled,,GLD,0.0525
371.65,False,371.65,371.64,-2973.224,0.0,2025-10-08,371.649994,0.0,-0.0469,0.024,0.238,100.0,8,0.0069,0.024,0,,371.645,2973.2,market,@GOLD_Trend_GLD,3e-05,0.0,gold: trend up,0.0,372.299988,data/real/prices/yahoo/GLD.json,373.570007,370.5,371.649994,545093d31c9d8284e3b5dc66f668a6cb7391d9925b5abdf3e82bcaa71e423b40,28052300,0.0,,8,buy,0.0,-17.459,0.0,0.0,0.04,filled,,GLD,0.0709
104.31,False,104.29,104.3,174680.4469,0.0,2025-10-08,104.300003,0.0,-2.2657,5.025,1.392,100.0,1675,10.6457,22.0581,0,,104.305,174685.75,market,@FDA_ClusterFade,0.01414,16.755,fda fade: z back inside the band,0.0,105.440002,data/real/prices/yahoo/XBI.json,106.529999,103.739998,104.300003,fe9eeb851e6faba2a7187e008fab271608d8a4d544227ad3543ac3d95d5dd769,11850000,0.2781,,1675,sell,0.959,-109.067,0.959,-0.959,8.375,filled,,XBI,24.3237
45.55,False,45.54,45.54,1183.9577,0.0,2025-10-09,45.549999,0.0,0.1264,0.078,1.823,100.0,26,0.0036,0.3423,0,,45.545,1184.04,market,@Weather_ColdSnap_Max,0.00012,0.26,weather: 1 cold anomaly days in 10,0.0,45.285,data/real/prices/yahoo/XLU.json,45.685001,45.195,45.549999,5dddbd83cab3a8b7cd0814ea8215cbfc7d759602d4557e0cdf34937ba995df5d,21557400,0.0043,,26,sell,2.195,56.31,2.195,-2.195,0.13,filled,,XLU,0.2159
367.55,False,367.54,367.54,1837.6842,0.0,2025-10-10,367.540009,0.0,-0.029,0.015,0.244,100.0,5,0.004,0.0159,0,,367.545,1837.7,market,@GOLD_Trend_GLD,2e-05,0.0,gold: trend up,0.0,369.119995,data/real/prices/yahoo/GLD.json,370.309998,365.440002,367.540009,545093d31c9d8284e3b5dc66f668a6cb7391d9925b5abdf3e82bcaa71e423b40,24192800,0.0008,,5,sell,0.0,-42.804,0.0,-0.0,0.025,filled,,GLD,0.0449
45.44,False,45.43,45.43,3770.4272,0.0,2025-10-10,45.435001,0.0,-0.0189,0.249,1.848,100.0,83,0.019,0.6779,0,,45.435,3770.69,market,@Weather_ColdSnap_Max,0.00036,0.4151,weather: 1 cold anomaly days in 10,0.0,45.099998,data/real/prices/yahoo/XLU.json,45.685001,45.049999,45.435001,5dddbd83cab3a8b7cd0814ea8215cbfc7d759602d4557e0cdf34937ba995df5d,23183800,0.0138,,83,sell,1.101,73.171,1.101,-1.101,0.415,filled,,XLU,0.6968
376.51,False,376.51,376.5,-4518.156,0.0,2025-10-13,376.5,0.0,0.0448,0.036,0.246,100.0,12,0.0152,0.156,0,,376.505,4518.12,market,@GOLD_Trend_GLD,6e-05,0.12,gold: trend up,0.0,378.089996,data/real/prices/yahoo/GLD.json,378.859985,375.579987,376.5,545093d31c9d8284e3b5dc66f668a6cb7391d9925b5abdf3e82bcaa71e423b40,18514400,0.0,,12,buy,0.266,-41.789,0.266,0.266,0.06,filled,,GLD,0.1112
105.13,False,105.14,105.12,-174852.809,0.0,2025-10-13,105.120003,6.63,7.7232,4.989,1.746,100.0,1663,10.5869,38.244,0,,105.125,174847.82,market,@FDA_ClusterFade,0.01632,33.255,fda fade: z=-1.23 long sector,0.0,105.269997,data/real/prices/yahoo/XBI.json,105.860001,104.449997,105.120003,fe9eeb851e6faba2a7187e008fab271608d8a4d544227ad3543ac3d95d5dd769,10190500,0.0,,1663,buy,1.902,-12.349,1.902,1.902,8.315,filled,,XBI,30.5209
45.14,False,45.13,45.13,2030.7075,0.0,2025-10-13,45.130001,0.0,-0.2327,0.135,1.847,100.0,45,0.0077,0.1425,0,,45.135,2030.85,market,@Weather_ColdSnap_Max,0.00024,0.0,weather: 3 cold anomaly days in 10,0.0,45.445,data/real/prices/yahoo/XLU.json,45.654999,45.110001,45.130001,5dddbd83cab3a8b7cd0814ea8215cbfc7d759602d4557e0cdf34937ba995df5d,18760600,0.0075,,45,sell,0.0,-69.315,0.0,-0.0,0.225,filled,,XLU,0.3752
378.21,False,378.21,378.2,-756.426,0.0,2025-10-14,378.209991,0.0,-0.0111,0.006,0.226,100.0,2,0.0011,0.006,0,,378.205,756.42,market,@GOLD_Trend_GLD,1e-05,0.0,gold: trend up,0.0,380.790009,data/real/prices/yahoo/GLD.json,382.380005,377.899994,378.209991,545093d31c9d8284e3b5dc66f668a6cb7391d9925b5abdf3e82bcaa71e423b40,18409600,0.0,,2,buy,0.0,-67.754,0.0,0.0,0.01,filled,,GLD,0.0171
241.23,False,241.22,241.22,964.8673,0.0,2025-10-14,241.229996,0.0,0.0186,0.012,0.353,100.0,4,0.0014,0.0526,0,,241.225,964.88,market,@PinePilot_EMA_Cross,1e-05,0.04,pinepilot: EMA(20) > EMA(50),0.0,247.899994,data/real/prices/yahoo/IWM.json,249.600006,240.360001,241.229996,4f6191d7931ac8755dec346902f769128dd059359a542aaf947e90ff8f2d344a,45320800,0.0007,,4,sell,0.414,-269.463,0.414,-0.414,0.02,filled,,IWM,0.0341
657.17,False,657.16,657.16,657.1568,0.0,2025-10-14,657.169983,0.0,0.0048,0.003,0.128,100.0,1,0.0002,0.0131,0,,657.165,657.16,market,@PinePilot_EMA_Cross,0.0,0.01,pinepilot: EMA(20) > EMA(50),0.0,662.22998,data/real/prices/yahoo/SPY.json,665.830017,653.169983,657.169983,e0f05aaf67be23da1db20513eaed93274b165898427ebeab80c7cb2eca1d9a2d,88779600,0.0002,,1,sell,0.152,-76.559,0.152,-0.152,0.005,filled,,SPY,0.0084
385.93,False,385.93,385.92,-4245.263,0.0,2025-10-15,385.929993,0.0,-0.0697,0.033,0.242,100.0,11,0.0147,0.0331,0,,385.925,4245.23,market,@GOLD_Trend_GLD,5e-05,0.0001,gold: trend up,0.0,387.390015,data/real/prices/yahoo/GLD.json,387.76001,384.589996,385.929993,545093d31c9d8284e3b5dc66f668a6cb7391d9925b5abdf3e82bcaa71e423b40,20598300,0.0,,11,buy,0.0,-37.689,0.0,0.0,0.055,filled,,GLD,0.1027
666.83,False,666.83,666.82,-666.833,0.0,2025-10-15,666.820007,0.0,0.0048,0.003,0.123,100.0,1,0.0002,0.013,0,,666.825,666.83,market,@PinePilot_EMA_Cross,0.0,0.01,pinepilot: EMA(20) > EMA(50),0.0,665.169983,data/real/prices/yahoo/SPY.json,670.22998,658.929993,666.820007,e0f05aaf67be23da1db20513eaed93274b165898427ebeab80c7cb2eca1d9a2d,81702600,0.0,,1,buy,0.15,24.956,0.15,0.15,0.005,filled,,SPY,0.0082
391.15,False,391.15,391.14,-3129.224,0.0,2025-10-16,391.149994,0.0,-0.0494,0.024,0.235,100.0,8,0.0094,0.024,0,,391.145,3129.2,market,@GOLD_Trend_GLD,2e-05,0.0,gold: trend up,0.0,396.450012,data/real/prices/yahoo/GLD.json,396.869995,390.399994,391.149994,545093d31c9d8284e3b5dc66f668a6cb7391d9925b5abdf3e82bcaa71e423b40,33621400,0.0,,8,buy,0.0,-133.687,0.0,0.0,0.04,filled,,GLD,0.0734
109.7,False,109.7,109.69,-3839.605,0.0,2025-10-16,109.690002,0.0,0.141,0.105,0.818,100.0,35,0.0339,0.4549,0,,109.695,3839.5,market,@FDA_ClusterFade,0.0002,0.3499,fda fade: z=-1.11 long sector,0.0,107.910004,data/real/prices/yahoo/XBI.json,110.959999,106.989998,109.690002,fe9eeb851e6faba2a7187e008fab271608d8a4d544227ad3543ac3d95d5dd769,17515100,0.0,,35,buy,0.911,165.879,0.911,0.911,0.175,filled,,XBI,0.3139
46.6,False,46.59,46.59,1677.126,0.0,2025-10-16,46.59,0.0,-0.1847,0.108,1.781,100.0,36,0.0047,0.114,0,,46.595,1677.24,market,@Weather_ColdSnap_Max,0.00012,-0.0,weather: 5 cold anomaly days in 10,0.0,45.945,data/real/prices/yahoo/XLU.json,46.884998,45.935001,46.59,5dddbd83cab3a8b7cd0814ea8215cbfc7d759602d4557e0cdf34937ba995df5d,29119000,0.006,,36,sell,-0.0,140.385,-0.0,0.0,0.18,filled,,XLU,0.2987
397.15,False,397.15,397.14,-3574.377,0.0,2025-10-17,397.140015,0.0,0.0335,0.027,0.233,100.0,9,0.0113,0.1169,0,,397.145,3574.35,market,@GOLD_Trend_GLD,1e-05,0.0899,gold: trend up,0.0,388.98999,data/real/prices/yahoo/GLD.json,397.279999,385.220001,397.140015,545093d31c9d8284e3b5dc66f668a6cb7391d9925b5abdf3e82bcaa71e423b40,62025000,0.0,,9,buy,0.251,209.774,0.251,0.251,0.045,filled,,GLD,0.0833
91.26,False,91.26,91.25,-1186.419,0.0,2025-10-17,91.25,0.0,0.0635,0.039,0.889,100.0,13,0.0015,0.169,0,,91.255,1186.38,market,@YieldCurve_Rotator,3e-05,0.13,curve: 21d change -3.0bp,0.0,91.199997,data/real/prices/yahoo/TLT.json,91.290001,90.900002,91.25,b2914ca7451d1c04fbe97f399361df69871d9a8afcbb0121541ac2bdd13a29f3,40240400,0.0,,13,buy,1.096,6.579,1.096,1.096,0.065,filled,,TLT,0.1055
107.51,False,107.5,107.5,1827.4462,0.0,2025-10-17,107.5,0.0,-0.0964,0.051,0.822,100.0,17,0.0114,0.0538,0,,107.505,1827.5,market,@FDA_ClusterFade,0.00017,-0.0,fda fade: z=-1.21 long sector,0.0,107.800003,data/real/prices/yahoo/XBI.json,108.839996,106.5,107.5,fe9eeb851e6faba2a7187e008fab271608d8a4d544227ad3543ac3d95d5dd769,9981100,0.0028,,17,sell,-0.0,-27.83,-0.0,0.0,0.085,filled,,XBI,0.1502
12.58,False,12.58,12.57,-1019.223,0.0,2025-10-20,12.57,0.0,0.3782,0.243,6.622,100.0,81,0.0268,1.053,0,,12.575,1018.98,market,@Weather_ColdSnap_Max,0.00039,0.81,weather: 8 cold anomaly days in 10,0.0,12.93,data/real/prices/yahoo/UNG.json,13.04,12.55,12.57,eb7bcc0769945fb2c40fbcd98753ed7e17e367cf69d2ce2bde9ae60f00a462cc,20825600,0.0,,81,buy,7.955,-270.688,7.955,7.955,0.405,filled,,UNG,0.6748
108.84,False,108.84,108.83,-979.587,0.0,2025-10-20,108.830002,0.0,0.0409,0.027,0.776,100.0,9,0.004,0.117,0,,108.835,979.56,market,@FDA_ClusterFade,0.0001,0.09,fda fade: z=-1.96 long sector,0.0,110.169998,data/real/prices/yahoo/XBI.json,110.540001,108.339996,108.830002,fe9eeb851e6faba2a7187e008fab271608d8a4d544227ad3543ac3d95d5dd769,8697800,0.0,,9,buy,0.919,-120.722,0.919,0.919,0.045,filled,,XBI,0.076
46.14,False,46.14,46.13,-3876.012,0.0,2025-10-20,46.134998,0.0,-0.0192,0.252,1.784,100.0,84,0.0194,0.6722,0,,46.135,3875.76,market,@Weather_ColdSnap_Max,0.00033,0.4202,weather: 8 cold anomaly days in 10,0.0,45.77,data/real/prices/yahoo/XLU.json,46.244999,45.595001,46.134998,5dddbd83cab3a8b7cd0814ea8215cbfc7d759602d4557e0cdf34937ba995df5d,25420000,0.0,,84,buy,1.084,80.839,1.084,1.084,0.42,filled,,XLU,0.6914
386.55,False,386.54,386.54,5798.0525,0.0,2025-10-21,386.540009,0.0,-0.1037,0.045,0.261,100.0,15,0.0288,0.0476,0,,386.545,5798.1,market,@GOLD_Trend_GLD,3e-05,0.0001,gold: trend up,0.0,377.23999,data/real/prices/yahoo/GLD.json,388.890015,375.649994,386.540009,545093d31c9d8284e3b5dc66f668a6cb7391d9925b5abdf3e82bcaa71e423b40,54101400,0.0025,,15,sell,0.0,246.528,0.0,-0.0,0.075,filled,,GLD,0.1513
110.13,False,110.13,110.12,-1101.33,0.0,2025-10-21,110.129997,0.0,-0.0547,0.03,0.77,100.0,10,0.0048,0.03,0,,110.125,1101.3,market,@FDA_ClusterFade,0.00015,0.0,fda fade: z=-1.83 long sector,0.0,109.559998,data/real/prices/yahoo/XBI.json,110.540001,109.080002,110.129997,fe9eeb851e6faba2a7187e008fab271608d8a4d544227ad3543ac3d95d5dd769,6792800,0.0,,10,buy,0.0,52.026,0.0,0.0,0.05,filled,,XBI,0.0848
45.82,False,45.82,45.81,-1878.743,0.0,2025-10-21,45.814999,0.0,-0.0065,0.123,1.781,100.0,41,0.0066,0.328,0,,45.815,1878.62,market,@Weather_ColdSnap_Max,0.00019,0.205,weather: 7 cold anomaly days in 10,0.0,45.305,data/real/prices/yahoo/XLU.json,45.869999,45.084999,45.814999,5dddbd83cab3a8b7cd0814ea8215cbfc7d759602d4557e0cdf34937ba995df5d,22107800,0.0,,41,buy,1.092,113.674,1.092,1.092,0.205,filled,,XLU,0.3346
372.76,False,372.75,372.75,7827.6835,0.0,2025-10-22,372.75,0.0,-0.1735,0.063,0.307,100.0,21,0.0685,0.0665,0,,372.755,7827.75,market,@GOLD_Trend_GLD,7e-05,-0.0,gold: trend up,0.0,377.279999,data/real/prices/yahoo/GLD.json,378.470001,368.929993,372.75,545093d31c9d8284e3b5dc66f668a6cb7391d9925b5abdf3e82bcaa71e423b40,30524100,0.0035,,21,sell,-0.0,-120.07,-0.0,0.0,0.105,filled,,GLD,0.24
246.03,False,246.03,246.02,-984.132,0.0,2025-10-22,246.029999,0.0,-0.0215,0.012,0.341,100.0,4,0.0015,0.012,0,,246.025,984.12,market,@PinePilot_EMA_Cross,1e-05,0.0,pinepilot: EMA(20) > EMA(50),0.0,243.339996,data/real/prices/yahoo/IWM.json,246.860001,240.770004,246.029999,4f6191d7931ac8755dec346902f769128dd059359a542aaf947e90ff8f2d344a,46578400,0.0,,4,buy,0.0,110.545,0.0,0.0,0.02,filled,,IWM,0.0335
45.41,False,45.41,45.4,-1589.455,0.0,2025-10-22,45.404999,0.0,-0.0056,0.105,1.797,100.0,35,0.0056,0.28,0,,45.405,1589.35,market,@Weather_ColdSnap_Max,0.00018,0.175,weather: 7 cold anomaly days in 10,0.0,45.200001,data/real/prices/yahoo/XLU.json,45.43,44.985001,45.404999,5dddbd83cab3a8b7cd0814ea8215cbfc7d759602d4557e0cdf34937ba995df5d,19108600,0.0,,35,buy,1.101,46.46,1.101,1.101,0.175,filled,,XLU,0.2856
381.46,False,381.46,381.45,-4196.093,0.0,2025-10-23,381.459991,0.0,-0.0812,0.033,0.272,100.0,11,0.0263,0.0331,0,,381.455,4196.06,market,@GOLD_Trend_GLD,8e-05,0.0001,gold: trend up,0.0,378.790009,data/real/prices/yahoo/GLD.json,382.25,378.649994,381.459991,545093d31c9d8284e3b5dc66f668a6cb7391d9925b5abdf3e82bcaa71e423b40,13695500,0.0,,11,buy,0.0,70.487,0.0,0.0,0.055,filled,,GLD,0.1143
107.38,False,107.37,107.37,2147.3367,0.0,2025-10-23,107.379997,0.0,0.0855,0.06,0.828,100.0,20,0.0144,0.2633,0,,107.375,2147.4,market,@FDA_ClusterFade,0.00032,0.1999,fda fade: z=-1.47 long sector,0.0,107.559998,data/real/prices/yahoo/XBI.json,107.889999,106.5,107.379997,fe9eeb851e6faba2a7187e008fab271608d8a4d544227ad3543ac3d95d5dd769,6341400,0.0033,,20,sell,0.931,-17.664,0.931,-0.931,0.1,filled,,XBI,0.1777
45.5,False,45.49,45.49,1000.7103,0.0,2025-10-23,45.494999,0.0,-0.0029,0.066,1.823,100.0,22,0.0028,0.1796,0,,45.495,1000.78,market,@Weather_ColdSnap_Max,0.00014,0.11,weather: 6 cold anomaly days in 10,0.0,45.165001,data/real/prices/yahoo/XLU.json,45.52,44.915001,45.494999,5dddbd83cab3a8b7cd0814ea8215cbfc7d759602d4557e0cdf34937ba995df5d,16134000,0.0037,,22,sell,1.099,71.958,1.099,-1.099,0.11,filled,,XLU,0.1825
378.52,False,378.51,378.51,1135.5205,0.0,2025-10-24,378.51001,0.0,-0.0186,0.009,0.248,100.0,3,0.0037,0.0095,0,,378.515,1135.53,market,@GOLD_Trend_GLD,2e-05,0.0,gold: trend up,0.0,377.519989,data/real/prices/yahoo/GLD.json,380.769989,376.809998,378.51001,545093d31c9d8284e3b5dc66f668a6cb7391d9925b5abdf3e82bcaa71e423b40,13263800,0.0005,,3,sell,0.0,26.224,0.0,-0.0,0.015,filled,,GLD,0.0282
108.76,False,108.76,108.75,-978.867,0.0,2025-10-24,108.75,0.0,0.0406,0.027,0.781,100.0,9,0.0044,0.117,0,,108.755,978.84,market,@FDA_ClusterFade,0.00016,0.09,fda fade: z=-1.25 long sector,0.0,108.389999,data/real/prices/yahoo/XBI.json,108.940002,108.059998,108.75,fe9eeb851e6faba2a7187e008fab271608d8a4d544227ad3543ac3d95d5dd769,5692700,0.0,,9,buy,0.92,34.136,0.92,0.92,0.045,filled,,XBI,0.0764
371.14,False,371.13,371.13,4082.3952,0.0,2025-10-27,371.130005,0.0,-0.0802,0.033,0.282,100.0,11,0.0253,0.0349,0,,371.135,4082.43,market,@GOLD_Trend_GLD,5e-05,0.0001,gold: trend up,0.0,367.01001,data/real/prices/yahoo/GLD.json,371.589996,365.339996,371.130005,545093d31c9d8284e3b5dc66f668a6cb7391d9925b5abdf3e82bcaa71e423b40,23657600,0.0018,,11,sell,0.0,112.258,0.0,-0.0,0.055,filled,,GLD,0.1151
624.53,False,624.53,624.52,-624.533,0.0,2025-10-27,624.52002,0.0,0.0046,0.003,0.134,100.0,1,0.0003,0.013,0,,624.525,624.53,market,@PinePilot_EMA_Cross,0.0,0.01,pinepilot: EMA(20) > EMA(50),0.0,628.090027,data/real/prices/yahoo/QQQ.json,628.549988,624.030029,624.52002,ae9ec3c0b0b8e0f5cd28ee45eac2dfcff9f95a7c5a1244e170ab0980d85979ed,54098600,0.0,,1,buy,0.16,-56.68,0.16,0.16,0.005,filled,,QQQ,0.0083
682.73,False,682.73,682.72,-682.733,0.0,2025-10-27,682.72998,0.0,-0.0052,0.003,0.121,100.0,1,0.0002,0.003,0,,682.725,682.73,market,@PinePilot_EMA_Cross,0.0,0.0,pinepilot: EMA(20) > EMA(50),0.0,685.23999,data/real/prices/yahoo/SPY.json,685.539978,682.119995,682.72998,e0f05aaf67be23da1db20513eaed93274b165898427ebeab80c7cb2eca1d9a2d,63339800,0.0,,1,buy,0.0,-36.629,0.0,0.0,0.005,filled,,SPY,0.0082
110.02,False,110.02,110.01,-1100.23,0.0,2025-10-27,110.010002,0.0,0.0451,0.03,0.772,100.0,10,0.0049,0.13,0,,110.015,1100.2,market,@FDA_ClusterFade,8e-05,0.1,fda fade: z=-1.66 long sector,0.0,111.589996,data/real/prices/yahoo/XBI.json,111.839996,109.889999,110.010002,fe9eeb851e6faba2a7187e008fab271608d8a4d544227ad3543ac3d95d5dd769,13303700,0.0,,10,buy,0.909,-140.693,0.909,0.909,0.05,filled,,XBI,0.0849
361.81,False,361.8,361.8,5065.1557,0.0,2025-10-28,361.809998,0.0,0.0329,0.042,0.299,100.0,14,0.0371,0.1843,0,,361.805,5065.2,market,@GOLD_Trend_GLD,7e-05,0.14,gold: trend up,0.0,364.380005,data/real/prices/yahoo/GLD.json,365.299988,360.119995,361.809998,545093d31c9d8284e3b5dc66f668a6cb7391d9925b5abdf3e82bcaa71e423b40,19257600,0.0023,,14,sell,0.276,-70.805,0.276,-0.276,0.07,filled,,GLD,0.1514
249.56,False,249.56,249.55,-1746.941,0.0,2025-10-28,249.550003,0.0,0.0313,0.021,0.342,100.0,7,0.0037,0.091,0,,249.555,1746.92,market,@PinePilot_EMA_Cross,2e-05,0.07,pinepilot: EMA(20) > EMA(50),0.0,248.960007,data/real/prices/yahoo/IWM.json,250.899994,248.110001,249.550003,4f6191d7931ac8755dec346902f769128dd059359a542aaf947e90ff8f2d344a,28075900,0.0,,7,buy,0.401,24.1,0.401,0.401,0.035,filled,,IWM,0.0597
111.45,False,111.45,111.44,-1225.983,0.0,2025-10-28,111.449997,0.0,-0.061,0.033,0.767,100.0,11,0.006,0.033,0,,111.445,1225.95,market,@FDA_ClusterFade,0.00012,0.0,fda fade: z=-1.33 long sector,0.0,112.0,data/real/prices/yahoo/XBI.json,112.43,110.82,111.449997,fe9eeb851e6faba2a7187e008fab271608d8a4d544227ad3543ac3d95d5dd769,9438100,0.0,,11,buy,0.0,-49.107,0.0,0.0,0.055,filled,,XBI,0.094
45.99,False,45.98,45.98,2942.5174,0.0,2025-10-28,45.985001,0.0,-0.0126,0.192,1.819,100.0,64,0.0126,0.5227,0,,45.985,2942.72,market,@Weather_ColdSnap_Max,0.00031,0.3201,weather: 4 cold anomaly days in 10,0.0,45.064999,data/real/prices/yahoo/XLU.json,45.985001,45.009998,45.985001,5dddbd83cab3a8b7cd0814ea8215cbfc7d759602d4557e0cdf34937ba995df5d,20661400,0.0106,,64,sell,1.088,203.04,1.088,-1.088,0.32,filled,,XLU,0.5352
369.65,False,369.65,369.64,-3696.53,0.0,2025-10-29,369.649994,0.0,-0.0726,0.03,0.278,100.0,10,0.0227,0.0301,0,,369.645,3696.5,market,@GOLD_Trend_GLD,5e-05,0.0001,gold: trend up,0.0,363.0,data/real/prices/yahoo/GLD.json,370.079987,361.359985,369.649994,545093d31c9d8284e3b5dc66f668a6cb7391d9925b5abdf3e82bcaa71e423b40,18891800,0.0,,10,buy,0.0,183.196,0.0,0.0,0.05,filled,,GLD,0.1027
12.2,False,12.19,12.19,1730.5304,0.0,2025-10-29,12.2,0.0,0.6351,0.426,7.131,100.0,142,0.0749,1.8696,0,,12.195,1730.98,market,@Weather_ColdSnap_Max,0.00126,1.42,weather: 5 cold anomaly days in 10,0.0,12.21,data/real/prices/yahoo/UNG.json,12.45,12.18,12.2,eb7bcc0769945fb2c40fbcd98753ed7e17e367cf69d2ce2bde9ae60f00a462cc,11310400,0.0236,,142,sell,8.197,-16.38,8.197,-8.197,0.71,filled,,UNG,1.2344
111.92,False,111.9,111.91,191455.483,0.0,2025-10-29,111.919998,0.0,14.0783,5.133,1.335,100.0,1711,11.5832,39.6336,0,,111.915,191460.9,market,@FDA_ClusterFade,0.01963,34.2166,fda fade: z back inside the band,0.0,110.959999,data/real/prices/yahoo/XBI.json,112.610001,110.220001,111.919998,fe9eeb851e6faba2a7187e008fab271608d8a4d544227ad3543ac3d95d5dd769,8714900,0.284,,1711,sell,1.787,84.715,1.787,-1.787,8.555,filled,,XBI,25.5553
365.09,False,365.08,365.08,2190.461,0.0,2025-10-30,365.089996,0.0,0.0196,0.018,0.271,100.0,6,0.0103,0.079,0,,365.085,2190.48,market,@GOLD_Trend_GLD,4e-05,0.06,gold: trend up,0.0,370.130005,data/real/prices/yahoo/GLD.json,370.359985,364.5,365.089996,545093d31c9d8284e3b5dc66f668a6cb7391d9925b5abdf3e82bcaa71e423b40,14812800,0.001,,6,sell,0.274,-136.439,0.274,-0.274,0.03,filled,,GLD,0.0593
110.59,False,110.6,110.58,-149977.668,0.0,2025-10-30,110.589996,3.56,-5.1281,4.068,1.518,100.0,1356,8.3535,17.6334,0,,110.585,149973.6,market,@FDACatalyst_Rider,0.01454,13.5654,fda: 30d approvals=77 median=69,0.0,111.910004,data/real/prices/yahoo/XBI.json,113.209999,110.230003,110.589996,fe9eeb851e6faba2a7187e008fab271608d8a4d544227ad3543ac3d95d5dd769,9328800,0.0,,1356,buy,0.905,-117.059,0.905,0.905,6.78,filled,,XBI,22.7615
370.48,False,370.48,370.47,-2593.381,0.0,2025-10-31,370.470001,0.0,0.0215,0.021,0.268,100.0,7,0.0134,0.091,0,,370.475,2593.36,market,@GOLD_Trend_GLD,6e-05,0.07,gold: trend up,0.0,368.119995,data/real/prices/yahoo/GLD.json,370.660004,365.5,370.470001,545093d31c9d8284e3b5dc66f668a6cb7391d9925b5abdf3e82bcaa71e423b40,11077900,0.0,,7,buy,0.27,64.11,0.27,0.27,0.035,filled,,GLD,0.0694
44.66,False,44.66,44.65,-4153.659,0.0,2025-10-31,44.66,0.0,-0.4899,0.279,1.851,100.0,93,0.0249,0.279,0,,44.655,4153.38,market,@Weather_ColdSnap_Max,0.0005,0.0,weather: 5 cold anomaly days in 10,0.0,44.549999,data/real/prices/yahoo/XLU.json,44.790001,44.314999,44.66,5dddbd83cab3a8b7cd0814ea8215cbfc7d759602d4557e0cdf34937ba995df5d,18434000,0.0,,93,buy,0.0,24.692,0.0,0.0,0.465,filled,,XLU,0.7689
635.11,False,635.11,635.1,-10796.921,0.0,2025-11-03,635.109985,0.0,-0.1119,0.051,0.151,100.0,17,0.0272,0.0513,0,,635.105,10796.87,market,@LeapMaxLever_Momentum,5e-05,0.0003,the leap: monthly leader QQQ,0.0,632.080017,data/real/prices/yahoo/QQQ.json,635.820007,629.849976,635.109985,ae9ec3c0b0b8e0f5cd28ee45eac2dfcff9f95a7c5a1244e170ab0980d85979ed,37154300,0.0,,17,buy,0.0,47.937,0.0,0.0,0.085,filled,,QQQ,0.1632
110.99,False,110.97,110.98,150360.0601,0.0,2025-11-03,110.980003,0.0,-1.4658,4.065,1.284,100.0,1355,8.2449,17.844,0,,110.985,150364.35,market,@FDACatalyst_Rider,0.0089,13.5541,fda: approval flow back below median,0.0,109.860001,data/real/prices/yahoo/XBI.json,111.93,107.889999,110.980003,fe9eeb851e6faba2a7187e008fab271608d8a4d544227ad3543ac3d95d5dd769,15230300,0.2249,,1355,sell,0.901,101.038,0.901,-0.901,6.775,filled,,XBI,19.3098
363.49,False,363.48,363.48,3634.7683,0.0,2025-11-04,363.480011,0.0,-0.0724,0.03,0.286,100.0,10,0.0225,0.0318,0,,363.485,3634.8,market,@GOLD_Trend_GLD,9e-05,0.0001,gold: trend up,0.0,362.320007,data/real/prices/yahoo/GLD.json,365.73999,361.390015,363.480011,545093d31c9d8284e3b5dc66f668a6cb7391d9925b5abdf3e82bcaa71e423b40,11540100,0.0017,,10,sell,0.0,32.016,0.0,-0.0,0.05,filled,,GLD,0.1041
623.29,False,623.28,623.28,1246.5537,0.0,2025-11-04,623.280029,0.0,-0.011,0.006,0.14,100.0,2,0.0011,0.0064,0,,623.285,1246.56,market,@PinePilot_EMA_Cross,0.0,0.0001,pinepilot: EMA(20) > EMA(50),0.0,619.25,data/real/prices/yahoo/QQQ.json,626.950012,618.460022,623.280029,ae9ec3c0b0b8e0f5cd28ee45eac2dfcff9f95a7c5a1244e170ab0980d85979ed,63830800,0.0003,,2,sell,0.0,65.079,0.0,-0.0,0.01,filled,,QQQ,0.0174
44.56,False,44.56,44.55,-2406.402,0.0,2025-11-04,44.555,0.0,-0.0107,0.162,1.84,100.0,54,0.0107,0.432,0,,44.555,2406.24,market,@Weather_ColdSnap_Max,0.00031,0.27,weather: 4 cold anomaly days in 10,0.0,44.415001,data/real/prices/yahoo/XLU.json,44.59,44.224998,44.555,5dddbd83cab3a8b7cd0814ea8215cbfc7d759602d4557e0cdf34937ba995df5d,17156200,0.0,,54,buy,1.122,32.646,1.122,1.122,0.27,filled,,XLU,0.4427
366.4,False,366.4,366.39,-1465.612,0.0,2025-11-05,366.390015,0.0,0.0142,0.012,0.257,100.0,4,0.0057,0.0519,0,,366.395,1465.6,market,@GOLD_Trend_GLD,5e-05,0.0399,gold: trend up,0.0,366.51001,data/real/prices/yahoo/GLD.json,367.100006,364.649994,366.390015,545093d31c9d8284e3b5dc66f668a6cb7391d9925b5abdf3e82bcaa71e423b40,8357300,0.0,,4,buy,0.273,-3.002,0.273,0.273,0.02,filled,,GLD,0.0377
674.98,False,674.97,674.97,674.9668,0.0,2025-11-05,674.97998,0.0,0.0047,0.003,0.125,100.0,1,0.0003,0.0131,0,,674.975,674.97,market,@PinePilot_EMA_Cross,0.0,0.01,pinepilot: EMA(20) > EMA(50),0.0,677.580017,data/real/prices/yahoo/SPY.json,680.859985,674.169983,674.97998,e0f05aaf67be23da1db20513eaed93274b165898427ebeab80c7cb2eca1d9a2d,74402400,0.0002,,1,sell,0.148,-38.52,0.148,-0.148,0.005,filled,,SPY,0.0084
107.59,False,107.6,107.58,-150644.2,0.0,2025-11-05,107.589996,4.0,-6.6773,4.2,1.652,100.0,1400,9.6829,18.2056,0,,107.585,150640.0,market,@FDACatalyst_Rider,0.01534,14.0056,fda: 30d approvals=75 median=70,0.0,109.209999,data/real/prices/yahoo/XBI.json,109.849998,107.32,107.589996,fe9eeb851e6faba2a7187e008fab271608d8a4d544227ad3543ac3d95d5dd769,9127700,0.0,,1400,buy,0.93,-147.422,0.93,0.93,7.0,filled,,XBI,24.8829
109.27,False,109.27,109.26,-1092.73,0.0,2025-11-06,109.269997,0.0,-0.056,0.03,0.787,100.0,10,0.006,0.03,0,,109.265,1092.7,market,@FDACatalyst_Rider,9e-05,0.0,fda: 30d approvals=76 median=70,0.0,109.290001,data/real/prices/yahoo/XBI.json,110.080002,108.669998,109.269997,fe9eeb851e6faba2a7187e008fab271608d8a4d544227ad3543ac3d95d5dd769,11352600,0.0,,10,buy,0.0,-1.83,0.0,0.0,0.05,filled,,XBI,0.086
44.35,False,44.35,44.34,-1020.119,0.0,2025-11-06,44.345001,0.0,-0.0029,0.069,1.832,100.0,23,0.0028,0.184,0,,44.345,1020.05,market,@Weather_ColdSnap_Max,0.0001,0.115,weather: 5 cold anomaly days in 10,0.0,44.23,data/real/prices/yahoo/XLU.json,44.68,44.209999,44.345001,5dddbd83cab3a8b7cd0814ea8215cbfc7d759602d4557e0cdf34937ba995df5d,23668200,0.0,,23,buy,1.127,27.131,1.127,1.127,0.115,filled,,XLU,0.1868
238.42,False,238.41,238.41,1192.0342,0.0,2025-11-07,238.410004,0.0,-0.0273,0.015,0.362,100.0,5,0.0023,0.0158,0,,238.415,1192.05,market,@PinePilot_EMA_Cross,1e-05,0.0,pinepilot: EMA(20) > EMA(50),0.0,241.610001,data/real/prices/yahoo/IWM.json,241.660004,236.270004,238.410004,4f6191d7931ac8755dec346902f769128dd059359a542aaf947e90ff8f2d344a,54978900,0.0008,,5,sell,0.0,-132.445,0.0,-0.0,0.025,filled,,IWM,0.0432
667.91,False,667.9,667.9,667.8968,0.0,2025-11-07,667.909973,0.0,0.0047,0.003,0.126,100.0,1,0.0003,0.0131,0,,667.905,667.9,market,@PinePilot_EMA_Cross,0.0,0.01,pinepilot: EMA(20) > EMA(50),0.0,670.969971,data/real/prices/yahoo/SPY.json,671.080017,661.210022,667.909973,e0f05aaf67be23da1db20513eaed93274b165898427ebeab80c7cb2eca1d9a2d,100592400,0.0002,,1,sell,0.149,-45.754,0.149,-0.149,0.005,filled,,SPY,0.0084
375.93,False,375.93,375.92,-4887.129,0.0,2025-11-10,375.929993,0.0,-0.0987,0.039,0.282,100.0,13,0.0338,0.0391,0,,375.925,4887.09,market,@GOLD_Trend_GLD,0.0001,0.0001,gold: trend up,0.0,378.380005,data/real/prices/yahoo/GLD.json,378.660004,374.779999,375.929993,545093d31c9d8284e3b5dc66f668a6cb7391d9925b5abdf3e82bcaa71e423b40,13456200,0.0,,13,buy,0.0,-64.75,0.0,0.0,0.065,filled,,GLD,0.1378
13.88,False,13.88,13.87,-1318.885,0.0,2025-11-10,13.88,0.0,-0.5186,0.285,6.094,100.0,95,0.0436,0.285,0,,13.875,1318.6,market,@Weather_ColdSnap_Max,0.00085,0.0,weather: 5 cold anomaly days in 10,0.0,14.1,data/real/prices/yahoo/UNG.json,14.13,13.75,13.88,eb7bcc0769945fb2c40fbcd98753ed7e17e367cf69d2ce2bde9ae60f00a462cc,11114700,0.0,,95,buy,0.0,-156.028,0.0,0.0,0.475,filled,,UNG,0.8036
379.99,False,379.99,379.98,-2279.958,0.0,2025-11-11,379.980011,0.0,0.0189,0.018,0.259,100.0,6,0.011,0.0779,0,,379.985,2279.94,market,@GOLD_Trend_GLD,6e-05,0.0599,gold: trend up,0.0,379.869995,data/real/prices/yahoo/GLD.json,380.399994,376.869995,379.980011,545093d31c9d8284e3b5dc66f668a6cb7391d9925b5abdf3e82bcaa71e423b40,10753200,0.0,,6,buy,0.263,3.159,0.263,0.263,0.03,filled,,GLD,0.059
44.85,False,44.85,44.84,-1390.443,0.0,2025-11-11,44.849998,0.0,-0.1597,0.093,1.818,100.0,31,0.0048,0.0931,0,,44.845,1390.35,market,@Weather_ColdSnap_Max,0.00021,0.0001,weather: 4 cold anomaly days in 10,0.0,44.855,data/real/prices/yahoo/XLU.json,45.029999,44.605,44.849998,5dddbd83cab3a8b7cd0814ea8215cbfc7d759602d4557e0cdf34937ba995df5d,14435400,0.0,,31,buy,0.0,-1.115,0.0,0.0,0.155,filled,,XLU,0.2528
244.84,False,244.84,244.83,-1224.215,0.0,2025-11-12,244.839996,0.0,-0.0269,0.015,0.342,100.0,5,0.0019,0.015,0,,244.835,1224.2,market,@PinePilot_EMA_Cross,1e-05,0.0,pinepilot: EMA(20) > EMA(50),0.0,243.639999,data/real/prices/yahoo/IWM.json,246.380005,243.330002,244.839996,4f6191d7931ac8755dec346902f769128dd059359a542aaf947e90ff8f2d344a,34543200,0.0,,5,buy,0.0,49.253,0.0,0.0,0.025,filled,,IWM,0.0419
113.71,False,113.71,113.7,-3183.964,0.0,2025-11-12,113.709999,0.0,-0.1706,0.084,0.8,100.0,28,0.0307,0.084,0,,113.705,3183.88,market,@FDACatalyst_Rider,0.00023,0.0,fda: 30d approvals=75 median=70,0.0,114.110001,data/real/prices/yahoo/XBI.json,114.959999,113.379997,113.709999,fe9eeb851e6faba2a7187e008fab271608d8a4d544227ad3543ac3d95d5dd769,12302600,0.0,,28,buy,0.0,-35.054,0.0,0.0,0.14,filled,,XBI,0.2547
44.89,False,44.89,44.88,-2154.864,0.0,2025-11-12,44.884998,0.0,-0.0089,0.144,1.824,100.0,48,0.009,0.3841,0,,44.885,2154.72,market,@Weather_ColdSnap_Max,0.00032,0.2401,weather: 3 cold anomaly days in 10,0.0,44.959999,data/real/prices/yahoo/XLU.json,45.0,44.709999,44.884998,5dddbd83cab3a8b7cd0814ea8215cbfc7d759602d4557e0cdf34937ba995df5d,15018400,0.0,,48,buy,1.114,-15.569,1.114,1.114,0.24,filled,,XLU,0.393
387.3,False,387.3,387.29,-4260.333,0.0,2025-11-13,387.290009,0.0,0.0277,0.033,0.27,100.0,11,0.0272,0.1429,0,,387.295,4260.3,market,@GOLD_Trend_GLD,7e-05,0.1099,gold: trend up,0.0,382.869995,data/real/prices/yahoo/GLD.json,388.179993,381.209991,387.290009,545093d31c9d8284e3b5dc66f668a6cb7391d9925b5abdf3e82bcaa71e423b40,15867900,0.0,,11,buy,0.258,115.705,0.258,0.258,0.055,filled,,GLD,0.1152
372.87,False,372.86,372.86,7829.9935,0.0,2025-11-14,372.869995,0.0,0.0369,0.063,0.306,100.0,21,0.068,0.2764,0,,372.865,7830.06,market,@GOLD_Trend_GLD,0.00014,0.2099,gold: trend up,0.0,375.959991,data/real/prices/yahoo/GLD.json,378.200012,370.890015,372.869995,545093d31c9d8284e3b5dc66f668a6cb7391d9925b5abdf3e82bcaa71e423b40,15198000,0.0035,,21,sell,0.268,-82.455,0.268,-0.268,0.105,filled,,GLD,0.2395
233.34,False,233.33,233.33,1166.6342,0.0,2025-11-14,233.339996,0.0,0.023,0.015,0.367,100.0,5,0.0019,0.0658,0,,233.335,1166.65,market,@PinePilot_EMA_Cross,1e-05,0.05,pinepilot: EMA(20) > EMA(50),0.0,237.479996,data/real/prices/yahoo/IWM.json,238.729996,233.270004,233.339996,4f6191d7931ac8755dec346902f769128dd059359a542aaf947e90ff8f2d344a,58344400,0.0008,,5,sell,0.428,-174.751,0.428,-0.428,0.025,filled,,IWM,0.0428
599.55,False,599.54,599.54,599.5368,0.0,2025-11-14,599.549988,0.0,0.0046,0.003,0.142,100.0,1,0.0003,0.0132,0,,599.545,599.54,market,@PinePilot_EMA_Cross,0.0,0.01,pinepilot: EMA(20) > EMA(50),0.0,608.859985,data/real/prices/yahoo/QQQ.json,613.349976,597.169983,599.549988,ae9ec3c0b0b8e0f5cd28ee45eac2dfcff9f95a7c5a1244e170ab0980d85979ed,80087300,0.0002,,1,sell,0.167,-153.073,0.167,-0.167,0.005,filled,,QQQ,0.0085
665.39,False,665.38,665.38,1330.7537,0.0,2025-11-14,665.380005,0.0,-0.0106,0.006,0.128,100.0,2,0.0006,0.0063,0,,665.385,1330.76,market,@PinePilot_EMA_Cross,0.0,0.0,pinepilot: EMA(20) > EMA(50),0.0,671.929993,data/real/prices/yahoo/SPY.json,675.659973,663.27002,665.380005,e0f05aaf67be23da1db20513eaed93274b165898427ebeab80c7cb2eca1d9a2d,96846700,0.0003,,2,sell,0.0,-97.48,0.0,-0.0,0.01,filled,,SPY,0.017
111.19,False,111.18,111.18,1778.8293,0.0,2025-11-14,111.18,0.0,-0.0925,0.048,0.805,100.0,16,0.0125,0.0507,0,,111.185,1778.88,market,@FDACatalyst_Rider,0.00011,-0.0,fda: 30d approvals=84 median=70,0.0,114.010002,data/real/prices/yahoo/XBI.json,115.360001,111.110001,111.18,fe9eeb851e6faba2a7187e008fab271608d8a4d544227ad3543ac3d95d5dd769,14433900,0.0027,,16,sell,-0.0,-248.224,-0.0,0.0,0.08,filled,,XBI,0.1432
111.19,False,111.17,111.18,127841.8591,0.0,2025-11-14,111.18,0.0,-1.867,3.45,1.33,100.0,1150,7.617,15.1409,0,,111.185,127845.5,market,@FDA_ClusterFade,0.00797,11.5,fda fade: z=1.58 short sector,0.0,114.010002,data/real/prices/yahoo/XBI.json,115.360001,111.110001,111.18,fe9eeb851e6faba2a7187e008fab271608d8a4d544227ad3543ac3d95d5dd769,14433900,0.1909,,1150,sell,0.899,-249.101,0.899,-0.899,5.75,filled,,XBI,17.0079
113.52,False,113.52,113.51,-1589.322,0.0,2025-11-17,113.510002,0.0,0.0593,0.042,0.772,100.0,14,0.0106,0.182,0,,113.515,1589.28,market,@FDACatalyst_Rider,0.00011,0.14,fda: 30d approvals=83 median=70,0.0,114.830002,data/real/prices/yahoo/XBI.json,116.18,113.059998,113.510002,fe9eeb851e6faba2a7187e008fab271608d8a4d544227ad3543ac3d95d5dd769,12401800,0.0,,14,buy,0.881,-114.082,0.881,0.881,0.07,filled,,XBI,0.1226
599.62,False,599.61,599.61,599.6068,0.0,2025-11-18,599.619995,0.0,0.0046,0.003,0.142,100.0,1,0.0003,0.0132,0,,599.615,599.61,market,@PinePilot_EMA_Cross,0.0,0.01,pinepilot: EMA(20) > EMA(50),0.0,596.309998,data/real/prices/yahoo/QQQ.json,602.309998,591.340027,599.619995,ae9ec3c0b0b8e0f5cd28ee45eac2dfcff9f95a7c5a1244e170ab0980d85979ed,83327300,0.0002,,1,sell,0.167,55.34,0.167,-0.167,0.005,filled,,QQQ,0.0085
113.94,False,113.94,113.93,-6266.865,0.0,2025-11-18,113.93,0.0,0.1922,0.165,0.834,100.0,55,0.0828,0.715,0,,113.935,6266.7,market,@FDA_ClusterFade,0.00055,0.55,fda fade: z=1.66 short sector,0.0,115.18,data/real/prices/yahoo/XBI.json,115.900002,113.25,113.93,fe9eeb851e6faba2a7187e008fab271608d8a4d544227ad3543ac3d95d5dd769,9910700,0.0,,55,buy,0.878,-107.658,0.878,0.878,0.275,filled,,XBI,0.5228
44.82,False,44.81,44.81,2822.8305,0.0,2025-11-18,44.82,0.0,0.3022,0.189,1.868,100.0,63,0.0128,0.8295,0,,44.815,2823.03,market,@Weather_ColdSnap_Max,0.00025,0.63,weather: 1 cold anomaly days in 10,0.0,44.610001,data/real/prices/yahoo/XLU.json,45.035,44.595001,44.82,5dddbd83cab3a8b7cd0814ea8215cbfc7d759602d4557e0cdf34937ba995df5d,25158800,0.0105,,63,sell,2.231,44.833,2.231,-2.231,0.315,filled,,XLU,0.5273
377.78,False,377.78,377.77,-2266.698,0.0,2025-11-19,377.779999,0.0,-0.0393,0.018,0.253,100.0,6,0.0093,0.018,0,,377.775,2266.68,market,@GOLD_Trend_GLD,5e-05,0.0,gold: trend up,0.0,374.959991,data/real/prices/yahoo/GLD.json,380.170013,373.029999,377.779999,545093d31c9d8284e3b5dc66f668a6cb7391d9925b5abdf3e82bcaa71e423b40,10980400,0.0,,6,buy,0.0,75.208,0.0,0.0,0.03,filled,,GLD,0.0573
114.81,False,114.81,114.8,-1837.008,0.0,2025-11-19,114.809998,0.0,-0.0926,0.048,0.765,100.0,16,0.0126,0.048,0,,114.805,1836.96,market,@FDA_ClusterFade,0.00016,0.0,fda fade: z=1.95 short sector,0.0,114.5,data/real/prices/yahoo/XBI.json,115.519997,113.470001,114.809998,fe9eeb851e6faba2a7187e008fab271608d8a4d544227ad3543ac3d95d5dd769,10309600,0.0,,16,buy,0.0,27.074,0.0,0.0,0.08,filled,,XBI,0.1406
44.65,False,44.65,44.64,-3125.71,0.0,2025-11-19,44.645,0.0,-0.015,0.21,1.84,100.0,70,0.015,0.56,0,,44.645,3125.5,market,@Weather_ColdSnap_Max,0.00028,0.35,weather: 2 cold anomaly days in 10,0.0,44.235001,data/real/prices/yahoo/XLU.json,44.77,44.139999,44.645,5dddbd83cab3a8b7cd0814ea8215cbfc7d759602d4557e0cdf34937ba995df5d,25095600,0.0,,70,buy,1.12,93.817,1.12,1.12,0.35,filled,,XLU,0.575
375.3,False,375.29,375.29,1125.8605,0.0,2025-11-20,375.290009,0.0,-0.0172,0.009,0.237,100.0,3,0.0022,0.0095,0,,375.295,1125.87,market,@GOLD_Trend_GLD,3e-05,0.0,gold: trend up,0.0,374.850006,data/real/prices/yahoo/GLD.json,377.690002,371.850006,375.290009,545093d31c9d8284e3b5dc66f668a6cb7391d9925b5abdf3e82bcaa71e423b40,10506500,0.0005,,3,sell,0.0,11.738,0.0,-0.0,0.015,filled,,GLD,0.0267
166.81,False,166.82,166.8,-44875.387,0.0,2025-11-20,166.809998,0.0,-0.5022,0.807,0.891,100.0,269,1.8478,3.4975,0,,166.805,44874.58,market,@FDACatalyst_Rider,0.01037,2.6905,fda: 30d approvals=92 median=71,0.0,164.240005,data/real/prices/yahoo/IBB.json,168.5,164.110001,166.809998,20849c9611587299a52489fe22060adc7823c700fb3483f21091d85a6cf8acb0,2594700,0.0,,269,buy,0.6,157.087,0.6,0.6,1.345,filled,,IBB,3.9998
116.16,False,116.16,116.15,-1858.608,0.0,2025-11-20,116.150002,0.0,0.0672,0.048,0.757,100.0,16,0.0127,0.208,0,,116.155,1858.56,market,@FDACatalyst_Rider,0.00011,0.16,fda: 30d approvals=92 median=71,0.0,113.830002,data/real/prices/yahoo/XBI.json,117.900002,113.739998,116.150002,fe9eeb851e6faba2a7187e008fab271608d8a4d544227ad3543ac3d95d5dd769,13951600,0.0,,16,buy,0.861,204.691,0.861,0.861,0.08,filled,,XBI,0.1407
116.16,False,116.16,116.15,-2904.075,0.0,2025-11-20,116.150002,0.0,0.1001,0.075,0.774,100.0,25,0.0248,0.3249,0,,116.155,2904.0,market,@FDA_ClusterFade,0.00018,0.2499,fda fade: z=2.34 short sector,0.0,113.830002,data/real/prices/yahoo/XBI.json,117.900002,113.739998,116.150002,fe9eeb851e6faba2a7187e008fab271608d8a4d544227ad3543ac3d95d5dd769,13951600,0.0,,25,buy,0.861,204.691,0.861,0.861,0.125,filled,,XBI,0.2248
655.05,False,655.04,655.04,1310.0737,0.0,2025-11-21,655.049988,0.0,0.0093,0.006,0.13,100.0,2,0.0007,0.0263,0,,655.045,1310.08,market,@PinePilot_EMA_Cross,0.0,0.02,pinepilot: EMA(20) > EMA(50),0.0,659.030029,data/real/prices/yahoo/SPY.json,664.549988,650.849976,655.049988,e0f05aaf67be23da1db20513eaed93274b165898427ebeab80c7cb2eca1d9a2d,123956200,0.0003,,2,sell,0.152,-60.544,0.152,-0.152,0.01,filled,,SPY,0.017
113.83,False,113.82,113.82,2503.9703,0.0,2025-11-21,113.82,0.0,-0.129,0.066,0.793,100.0,22,0.019,0.0697,0,,113.825,2504.04,market,@FDACatalyst_Rider,0.00019,-0.0,fda: 30d approvals=94 median=71,0.0,116.650002,data/real/prices/yahoo/XBI.json,117.629997,113.57,113.82,fe9eeb851e6faba2a7187e008fab271608d8a4d544227ad3543ac3d95d5dd769,11618700,0.0037,,22,sell,-0.0,-242.606,-0.0,0.0,0.11,filled,,XBI,0.1987
113.83,False,113.82,113.82,4780.307,0.0,2025-11-21,113.82,0.0,-0.2602,0.126,0.822,100.0,42,0.0502,0.133,0,,113.825,4780.44,market,@FDA_ClusterFade,0.00036,-0.0,fda fade: z=2.51 short sector,0.0,116.650002,data/real/prices/yahoo/XBI.json,117.629997,113.57,113.82,fe9eeb851e6faba2a7187e008fab271608d8a4d544227ad3543ac3d95d5dd769,11618700,0.007,,42,sell,-0.0,-242.606,-0.0,0.0,0.21,filled,,XBI,0.3932
117.21,False,117.21,117.2,-3633.603,0.0,2025-11-24,117.209999,0.0,-0.1894,0.093,0.777,100.0,31,0.0344,0.093,0,,117.205,3633.51,market,@FDACatalyst_Rider,0.00031,0.0,fda: 30d approvals=82 median=71,0.0,119.580002,data/real/prices/yahoo/XBI.json,119.790001,117.110001,117.209999,fe9eeb851e6faba2a7187e008fab271608d8a4d544227ad3543ac3d95d5dd769,9908800,0.0,,31,buy,0.0,-198.194,0.0,0.0,0.155,filled,,XBI,0.2824
44.14,False,44.13,44.13,1367.9319,0.0,2025-11-24,44.139999,0.0,0.1507,0.093,1.882,100.0,31,0.0043,0.4081,0,,44.135,1368.03,market,@Weather_ColdSnap_Max,0.00013,0.31,weather: 7 cold anomaly days in 10,0.0,44.575001,data/real/prices/yahoo/XLU.json,44.689999,43.865002,44.139999,5dddbd83cab3a8b7cd0814ea8215cbfc7d759602d4557e0cdf34937ba995df5d,23572800,0.0051,,31,sell,2.265,-99.832,2.265,-2.265,0.155,filled,,XLU,0.2575
380.27,False,380.27,380.26,-2281.638,0.0,2025-11-25,380.26001,0.0,0.0234,0.018,0.239,100.0,6,0.0065,0.0779,0,,380.265,2281.62,market,@GOLD_Trend_GLD,6e-05,0.0599,gold: trend up,0.0,380.079987,data/real/prices/yahoo/GLD.json,382.519989,378.059998,380.26001,545093d31c9d8284e3b5dc66f668a6cb7391d9925b5abdf3e82bcaa71e423b40,10462800,0.0,,6,buy,0.263,4.999,0.263,0.263,0.03,filled,,GLD,0.0545
603.52,False,603.52,603.51,-603.523,0.0,2025-11-25,603.51001,0.0,0.0046,0.003,0.139,100.0,1,0.0004,0.013,0,,603.515,603.52,market,@PinePilot_EMA_Cross,0.0,0.01,pinepilot: EMA(20) > EMA(50),0.0,608.890015,data/real/prices/yahoo/QQQ.json,610.26001,597.320007,603.51001,ae9ec3c0b0b8e0f5cd28ee45eac2dfcff9f95a7c5a1244e170ab0980d85979ed,57560900,0.0,,1,buy,0.166,-88.194,0.166,0.166,0.005,filled,,QQQ,0.0084
668.64,False,668.64,668.63,-2005.929,0.0,2025-11-25,668.630005,0.0,0.0137,0.009,0.126,100.0,3,0.0013,0.039,0,,668.635,2005.92,market,@PinePilot_EMA_Cross,0.0,0.03,pinepilot: EMA(20) > EMA(50),0.0,675.02002,data/real/prices/yahoo/SPY.json,676.210022,664.47998,668.630005,e0f05aaf67be23da1db20513eaed93274b165898427ebeab80c7cb2eca1d9a2d,81077100,0.0,,3,buy,0.149,-94.516,0.149,0.149,0.015,filled,,SPY,0.0253
119.84,False,119.84,119.83,-2996.075,0.0,2025-11-25,119.839996,0.0,-0.1514,0.075,0.756,100.0,25,0.0265,0.0751,0,,119.835,2996.0,market,@FDACatalyst_Rider,0.00024,0.0001,fda: 30d approvals=85 median=71,0.0,121.370003,data/real/prices/yahoo/XBI.json,121.410004,119.559998,119.839996,fe9eeb851e6faba2a7187e008fab271608d8a4d544227ad3543ac3d95d5dd769,10532400,0.0,,25,buy,0.0,-126.061,0.0,0.0,0.125,filled,,XBI,0.2265
119.84,False,119.84,119.83,-13062.887,0.0,2025-11-25,119.839996,0.0,-0.7859,0.327,0.852,100.0,109,0.2414,0.3274,0,,119.835,13062.56,market,@FDA_ClusterFade,0.00103,0.0004,fda fade: z=1.55 short sector,0.0,121.370003,data/real/prices/yahoo/XBI.json,121.410004,119.559998,119.839996,fe9eeb851e6faba2a7187e008fab271608d8a4d544227ad3543ac3d95d5dd769,10532400,0.0,,109,buy,0.0,-126.061,0.0,0.0,0.545,filled,,XBI,1.1134
44.69,False,44.68,44.68,3574.1467,0.0,2025-11-25,44.689999,0.0,0.382,0.24,1.878,100.0,80,0.018,1.0532,0,,44.685,3574.4,market,@Weather_ColdSnap_Max,0.00036,0.7999,weather: 8 cold anomaly days in 10,0.0,44.404999,data/real/prices/yahoo/XLU.json,44.759998,44.224998,44.689999,5dddbd83cab3a8b7cd0814ea8215cbfc7d759602d4557e0cdf34937ba995df5d,22195600,0.0133,,80,sell,2.237,61.93,2.237,-2.237,0.4,filled,,XLU,0.6712
172.56,False,172.56,172.55,-2243.319,0.0,2025-11-26,172.550003,0.0,0.0441,0.039,0.557,100.0,13,0.0209,0.169,0,,172.555,2243.28,market,@FDACatalyst_Rider,0.00074,0.13,fda: 30d approvals=89 median=71,0.0,173.660004,data/real/prices/yahoo/IBB.json,174.229996,172.139999,172.550003,20849c9611587299a52489fe22060adc7823c700fb3483f21091d85a6cf8acb0,1759500,0.0,,13,buy,0.579,-63.342,0.579,0.579,0.065,filled,,IBB,0.1249
612.52,False,612.52,612.51,-1225.046,0.0,2025-11-26,612.51001,0.0,0.0089,0.006,0.139,100.0,2,0.0011,0.026,0,,612.515,1225.04,market,@PinePilot_EMA_Cross,0.0,0.02,pinepilot: EMA(20) > EMA(50),0.0,614.27002,data/real/prices/yahoo/QQQ.json,616.190002,610.390015,612.51001,ae9ec3c0b0b8e0f5cd28ee45eac2dfcff9f95a7c5a1244e170ab0980d85979ed,42393600,0.0,,2,buy,0.163,-28.489,0.163,0.163,0.01,filled,,QQQ,0.0171
121.56,False,121.56,121.55,-2066.571,0.0,2025-11-26,121.550003,0.0,0.0707,0.051,0.727,100.0,17,0.0142,0.2209,0,,121.555,2066.52,market,@FDACatalyst_Rider,0.00019,0.1699,fda: 30d approvals=89 median=71,0.0,122.849998,data/real/prices/yahoo/XBI.json,123.470001,120.959999,121.550003,fe9eeb851e6faba2a7187e008fab271608d8a4d544227ad3543ac3d95d5dd769,8946600,0.0,,17,buy,0.822,-105.006,0.822,0.822,0.085,filled,,XBI,0.1502
121.56,False,121.56,121.55,-3403.764,0.0,2025-11-26,121.550003,0.0,0.1098,0.084,0.747,100.0,28,0.0301,0.3639,0,,121.555,3403.68,market,@FDA_ClusterFade,0.00031,0.2799,fda fade: z=1.94 short sector,0.0,122.849998,data/real/prices/yahoo/XBI.json,123.470001,120.959999,121.550003,fe9eeb851e6faba2a7187e008fab271608d8a4d544227ad3543ac3d95d5dd769,8946600,0.0,,28,buy,0.822,-105.006,0.822,0.822,0.14,filled,,XBI,0.2541
44.65,False,44.65,44.64,-2545.221,0.0,2025-11-26,44.645,0.0,-0.0107,0.171,1.834,100.0,57,0.0107,0.456,0,,44.645,2545.05,market,@Weather_ColdSnap_Max,0.00034,0.285,weather: 9 cold anomaly days in 10,0.0,44.994999,data/real/prices/yahoo/XLU.json,45.049999,44.560001,44.645,5dddbd83cab3a8b7cd0814ea8215cbfc7d759602d4557e0cdf34937ba995df5d,16759200,0.0,,57,buy,1.12,-76.675,1.12,1.12,0.285,filled,,XLU,0.4667
385.99,False,385.99,385.98,-3473.937,0.0,2025-11-28,385.980011,0.0,0.0344,0.027,0.237,100.0,9,0.0105,0.1169,0,,385.985,3473.91,market,@GOLD_Trend_GLD,0.00013,0.0899,gold: trend up,0.0,387.880005,data/real/prices/yahoo/GLD.json,388.0,384.98999,385.980011,545093d31c9d8284e3b5dc66f668a6cb7391d9925b5abdf3e82bcaa71e423b40,7175400,0.0,,9,buy,0.259,-48.727,0.259,0.259,0.045,filled,,GLD,0.0825
680.86,False,680.86,680.85,-1361.726,0.0,2025-11-28,680.859985,0.0,-0.0107,0.006,0.123,100.0,2,0.0007,0.006,0,,680.855,1361.72,market,@PinePilot_EMA_Cross,0.0,0.0,pinepilot: EMA(20) > EMA(50),0.0,683.390015,data/real/prices/yahoo/SPY.json,683.669983,680.5,680.859985,e0f05aaf67be23da1db20513eaed93274b165898427ebeab80c7cb2eca1d9a2d,49212000,0.0,,2,buy,0.0,-37.022,0.0,0.0,0.01,filled,,SPY,0.0167
123.03,False,123.03,123.02,-1845.495,0.0,2025-11-28,123.029999,0.0,-0.087,0.045,0.715,100.0,15,0.012,0.045,0,,123.025,1845.45,market,@FDACatalyst_Rider,0.00035,0.0,fda: 30d approvals=74 median=71,0.0,123.160004,data/real/prices/yahoo/XBI.json,123.279999,122.489998,123.029999,fe9eeb851e6faba2a7187e008fab271608d8a4d544227ad3543ac3d95d5dd769,4255500,0.0,,15,buy,0.0,-10.556,0.0,0.0,0.075,filled,,XBI,0.132
123.03,False,123.04,123.02,-117998.237,0.0,2025-11-28,123.029999,0.0,-1.3334,2.877,1.17,100.0,959,6.1293,12.468,0,,123.025,117995.36,market,@FDA_ClusterFade,0.02254,9.591,fda fade: z back inside the band,0.0,123.160004,data/real/prices/yahoo/XBI.json,123.279999,122.489998,123.029999,fe9eeb851e6faba2a7187e008fab271608d8a4d544227ad3543ac3d95d5dd769,4255500,0.0,,959,buy,0.813,-9.744,0.813,0.813,4.795,filled,,XBI,13.8013
45.07,False,45.07,45.06,-1983.212,0.0,2025-11-28,45.07,0.0,-0.2272,0.132,1.811,100.0,44,0.0072,0.132,0,,45.065,1983.08,market,@Weather_ColdSnap_Max,0.00056,0.0,weather: 10 cold anomaly days in 10,0.0,45.314999,data/real/prices/yahoo/XLU.json,45.349998,45.025002,45.07,5dddbd83cab3a8b7cd0814ea8215cbfc7d759602d4557e0cdf34937ba995df5d,7882600,0.0,,44,buy,0.0,-54.066,0.0,0.0,0.22,filled,,XLU,0.3592
390.61,False,390.61,390.6,-2343.678,0.0,2025-12-01,390.609985,0.0,-0.0358,0.018,0.23,100.0,6,0.0059,0.0181,0,,390.605,2343.66,market,@GOLD_Trend_GLD,5e-05,0.0001,gold: trend up,0.0,389.75,data/real/prices/yahoo/GLD.json,390.700012,388.059998,390.609985,545093d31c9d8284e3b5dc66f668a6cb7391d9925b5abdf3e82bcaa71e423b40,11177100,0.0,,6,buy,0.0,22.065,0.0,0.0,0.03,filled,,GLD,0.0539
172.56,False,172.54,172.55,48655.3872,0.0,2025-12-01,172.550003,0.0,-0.6698,0.846,0.901,100.0,282,2.0806,3.7137,0,,172.555,48656.28,market,@FDACatalyst_Rider,0.01537,2.8208,fda: approval flow back below median,0.0,170.110001,data/real/prices/yahoo/IBB.json,172.690002,169.899994,172.550003,20849c9611587299a52489fe22060adc7823c700fb3483f21091d85a6cf8acb0,1834700,0.0468,,282,sell,0.58,142.849,0.58,-0.58,1.41,filled,,IBB,4.3834
15.03,False,15.03,15.02,-1067.343,0.0,2025-12-01,15.02,0.0,0.3299,0.213,5.558,100.0,71,0.0251,0.923,0,,15.025,1067.13,market,@Weather_ColdSnap_Max,0.00058,0.71,weather: 10 cold anomaly days in 10,0.0,15.21,data/real/prices/yahoo/UNG.json,15.31,14.8,15.02,eb7bcc0769945fb2c40fbcd98753ed7e17e367cf69d2ce2bde9ae60f00a462cc,12186500,0.0,,71,buy,6.658,-118.343,6.658,6.658,0.355,filled,,UNG,0.5931
121.85,False,121.83,121.84,184933.134,0.0,2025-12-01,121.849998,0.0,10.9234,4.554,1.311,100.0,1518,11.8436,35.163,0,,121.845,184937.94,market,@FDACatalyst_Rider,0.01382,30.357,fda: approval flow back below median,0.0,119.849998,data/real/prices/yahoo/XBI.json,121.970001,119.739998,121.849998,fe9eeb851e6faba2a7187e008fab271608d8a4d544227ad3543ac3d95d5dd769,10987500,0.252,,1518,sell,1.641,165.207,1.641,-1.641,7.59,filled,,XBI,24.2395
45.07,False,45.07,45.06,-2028.285,0.0,2025-12-01,45.060001,0.0,0.2173,0.135,1.813,100.0,45,0.0076,0.585,0,,45.065,2028.15,market,@Weather_ColdSnap_Max,0.00017,0.45,weather: 10 cold anomaly days in 10,0.0,44.255001,data/real/prices/yahoo/XLU.json,45.060001,44.23,45.060001,5dddbd83cab3a8b7cd0814ea8215cbfc7d759602d4557e0cdf34937ba995df5d,26339000,0.0,,45,buy,2.219,184.16,2.219,2.219,0.225,filled,,XLU,0.3676
44.46,False,44.46,44.45,-1422.816,0.0,2025-12-02,44.459999,0.0,-0.1655,0.096,1.838,100.0,32,0.0055,0.096,0,,44.455,1422.72,market,@Weather_ColdSnap_Max,0.00018,0.0,weather: 10 cold anomaly days in 10,0.0,43.939999,data/real/prices/yahoo/XLU.json,44.459999,43.884998,44.459999,5dddbd83cab3a8b7cd0814ea8215cbfc7d759602d4557e0cdf34937ba995df5d,17384200,0.0,,32,buy,0.0,118.343,0.0,0.0,0.16,filled,,XLU,0.2615
15.33,False,15.32,15.32,1562.3171,0.0,2025-12-03,15.33,0.0,0.4679,0.306,5.6,100.0,102,0.0421,1.3429,0,,15.325,1562.64,market,@Weather_ColdSnap_Max,0.00092,1.02,weather: 10 cold anomaly days in 10,0.0,15.47,data/real/prices/yahoo/UNG.json,15.58,15.3,15.33,eb7bcc0769945fb2c40fbcd98753ed7e17e367cf69d2ce2bde9ae60f00a462cc,11076800,0.0169,,102,sell,6.523,-96.962,6.523,-6.523,0.51,filled,,UNG,0.8751
386.93,False,386.92,386.92,1547.6673,0.0,2025-12-04,386.920013,0.0,-0.023,0.012,0.231,100.0,4,0.003,0.0127,0,,386.925,1547.68,market,@GOLD_Trend_GLD,6e-05,0.0001,gold: trend up,0.0,387.130005,data/real/prices/yahoo/GLD.json,388.0,385.399994,386.920013,545093d31c9d8284e3b5dc66f668a6cb7391d9925b5abdf3e82bcaa71e423b40,6754400,0.0007,,4,sell,0.0,-5.425,0.0,-0.0,0.02,filled,,GLD,0.0357
389.12,False,389.12,389.11,-778.246,0.0,2025-12-05,389.119995,0.0,-0.011,0.006,0.218,100.0,2,0.001,0.006,0,,389.115,778.24,market,@GOLD_Trend_GLD,2e-05,0.0,gold: trend up,0.0,386.440002,data/real/prices/yahoo/GLD.json,391.73999,386.179993,389.119995,545093d31c9d8284e3b5dc66f668a6cb7391d9925b5abdf3e82bcaa71e423b40,9449800,0.0,,2,buy,0.0,69.351,0.0,0.0,0.01,filled,,GLD,0.017
624.39,False,624.39,624.38,-624.393,0.0,2025-12-05,624.380005,0.0,0.0046,0.003,0.134,100.0,1,0.0004,0.013,0,,624.385,624.39,market,@PinePilot_EMA_Cross,0.0,0.01,pinepilot: EMA(20) > EMA(50),0.0,625.47998,data/real/prices/yahoo/QQQ.json,628.919983,623.710022,624.380005,ae9ec3c0b0b8e0f5cd28ee45eac2dfcff9f95a7c5a1244e170ab0980d85979ed,53614200,0.0,,1,buy,0.16,-17.426,0.16,0.16,0.005,filled,,QQQ,0.0084
123.77,False,123.78,123.76,-172553.502,0.0,2025-12-05,123.769997,3.94,-7.9818,4.182,1.513,100.0,1394,11.016,18.1262,0,,123.765,172549.32,market,@FDA_ClusterFade,0.01853,13.9442,fda fade: z=-1.17 long sector,0.0,123.410004,data/real/prices/yahoo/XBI.json,124.18,122.690002,123.769997,fe9eeb851e6faba2a7187e008fab271608d8a4d544227ad3543ac3d95d5dd769,7524500,0.0,,1394,buy,0.808,29.981,0.808,0.808,6.97,filled,,XBI,26.108
43.73,False,43.73,43.72,-6078.887,0.0,2025-12-05,43.720001,0.0,0.6457,0.417,1.91,100.0,139,0.0492,1.8069,0,,43.725,6078.47,market,@Weather_ColdSnap_Max,0.00103,1.3899,weather: 10 cold anomaly days in 10,0.0,43.299999,data/real/prices/yahoo/XLU.json,43.779999,43.279999,43.720001,5dddbd83cab3a8b7cd0814ea8215cbfc7d759602d4557e0cdf34937ba995df5d,13474700,0.0,,139,buy,2.287,99.307,2.287,2.287,0.695,filled,,XLU,1.1612
686.6,False,686.6,686.59,-686.603,0.0,2025-12-08,686.590027,0.0,0.0047,0.003,0.12,100.0,1,0.0002,0.013,0,,686.595,686.6,market,@PinePilot_EMA_Cross,0.0,0.01,pinepilot: EMA(20) > EMA(50),0.0,683.630005,data/real/prices/yahoo/SPY.json,686.640015,681.570007,686.590027,e0f05aaf67be23da1db20513eaed93274b165898427ebeab80c7cb2eca1d9a2d,55231500,0.0,,1,buy,0.145,43.444,0.145,0.145,0.005,filled,,SPY,0.0082
43.39,False,43.38,43.38,4077.4224,0.0,2025-12-08,43.380001,0.0,-0.4978,0.282,1.951,100.0,94,0.0279,0.2977,0,,43.385,4077.72,market,@Weather_ColdSnap_Max,0.00044,0.0001,weather: 10 cold anomaly days in 10,0.0,42.720001,data/real/prices/yahoo/XLU.json,43.41,42.66,43.380001,5dddbd83cab3a8b7cd0814ea8215cbfc7d759602d4557e0cdf34937ba995df5d,21607900,0.0156,,94,sell,0.0,154.494,0.0,-0.0,0.47,filled,,XLU,0.7955
385.62,False,385.61,385.61,1542.4273,0.0,2025-12-09,385.619995,0.0,0.0172,0.012,0.23,100.0,4,0.0028,0.0526,0,,385.615,1542.44,market,@GOLD_Trend_GLD,6e-05,0.04,gold: trend up,0.0,387.399994,data/real/prices/yahoo/GLD.json,388.209991,385.269989,385.619995,545093d31c9d8284e3b5dc66f668a6cb7391d9925b5abdf3e82bcaa71e423b40,6358700,0.0007,,4,sell,0.259,-46.205,0.259,-0.259,0.02,filled,,GLD,0.0355
14.6,False,14.59,14.59,2421.4144,0.0,2025-12-09,14.6,0.0,0.7298,0.498,6.011,100.0,166,0.1002,2.1856,0,,14.595,2421.94,market,@Weather_ColdSnap_Max,0.0009,1.66,weather: 10 cold anomaly days in 10,0.0,14.1,data/real/prices/yahoo/UNG.json,14.86,14.08,14.6,eb7bcc0769945fb2c40fbcd98753ed7e17e367cf69d2ce2bde9ae60f00a462cc,18381500,0.0276,,166,sell,6.849,347.518,6.849,-6.849,0.83,filled,,UNG,1.4557
42.96,False,42.95,42.95,4122.8961,0.0,2025-12-09,42.950001,0.0,-0.5096,0.288,1.973,100.0,96,0.0297,0.304,0,,42.955,4123.2,market,@Weather_ColdSnap_Max,0.00039,0.0001,weather: 10 cold anomaly days in 10,0.0,42.75,data/real/prices/yahoo/XLU.json,43.169998,42.73,42.950001,5dddbd83cab3a8b7cd0814ea8215cbfc7d759602d4557e0cdf34937ba995df5d,24347200,0.0159,,96,sell,0.0,46.784,0.0,-0.0,0.48,filled,,XLU,0.8136
121.24,False,121.23,121.23,1697.1757,0.0,2025-12-10,121.230003,0.0,-0.0814,0.042,0.741,100.0,14,0.0115,0.0444,0,,121.235,1697.22,market,@FDA_ClusterFade,0.00015,0.0,fda fade: z=-1.23 long sector,0.0,122.050003,data/real/prices/yahoo/XBI.json,122.639999,120.660004,121.230003,fe9eeb851e6faba2a7187e008fab271608d8a4d544227ad3543ac3d95d5dd769,9219200,0.0023,,14,sell,0.0,-67.186,0.0,-0.0,0.07,filled,,XBI,0.1258
42.8,False,42.79,42.79,1369.1787,0.0,2025-12-10,42.799999,0.0,0.1547,0.096,1.947,100.0,32,0.0053,0.4213,0,,42.795,1369.28,market,@Weather_ColdSnap_Max,0.00012,0.32,weather: 10 cold anomaly days in 10,0.0,42.73,data/real/prices/yahoo/XLU.json,42.830002,42.419998,42.799999,5dddbd83cab3a8b7cd0814ea8215cbfc7d759602d4557e0cdf34937ba995df5d,25940200,0.0053,,32,sell,2.336,14.042,2.336,-2.336,0.16,filled,,XLU,0.2666
389.02,False,389.02,389.01,-1556.092,0.0,2025-12-11,389.019989,0.0,-0.0223,0.012,0.221,100.0,4,0.0023,0.012,0,,389.015,1556.08,market,@GOLD_Trend_GLD,4e-05,0.0,gold: trend up,0.0,393.23999,data/real/prices/yahoo/GLD.json,394.089996,388.5,389.019989,545093d31c9d8284e3b5dc66f668a6cb7391d9925b5abdf3e82bcaa71e423b40,11240600,0.0,,4,buy,0.0,-107.313,0.0,0.0,0.02,filled,,GLD,0.0343
13.51,False,13.5,13.5,1376.6771,0.0,2025-12-11,13.5,0.0,-0.5586,0.306,6.402,100.0,102,0.0486,0.3229,0,,13.505,1377.0,market,@Weather_ColdSnap_Max,0.00039,-0.0,weather: 10 cold anomaly days in 10,0.0,13.08,data/real/prices/yahoo/UNG.json,13.59,12.99,13.5,eb7bcc0769945fb2c40fbcd98753ed7e17e367cf69d2ce2bde9ae60f00a462cc,26227900,0.0169,,102,sell,-0.0,321.101,-0.0,0.0,0.51,filled,,UNG,0.8815
42.66,False,42.65,42.65,3795.5682,0.0,2025-12-11,42.650002,0.0,-0.4693,0.267,1.979,100.0,89,0.0245,0.282,0,,42.655,3795.85,market,@Weather_ColdSnap_Max,0.00048,0.0002,weather: 10 cold anomaly days in 10,0.0,43.040001,data/real/prices/yahoo/XLU.json,43.150002,42.650002,42.650002,5dddbd83cab3a8b7cd0814ea8215cbfc7d759602d4557e0cdf34937ba995df5d,18703300,0.0148,,89,sell,0.0,-90.614,0.0,-0.0,0.445,filled,,XLU,0.7513
399.17,False,399.17,399.16,-5588.422,0.0,2025-12-12,399.160004,0.0,0.0538,0.042,0.229,100.0,14,0.0161,0.1819,0,,399.165,5588.38,market,@GOLD_Trend_GLD,8e-05,0.1399,gold: trend up,0.0,395.440002,data/real/prices/yahoo/GLD.json,400.390015,391.470001,399.160004,545093d31c9d8284e3b5dc66f668a6cb7391d9925b5abdf3e82bcaa71e423b40,16792100,0.0,,14,buy,0.25,94.325,0.25,0.25,0.07,filled,,GLD,0.1281
622.09,False,622.09,622.08,-1244.186,0.0,2025-12-12,622.080017,0.0,0.0091,0.006,0.136,100.0,2,0.0009,0.026,0,,622.085,1244.18,market,@PinePilot_EMA_Cross,0.0,0.02,pinepilot: EMA(20) > EMA(50),0.0,613.619995,data/real/prices/yahoo/QQQ.json,623.539978,611.359985,622.080017,ae9ec3c0b0b8e0f5cd28ee45eac2dfcff9f95a7c5a1244e170ab0980d85979ed,75158700,0.0,,2,buy,0.16,138.033,0.16,0.16,0.01,filled,,QQQ,0.0169
688.17,False,688.17,688.16,-688.173,0.0,2025-12-12,688.169983,0.0,-0.0052,0.003,0.119,100.0,1,0.0002,0.003,0,,688.165,688.17,market,@PinePilot_EMA_Cross,0.0,0.0,pinepilot: EMA(20) > EMA(50),0.0,681.76001,data/real/prices/yahoo/SPY.json,688.880005,679.169983,688.169983,e0f05aaf67be23da1db20513eaed93274b165898427ebeab80c7cb2eca1d9a2d,113160300,0.0,,1,buy,0.0,94.021,0.0,0.0,0.005,filled,,SPY,0.0082
43.17,False,43.16,43.16,4013.5856,0.0,2025-12-12,43.169998,0.0,0.4376,0.279,1.96,100.0,93,0.0272,1.2243,0,,43.165,4013.88,market,@Weather_ColdSnap_Max,0.00054,0.9298,weather: 10 cold anomaly days in 10,0.0,42.830002,data/real/prices/yahoo/XLU.json,43.380001,42.77,43.169998,5dddbd83cab3a8b7cd0814ea8215cbfc7d759602d4557e0cdf34937ba995df5d,17179800,0.0154,,93,sell,2.316,77.048,2.316,-2.316,0.465,filled,,XLU,0.7866
123.42,False,123.42,123.41,-1357.653,0.0,2025-12-15,123.410004,0.0,0.0476,0.033,0.703,100.0,11,0.0074,0.143,0,,123.415,1357.62,market,@FDA_ClusterFade,0.00015,0.11,fda fade: z=-1.71 long sector,0.0,122.839996,data/real/prices/yahoo/XBI.json,124.529999,122.220001,123.410004,fe9eeb851e6faba2a7187e008fab271608d8a4d544227ad3543ac3d95d5dd769,7533000,0.0,,11,buy,0.81,47.216,0.81,0.81,0.055,filled,,XBI,0.0954
679.23,False,679.22,679.22,1358.4337,0.0,2025-12-16,679.22998,0.0,0.0094,0.006,0.124,100.0,2,0.0006,0.0263,0,,679.225,1358.44,market,@PinePilot_EMA_Cross,0.0,0.02,pinepilot: EMA(20) > EMA(50),0.0,678.869995,data/real/prices/yahoo/SPY.json,681.080017,674.97998,679.22998,e0f05aaf67be23da1db20513eaed93274b165898427ebeab80c7cb2eca1d9a2d,122030600,0.0003,,2,sell,0.147,5.156,0.147,-0.147,0.01,filled,,SPY,0.0169
43.21,False,43.2,43.2,3326.1562,0.0,2025-12-16,43.200001,0.0,-0.4052,0.231,1.951,100.0,77,0.0203,0.2439,0,,43.205,3326.4,market,@Weather_ColdSnap_Max,0.0004,0.0001,weather: 10 cold anomaly days in 10,0.0,43.040001,data/real/prices/yahoo/XLU.json,43.310001,42.779999,43.200001,5dddbd83cab3a8b7cd0814ea8215cbfc7d759602d4557e0cdf34937ba995df5d,19067900,0.0128,,77,sell,0.0,37.174,0.0,-0.0,0.385,filled,,XLU,0.6491
43.07,False,43.07,43.06,-1852.139,0.0,2025-12-17,43.060001,0.0,0.2065,0.129,1.903,100.0,43,0.0085,0.559,0,,43.065,1852.01,market,@Weather_ColdSnap_Max,0.00022,0.43,weather: 10 cold anomaly days in 10,0.0,42.759998,data/real/prices/yahoo/XLU.json,43.139999,42.540001,43.060001,5dddbd83cab3a8b7cd0814ea8215cbfc7d759602d4557e0cdf34937ba995df5d,19444600,0.0,,43,buy,2.322,72.498,2.322,2.322,0.215,filled,,XLU,0.3525
43.03,False,43.03,43.02,-1377.056,0.0,2025-12-18,43.029999,0.0,-0.1652,0.096,1.897,100.0,32,0.0053,0.096,0,,43.025,1376.96,market,@Weather_ColdSnap_Max,0.00015,0.0,weather: 9 cold anomaly days in 10,0.0,43.18,data/real/prices/yahoo/XLU.json,43.419998,42.970001,43.029999,5dddbd83cab3a8b7cd0814ea8215cbfc7d759602d4557e0cdf34937ba995df5d,21935800,0.0,,32,buy,0.0,-34.738,0.0,0.0,0.16,filled,,XLU,0.2613
43.12,False,43.11,43.11,2931.2647,0.0,2025-12-19,43.119999,0.0,0.3229,0.204,1.952,100.0,68,0.0171,0.8952,0,,43.115,2931.48,market,@Weather_ColdSnap_Max,0.0003,0.6799,weather: 9 cold anomaly days in 10,0.0,42.630001,data/real/prices/yahoo/XLU.json,43.369999,42.599998,43.119999,5dddbd83cab3a8b7cd0814ea8215cbfc7d759602d4557e0cdf34937ba995df5d,22612000,0.0113,,68,sell,2.319,112.597,2.319,-2.319,0.34,filled,,XLU,0.5724
406.99,False,406.99,406.98,-4476.923,0.0,2025-12-22,406.980011,0.0,0.0474,0.033,0.213,100.0,11,0.0075,0.1429,0,,406.985,4476.89,market,@GOLD_Trend_GLD,8e-05,0.1099,gold: trend up,0.0,408.230011,data/real/prices/yahoo/GLD.json,408.519989,405.720001,406.980011,545093d31c9d8284e3b5dc66f668a6cb7391d9925b5abdf3e82bcaa71e423b40,14202100,0.0,,11,buy,0.245,-30.375,0.245,0.245,0.055,filled,,GLD,0.0955
683.95,False,683.95,683.94,-683.953,0.0,2025-12-22,683.940002,0.0,0.0048,0.003,0.12,100.0,1,0.0002,0.013,0,,683.945,683.95,market,@PinePilot_EMA_Cross,0.0,0.01,pinepilot: EMA(20) > EMA(50),0.0,684.830017,data/real/prices/yahoo/SPY.json,685.359985,680.590027,683.940002,e0f05aaf67be23da1db20513eaed93274b165898427ebeab80c7cb2eca1d9a2d,69556700,0.0,,1,buy,0.146,-12.85,0.146,0.146,0.005,filled,,SPY,0.0082
11.76,False,11.75,11.75,1773.7719,0.0,2025-12-22,11.75,0.0,-0.8401,0.453,7.429,100.0,151,0.0851,0.4781,0,,11.755,1774.25,market,@Weather_ColdSnap_Max,0.00061,-0.0,weather: 5 cold anomaly days in 10,0.0,11.85,data/real/prices/yahoo/UNG.json,11.89,11.48,11.75,eb7bcc0769945fb2c40fbcd98753ed7e17e367cf69d2ce2bde9ae60f00a462cc,24677600,0.0251,,151,sell,-0.0,-84.388,-0.0,0.0,0.755,filled,,UNG,1.3181
42.3,False,42.29,42.29,1184.0314,0.0,2025-12-22,42.290001,0.0,-0.1445,0.084,1.969,100.0,28,0.0045,0.0887,0,,42.295,1184.12,market,@Weather_ColdSnap_Max,0.00016,0.0,weather: 5 cold anomaly days in 10,0.0,42.470001,data/real/prices/yahoo/XLU.json,42.529999,42.029999,42.290001,5dddbd83cab3a8b7cd0814ea8215cbfc7d759602d4557e0cdf34937ba995df5d,17894900,0.0046,,28,sell,0.0,-42.383,0.0,-0.0,0.14,filled,,XLU,0.2332
410.3,False,410.3,410.29,-2051.515,0.0,2025-12-23,410.299988,0.0,-0.0279,0.015,0.209,100.0,5,0.0029,0.0151,0,,410.295,2051.5,market,@GOLD_Trend_GLD,4e-05,0.0001,gold: trend up,0.0,413.640015,data/real/prices/yahoo/GLD.json,413.76001,407.100006,410.299988,545093d31c9d8284e3b5dc66f668a6cb7391d9925b5abdf3e82bcaa71e423b40,13193300,0.0,,5,buy,0.0,-80.747,0.0,0.0,0.025,filled,,GLD,0.0429
42.41,False,42.41,42.4,-2035.824,0.0,2025-12-23,42.400002,0.0,0.2297,0.144,1.936,100.0,48,0.0102,0.6239,0,,42.405,2035.68,market,@Weather_ColdSnap_Max,0.00032,0.4799,weather: 4 cold anomaly days in 10,0.0,42.619999,data/real/prices/yahoo/XLU.json,42.75,42.380001,42.400002,5dddbd83cab3a8b7cd0814ea8215cbfc7d759602d4557e0cdf34937ba995df5d,15097300,0.0,,48,buy,2.358,-49.272,2.358,2.358,0.24,filled,,XLU,0.3942
412.26,False,412.26,412.25,-1236.789,0.0,2025-12-24,412.25,0.0,0.0136,0.009,0.205,100.0,3,0.0014,0.039,0,,412.255,1236.78,market,@GOLD_Trend_GLD,4e-05,0.03,gold: trend up,0.0,411.929993,data/real/prices/yahoo/GLD.json,412.630005,408.829987,412.25,545093d31c9d8284e3b5dc66f668a6cb7391d9925b5abdf3e82bcaa71e423b40,6718400,0.0,,3,buy,0.243,8.011,0.243,0.243,0.015,filled,,GLD,0.0254
12.49,False,12.49,12.48,-1411.709,0.0,2025-12-24,12.48,0.0,0.5003,0.339,6.864,100.0,113,0.0647,1.469,0,,12.485,1411.37,market,@Weather_ColdSnap_Max,0.00109,1.13,weather: 3 cold anomaly days in 10,0.0,12.39,data/real/prices/yahoo/UNG.json,12.65,12.33,12.48,eb7bcc0769945fb2c40fbcd98753ed7e17e367cf69d2ce2bde9ae60f00a462cc,10352500,0.0,,113,buy,8.013,80.71,8.013,8.013,0.565,filled,,UNG,0.9687
125.45,False,125.43,125.44,174343.2993,0.0,2025-12-24,125.440002,0.0,-3.8164,4.17,1.269,100.0,1390,10.7692,18.3035,0,,125.445,174347.7,market,@FDA_ClusterFade,0.04208,13.9028,fda fade: z back inside the band,0.0,126.300003,data/real/prices/yahoo/XBI.json,126.43,125.080002,125.440002,fe9eeb851e6faba2a7187e008fab271608d8a4d544227ad3543ac3d95d5dd769,3303100,0.2307,,1390,sell,0.797,-68.884,0.797,-0.797,6.95,filled,,XBI,22.12
42.62,False,42.62,42.61,-1406.559,0.0,2025-12-24,42.610001,0.0,0.1591,0.099,1.919,100.0,33,0.0059,0.429,0,,42.615,1406.46,market,@Weather_ColdSnap_Max,0.00057,0.33,weather: 3 cold anomaly days in 10,0.0,42.810001,data/real/prices/yahoo/XLU.json,42.860001,42.549999,42.610001,5dddbd83cab3a8b7cd0814ea8215cbfc7d759602d4557e0cdf34937ba995df5d,5761000,0.0,,33,buy,2.347,-44.382,2.347,2.347,0.165,filled,,XLU,0.2699
416.49,False,416.49,416.48,-2498.958,0.0,2025-12-26,416.480011,0.0,0.0261,0.018,0.208,100.0,6,0.0039,0.0779,0,,416.485,2498.94,market,@GOLD_Trend_GLD,6e-05,0.0599,gold: trend up,0.0,416.73999,data/real/prices/yahoo/GLD.json,418.450012,414.75,416.480011,545093d31c9d8284e3b5dc66f668a6cb7391d9925b5abdf3e82bcaa71e423b40,10476200,0.0,,6,buy,0.24,-5.999,0.24,0.24,0.03,filled,,GLD,0.0519
252.59,False,252.59,252.58,-757.779,0.0,2025-12-26,252.580002,0.0,0.0142,0.009,0.327,100.0,3,0.0008,0.039,0,,252.585,757.77,market,@PinePilot_EMA_Cross,2e-05,0.03,pinepilot: EMA(20) > EMA(50),0.0,251.419998,data/real/prices/yahoo/IWM.json,252.75,250.399994,252.580002,4f6191d7931ac8755dec346902f769128dd059359a542aaf947e90ff8f2d344a,17429900,0.0,,3,buy,0.396,46.536,0.396,0.396,0.015,filled,,IWM,0.0248
42.8,False,42.8,42.79,-1669.317,0.0,2025-12-26,42.790001,0.0,0.1877,0.117,1.913,100.0,39,0.0073,0.507,0,,42.795,1669.2,market,@Weather_ColdSnap_Max,0.00046,0.39,weather: 1 cold anomaly days in 10,0.0,42.779999,data/real/prices/yahoo/XLU.json,42.869999,42.630001,42.790001,5dddbd83cab3a8b7cd0814ea8215cbfc7d759602d4557e0cdf34937ba995df5d,8436700,0.0,,39,buy,2.337,4.675,2.337,2.337,0.195,filled,,XLU,0.3193
403.67,False,403.66,403.66,7265.823,0.0,2025-12-29,403.660004,0.0,-0.1098,0.054,0.23,100.0,18,0.0199,0.0571,0,,403.665,7265.88,market,@GOLD_Trend_GLD,9e-05,0.0001,gold: trend up,0.0,398.600006,data/real/prices/yahoo/GLD.json,403.76001,395.329987,403.660004,545093d31c9d8284e3b5dc66f668a6cb7391d9925b5abdf3e82bcaa71e423b40,20679200,0.003,,18,sell,0.0,126.944,0.0,-0.0,0.09,filled,,GLD,0.1669
124.03,False,124.04,124.02,-176637.232,0.0,2025-12-29,124.029999,4.24,-7.7297,4.272,1.486,100.0,1424,10.6111,18.5134,0,,124.025,176632.96,market,@FDA_ClusterFade,0.01932,14.2414,fda fade: z=-1.35 long sector,0.0,123.389999,data/real/prices/yahoo/XBI.json,124.419998,123.089996,124.029999,fe9eeb851e6faba2a7187e008fab271608d8a4d544227ad3543ac3d95d5dd769,7372200,0.0,,1424,buy,0.806,52.679,0.806,0.806,7.12,filled,,XBI,26.2431
13.67,False,13.67,13.66,-1312.608,0.0,2025-12-30,13.67,0.0,-0.5354,0.288,6.274,100.0,96,0.0554,0.288,0,,13.665,1312.32,market,@Weather_ColdSnap_Max,0.00034,0.0,weather: 1 cold anomaly days in 10,0.0,13.12,data/real/prices/yahoo/UNG.json,13.68,13.01,13.67,eb7bcc0769945fb2c40fbcd98753ed7e17e367cf69d2ce2bde9ae60f00a462cc,28028600,0.0,,96,buy,0.0,419.207,0.0,0.0,0.48,filled,,UNG,0.8234
42.89,False,42.89,42.88,-3860.37,0.0,2025-12-30,42.880001,0.0,0.4261,0.27,1.927,100.0,90,0.0238,1.1699,0,,42.885,3860.1,market,@Weather_ColdSnap_Max,0.00097,0.8999,weather: 1 cold anomaly days in 10,0.0,42.959999,data/real/prices/yahoo/XLU.json,43.040001,42.810001,42.880001,5dddbd83cab3a8b7cd0814ea8215cbfc7d759602d4557e0cdf34937ba995df5d,9255300,0.0,,90,buy,2.332,-16.294,2.332,2.332,0.45,filled,,XLU,0.7438
398.61,False,398.6,398.6,3188.7747,0.0,2025-12-31,398.600006,0.0,-0.05,0.024,0.237,100.0,8,0.0101,0.0254,0,,398.605,3188.8,market,@GOLD_Trend_GLD,8e-05,0.0,gold: trend up,0.0,396.309998,data/real/prices/yahoo/GLD.json,400.130005,395.589996,398.600006,545093d31c9d8284e3b5dc66f668a6cb7391d9925b5abdf3e82bcaa71e423b40,10194700,0.0013,,8,sell,0.0,57.783,0.0,-0.0,0.04,filled,,GLD,0.0754
42.98,False,42.97,42.97,5198.9869,0.0,2025-12-31,42.970001,0.0,-0.6414,0.363,1.971,100.0,121,0.0365,0.3832,0,,42.975,5199.37,market,@Weather_ColdSnap_Max,0.00119,0.0001,weather: 2 cold anomaly days in 10,0.0,42.689999,data/real/prices/yahoo/XLU.json,43.009998,42.68,42.970001,5dddbd83cab3a8b7cd0814ea8215cbfc7d759602d4557e0cdf34937ba995df5d,10129000,0.0201,,121,sell,0.0,65.589,0.0,-0.0,0.605,filled,,XLU,1.0246
401.62,False,401.62,401.61,-1606.492,0.0,2026-01-02,401.619995,0.0,-0.0236,0.012,0.222,100.0,4,0.0036,0.012,0,,401.615,1606.48,market,@GOLD_Trend_GLD,4e-05,0.0,gold: trend up,0.0,398.279999,data/real/prices/yahoo/GLD.json,401.820007,396.25,401.619995,545093d31c9d8284e3b5dc66f668a6cb7391d9925b5abdf3e82bcaa71e423b40,10372600,0.0,,4,buy,0.0,83.861,0.0,0.0,0.02,filled,,GLD,0.0356
620.06,False,620.05,620.05,3720.2808,0.0,2026-01-02,620.059998,0.0,0.0264,0.018,0.142,100.0,6,0.0036,0.0792,0,,620.055,3720.3,market,@LeapMaxLever_Momentum,1e-05,0.06,the leap: monthly leader QQQ,0.0,613.119995,data/real/prices/yahoo/QQQ.json,622.849976,610.150024,620.059998,ae9ec3c0b0b8e0f5cd28ee45eac2dfcff9f95a7c5a1244e170ab0980d85979ed,61859200,0.0012,,6,sell,0.161,113.029,0.161,-0.161,0.03,filled,,QQQ,0.0528
11.88,False,11.87,11.87,1388.4162,0.0,2026-01-02,11.88,0.0,0.5207,0.351,7.367,100.0,117,0.0643,1.5438,0,,11.875,1388.79,market,@Weather_ColdSnap_Max,0.0007,1.17,weather: 2 cold anomaly days in 10,0.0,12.06,data/real/prices/yahoo/UNG.json,12.26,11.8,11.88,eb7bcc0769945fb2c40fbcd98753ed7e17e367cf69d2ce2bde9ae60f00a462cc,16673900,0.0228,,117,sell,8.418,-157.546,8.418,-8.418,0.585,filled,,UNG,1.0231
42.89,False,42.88,42.88,3387.2676,0.0,2026-01-02,42.889999,0.0,0.3792,0.237,1.958,100.0,79,0.0157,1.0423,0,,42.885,3387.52,market,@Weather_ColdSnap_Max,0.00039,0.7899,weather: 2 cold anomaly days in 10,0.0,43.18,data/real/prices/yahoo/XLU.json,43.389999,42.66,42.889999,5dddbd83cab3a8b7cd0814ea8215cbfc7d759602d4557e0cdf34937ba995df5d,20495400,0.0154,,79,sell,2.331,-69.477,2.331,-2.331,0.395,filled,,XLU,0.6631
406.4,False,406.4,406.39,-2844.821,0.0,2026-01-05,406.390015,0.0,0.0264,0.021,0.227,100.0,7,0.0085,0.0909,0,,406.395,2844.8,market,@GOLD_Trend_GLD,5e-05,0.0699,gold: trend up,0.0,408.76001,data/real/prices/yahoo/GLD.json,409.720001,406.149994,406.390015,545093d31c9d8284e3b5dc66f668a6cb7391d9925b5abdf3e82bcaa71e423b40,13410600,0.0,,7,buy,0.246,-57.736,0.246,0.246,0.035,filled,,GLD,0.0645
121.34,False,121.33,121.33,1819.9021,0.0,2026-01-05,121.330002,0.0,-0.0854,0.045,0.733,100.0,15,0.0104,0.048,0,,121.335,1819.95,market,@FDA_ClusterFade,0.00013,0.0,fda fade: z=-1.03 long sector,0.0,120.150002,data/real/prices/yahoo/XBI.json,121.739998,118.279999,121.330002,fe9eeb851e6faba2a7187e008fab271608d8a4d544227ad3543ac3d95d5dd769,11833100,0.0029,,15,sell,0.0,98.21,0.0,-0.0,0.075,filled,,XBI,0.1333
43.19,False,43.18,43.18,3151.9068,0.0,2026-01-05,43.189999,0.0,0.3498,0.219,1.946,100.0,73,0.0151,0.9632,0,,43.185,3152.14,market,@Weather_ColdSnap_Max,0.00026,0.7299,weather: 2 cold anomaly days in 10,0.0,42.700001,data/real/prices/yahoo/XLU.json,43.290001,42.060001,43.189999,5dddbd83cab3a8b7cd0814ea8215cbfc7d759602d4557e0cdf34937ba995df5d,27884400,0.0142,,73,sell,2.315,112.412,2.315,-2.315,0.365,filled,,XLU,0.6133
410.68,False,410.68,410.67,-2464.098,0.0,2026-01-06,410.670013,0.0,0.0225,0.018,0.225,100.0,6,0.0074,0.0779,0,,410.675,2464.08,market,@GOLD_Trend_GLD,5e-05,0.0599,gold: trend up,0.0,413.179993,data/real/prices/yahoo/GLD.json,413.480011,410.309998,410.670013,545093d31c9d8284e3b5dc66f668a6cb7391d9925b5abdf3e82bcaa71e423b40,11640900,0.0,,6,buy,0.243,-60.506,0.243,0.243,0.03,filled,,GLD,0.0554
408.64,False,408.63,408.63,817.2536,0.0,2026-01-07,408.630005,0.0,-0.0114,0.006,0.218,100.0,2,0.0014,0.0064,0,,408.635,817.26,market,@GOLD_Trend_GLD,2e-05,0.0,gold: trend up,0.0,409.230011,data/real/prices/yahoo/GLD.json,410.809998,406.649994,408.630005,545093d31c9d8284e3b5dc66f668a6cb7391d9925b5abdf3e82bcaa71e423b40,10589500,0.0004,,2,sell,0.0,-14.662,0.0,-0.0,0.01,filled,,GLD,0.0178
692.2,False,692.2,692.19,-692.203,0.0,2026-01-07,692.190002,0.0,0.0048,0.003,0.118,100.0,1,0.0002,0.013,0,,692.195,692.2,market,@PinePilot_EMA_Cross,0.0,0.01,pinepilot: EMA(20) > EMA(50),0.0,689.580017,data/real/prices/yahoo/SPY.json,693.960022,689.320007,692.190002,e0f05aaf67be23da1db20513eaed93274b165898427ebeab80c7cb2eca1d9a2d,75588300,0.0,,1,buy,0.144,37.994,0.144,0.144,0.005,filled,,SPY,0.0082
42.96,False,42.96,42.95,-1460.742,0.0,2026-01-07,42.950001,0.0,0.1649,0.102,1.897,100.0,34,0.0051,0.442,0,,42.955,1460.64,market,@Weather_ColdSnap_Max,0.00012,0.34,weather: 2 cold anomaly days in 10,0.0,41.869999,data/real/prices/yahoo/XLU.json,42.970001,41.740002,42.950001,5dddbd83cab3a8b7cd0814ea8215cbfc7d759602d4557e0cdf34937ba995df5d,27613300,0.0,,34,buy,2.328,260.33,2.328,2.328,0.17,filled,,XLU,0.2771
406.98,False,406.97,406.97,1220.9004,0.0,2026-01-08,406.970001,0.0,-0.0177,0.009,0.223,100.0,3,0.0027,0.0096,0,,406.975,1220.91,market,@GOLD_Trend_GLD,3e-05,0.0,gold: trend up,0.0,411.48999,data/real/prices/yahoo/GLD.json,411.640015,406.399994,406.970001,545093d31c9d8284e3b5dc66f668a6cb7391d9925b5abdf3e82bcaa71e423b40,8705900,0.0006,,3,sell,0.0,-109.844,0.0,-0.0,0.015,filled,,GLD,0.0273
11.49,False,11.48,11.48,1664.1367,0.0,2026-01-08,11.48,0.0,-0.807,0.435,7.631,100.0,145,0.082,0.4633,0,,11.485,1664.6,market,@Weather_ColdSnap_Max,0.00056,-0.0,weather: 1 cold anomaly days in 10,0.0,11.27,data/real/prices/yahoo/UNG.json,11.48,11.11,11.48,eb7bcc0769945fb2c40fbcd98753ed7e17e367cf69d2ce2bde9ae60f00a462cc,25829900,0.0283,,145,sell,-0.0,186.335,-0.0,0.0,0.725,filled,,UNG,1.2703
413.23,False,413.23,413.22,-3305.864,0.0,2026-01-09,413.220001,0.0,0.0281,0.024,0.23,100.0,8,0.0119,0.104,0,,413.225,3305.84,market,@GOLD_Trend_GLD,6e-05,0.08,gold: trend up,0.0,414.470001,data/real/prices/yahoo/GLD.json,415.290009,411.799988,413.220001,545093d31c9d8284e3b5dc66f668a6cb7391d9925b5abdf3e82bcaa71e423b40,14011200,0.0,,8,buy,0.242,-29.918,0.242,0.242,0.04,filled,,GLD,0.0759
621.41,False,621.41,621.4,-621.413,0.0,2026-01-09,621.409973,0.0,-0.0052,0.003,0.133,100.0,1,0.0003,0.003,0,,621.405,621.41,market,@PinePilot_EMA_Cross,0.0,0.0,pinepilot: EMA(20) > EMA(50),0.0,626.650024,data/real/prices/yahoo/QQQ.json,627.890015,619.059998,621.409973,ae9ec3c0b0b8e0f5cd28ee45eac2dfcff9f95a7c5a1244e170ab0980d85979ed,49688700,0.0,,1,buy,0.0,-83.62,0.0,0.0,0.005,filled,,QQQ,0.0083
125.2,False,125.18,125.19,176499.2951,0.0,2026-01-09,125.199997,0.0,9.9326,4.23,1.29,100.0,1410,11.2131,32.7007,0,,125.195,176503.8,market,@FDA_ClusterFade,0.01416,28.1958,fda fade: z back inside the band,0.0,124.5,data/real/prices/yahoo/XBI.json,126.010002,124.150002,125.199997,fe9eeb851e6faba2a7187e008fab271608d8a4d544227ad3543ac3d95d5dd769,9956800,0.2749,,1410,sell,1.597,54.618,1.597,-1.597,7.05,filled,,XBI,22.7681
42.52,False,42.51,42.51,2040.3266,0.0,2026-01-09,42.52,0.0,0.2304,0.144,1.975,100.0,48,0.0096,0.6334,0,,42.515,2040.48,market,@Weather_ColdSnap_Max,0.00022,0.48,weather: 1 cold anomaly days in 10,0.0,42.509998,data/real/prices/yahoo/XLU.json,42.889999,42.490002,42.52,5dddbd83cab3a8b7cd0814ea8215cbfc7d759602d4557e0cdf34937ba995df5d,21518300,0.0094,,48,sell,2.352,0.0,2.352,-2.352,0.24,filled,,XLU,0.403
421.52,False,421.52,421.51,-5058.276,0.0,2026-01-12,421.519989,0.0,-0.0825,0.036,0.235,100.0,12,0.0226,0.0361,0,,421.515,5058.24,market,@GOLD_Trend_GLD,6e-05,0.0001,gold: trend up,0.0,422.230011,data/real/prices/yahoo/GLD.json,425.73999,421.519989,421.519989,545093d31c9d8284e3b5dc66f668a6cb7391d9925b5abdf3e82bcaa71e423b40,20904100,0.0,,12,buy,0.0,-16.816,0.0,0.0,0.06,filled,,GLD,0.1186
123.99,False,124.0,123.98,-179060.332,0.0,2026-01-12,123.980003,4.44,6.1872,4.332,1.509,100.0,1444,11.0284,33.2077,0,,123.985,179056.0,market,@FDA_ClusterFade,0.01419,28.8757,fda fade: z=-1.68 long sector,0.0,123.93,data/real/prices/yahoo/XBI.json,124.169998,121.559998,123.980003,fe9eeb851e6faba2a7187e008fab271608d8a4d544227ad3543ac3d95d5dd769,10175000,0.0,,1444,buy,1.613,5.648,1.613,1.613,7.22,filled,,XBI,27.0204
42.39,False,42.38,42.38,1652.6954,0.0,2026-01-12,42.380001,0.0,-0.2024,0.117,1.979,100.0,39,0.0074,0.1246,0,,42.385,1652.82,market,@Weather_ColdSnap_Max,0.00023,0.0,weather: 1 cold anomaly days in 10,0.0,42.580002,data/real/prices/yahoo/XLU.json,42.709999,42.299999,42.380001,5dddbd83cab3a8b7cd0814ea8215cbfc7d759602d4557e0cdf34937ba995df5d,16810600,0.0076,,39,sell,0.0,-46.971,0.0,-0.0,0.195,filled,,XLU,0.327
424.59,False,424.59,424.58,-1698.372,0.0,2026-01-13,424.589996,0.0,-0.0245,0.012,0.215,100.0,4,0.0045,0.012,0,,424.585,1698.36,market,@GOLD_Trend_GLD,2e-05,0.0,gold: trend up,0.0,421.630005,data/real/prices/yahoo/GLD.json,426.119995,420.070007,424.589996,545093d31c9d8284e3b5dc66f668a6cb7391d9925b5abdf3e82bcaa71e423b40,16681200,0.0,,4,buy,0.0,70.204,0.0,0.0,0.02,filled,,GLD,0.0365
627.28,False,627.28,627.27,-627.283,0.0,2026-01-13,627.27002,0.0,0.0047,0.003,0.132,100.0,1,0.0003,0.013,0,,627.275,627.28,market,@PinePilot_EMA_Cross,0.0,0.01,pinepilot: EMA(20) > EMA(50),0.0,626.23999,data/real/prices/yahoo/QQQ.json,629.469971,623.700012,627.27002,ae9ec3c0b0b8e0f5cd28ee45eac2dfcff9f95a7c5a1244e170ab0980d85979ed,44481400,0.0,,1,buy,0.159,16.607,0.159,0.159,0.005,filled,,QQQ,0.0083
695.49,False,695.49,695.48,-1390.986,0.0,2026-01-13,695.48999,0.0,-0.0104,0.006,0.118,100.0,2,0.0004,0.006,0,,695.485,1390.98,market,@PinePilot_EMA_Cross,0.0,0.0,pinepilot: EMA(20) > EMA(50),0.0,693.77002,data/real/prices/yahoo/SPY.json,696.090027,691.349976,695.48999,e0f05aaf67be23da1db20513eaed93274b165898427ebeab80c7cb2eca1d9a2d,78309700,0.0,,2,buy,0.0,24.792,0.0,0.0,0.01,filled,,SPY,0.0164
42.62,False,42.62,42.61,-2003.281,0.0,2026-01-13,42.619999,0.0,-0.2448,0.141,1.926,100.0,47,0.0099,0.141,0,,42.615,2003.14,market,@Weather_ColdSnap_Max,0.00021,0.0,weather: 1 cold anomaly days in 10,0.0,42.849998,data/real/prices/yahoo/XLU.json,42.959999,42.419998,42.619999,5dddbd83cab3a8b7cd0814ea8215cbfc7d759602d4557e0cdf34937ba995df5d,22207400,0.0,,47,buy,0.0,-53.675,0.0,0.0,0.235,filled,,XLU,0.3859
426.03,False,426.03,426.02,-852.066,0.0,2026-01-14,426.029999,0.0,-0.0116,0.006,0.207,100.0,2,0.0016,0.006,0,,426.025,852.06,market,@GOLD_Trend_GLD,1e-05,0.0,gold: trend up,0.0,425.940002,data/real/prices/yahoo/GLD.json,426.859985,422.839996,426.029999,545093d31c9d8284e3b5dc66f668a6cb7391d9925b5abdf3e82bcaa71e423b40,18305500,0.0,,2,buy,0.0,2.113,0.0,0.0,0.01,filled,,GLD,0.0176
42.82,False,42.81,42.81,2696.8287,0.0,2026-01-14,42.810001,0.0,-0.3303,0.189,1.971,100.0,63,0.0153,0.2013,0,,42.815,2697.03,market,@Weather_ColdSnap_Max,0.00029,0.0001,weather: 1 cold anomaly days in 10,0.0,43.169998,data/real/prices/yahoo/XLU.json,43.32,42.77,42.810001,5dddbd83cab3a8b7cd0814ea8215cbfc7d759602d4557e0cdf34937ba995df5d,21403100,0.0123,,63,sell,0.0,-83.391,0.0,-0.0,0.315,filled,,XLU,0.5316
423.02,False,423.01,423.01,1269.0204,0.0,2026-01-15,423.019989,0.0,0.012,0.009,0.217,100.0,3,0.0029,0.0396,0,,423.015,1269.03,market,@GOLD_Trend_GLD,2e-05,0.03,gold: trend up,0.0,423.329987,data/real/prices/yahoo/GLD.json,425.059998,422.790009,423.019989,545093d31c9d8284e3b5dc66f668a6cb7391d9925b5abdf3e82bcaa71e423b40,14253200,0.0006,,3,sell,0.236,-7.559,0.236,-0.236,0.015,filled,,GLD,0.0275
43.32,False,43.31,43.31,1948.8062,0.0,2026-01-15,43.32,0.0,0.2156,0.135,1.941,100.0,45,0.0094,0.5938,0,,43.315,1948.95,market,@Weather_ColdSnap_Max,0.00021,0.45,weather: 1 cold anomaly days in 10,0.0,43.610001,data/real/prices/yahoo/XLU.json,43.82,43.32,43.32,5dddbd83cab3a8b7cd0814ea8215cbfc7d759602d4557e0cdf34937ba995df5d,21762700,0.0088,,45,sell,2.308,-68.792,2.308,-2.308,0.225,filled,,XLU,0.3782
436.7,False,436.7,436.69,-7860.654,0.0,2026-01-20,436.690002,0.0,0.0441,0.054,0.241,100.0,18,0.0458,0.234,0,,436.695,7860.6,market,@GOLD_Trend_GLD,8e-05,0.18,gold: trend up,0.0,437.230011,data/real/prices/yahoo/GLD.json,438.140015,434.100006,436.690002,545093d31c9d8284e3b5dc66f668a6cb7391d9925b5abdf3e82bcaa71e423b40,21308100,0.0,,18,buy,0.229,-12.122,0.229,0.229,0.09,filled,,GLD,0.1898
261.15,False,261.14,261.14,2089.0944,0.0,2026-01-20,261.140015,0.0,-0.0425,0.024,0.327,100.0,8,0.0027,0.0257,0,,261.145,2089.12,market,@PinePilot_EMA_Cross,2e-05,0.0001,pinepilot: EMA(20) > EMA(50),0.0,262.579987,data/real/prices/yahoo/IWM.json,265.079987,261.059998,261.140015,4f6191d7931ac8755dec346902f769128dd059359a542aaf947e90ff8f2d344a,47911500,0.0016,,8,sell,0.001,-54.84,0.001,-0.001,0.04,filled,,IWM,0.0682
12.33,False,12.32,12.32,95627.674,0.0,2026-01-20,12.32,0.0,-74.5702,23.292,10.389,100.0,7764,35.7502,24.806,0,,12.325,95652.48,market,@Weather_ColdSnap_Max,0.01541,-0.0,weather: no cold anomaly in the window,0.0,12.37,data/real/prices/yahoo/UNG.json,12.54,11.97,12.32,eb7bcc0769945fb2c40fbcd98753ed7e17e367cf69d2ce2bde9ae60f00a462cc,50395600,1.514,,7764,sell,-0.0,-40.42,-0.0,0.0,38.82,filled,,UNG,99.3762
122.42,False,122.41,122.41,979.2544,0.0,2026-01-20,122.419998,0.0,0.035,0.024,0.72,100.0,8,0.005,0.1055,0,,122.415,979.28,market,@FDA_ClusterFade,7e-05,0.08,fda fade: z=-2.41 long sector,0.0,125.290001,data/real/prices/yahoo/XBI.json,125.410004,121.269997,122.419998,fe9eeb851e6faba2a7187e008fab271608d8a4d544227ad3543ac3d95d5dd769,10780000,0.0016,,8,sell,0.817,-229.867,0.817,-0.817,0.04,filled,,XBI,0.0705
43.12,False,43.11,43.11,43408.5526,0.0,2026-01-20,43.119999,0.0,4.0307,3.021,2.132,100.0,1007,1.0033,13.2864,0,,43.115,43411.77,market,@Weather_ColdSnap_Max,0.00398,10.069,weather: no cold anomaly in the window,0.0,42.959999,data/real/prices/yahoo/XLU.json,43.360001,42.830002,43.119999,5dddbd83cab3a8b7cd0814ea8215cbfc7d759602d4557e0cdf34937ba995df5d,25300900,0.1964,,1007,sell,2.319,34.916,2.319,-2.319,5.035,filled,,XLU,9.2557
446.87,False,446.87,446.86,-6256.222,0.0,2026-01-21,446.869995,0.0,-0.107,0.042,0.238,100.0,14,0.0371,0.0421,0,,446.865,6256.18,market,@GOLD_Trend_GLD,4e-05,0.0001,gold: trend up,0.0,443.600006,data/real/prices/yahoo/GLD.json,448.0,437.109985,446.869995,545093d31c9d8284e3b5dc66f668a6cb7391d9925b5abdf3e82bcaa71e423b40,38830200,0.0,,14,buy,0.0,73.715,0.0,0.0,0.07,filled,,GLD,0.1491
125.23,False,125.23,125.22,-1878.495,0.0,2026-01-21,125.220001,0.0,0.062,0.045,0.708,100.0,15,0.013,0.195,0,,125.225,1878.45,market,@FDA_ClusterFade,0.00018,0.15,fda fade: z=-1.79 long sector,0.0,128.179993,data/real/prices/yahoo/XBI.json,128.289993,124.889999,125.220001,fe9eeb851e6faba2a7187e008fab271608d8a4d544227ad3543ac3d95d5dd769,8406000,0.0,,15,buy,0.799,-230.145,0.799,0.799,0.075,filled,,XBI,0.133
443.84,False,443.83,443.83,1331.4804,0.0,2026-01-22,443.839996,0.0,0.0113,0.009,0.212,100.0,3,0.0037,0.0396,0,,443.835,1331.49,market,@GOLD_Trend_GLD,2e-05,0.03,gold: trend up,0.0,451.790009,data/real/prices/yahoo/GLD.json,452.980011,443.559998,443.839996,545093d31c9d8284e3b5dc66f668a6cb7391d9925b5abdf3e82bcaa71e423b40,19251200,0.0006,,3,sell,0.225,-176.188,0.225,-0.225,0.015,filled,,GLD,0.0282
622.35,False,622.35,622.34,-1244.706,0.0,2026-01-22,622.349976,0.0,-0.0106,0.006,0.134,100.0,2,0.0007,0.006,0,,622.345,1244.7,market,@PinePilot_EMA_Cross,0.0,0.0,pinepilot: EMA(20) > EMA(50),0.0,620.76001,data/real/prices/yahoo/QQQ.json,622.460022,617.780029,622.349976,ae9ec3c0b0b8e0f5cd28ee45eac2dfcff9f95a7c5a1244e170ab0980d85979ed,42254800,0.0,,2,buy,0.0,25.614,0.0,0.0,0.01,filled,,QQQ,0.0167
689.85,False,689.85,689.84,-689.853,0.0,2026-01-22,689.849976,0.0,-0.0052,0.003,0.119,100.0,1,0.0002,0.003,0,,689.845,689.85,market,@PinePilot_EMA_Cross,0.0,0.0,pinepilot: EMA(20) > EMA(50),0.0,688.97998,data/real/prices/yahoo/SPY.json,691.130005,686.919983,689.849976,e0f05aaf67be23da1db20513eaed93274b165898427ebeab80c7cb2eca1d9a2d,77112200,0.0,,1,buy,0.0,12.628,0.0,0.0,0.005,filled,,SPY,0.0082
128.28,False,128.28,128.27,-2180.811,0.0,2026-01-22,128.279999,0.0,-0.1015,0.051,0.699,100.0,17,0.0165,0.051,0,,128.275,2180.76,market,@FDA_ClusterFade,0.00017,0.0,fda fade: z=-1.39 long sector,0.0,131.570007,data/real/prices/yahoo/XBI.json,132.089996,128.190002,128.279999,fe9eeb851e6faba2a7187e008fab271608d8a4d544227ad3543ac3d95d5dd769,9726200,0.0,,17,buy,0.0,-250.058,0.0,0.0,0.085,filled,,XBI,0.1525
454.11,False,454.11,454.1,-5903.469,0.0,2026-01-23,454.109985,0.0,-0.0998,0.039,0.235,100.0,13,0.035,0.0392,0,,454.105,5903.43,market,@GOLD_Trend_GLD,6e-05,0.0002,gold: trend up,0.0,458.0,data/real/prices/yahoo/GLD.json,458.75,453.450012,454.109985,545093d31c9d8284e3b5dc66f668a6cb7391d9925b5abdf3e82bcaa71e423b40,21531900,0.0,,13,buy,0.0,-84.934,0.0,0.0,0.065,filled,,GLD,0.139
130.93,False,130.93,130.92,-1963.995,0.0,2026-01-23,130.929993,0.0,-0.0887,0.045,0.681,100.0,15,0.0138,0.0451,0,,130.925,1963.95,market,@FDA_ClusterFade,0.00013,0.0001,fda fade: z=-1.58 long sector,0.0,128.039993,data/real/prices/yahoo/XBI.json,131.669998,127.860001,130.929993,fe9eeb851e6faba2a7187e008fab271608d8a4d544227ad3543ac3d95d5dd769,11376600,0.0,,15,buy,0.001,225.711,0.001,0.001,0.075,filled,,XBI,0.1338
466.78,False,466.78,466.77,-8402.094,0.0,2026-01-26,466.779999,0.0,-0.1476,0.054,0.24,100.0,18,0.0576,0.054,0,,466.775,8402.04,market,@GOLD_Trend_GLD,5e-05,0.0,gold: trend up,0.0,464.700012,data/real/prices/yahoo/GLD.json,469.279999,460.359985,466.779999,545093d31c9d8284e3b5dc66f668a6cb7391d9925b5abdf3e82bcaa71e423b40,34156000,0.0,,18,buy,0.0,44.76,0.0,0.0,0.09,filled,,GLD,0.2016
126.81,False,126.8,126.8,2916.3265,0.0,2026-01-26,126.809998,0.0,0.0884,0.069,0.737,100.0,23,0.0266,0.3034,0,,126.805,2916.4,market,@FDA_ClusterFade,0.00034,0.23,fda fade: z=-1.48 long sector,0.0,127.860001,data/real/prices/yahoo/XBI.json,128.490005,125.910004,126.809998,fe9eeb851e6faba2a7187e008fab271608d8a4d544227ad3543ac3d95d5dd769,6799300,0.0045,,23,sell,0.788,-82.903,0.788,-0.788,0.115,filled,,XBI,0.2151
264.05,False,264.05,264.04,-1584.318,0.0,2026-01-27,264.049988,0.0,-0.0321,0.018,0.316,100.0,6,0.0021,0.0181,0,,264.045,1584.3,market,@PinePilot_EMA_Cross,2e-05,0.0001,pinepilot: EMA(20) > EMA(50),0.0,264.730011,data/real/prices/yahoo/IWM.json,264.859985,262.660004,264.049988,4f6191d7931ac8755dec346902f769128dd059359a542aaf947e90ff8f2d344a,26975500,0.0,,6,buy,0.0,-25.687,0.0,0.0,0.03,filled,,IWM,0.0501
483.4,False,483.4,483.39,-11118.269,0.0,2026-01-28,483.390015,0.0,0.0284,0.069,0.243,100.0,23,0.0863,0.2987,0,,483.395,11118.2,market,@GOLD_Trend_GLD,5e-05,0.2297,gold: trend up,0.0,494.559998,data/real/prices/yahoo/GLD.json,495.880005,481.25,483.390015,545093d31c9d8284e3b5dc66f668a6cb7391d9925b5abdf3e82bcaa71e423b40,44154600,0.0,,23,buy,0.207,-225.655,0.207,0.207,0.115,filled,,GLD,0.2703
128.62,False,128.6,128.61,187622.7385,0.0,2026-01-28,128.610001,0.0,-6.1088,4.377,1.352,100.0,1459,13.4052,19.253,0,,128.615,187627.4,market,@FDA_ClusterFade,0.01721,14.5915,fda fade: z back inside the band,0.0,125.940002,data/real/prices/yahoo/XBI.json,128.710007,125.800003,128.610001,fe9eeb851e6faba2a7187e008fab271608d8a4d544227ad3543ac3d95d5dd769,8477500,0.2845,,1459,sell,0.778,211.212,0.778,-0.778,7.295,filled,,XBI,25.3617
509.52,False,509.53,509.51,-17833.655,0.0,2026-01-29,509.51001,0.0,0.342,0.105,0.259,100.0,35,0.1826,0.8046,0,,509.515,17833.55,market,@GOLD_Trend_GLD,5e-05,0.6996,gold: trend up,0.0,495.899994,data/real/prices/yahoo/GLD.json,509.700012,468.51001,509.51001,545093d31c9d8284e3b5dc66f668a6cb7391d9925b5abdf3e82bcaa71e423b40,69970900,0.0,,35,buy,0.392,274.854,0.392,0.392,0.175,filled,,GLD,0.4626
466.26,False,466.25,466.25,30772.2891,0.0,2026-01-30,466.25,0.0,-0.649,0.198,0.279,100.0,66,0.319,0.2109,0,,466.255,30772.5,market,@GOLD_Trend_GLD,8e-05,-0.0,gold: trend up,0.0,444.950012,data/real/prices/yahoo/GLD.json,470.059998,430.799988,466.25,545093d31c9d8284e3b5dc66f668a6cb7391d9925b5abdf3e82bcaa71e423b40,86593500,0.0129,,66,sell,-0.0,478.705,-0.0,0.0,0.33,filled,,GLD,0.8598
625.72,False,625.71,625.71,625.7068,0.0,2026-01-30,625.710022,0.0,-0.0052,0.003,0.135,100.0,1,0.0002,0.0032,0,,625.715,625.71,market,@PinePilot_EMA_Cross,0.0,0.0,pinepilot: EMA(20) > EMA(50),0.0,621.869995,data/real/prices/yahoo/QQQ.json,628.26001,619.299988,625.710022,ae9ec3c0b0b8e0f5cd28ee45eac2dfcff9f95a7c5a1244e170ab0980d85979ed,65650700,0.0002,,1,sell,0.0,61.749,0.0,-0.0,0.005,filled,,QQQ,0.0084
434.02,False,433.99,434.0,20831.3666,0.0,2026-02-02,434.01001,0.0,0.113,0.144,0.48,100.0,48,0.3675,1.1138,0,,434.01,20831.52,market,@GOLD_Trend_GLD,0.00012,0.9605,gold: trend up,0.0,427.130005,data/real/prices/yahoo/GLD.json,440.779999,422.549988,434.01001,545093d31c9d8284e3b5dc66f668a6cb7391d9925b5abdf3e82bcaa71e423b40,41626200,0.0094,,48,sell,0.461,160.607,0.461,-0.461,0.48,filled,,GLD,1.0008
689.59,False,689.58,689.58,1379.1536,0.0,2026-02-02,689.580017,0.0,-0.0105,0.006,0.123,100.0,2,0.0005,0.0064,0,,689.585,1379.16,market,@PinePilot_EMA_Cross,0.0,0.0,pinepilot: EMA(20) > EMA(50),0.0,695.409973,data/real/prices/yahoo/SPY.json,696.929993,689.419983,689.580017,e0f05aaf67be23da1db20513eaed93274b165898427ebeab80c7cb2eca1d9a2d,79286500,0.0004,,2,sell,0.0,-83.835,0.0,-0.0,0.01,filled,,SPY,0.0169
452.64,False,452.65,452.62,-10863.672,0.0,2026-02-03,452.630005,0.0,0.0985,0.072,0.417,100.0,24,0.1414,0.5519,0,,452.63,10863.6,market,@GOLD_Trend_GLD,8e-05,0.4799,gold: trend up,0.0,454.290009,data/real/prices/yahoo/GLD.json,459.0,448.309998,452.630005,545093d31c9d8284e3b5dc66f668a6cb7391d9925b5abdf3e82bcaa71e423b40,28703500,0.0,,24,buy,0.442,-36.1,0.442,0.442,0.24,filled,,GLD,0.4534
127.3,False,127.31,127.29,-183330.72,0.0,2026-02-03,127.290001,4.4,3.4365,4.32,1.619,100.0,1440,13.762,33.1186,0,,127.295,183326.4,market,@FDACatalyst_Rider,0.01614,28.7986,fda: 30d approvals=67 median=67,0.0,127.650002,data/real/prices/yahoo/XBI.json,129.699997,125.980003,127.290001,fe9eeb851e6faba2a7187e008fab271608d8a4d544227ad3543ac3d95d5dd769,8920200,0.0,,1440,buy,1.571,-26.635,1.571,1.571,7.2,filled,,XBI,29.682
462.48,False,462.48,462.46,-6012.279,0.0,2026-02-04,462.470001,0.0,-0.0623,0.039,0.385,100.0,13,0.0623,0.169,0,,462.47,6012.24,market,@GOLD_Trend_GLD,5e-05,0.13,gold: trend up,0.0,453.970001,data/real/prices/yahoo/GLD.json,463.100006,445.709991,462.470001,545093d31c9d8284e3b5dc66f668a6cb7391d9925b5abdf3e82bcaa71e423b40,24427900,0.0,,13,buy,0.216,187.457,0.216,0.216,0.13,filled,,GLD,0.2313
264.17,False,264.16,264.16,1056.6272,0.0,2026-02-04,264.160004,0.0,-0.0211,0.012,0.321,100.0,4,0.0012,0.0128,0,,264.165,1056.64,market,@PinePilot_EMA_Cross,1e-05,0.0,pinepilot: EMA(20) > EMA(50),0.0,260.519989,data/real/prices/yahoo/IWM.json,264.649994,257.140015,264.160004,4f6191d7931ac8755dec346902f769128dd059359a542aaf947e90ff8f2d344a,48826500,0.0008,,4,sell,0.0,139.721,0.0,-0.0,0.02,filled,,IWM,0.0339
444.3,False,444.27,444.28,11106.6701,0.0,2026-02-05,444.290009,0.0,0.0933,0.075,0.438,100.0,25,0.1569,0.5801,0,,444.29,11106.75,market,@GOLD_Trend_GLD,0.00014,0.5002,gold: trend up,0.0,441.880005,data/real/prices/yahoo/GLD.json,450.899994,440.350006,444.290009,545093d31c9d8284e3b5dc66f668a6cb7391d9925b5abdf3e82bcaa71e423b40,17718100,0.0049,,25,sell,0.45,54.087,0.45,-0.45,0.25,filled,,GLD,0.4868
680.95,False,680.94,680.94,680.9368,0.0,2026-02-05,680.940002,0.0,-0.0052,0.003,0.123,100.0,1,0.0002,0.0032,0,,680.945,680.94,market,@PinePilot_EMA_Cross,0.0,0.0,pinepilot: EMA(20) > EMA(50),0.0,677.619995,data/real/prices/yahoo/SPY.json,683.690002,675.789978,680.940002,e0f05aaf67be23da1db20513eaed93274b165898427ebeab80c7cb2eca1d9a2d,113610800,0.0002,,1,sell,0.0,48.995,0.0,-0.0,0.005,filled,,SPY,0.0084
124.24,False,124.23,124.23,2111.8557,0.0,2026-02-05,124.230003,0.0,-0.1026,0.051,0.743,100.0,17,0.0176,0.0544,0,,124.235,2111.91,market,@FDACatalyst_Rider,0.00012,0.0001,fda: 30d approvals=70 median=67,0.0,120.720001,data/real/prices/yahoo/XBI.json,126.620003,120.279999,124.230003,fe9eeb851e6faba2a7187e008fab271608d8a4d544227ad3543ac3d95d5dd769,14456700,0.0033,,17,sell,0.0,290.755,0.0,-0.0,0.085,filled,,XBI,0.1569
450.74,False,450.74,450.72,-3605.944,0.0,2026-02-06,450.730011,0.0,-0.0295,0.024,0.37,100.0,8,0.0294,0.1039,0,,450.73,3605.92,market,@GOLD_Trend_GLD,6e-05,0.0799,gold: trend up,0.0,455.459991,data/real/prices/yahoo/GLD.json,456.929993,450.029999,450.730011,545093d31c9d8284e3b5dc66f668a6cb7391d9925b5abdf3e82bcaa71e423b40,12663900,0.0,,8,buy,0.222,-103.631,0.222,0.222,0.08,filled,,GLD,0.1334
259.74,False,259.73,259.73,1038.9072,0.0,2026-02-06,259.73999,0.0,0.0188,0.012,0.327,100.0,4,0.0012,0.0527,0,,259.735,1038.92,market,@PinePilot_EMA_Cross,1e-05,0.04,pinepilot: EMA(20) > EMA(50),0.0,265.019989,data/real/prices/yahoo/IWM.json,265.720001,259.579987,259.73999,4f6191d7931ac8755dec346902f769128dd059359a542aaf947e90ff8f2d344a,43354900,0.0008,,4,sell,0.385,-199.607,0.385,-0.385,0.02,filled,,IWM,0.0339
122.85,False,122.84,122.84,982.6944,0.0,2026-02-06,122.849998,0.0,0.0339,0.024,0.729,100.0,8,0.0061,0.1055,0,,122.845,982.72,market,@FDACatalyst_Rider,8e-05,0.08,fda: 30d approvals=73 median=67,0.0,125.510002,data/real/prices/yahoo/XBI.json,125.870003,122.790001,122.849998,fe9eeb851e6faba2a7187e008fab271608d8a4d544227ad3543ac3d95d5dd769,9603100,0.0016,,8,sell,0.814,-212.732,0.814,-0.814,0.04,filled,,XBI,0.0717
461.4,False,461.41,461.38,-6921.195,0.0,2026-02-09,461.390015,0.0,0.0719,0.045,0.394,100.0,15,0.0779,0.3448,0,,461.39,6921.15,market,@GOLD_Trend_GLD,0.00012,0.2998,gold: trend up,0.0,467.029999,data/real/prices/yahoo/GLD.json,467.559998,460.850006,461.390015,545093d31c9d8284e3b5dc66f668a6cb7391d9925b5abdf3e82bcaa71e423b40,12330900,0.0,,15,buy,0.433,-120.335,0.433,0.433,0.15,filled,,GLD,0.2729
125.2,False,125.18,125.19,177250.3559,0.0,2026-02-09,125.199997,0.0,6.2928,4.248,1.498,100.0,1416,14.9429,32.8399,0,,125.195,177254.88,market,@FDACatalyst_Rider,0.02679,28.3158,fda: approval flow back below median,0.0,126.110001,data/real/prices/yahoo/XBI.json,126.339996,123.830002,125.199997,fe9eeb851e6faba2a7187e008fab271608d8a4d544227ad3543ac3d95d5dd769,5285300,0.2761,,1416,sell,1.597,-73.745,1.597,-1.597,7.08,filled,,XBI,26.5471
465.97,False,465.97,465.95,-2795.838,0.0,2026-02-10,465.959991,0.0,-0.02,0.018,0.351,100.0,6,0.02,0.0781,0,,465.96,2795.82,market,@GOLD_Trend_GLD,8e-05,0.0601,gold: trend up,0.0,462.399994,data/real/prices/yahoo/GLD.json,466.75,459.519989,465.959991,545093d31c9d8284e3b5dc66f668a6cb7391d9925b5abdf3e82bcaa71e423b40,7861600,0.0,,6,buy,0.215,77.206,0.215,0.215,0.06,filled,,GLD,0.098
694.96,False,694.96,694.95,-694.963,0.0,2026-02-10,694.950012,0.0,0.0048,0.003,0.118,100.0,1,0.0002,0.013,0,,694.955,694.96,market,@PinePilot_EMA_Cross,0.0,0.01,pinepilot: EMA(20) > EMA(50),0.0,692.119995,data/real/prices/yahoo/SPY.json,696.539978,691.659973,694.950012,e0f05aaf67be23da1db20513eaed93274b165898427ebeab80c7cb2eca1d9a2d,65185700,0.0,,1,buy,0.144,41.033,0.144,0.144,0.005,filled,,SPY,0.0082
125.81,False,125.82,125.8,-178794.483,0.0,2026-02-10,125.800003,4.21,2.3855,4.263,1.694,100.0,1421,14.7152,32.6787,0,,125.805,178790.22,market,@FDACatalyst_Rider,0.02415,28.4157,fda: 30d approvals=68 median=67,0.0,125.339996,data/real/prices/yahoo/XBI.json,127.050003,125.18,125.800003,fe9eeb851e6faba2a7187e008fab271608d8a4d544227ad3543ac3d95d5dd769,5884200,0.0,,1421,buy,1.59,38.296,1.59,1.59,7.105,filled,,XBI,30.2932
268.48,False,268.48,268.47,-805.449,0.0,2026-02-11,268.470001,0.0,0.014,0.009,0.31,100.0,3,0.001,0.039,0,,268.475,805.44,market,@PinePilot_EMA_Cross,1e-05,0.03,pinepilot: EMA(20) > EMA(50),0.0,264.950012,data/real/prices/yahoo/IWM.json,268.959991,262.100006,268.470001,4f6191d7931ac8755dec346902f769128dd059359a542aaf947e90ff8f2d344a,41829400,0.0,,3,buy,0.372,133.232,0.372,0.372,0.015,filled,,IWM,0.025
616.39,False,616.39,616.38,-616.393,0.0,2026-02-11,616.380005,0.0,0.0047,0.003,0.135,100.0,1,0.0003,0.013,0,,616.385,616.39,market,@PinePilot_EMA_Cross,0.0,0.01,pinepilot: EMA(20) > EMA(50),0.0,613.109985,data/real/prices/yahoo/QQQ.json,617.52002,607.690002,616.380005,ae9ec3c0b0b8e0f5cd28ee45eac2dfcff9f95a7c5a1244e170ab0980d85979ed,58575100,0.0,,1,buy,0.162,53.498,0.162,0.162,0.005,filled,,QQQ,0.0083
459.74,False,459.72,459.72,3677.7344,0.0,2026-02-13,459.730011,0.0,-0.0313,0.024,0.372,100.0,8,0.0314,0.1056,0,,459.73,3677.76,market,@GOLD_Trend_GLD,6e-05,0.0801,gold: trend up,0.0,462.619995,data/real/prices/yahoo/GLD.json,463.839996,456.25,459.730011,545093d31c9d8284e3b5dc66f668a6cb7391d9925b5abdf3e82bcaa71e423b40,12359300,0.0016,,8,sell,0.218,-62.686,0.218,-0.218,0.08,filled,,GLD,0.137
89.63,False,89.63,89.62,-1971.926,0.0,2026-02-13,89.629997,0.0,-0.1137,0.066,0.912,100.0,22,0.0037,0.0661,0,,89.625,1971.86,market,@YieldCurve_Rotator,4e-05,0.0001,curve: 21d change -12.0bp,0.0,89.720001,data/real/prices/yahoo/TLT.json,89.809998,89.519997,89.629997,b2914ca7451d1c04fbe97f399361df69871d9a8afcbb0121541ac2bdd13a29f3,56785200,0.0,,22,buy,0.0,-10.031,0.0,0.0,0.11,filled,,TLT,0.1797
123.6,False,123.59,123.59,1483.0417,0.0,2026-02-13,123.599998,0.0,0.0484,0.036,0.741,100.0,12,0.0115,0.1583,0,,123.595,1483.08,market,@FDACatalyst_Rider,0.00014,0.12,fda: 30d approvals=72 median=67,0.0,122.860001,data/real/prices/yahoo/XBI.json,126.099998,122.5,123.599998,fe9eeb851e6faba2a7187e008fab271608d8a4d544227ad3543ac3d95d5dd769,8805000,0.0023,,12,sell,0.809,59.417,0.809,-0.809,0.06,filled,,XBI,0.1099
450.27,False,450.25,450.25,5853.2085,0.0,2026-02-17,450.26001,0.0,-0.0642,0.039,0.403,100.0,13,0.0643,0.1717,0,,450.26,5853.25,market,@GOLD_Trend_GLD,0.00012,0.1301,gold: trend up,0.0,448.200012,data/real/prices/yahoo/GLD.json,451.369995,445.529999,450.26001,545093d31c9d8284e3b5dc66f668a6cb7391d9925b5abdf3e82bcaa71e423b40,10976100,0.0025,,13,sell,0.222,45.738,0.222,-0.222,0.13,filled,,GLD,0.2359
262.39,False,262.38,262.38,1049.5072,0.0,2026-02-17,262.380005,0.0,-0.0216,0.012,0.327,100.0,4,0.0016,0.0128,0,,262.385,1049.52,market,@PinePilot_EMA_Cross,1e-05,0.0,pinepilot: EMA(20) > EMA(50),0.0,263.040009,data/real/prices/yahoo/IWM.json,264.359985,259.059998,262.380005,4f6191d7931ac8755dec346902f769128dd059359a542aaf947e90ff8f2d344a,33734800,0.0008,,4,sell,0.0,-25.092,0.0,-0.0,0.02,filled,,IWM,0.0344
455.82,False,455.82,455.8,-2734.938,0.0,2026-02-18,455.809998,0.0,-0.0209,0.018,0.362,100.0,6,0.0209,0.078,0,,455.81,2734.92,market,@GOLD_Trend_GLD,6e-05,0.06,gold: trend up,0.0,458.279999,data/real/prices/yahoo/GLD.json,460.51001,455.320007,455.809998,545093d31c9d8284e3b5dc66f668a6cb7391d9925b5abdf3e82bcaa71e423b40,10226300,0.0,,6,buy,0.219,-53.679,0.219,0.219,0.06,filled,,GLD,0.0989
11.78,False,11.81,11.77,-98130.591,0.0,2026-02-18,11.78,161.61,-13.5799,24.921,29.327,100.0,8307,59.6449,274.131,0,,11.775,98105.67,market,@Weather_ColdSnap_Max,0.08431,249.21,weather: 1 cold anomaly days in 10,0.0,11.87,data/real/prices/yahoo/UNG.json,11.9,11.54,11.78,eb7bcc0769945fb2c40fbcd98753ed7e17e367cf69d2ce2bde9ae60f00a462cc,9852700,0.0,,8307,buy,25.467,-50.548,25.467,25.467,41.535,filled,,UNG,287.7109
46.62,False,46.62,46.61,-53336.712,0.0,2026-02-18,46.610001,1.44,2.9214,3.432,2.241,100.0,1144,1.3575,14.8709,0,,46.615,53333.28,market,@Weather_ColdSnap_Max,0.00348,11.4389,weather: 1 cold anomaly days in 10,0.0,45.610001,data/real/prices/yahoo/XLU.json,46.610001,45.509998,46.610001,5dddbd83cab3a8b7cd0814ea8215cbfc7d759602d4557e0cdf34937ba995df5d,32841500,0.0,,1144,buy,2.145,221.442,2.145,2.145,5.72,filled,,XLU,11.9495
457.35,False,457.35,457.33,-914.706,0.0,2026-02-19,457.339996,0.0,-0.0041,0.006,0.329,100.0,2,0.0041,0.026,0,,457.34,914.7,market,@GOLD_Trend_GLD,2e-05,0.02,gold: trend up,0.0,459.559998,data/real/prices/yahoo/GLD.json,461.51001,456.029999,457.339996,545093d31c9d8284e3b5dc66f668a6cb7391d9925b5abdf3e82bcaa71e423b40,8411400,0.0,,2,buy,0.219,-48.089,0.219,0.219,0.02,filled,,GLD,0.0301
12.04,False,12.03,12.03,1130.5197,0.0,2026-02-19,12.04,0.0,0.3965,0.282,7.462,100.0,94,0.0735,1.2403,0,,12.035,1130.82,market,@Weather_ColdSnap_Max,0.00094,0.94,weather: 2 cold anomaly days in 10,0.0,11.8,data/real/prices/yahoo/UNG.json,12.08,11.78,12.04,eb7bcc0769945fb2c40fbcd98753ed7e17e367cf69d2ce2bde9ae60f00a462cc,9977200,0.0183,,94,sell,8.306,194.915,8.306,-8.306,0.47,filled,,UNG,0.8438
45.78,False,45.78,45.77,-1510.839,0.0,2026-02-19,45.779999,0.0,-0.1719,0.099,1.794,100.0,33,0.007,0.099,0,,45.775,1510.74,market,@Weather_ColdSnap_Max,0.00014,0.0,weather: 2 cold anomaly days in 10,0.0,46.110001,data/real/prices/yahoo/XLU.json,46.18,45.68,45.779999,5dddbd83cab3a8b7cd0814ea8215cbfc7d759602d4557e0cdf34937ba995df5d,24172500,0.0,,33,buy,0.0,-71.568,0.0,0.0,0.165,filled,,XLU,0.271
463.26,False,463.26,463.24,-3706.104,0.0,2026-02-20,463.25,0.0,-0.0323,0.024,0.368,100.0,8,0.0323,0.104,0,,463.25,3706.08,market,@GOLD_Trend_GLD,6e-05,0.08,gold: trend up,0.0,468.619995,data/real/prices/yahoo/GLD.json,468.619995,458.339996,463.25,545093d31c9d8284e3b5dc66f668a6cb7391d9925b5abdf3e82bcaa71e423b40,14316300,0.0,,8,buy,0.216,-114.378,0.216,0.216,0.08,filled,,GLD,0.1363
46.3,False,46.29,46.29,1018.3097,0.0,2026-02-20,46.299999,0.0,0.1062,0.066,1.807,100.0,22,0.0038,0.2903,0,,46.295,1018.38,market,@Weather_ColdSnap_Max,0.0001,0.22,weather: 3 cold anomaly days in 10,0.0,46.330002,data/real/prices/yahoo/XLU.json,46.490002,45.880001,46.299999,5dddbd83cab3a8b7cd0814ea8215cbfc7d759602d4557e0cdf34937ba995df5d,22623200,0.0043,,22,sell,2.16,-8.634,2.16,-2.16,0.11,filled,,XLU,0.1841
474.66,False,474.67,474.64,-7594.768,0.0,2026-02-23,474.649994,0.0,0.0664,0.048,0.397,100.0,16,0.0937,0.3681,0,,474.65,7594.72,market,@GOLD_Trend_GLD,9e-05,0.3201,gold: trend up,0.0,481.279999,data/real/prices/yahoo/GLD.json,481.459991,474.609985,474.649994,545093d31c9d8284e3b5dc66f668a6cb7391d9925b5abdf3e82bcaa71e423b40,17441600,0.0,,16,buy,0.421,-137.342,0.421,0.421,0.16,filled,,GLD,0.3017
125.45,False,125.43,125.44,176600.9414,0.0,2026-02-23,125.440002,0.0,-7.0359,4.224,1.451,100.0,1408,14.0788,18.5814,0,,125.445,176605.44,market,@FDACatalyst_Rider,0.01286,14.0828,fda: approval flow back below median,0.0,126.970001,data/real/prices/yahoo/XBI.json,128.289993,125.139999,125.440002,fe9eeb851e6faba2a7187e008fab271608d8a4d544227ad3543ac3d95d5dd769,10952000,0.2746,,1408,sell,0.797,-121.289,0.797,-0.797,7.04,filled,,XBI,25.6173
470.1,False,470.08,470.08,2350.384,0.0,2026-02-24,470.089996,0.0,-0.0163,0.015,0.35,100.0,5,0.0163,0.066,0,,470.09,2350.4,market,@GOLD_Trend_GLD,4e-05,0.05,gold: trend up,0.0,474.609985,data/real/prices/yahoo/GLD.json,475.440002,469.549988,470.089996,545093d31c9d8284e3b5dc66f668a6cb7391d9925b5abdf3e82bcaa71e423b40,14147100,0.001,,5,sell,0.213,-95.446,0.213,-0.213,0.05,filled,,GLD,0.0822
127.37,False,127.38,127.36,-177826.668,0.0,2026-02-24,127.360001,3.96,3.3232,4.188,1.619,100.0,1396,13.6554,32.1066,0,,127.365,177822.48,market,@FDACatalyst_Rider,0.01473,27.9186,fda: 30d approvals=75 median=67,0.0,129.160004,data/real/prices/yahoo/XBI.json,129.639999,127.110001,127.360001,fe9eeb851e6faba2a7187e008fab271608d8a4d544227ad3543ac3d95d5dd769,9478000,0.0,,1396,buy,1.57,-137.814,1.57,1.57,6.98,filled,,XBI,28.7834
46.64,False,46.63,46.63,1538.6846,0.0,2026-02-24,46.639999,0.0,0.1582,0.099,1.801,100.0,33,0.0068,0.4354,0,,46.635,1538.79,market,@Weather_ColdSnap_Max,0.00011,0.33,weather: 5 cold anomaly days in 10,0.0,47.200001,data/real/prices/yahoo/XLU.json,47.23,46.290001,46.639999,5dddbd83cab3a8b7cd0814ea8215cbfc7d759602d4557e0cdf34937ba995df5d,29503300,0.0064,,33,sell,2.144,-120.763,2.144,-2.144,0.165,filled,,XLU,0.2772
475.75,False,475.75,475.73,-2854.518,0.0,2026-02-25,475.73999,0.0,-0.0216,0.018,0.349,100.0,6,0.0217,0.0781,0,,475.74,2854.5,market,@GOLD_Trend_GLD,5e-05,0.0601,gold: trend up,0.0,473.420013,data/real/prices/yahoo/GLD.json,479.529999,472.899994,475.73999,545093d31c9d8284e3b5dc66f668a6cb7391d9925b5abdf3e82bcaa71e423b40,12954300,0.0,,6,buy,0.21,49.216,0.21,0.21,0.06,filled,,GLD,0.0997
11.65,False,11.65,11.64,-1468.278,0.0,2026-02-25,11.64,0.0,0.5405,0.378,7.477,100.0,126,0.0895,1.638,0,,11.645,1467.9,market,@Weather_ColdSnap_Max,0.00162,1.26,weather: 5 cold anomaly days in 10,0.0,11.6,data/real/prices/yahoo/UNG.json,11.79,11.52,11.64,eb7bcc0769945fb2c40fbcd98753ed7e17e367cf69d2ce2bde9ae60f00a462cc,7762100,0.0,,126,buy,8.591,43.103,8.591,8.591,0.63,filled,,UNG,1.0975
129.26,False,129.26,129.25,-1292.63,0.0,2026-02-25,129.25,0.0,0.0418,0.03,0.682,100.0,10,0.0082,0.13,0,,129.255,1292.6,market,@FDACatalyst_Rider,0.0001,0.1,fda: 30d approvals=79 median=67,0.0,128.279999,data/real/prices/yahoo/XBI.json,131.179993,128.089996,129.25,fe9eeb851e6faba2a7187e008fab271608d8a4d544227ad3543ac3d95d5dd769,9733900,0.0,,10,buy,0.774,76.395,0.774,0.774,0.05,filled,,XBI,0.0882
265.02,False,265.02,265.01,-1325.115,0.0,2026-02-26,265.01001,0.0,0.0228,0.015,0.318,100.0,5,0.0022,0.0649,0,,265.015,1325.1,market,@PinePilot_EMA_Cross,1e-05,0.0499,pinepilot: EMA(20) > EMA(50),0.0,265.98999,data/real/prices/yahoo/IWM.json,266.23999,262.119995,265.01001,4f6191d7931ac8755dec346902f769128dd059359a542aaf947e90ff8f2d344a,41206500,0.0,,5,buy,0.377,-36.467,0.377,0.377,0.025,filled,,IWM,0.0422
127.51,False,127.5,127.5,1147.4712,0.0,2026-02-26,127.5,0.0,-0.0519,0.027,0.703,100.0,9,0.0069,0.0288,0,,127.505,1147.5,market,@FDACatalyst_Rider,0.0001,-0.0,fda: 30d approvals=76 median=67,0.0,127.669998,data/real/prices/yahoo/XBI.json,127.830002,125.0,127.5,fe9eeb851e6faba2a7187e008fab271608d8a4d544227ad3543ac3d95d5dd769,9223800,0.0018,,9,sell,-0.0,-13.315,-0.0,0.0,0.045,filled,,XBI,0.0807
47.27,False,47.26,47.26,1795.7586,0.0,2026-02-26,47.27,0.0,0.1816,0.114,1.781,100.0,38,0.0084,0.5014,0,,47.265,1795.88,market,@Weather_ColdSnap_Max,0.00012,0.38,weather: 5 cold anomaly days in 10,0.0,47.18,data/real/prices/yahoo/XLU.json,47.389999,46.91,47.27,5dddbd83cab3a8b7cd0814ea8215cbfc7d759602d4557e0cdf34937ba995df5d,30578600,0.0074,,38,sell,2.116,16.956,2.116,-2.116,0.19,filled,,XLU,0.3198
480.76,False,480.76,480.74,-3365.341,0.0,2026-02-27,480.75,0.0,-0.0272,0.021,0.351,100.0,7,0.0272,0.091,0,,480.75,3365.32,market,@GOLD_Trend_GLD,4e-05,0.07,gold: trend up,0.0,483.75,data/real/prices/yahoo/GLD.json,483.899994,479.109985,480.75,545093d31c9d8284e3b5dc66f668a6cb7391d9925b5abdf3e82bcaa71e423b40,16795100,0.0,,7,buy,0.208,-61.809,0.208,0.208,0.07,filled,,GLD,0.1182
262.11,False,262.1,262.1,1048.3872,0.0,2026-02-27,262.100006,0.0,-0.0215,0.012,0.327,100.0,4,0.0015,0.0128,0,,262.105,1048.4,market,@PinePilot_EMA_Cross,1e-05,0.0,pinepilot: EMA(20) > EMA(50),0.0,261.410004,data/real/prices/yahoo/IWM.json,262.76001,259.769989,262.100006,4f6191d7931ac8755dec346902f769128dd059359a542aaf947e90ff8f2d344a,40631500,0.0008,,4,sell,0.0,26.395,0.0,-0.0,0.02,filled,,IWM,0.0343
126.08,False,126.07,126.07,1008.5344,0.0,2026-02-27,126.07,0.0,-0.0457,0.024,0.707,100.0,8,0.0057,0.0256,0,,126.075,1008.56,market,@FDACatalyst_Rider,0.00013,-0.0,fda: 30d approvals=77 median=67,0.0,127.370003,data/real/prices/yahoo/XBI.json,127.5,125.760002,126.07,fe9eeb851e6faba2a7187e008fab271608d8a4d544227ad3543ac3d95d5dd769,5937500,0.0016,,8,sell,-0.0,-102.065,-0.0,0.0,0.04,filled,,XBI,0.0713
47.21,False,47.21,47.2,-1038.686,0.0,2026-02-27,47.200001,0.0,0.1063,0.066,1.73,100.0,22,0.0037,0.286,0,,47.205,1038.62,market,@Weather_ColdSnap_Max,6e-05,0.22,weather: 5 cold anomaly days in 10,0.0,47.73,data/real/prices/yahoo/XLU.json,47.799999,47.130001,47.200001,5dddbd83cab3a8b7cd0814ea8215cbfc7d759602d4557e0cdf34937ba995df5d,39759600,0.0,,22,buy,2.118,-108.946,2.118,2.118,0.11,filled,,XLU,0.1797
490.11,False,490.12,490.09,-6371.599,0.0,2026-03-02,490.100006,0.0,0.0618,0.039,0.372,100.0,13,0.0682,0.2989,0,,490.1,6371.56,market,@GOLD_Trend_GLD,7e-05,0.2599,gold: trend up,0.0,490.0,data/real/prices/yahoo/GLD.json,492.149994,483.279999,490.100006,545093d31c9d8284e3b5dc66f668a6cb7391d9925b5abdf3e82bcaa71e423b40,19916600,0.0,,13,buy,0.408,2.449,0.408,0.408,0.13,filled,,GLD,0.2372
678.71,False,678.7,678.7,678.6968,0.0,2026-03-02,678.700012,0.0,-0.0052,0.003,0.124,100.0,1,0.0002,0.0032,0,,678.705,678.7,market,@PinePilot_EMA_Cross,0.0,0.0,pinepilot: EMA(20) > EMA(50),0.0,686.380005,data/real/prices/yahoo/SPY.json,688.619995,678.02002,678.700012,e0f05aaf67be23da1db20513eaed93274b165898427ebeab80c7cb2eca1d9a2d,87477200,0.0002,,1,sell,0.0,-111.891,0.0,-0.0,0.005,filled,,SPY,0.0084
124.63,False,124.62,124.62,996.9344,0.0,2026-03-02,124.629997,0.0,0.0345,0.024,0.713,100.0,8,0.0055,0.1055,0,,124.625,996.96,market,@FDACatalyst_Rider,9e-05,0.08,fda: 30d approvals=77 median=67,0.0,126.550003,data/real/prices/yahoo/XBI.json,127.309998,124.150002,124.629997,fe9eeb851e6faba2a7187e008fab271608d8a4d544227ad3543ac3d95d5dd769,9334600,0.0016,,8,sell,0.802,-152.509,0.802,-0.802,0.04,filled,,XBI,0.0711
47.41,False,47.41,47.4,-2038.759,0.0,2026-03-02,47.41,0.0,-0.2251,0.129,1.737,100.0,43,0.0101,0.129,0,,47.405,2038.63,market,@Weather_ColdSnap_Max,0.00013,0.0,weather: 2 cold anomaly days in 10,0.0,47.369999,data/real/prices/yahoo/XLU.json,47.740002,47.360001,47.41,5dddbd83cab3a8b7cd0814ea8215cbfc7d759602d4557e0cdf34937ba995df5d,33087300,0.0,,43,buy,0.0,8.444,0.0,0.0,0.215,filled,,XLU,0.3541
472.84,False,472.81,472.82,11347.3633,0.0,2026-03-03,472.829987,0.0,0.075,0.072,0.424,100.0,24,0.1647,0.5564,0,,472.83,11347.44,market,@GOLD_Trend_GLD,0.00011,0.4797,gold: trend up,0.0,468.140015,data/real/prices/yahoo/GLD.json,473.200012,458.929993,472.829987,545093d31c9d8284e3b5dc66f668a6cb7391d9925b5abdf3e82bcaa71e423b40,22591500,0.0047,,24,sell,0.423,99.756,0.423,-0.423,0.24,filled,,GLD,0.4814
46.71,False,46.71,46.7,-4577.874,0.0,2026-03-03,46.700001,0.0,0.4549,0.294,1.789,100.0,98,0.035,1.2739,0,,46.705,4577.58,market,@Weather_ColdSnap_Max,0.00016,0.9799,weather: 1 cold anomaly days in 10,0.0,47.07,data/real/prices/yahoo/XLU.json,47.450001,45.959999,46.700001,5dddbd83cab3a8b7cd0814ea8215cbfc7d759602d4557e0cdf34937ba995df5d,60946600,0.0,,98,buy,2.141,-76.482,2.141,2.141,0.49,filled,,XLU,0.819
474.83,False,474.83,474.81,-949.666,0.0,2026-03-04,474.820007,0.0,-0.0032,0.006,0.307,100.0,2,0.0031,0.026,0,,474.82,949.66,market,@GOLD_Trend_GLD,2e-05,0.02,gold: trend up,0.0,471.799988,data/real/prices/yahoo/GLD.json,476.420013,469.390015,474.820007,545093d31c9d8284e3b5dc66f668a6cb7391d9925b5abdf3e82bcaa71e423b40,9985900,0.0,,2,buy,0.21,64.222,0.21,0.21,0.02,filled,,GLD,0.0291
11.85,False,11.83,11.84,98611.9001,0.0,2026-03-04,11.85,0.0,81.8327,25.014,11.311,100.0,8338,43.2373,193.3999,0,,11.845,98638.54,market,@Weather_ColdSnap_Max,0.06658,166.76,weather: no cold anomaly in the window,0.0,11.78,data/real/prices/yahoo/UNG.json,11.95,11.64,11.85,eb7bcc0769945fb2c40fbcd98753ed7e17e367cf69d2ce2bde9ae60f00a462cc,12522600,1.6259,,8338,sell,16.878,42.445,16.878,-16.878,41.69,filled,,UNG,111.5672
47.1,False,47.09,47.09,58764.3326,0.0,2026-03-04,47.09,0.0,-7.8435,3.744,2.013,100.0,1248,1.6035,3.9874,0,,47.095,58768.32,market,@Weather_ColdSnap_Max,0.0052,-0.0,weather: no cold anomaly in the window,0.0,47.27,data/real/prices/yahoo/XLU.json,47.419998,46.759998,47.09,5dddbd83cab3a8b7cd0814ea8215cbfc7d759602d4557e0cdf34937ba995df5d,24020800,0.2434,,1248,sell,-0.0,-38.079,-0.0,0.0,6.24,filled,,XLU,11.8308
470.46,False,470.44,470.44,2352.184,0.0,2026-03-05,470.450012,0.0,-0.0114,0.015,0.329,100.0,5,0.0115,0.066,0,,470.45,2352.2,market,@GOLD_Trend_GLD,4e-05,0.0501,gold: trend up,0.0,466.130005,data/real/prices/yahoo/GLD.json,470.670013,463.910004,470.450012,545093d31c9d8284e3b5dc66f668a6cb7391d9925b5abdf3e82bcaa71e423b40,11674800,0.001,,5,sell,0.213,92.463,0.213,-0.213,0.05,filled,,GLD,0.0775
469.05,False,469.03,469.03,938.0536,0.0,2026-03-06,469.040009,0.0,-0.0025,0.006,0.308,100.0,2,0.0025,0.0264,0,,469.04,938.06,market,@GOLD_Trend_GLD,2e-05,0.02,gold: trend up,0.0,473.51001,data/real/prices/yahoo/GLD.json,475.459991,467.070007,469.040009,545093d31c9d8284e3b5dc66f668a6cb7391d9925b5abdf3e82bcaa71e423b40,10489800,0.0004,,2,sell,0.213,-94.613,0.213,-0.213,0.02,filled,,GLD,0.0289
673.41,False,673.4,673.4,673.3968,0.0,2026-03-06,673.409973,0.0,0.0048,0.003,0.125,100.0,1,0.0002,0.0132,0,,673.405,673.4,market,@PinePilot_EMA_Cross,0.0,0.01,pinepilot: EMA(20) > EMA(50),0.0,672.380005,data/real/prices/yahoo/SPY.json,676.109985,669.76001,673.409973,e0f05aaf67be23da1db20513eaed93274b165898427ebeab80c7cb2eca1d9a2d,100687000,0.0002,,1,sell,0.148,15.17,0.148,-0.148,0.005,filled,,SPY,0.0084
121.77,False,121.76,121.76,1948.1089,0.0,2026-03-06,121.769997,0.0,0.0636,0.048,0.757,100.0,16,0.0164,0.2111,0,,121.765,1948.16,market,@FDACatalyst_Rider,0.00014,0.16,fda: 30d approvals=82 median=67,0.0,124.0,data/real/prices/yahoo/XBI.json,124.150002,120.849998,121.769997,fe9eeb851e6faba2a7187e008fab271608d8a4d544227ad3543ac3d95d5dd769,11373300,0.0031,,16,sell,0.821,-180.645,0.821,-0.821,0.08,filled,,XBI,0.1475
124.2,False,124.2,124.19,-1490.436,0.0,2026-03-09,124.199997,0.0,-0.0705,0.036,0.715,100.0,12,0.0106,0.036,0,,124.195,1490.4,market,@FDACatalyst_Rider,0.0001,0.0,fda: 30d approvals=76 median=67,0.0,127.120003,data/real/prices/yahoo/XBI.json,127.519997,123.599998,124.199997,fe9eeb851e6faba2a7187e008fab271608d8a4d544227ad3543ac3d95d5dd769,12194300,0.0,,12,buy,0.0,-229.704,0.0,0.0,0.06,filled,,XBI,0.1066
479.75,False,479.75,479.73,-6236.789,0.0,2026-03-10,479.73999,0.0,-0.0406,0.039,0.336,100.0,13,0.0407,0.1691,0,,479.74,6236.75,market,@GOLD_Trend_GLD,0.00014,0.1301,gold: trend up,0.0,477.859985,data/real/prices/yahoo/GLD.json,481.309998,474.209991,479.73999,545093d31c9d8284e3b5dc66f668a6cb7391d9925b5abdf3e82bcaa71e423b40,9616800,0.0,,13,buy,0.209,39.552,0.209,0.209,0.13,filled,,GLD,0.2097
126.7,False,126.7,126.69,-1773.842,0.0,2026-03-10,126.690002,0.0,0.0574,0.042,0.702,100.0,14,0.0126,0.182,0,,126.695,1773.8,market,@FDACatalyst_Rider,0.00014,0.14,fda: 30d approvals=81 median=67,0.0,127.43,data/real/prices/yahoo/XBI.json,129.110001,126.690002,126.690002,fe9eeb851e6faba2a7187e008fab271608d8a4d544227ad3543ac3d95d5dd769,10042000,0.0,,14,buy,0.789,-57.286,0.789,0.789,0.07,filled,,XBI,0.1246
476.14,False,476.12,476.12,1904.4672,0.0,2026-03-11,476.130005,0.0,-0.0066,0.012,0.312,100.0,4,0.0066,0.0528,0,,476.13,1904.48,market,@GOLD_Trend_GLD,5e-05,0.04,gold: trend up,0.0,476.23999,data/real/prices/yahoo/GLD.json,477.450012,473.130005,476.130005,545093d31c9d8284e3b5dc66f668a6cb7391d9925b5abdf3e82bcaa71e423b40,7522900,0.0008,,4,sell,0.21,-2.52,0.21,-0.21,0.04,filled,,GLD,0.0594
252.34,False,252.34,252.33,-1009.372,0.0,2026-03-11,252.339996,0.0,-0.0213,0.012,0.33,100.0,4,0.0013,0.012,0,,252.335,1009.36,market,@PinePilot_EMA_Cross,1e-05,0.0,pinepilot: EMA(20) > EMA(50),0.0,252.850006,data/real/prices/yahoo/IWM.json,254.380005,250.580002,252.339996,4f6191d7931ac8755dec346902f769128dd059359a542aaf947e90ff8f2d344a,50418100,0.0,,4,buy,0.0,-20.17,0.0,0.0,0.02,filled,,IWM,0.0333
169.78,False,169.79,169.77,-45844.11,0.0,2026-03-12,169.770004,0.0,1.6308,0.81,0.999,100.0,270,2.4181,6.2089,0,,169.775,45843.3,market,@FDACatalyst_Rider,0.01038,5.3989,fda: 30d approvals=85 median=67,0.0,166.229996,data/real/prices/yahoo/IBB.json,169.770004,166.039993,169.770004,20849c9611587299a52489fe22060adc7823c700fb3483f21091d85a6cf8acb0,2600500,0.0,,270,buy,1.178,214.161,1.178,1.178,1.35,filled,,IBB,4.5781
86.92,False,86.91,86.91,1477.4157,0.0,2026-03-12,86.910004,0.0,-0.0874,0.051,0.96,100.0,17,0.0025,0.0544,0,,86.915,1477.47,market,@YieldCurve_Rotator,3e-05,0.0001,curve: 21d change -3.0bp,0.0,86.970001,data/real/prices/yahoo/TLT.json,87.25,86.779999,86.910004,b2914ca7451d1c04fbe97f399361df69871d9a8afcbb0121541ac2bdd13a29f3,48977000,0.0033,,17,sell,0.0,-6.899,0.0,-0.0,0.085,filled,,TLT,0.1418
124.76,False,124.75,124.75,1247.4681,0.0,2026-03-12,124.75,0.0,-0.0564,0.03,0.708,100.0,10,0.0064,0.0319,0,,124.755,1247.5,market,@FDACatalyst_Rider,9e-05,-0.0,fda: 30d approvals=85 median=67,0.0,122.620003,data/real/prices/yahoo/XBI.json,124.849998,121.809998,124.75,fe9eeb851e6faba2a7187e008fab271608d8a4d544227ad3543ac3d95d5dd769,11524800,0.0019,,10,sell,-0.0,173.707,-0.0,0.0,0.05,filled,,XBI,0.0883
124.76,False,124.74,124.75,125984.1731,0.0,2026-03-12,124.75,0.0,-1.4404,3.03,1.172,100.0,1010,6.4904,13.327,0,,124.755,125987.4,market,@FDA_ClusterFade,0.00876,10.1,fda fade: z=1.66 short sector,0.0,122.620003,data/real/prices/yahoo/XBI.json,124.849998,121.809998,124.75,fe9eeb851e6faba2a7187e008fab271608d8a4d544227ad3543ac3d95d5dd769,11524800,0.1969,,1010,sell,0.802,172.892,0.802,-0.802,5.05,filled,,XBI,14.7674
469.32,False,469.3,469.3,4223.6712,0.0,2026-03-13,469.309998,0.0,-0.0217,0.027,0.332,100.0,9,0.0217,0.1187,0,,469.31,4223.7,market,@GOLD_Trend_GLD,8e-05,0.09,gold: trend up,0.0,460.839996,data/real/prices/yahoo/GLD.json,470.100006,460.220001,469.309998,545093d31c9d8284e3b5dc66f668a6cb7391d9925b5abdf3e82bcaa71e423b40,11741600,0.0018,,9,sell,0.213,183.578,0.213,-0.213,0.09,filled,,GLD,0.1404
249.26,False,249.25,249.25,63308.6885,0.0,2026-03-13,249.259995,0.0,0.5731,0.762,0.439,100.0,254,0.6956,3.3503,0,,249.255,63309.5,market,@PinePilot_EMA_Cross,0.00047,2.5387,pinepilot: no trend,0.0,246.589996,data/real/prices/yahoo/IWM.json,250.610001,245.539993,249.259995,4f6191d7931ac8755dec346902f769128dd059359a542aaf947e90ff8f2d344a,53933300,0.0495,,254,sell,0.401,107.872,0.401,-0.401,1.27,filled,,IWM,2.7772
599.73,False,599.72,599.72,65968.8485,0.0,2026-03-13,599.72998,0.0,0.2127,0.33,0.187,100.0,110,0.3351,1.4492,0,,599.725,65969.2,market,@PinePilot_EMA_Cross,0.00017,1.0978,pinepilot: no trend,0.0,593.719971,data/real/prices/yahoo/QQQ.json,603.599976,592.570007,599.72998,ae9ec3c0b0b8e0f5cd28ee45eac2dfcff9f95a7c5a1244e170ab0980d85979ed,63145500,0.0215,,110,sell,0.166,101.058,0.166,-0.166,0.55,filled,,QQQ,1.2366
669.28,False,669.27,669.27,62911.0797,0.0,2026-03-13,669.27002,0.0,-0.6514,0.282,0.152,100.0,94,0.1833,0.3022,0,,669.275,62911.38,market,@PinePilot_EMA_Cross,0.0001,0.0019,pinepilot: no trend,0.0,662.289978,data/real/prices/yahoo/SPY.json,672.340027,661.359985,669.27002,e0f05aaf67be23da1db20513eaed93274b165898427ebeab80c7cb2eca1d9a2d,97200200,0.0183,,94,sell,0.0,105.392,0.0,-0.0,0.47,filled,,SPY,0.9536
123.44,False,123.43,123.43,1727.9753,0.0,2026-03-13,123.43,0.0,-0.0816,0.042,0.731,100.0,14,0.0116,0.0447,0,,123.435,1728.02,market,@FDACatalyst_Rider,0.00013,0.0,fda: 30d approvals=84 median=67,0.0,121.830002,data/real/prices/yahoo/XBI.json,124.910004,120.970001,123.43,fe9eeb851e6faba2a7187e008fab271608d8a4d544227ad3543ac3d95d5dd769,10405300,0.0027,,14,sell,0.0,131.33,0.0,0.0,0.07,filled,,XBI,0.1263
123.44,False,123.43,123.43,2715.3897,0.0,2026-03-13,123.43,0.0,-0.1328,0.066,0.748,100.0,22,0.0228,0.0703,0,,123.435,2715.46,market,@FDA_ClusterFade,0.00021,-0.0,fda fade: z=1.56 short sector,0.0,121.830002,data/real/prices/yahoo/XBI.json,124.910004,120.970001,123.43,fe9eeb851e6faba2a7187e008fab271608d8a4d544227ad3543ac3d95d5dd769,10405300,0.0043,,22,sell,-0.0,131.33,-0.0,0.0,0.11,filled,,XBI,0.2031
461.28,False,461.26,461.26,5535.0817,0.0,2026-03-16,461.269989,0.0,-0.033,0.036,0.345,100.0,12,0.0328,0.1582,0,,461.27,5535.12,market,@GOLD_Trend_GLD,0.00013,0.1199,gold: trend up,0.0,460.429993,data/real/prices/yahoo/GLD.json,462.799988,456.910004,461.269989,545093d31c9d8284e3b5dc66f668a6cb7391d9925b5abdf3e82bcaa71e423b40,8964100,0.0023,,12,sell,0.217,18.027,0.217,-0.217,0.12,filled,,GLD,0.1912
446.67,False,446.65,446.65,9379.5829,0.0,2026-03-18,446.660004,0.0,-0.0652,0.063,0.365,100.0,21,0.0653,0.2772,0,,446.66,9379.65,market,@GOLD_Trend_GLD,0.00011,0.2101,gold: trend up,0.0,444.73999,data/real/prices/yahoo/GLD.json,450.059998,444.390015,446.660004,545093d31c9d8284e3b5dc66f668a6cb7391d9925b5abdf3e82bcaa71e423b40,18375600,0.0041,,21,sell,0.224,42.947,0.224,-0.224,0.21,filled,,GLD,0.3424
420.36,False,420.33,420.35,290866.1491,0.0,2026-03-19,420.359985,0.0,5.6752,2.076,0.594,100.0,692,11.6145,22.9606,0,,420.355,290868.36,market,@GOLD_Trend_GLD,0.00229,20.7496,gold: trend broke,0.0,426.410004,data/real/prices/yahoo/GLD.json,428.269989,416.799988,420.359985,545093d31c9d8284e3b5dc66f668a6cb7391d9925b5abdf3e82bcaa71e423b40,30206000,0.1349,,692,sell,0.713,-142.586,0.713,-0.713,3.46,filled,,GLD,17.2854
162.9,False,162.89,162.89,1140.2076,0.0,2026-03-19,162.899994,0.0,0.0244,0.021,0.596,100.0,7,0.0106,0.0923,0,,162.895,1140.23,market,@FDACatalyst_Rider,0.00052,0.07,fda: 30d approvals=86 median=67,0.0,164.460007,data/real/prices/yahoo/IBB.json,165.429993,162.509995,162.899994,20849c9611587299a52489fe22060adc7823c700fb3483f21091d85a6cf8acb0,1346000,0.0014,,7,sell,0.614,-95.464,0.614,-0.614,0.035,filled,,IBB,0.0679
120.3,False,120.29,120.29,4089.7514,0.0,2026-03-19,120.290001,0.0,-0.215,0.102,0.791,100.0,34,0.0451,0.1087,0,,120.295,4089.86,market,@FDACatalyst_Rider,0.00029,0.0,fda: 30d approvals=86 median=67,0.0,122.330002,data/real/prices/yahoo/XBI.json,123.360001,119.690002,120.290001,fe9eeb851e6faba2a7187e008fab271608d8a4d544227ad3543ac3d95d5dd769,11717300,0.0066,,34,sell,0.0,-166.762,0.0,-0.0,0.17,filled,,XBI,0.3237
120.3,False,120.29,120.29,6495.4875,0.0,2026-03-19,120.290001,0.0,-0.3602,0.162,0.82,100.0,54,0.0902,0.1726,0,,120.295,6495.66,market,@FDA_ClusterFade,0.00046,0.0001,fda fade: z=1.72 short sector,0.0,122.330002,data/real/prices/yahoo/XBI.json,123.360001,119.690002,120.290001,fe9eeb851e6faba2a7187e008fab271608d8a4d544227ad3543ac3d95d5dd769,11717300,0.0105,,54,sell,0.0,-166.762,0.0,-0.0,0.27,filled,,XBI,0.5328
121.7,False,121.7,121.69,-1095.327,0.0,2026-03-20,121.699997,0.0,-0.0512,0.027,0.714,100.0,9,0.0062,0.027,0,,121.695,1095.3,market,@FDACatalyst_Rider,7e-05,0.0,fda: 30d approvals=87 median=67,0.0,120.309998,data/real/prices/yahoo/XBI.json,123.519997,119.529999,121.699997,fe9eeb851e6faba2a7187e008fab271608d8a4d544227ad3543ac3d95d5dd769,12186700,0.0,,9,buy,0.0,115.535,0.0,0.0,0.045,filled,,XBI,0.0782
121.7,False,121.7,121.69,-3042.575,0.0,2026-03-20,121.699997,0.0,-0.1537,0.075,0.752,100.0,25,0.0288,0.0751,0,,121.695,3042.5,market,@FDA_ClusterFade,0.00021,0.0001,fda fade: z=1.80 short sector,0.0,120.309998,data/real/prices/yahoo/XBI.json,123.519997,119.529999,121.699997,fe9eeb851e6faba2a7187e008fab271608d8a4d544227ad3543ac3d95d5dd769,12186700,0.0,,25,buy,0.0,115.535,0.0,0.0,0.125,filled,,XBI,0.2288
120.27,False,120.26,120.26,1683.5953,0.0,2026-03-24,120.260002,0.0,-0.0819,0.042,0.753,100.0,14,0.012,0.0448,0,,120.265,1683.64,market,@FDACatalyst_Rider,0.00014,0.0,fda: 30d approvals=87 median=67,0.0,119.540001,data/real/prices/yahoo/XBI.json,120.629997,118.190002,120.260002,fe9eeb851e6faba2a7187e008fab271608d8a4d544227ad3543ac3d95d5dd769,10280000,0.0027,,14,sell,0.0,60.231,0.0,-0.0,0.07,filled,,XBI,0.1267
120.27,False,120.26,120.26,3006.4201,0.0,2026-03-24,120.260002,0.0,-0.1535,0.075,0.776,100.0,25,0.0286,0.0799,0,,120.265,3006.5,market,@FDA_ClusterFade,0.00024,0.0,fda fade: z=1.78 short sector,0.0,119.540001,data/real/prices/yahoo/XBI.json,120.629997,118.190002,120.260002,fe9eeb851e6faba2a7187e008fab271608d8a4d544227ad3543ac3d95d5dd769,10280000,0.0049,,25,sell,0.0,60.231,0.0,-0.0,0.125,filled,,XBI,0.2334
121.24,False,121.24,121.23,-1454.916,0.0,2026-03-25,121.239998,0.0,-0.0695,0.036,0.725,100.0,12,0.0095,0.036,0,,121.235,1454.88,market,@FDACatalyst_Rider,0.0001,0.0,fda: 30d approvals=91 median=67,0.0,123.919998,data/real/prices/yahoo/XBI.json,125.0,121.099998,121.239998,fe9eeb851e6faba2a7187e008fab271608d8a4d544227ad3543ac3d95d5dd769,11469100,0.0,,12,buy,0.0,-216.268,0.0,0.0,0.06,filled,,XBI,0.1055
121.24,False,121.24,121.23,-2061.131,0.0,2026-03-25,121.239998,0.0,-0.1009,0.051,0.737,100.0,17,0.016,0.051,0,,121.235,2061.08,market,@FDA_ClusterFade,0.00015,0.0,fda fade: z=2.14 short sector,0.0,123.919998,data/real/prices/yahoo/XBI.json,125.0,121.099998,121.239998,fe9eeb851e6faba2a7187e008fab271608d8a4d544227ad3543ac3d95d5dd769,11469100,0.0,,17,buy,0.0,-216.268,0.0,0.0,0.085,filled,,XBI,0.152
21.11,False,21.12,21.1,-60052.689,0.0,2026-03-26,21.1,20.86,13.4267,8.529,8.654,100.0,2843,8.3583,65.389,0,,21.105,60044.16,market,@MLB_Attention_Momo,0.01668,56.86,mlb attention: 1 finals in 7d,0.0,21.27,data/real/prices/yahoo/DKNG.json,21.629999,20.889999,21.1,728eccb3861f5cb322bf539a1926fb53cb11fdf0d1412a8d19111bd3a9ac37ef,17041400,0.0,,2843,buy,9.479,-70.522,9.479,9.479,14.215,filled,,DKNG,51.9623
102.23,False,102.25,102.22,-59920.258,0.0,2026-03-26,102.220001,0.0,4.2709,1.758,2.515,100.0,586,10.3785,19.3374,0,,102.225,59918.5,market,@MLB_Attention_Momo,0.02656,17.5794,mlb attention: 1 finals in 7d,0.0,103.57,data/real/prices/yahoo/FLUT.json,105.230003,102.010002,102.220001,b0ffbb30d24f61202de05dce905e96fb554a730be44b61df2e48712c8bcbabd0,2206500,0.0,,586,buy,2.935,-127.45,2.935,2.935,2.93,filled,,FLUT,15.0665
14.51,False,14.53,14.5,-60093.955,0.0,2026-03-26,14.51,46.7,-16.4066,12.405,18.56,100.0,4135,31.7316,95.105,0,,14.505,60081.55,market,@MLB_Attention_Momo,0.16824,82.7,mlb attention: 1 finals in 7d,0.0,14.57,data/real/prices/yahoo/PENN.json,14.97,14.42,14.51,a08c607c0926b67cf07c1d783cb680772c85851bf312595d1e12c5291078fa04,2457800,0.0,,4135,buy,13.784,-27.454,13.784,13.784,20.675,filled,,PENN,111.5116
122.52,False,122.52,122.51,-980.184,0.0,2026-03-26,122.519997,0.0,-0.0457,0.024,0.712,100.0,8,0.0058,0.024,0,,122.515,980.16,market,@FDACatalyst_Rider,7e-05,0.0,fda: 30d approvals=80 median=67,0.0,123.900002,data/real/prices/yahoo/XBI.json,125.639999,122.519997,122.519997,fe9eeb851e6faba2a7187e008fab271608d8a4d544227ad3543ac3d95d5dd769,11477100,0.0,,8,buy,0.0,-111.38,0.0,0.0,0.04,filled,,XBI,0.0698
20.81,False,20.8,20.8,2412.4294,0.0,2026-03-30,20.805,0.0,-0.0649,0.348,4.209,100.0,116,0.0649,0.9506,0,,20.805,2412.8,market,@MLB_Attention_Momo,0.00079,0.58,mlb attention: 47 finals in 7d,0.0,20.93,data/real/prices/yahoo/DKNG.json,21.129999,20.459999,20.805,728eccb3861f5cb322bf539a1926fb53cb11fdf0d1412a8d19111bd3a9ac37ef,14711500,0.0226,,116,sell,2.403,-62.112,2.403,-2.403,0.58,filled,,DKNG,1.0155
100.06,False,100.05,100.05,1900.8893,0.0,2026-03-30,100.059998,0.0,0.037,0.057,1.124,100.0,19,0.058,0.2507,0,,100.055,1900.95,market,@MLB_Attention_Momo,0.00066,0.19,mlb attention: 47 finals in 7d,0.0,99.5,data/real/prices/yahoo/FLUT.json,102.459999,98.875,100.059998,b0ffbb30d24f61202de05dce905e96fb554a730be44b61df2e48712c8bcbabd0,2887500,0.0037,,19,sell,0.999,55.276,0.999,-0.999,0.095,filled,,FLUT,0.2137
161.79,False,161.77,161.78,42382.9029,0.0,2026-03-30,161.789993,0.0,1.0629,0.786,1.183,100.0,262,2.8652,6.0753,0,,161.785,42383.74,market,@FDACatalyst_Rider,0.0175,5.2382,fda: approval flow back below median,0.0,161.860001,data/real/prices/yahoo/IBB.json,162.949997,160.559998,161.789993,20849c9611587299a52489fe22060adc7823c700fb3483f21091d85a6cf8acb0,1497500,0.0511,,262,sell,1.236,-5.56,1.236,-1.236,1.31,filled,,IBB,5.0123
119.74,False,119.72,119.73,161378.2531,0.0,2026-03-30,119.730003,0.0,-6.3881,4.044,1.498,100.0,1348,13.1321,17.7909,0,,119.735,161382.56,market,@FDACatalyst_Rider,0.01448,13.484,fda: approval flow back below median,0.0,118.779999,data/real/prices/yahoo/XBI.json,120.610001,118.279999,119.730003,fe9eeb851e6faba2a7187e008fab271608d8a4d544227ad3543ac3d95d5dd769,9306200,0.2629,,1348,sell,0.835,79.138,0.835,-0.835,6.74,filled,,XBI,24.179
20.83,False,20.83,20.82,-1541.642,0.0,2026-03-31,20.83,0.0,-0.4027,0.222,4.053,100.0,74,0.0327,0.222,0,,20.825,1541.42,market,@MLB_Attention_Momo,0.00062,0.0,mlb attention: 62 finals in 7d,0.0,21.620001,data/real/prices/yahoo/DKNG.json,21.719999,20.702,20.83,728eccb3861f5cb322bf539a1926fb53cb11fdf0d1412a8d19111bd3a9ac37ef,11952300,0.0,,74,buy,0.0,-365.403,0.0,0.0,0.37,filled,,DKNG,0.6247
100.92,False,100.92,100.91,-1110.153,0.0,2026-03-31,100.910004,0.0,0.0384,0.033,0.942,100.0,11,0.0165,0.143,0,,100.915,1110.12,market,@MLB_Attention_Momo,0.00031,0.11,mlb attention: 62 finals in 7d,0.0,101.949997,data/real/prices/yahoo/FLUT.json,103.730003,99.949997,100.910004,b0ffbb30d24f61202de05dce905e96fb554a730be44b61df2e48712c8bcbabd0,3603800,0.0,,11,buy,0.991,-101.03,0.991,0.991,0.055,filled,,FLUT,0.1045
122.88,False,122.89,122.87,-131249.724,0.0,2026-03-31,122.879997,0.68,-4.8214,3.204,1.425,100.0,1068,9.4846,13.8872,0,,122.875,131246.52,market,@FDA_ClusterFade,0.00578,10.6832,fda fade: z back inside the band,0.0,127.730003,data/real/prices/yahoo/XBI.json,127.949997,122.739998,122.879997,fe9eeb851e6faba2a7187e008fab271608d8a4d544227ad3543ac3d95d5dd769,18482500,0.0,,1068,buy,0.814,-378.925,0.814,0.814,5.34,filled,,XBI,18.7086
21.75,False,21.75,21.74,-2044.782,0.0,2026-04-01,21.75,0.0,-0.5211,0.282,3.928,100.0,94,0.0511,0.282,0,,21.745,2044.5,market,@MLB_Attention_Momo,0.00071,0.0,mlb attention: 76 finals in 7d,0.0,22.16,data/real/prices/yahoo/DKNG.json,22.535,21.75,21.75,728eccb3861f5cb322bf539a1926fb53cb11fdf0d1412a8d19111bd3a9ac37ef,13290300,0.0,,94,buy,0.0,-185.018,0.0,0.0,0.47,filled,,DKNG,0.8031
103.49,False,103.49,103.48,-3104.79,0.0,2026-04-01,103.480003,0.0,0.0717,0.09,1.025,100.0,30,0.0782,0.3899,0,,103.485,3104.7,market,@MLB_Attention_Momo,0.00142,0.2999,mlb attention: 76 finals in 7d,0.0,102.730003,data/real/prices/yahoo/FLUT.json,103.910004,100.525002,103.480003,b0ffbb30d24f61202de05dce905e96fb554a730be44b61df2e48712c8bcbabd0,2116500,0.0,,30,buy,0.966,73.98,0.966,0.966,0.15,filled,,FLUT,0.3182
128.79,False,128.81,128.78,-158568.803,0.0,2026-04-01,128.789993,2.31,-0.1667,3.693,1.797,100.0,1231,16.3303,28.3216,0,,128.785,158565.11,market,@FDACatalyst_Rider,0.00615,24.6286,fda: 30d approvals=67 median=67,0.0,128.550003,data/real/prices/yahoo/XBI.json,131.449997,128.029999,128.789993,fe9eeb851e6faba2a7187e008fab271608d8a4d544227ad3543ac3d95d5dd769,20031500,0.0,,1231,buy,1.553,20.225,1.553,1.553,6.155,filled,,XBI,28.4883
21.83,False,21.82,21.82,2268.9477,0.0,2026-04-02,21.83,0.0,0.4607,0.312,4.017,100.0,104,0.0593,1.3723,0,,21.825,2269.28,market,@MLB_Attention_Momo,0.00102,1.04,mlb attention: 90 finals in 7d,0.0,23.16,data/real/prices/yahoo/DKNG.json,23.225,21.83,21.83,728eccb3861f5cb322bf539a1926fb53cb11fdf0d1412a8d19111bd3a9ac37ef,10212800,0.0203,,104,sell,4.581,-578.584,4.581,-4.581,0.52,filled,,DKNG,0.9116
125.67,False,125.65,125.66,154796.8638,0.0,2026-04-02,125.660004,0.0,-9.2503,3.696,1.648,100.0,1232,15.4152,16.2612,0,,125.665,154800.8,market,@FDACatalyst_Rider,0.01245,12.3249,fda: approval flow back below median,0.0,128.960007,data/real/prices/yahoo/XBI.json,129.949997,125.57,125.660004,fe9eeb851e6faba2a7187e008fab271608d8a4d544227ad3543ac3d95d5dd769,9896100,0.2402,,1232,sell,0.796,-256.669,0.796,-0.796,6.16,filled,,XBI,25.5114
14.67,False,14.67,14.66,-4079.094,0.0,2026-04-06,14.67,0.0,-1.7591,0.834,6.358,100.0,278,0.3691,0.834,0,,14.665,4078.26,market,@MLB_Attention_Momo,0.00943,0.0,mlb attention: 91 finals in 7d,0.0,14.66,data/real/prices/yahoo/PENN.json,14.76,14.28,14.67,a08c607c0926b67cf07c1d783cb680772c85851bf312595d1e12c5291078fa04,2949200,0.0,,278,buy,0.0,6.821,0.0,0.0,1.39,filled,,PENN,2.5931
168.01,False,168.02,168.0,-40493.543,0.0,2026-04-07,168.009995,0.0,-1.6007,0.723,1.169,100.0,241,2.8069,3.1342,0,,168.005,40492.82,market,@FDACatalyst_Rider,0.03038,2.4112,fda: 30d approvals=86 median=67,0.0,168.5,data/real/prices/yahoo/IBB.json,168.75,165.860001,168.009995,20849c9611587299a52489fe22060adc7823c700fb3483f21091d85a6cf8acb0,793200,0.0,,241,buy,0.596,-28.487,0.596,0.596,1.205,filled,,IBB,4.7349
127.98,False,127.99,127.97,-152951.635,0.0,2026-04-07,127.970001,1.95,1.5485,3.585,1.696,100.0,1195,14.4253,27.4838,0,,127.975,152948.05,market,@FDACatalyst_Rider,0.01221,23.8988,fda: 30d approvals=86 median=67,0.0,128.850006,data/real/prices/yahoo/XBI.json,129.220001,126.370003,127.970001,fe9eeb851e6faba2a7187e008fab271608d8a4d544227ad3543ac3d95d5dd769,9788800,0.0,,1195,buy,1.563,-66.745,1.563,1.563,5.975,filled,,XBI,25.9353
127.98,False,127.96,127.97,127570.3065,0.0,2026-04-07,127.970001,0.0,-6.007,2.991,1.708,100.0,997,10.993,15.7845,0,,127.975,127576.12,market,@FDA_ClusterFade,0.01019,9.971,fda fade: z=1.65 short sector,0.0,128.850006,data/real/prices/yahoo/XBI.json,129.220001,126.370003,127.970001,fe9eeb851e6faba2a7187e008fab271608d8a4d544227ad3543ac3d95d5dd769,9788800,2.8225,,997,sell,0.782,-69.073,0.782,-0.782,4.985,filled,,XBI,21.7915
23.71,False,23.71,23.7,-3390.959,0.0,2026-04-08,23.709999,0.0,-0.8201,0.429,3.684,100.0,143,0.1052,0.4291,0,,23.705,3390.53,market,@MLB_Attention_Momo,0.00144,0.0001,mlb attention: 90 finals in 7d,0.0,23.940001,data/real/prices/yahoo/DKNG.json,24.049999,23.440001,23.709999,728eccb3861f5cb322bf539a1926fb53cb11fdf0d1412a8d19111bd3a9ac37ef,9945800,0.0,,143,buy,0.0,-96.074,0.0,0.0,0.715,filled,,DKNG,1.2492
109.44,False,109.44,109.43,-2954.961,0.0,2026-04-08,109.43,0.0,0.07,0.081,0.951,100.0,27,0.065,0.351,0,,109.435,2954.88,market,@MLB_Attention_Momo,0.00101,0.27,mlb attention: 90 finals in 7d,0.0,109.510002,data/real/prices/yahoo/FLUT.json,110.660004,108.150002,109.43,b0ffbb30d24f61202de05dce905e96fb554a730be44b61df2e48712c8bcbabd0,2673900,0.0,,27,buy,0.914,-6.392,0.914,0.914,0.135,filled,,FLUT,0.281
172.37,False,172.37,172.36,-1551.357,0.0,2026-04-08,172.369995,0.0,-0.0658,0.027,0.599,100.0,9,0.0209,0.027,0,,172.365,1551.33,market,@FDACatalyst_Rider,0.00071,0.0,fda: 30d approvals=89 median=67,0.0,171.860001,data/real/prices/yahoo/IBB.json,172.550003,170.270004,172.369995,20849c9611587299a52489fe22060adc7823c700fb3483f21091d85a6cf8acb0,1274900,0.0,,9,buy,0.0,29.675,0.0,0.0,0.045,filled,,IBB,0.0929
132.42,False,132.42,132.41,-4105.113,0.0,2026-04-08,132.419998,0.0,-0.2174,0.093,0.756,100.0,31,0.0625,0.0931,0,,132.415,4105.02,market,@FDACatalyst_Rider,0.00041,0.0001,fda: 30d approvals=89 median=67,0.0,130.649994,data/real/prices/yahoo/XBI.json,133.270004,129.789993,132.419998,fe9eeb851e6faba2a7187e008fab271608d8a4d544227ad3543ac3d95d5dd769,7511800,0.0,,31,buy,0.0,135.477,0.0,0.0,0.155,filled,,XBI,0.3105
132.42,False,132.42,132.41,-8739.918,0.0,2026-04-08,132.419998,0.0,-0.5239,0.198,0.826,100.0,66,0.1941,0.1981,0,,132.415,8739.72,market,@FDA_ClusterFade,0.00088,0.0001,fda fade: z=1.91 short sector,0.0,130.649994,data/real/prices/yahoo/XBI.json,133.270004,129.789993,132.419998,fe9eeb851e6faba2a7187e008fab271608d8a4d544227ad3543ac3d95d5dd769,7511800,0.0,,66,buy,0.0,135.477,0.0,0.0,0.33,filled,,XBI,0.7221
23.71,False,23.7,23.7,1729.8311,0.0,2026-04-09,23.700001,0.0,-0.4057,0.219,3.899,100.0,73,0.0407,0.2689,0,,23.705,1730.1,market,@MLB_Attention_Momo,0.00047,0.0001,mlb attention: 90 finals in 7d,0.0,22.25,data/real/prices/yahoo/DKNG.json,23.73,22.17,23.700001,728eccb3861f5cb322bf539a1926fb53cb11fdf0d1412a8d19111bd3a9ac37ef,15539900,0.0499,,73,sell,0.0,651.685,0.0,-0.0,0.365,filled,,DKNG,0.6746
171.42,False,171.41,171.41,1028.4196,0.0,2026-04-09,171.410004,0.0,-0.0412,0.018,0.793,100.0,6,0.0112,0.0404,0,,171.415,1028.46,market,@FDACatalyst_Rider,0.00075,0.0,fda: 30d approvals=87 median=67,0.0,172.160004,data/real/prices/yahoo/IBB.json,172.619995,170.330002,171.410004,20849c9611587299a52489fe22060adc7823c700fb3483f21091d85a6cf8acb0,796100,0.0224,,6,sell,0.0,-43.564,0.0,-0.0,0.03,filled,,IBB,0.0816
129.7,False,129.69,129.69,1815.5779,0.0,2026-04-09,129.699997,0.0,0.0517,0.042,0.938,100.0,14,0.0183,0.2221,0,,129.695,1815.66,market,@FDACatalyst_Rider,0.00025,0.14,fda: 30d approvals=87 median=67,0.0,131.820007,data/real/prices/yahoo/XBI.json,132.149994,129.550003,129.699997,fe9eeb851e6faba2a7187e008fab271608d8a4d544227ad3543ac3d95d5dd769,5596600,0.0401,,14,sell,0.771,-161.585,0.771,-0.771,0.07,filled,,XBI,0.1704
129.7,False,129.69,129.69,4927.9971,0.0,2026-04-09,129.699997,0.0,0.1082,0.114,1.004,100.0,38,0.0817,0.6028,0,,129.695,4928.22,market,@FDA_ClusterFade,0.00068,0.3799,fda fade: z=1.71 short sector,0.0,131.820007,data/real/prices/yahoo/XBI.json,132.149994,129.550003,129.699997,fe9eeb851e6faba2a7187e008fab271608d8a4d544227ad3543ac3d95d5dd769,5596600,0.1089,,38,sell,0.771,-161.585,0.771,-0.771,0.19,filled,,XBI,0.4946
22.42,False,22.42,22.41,-2825.298,0.0,2026-04-10,22.41,0.0,0.5328,0.378,3.912,100.0,126,0.0972,1.638,0,,22.415,2824.92,market,@MLB_Attention_Momo,0.00097,1.26,mlb attention: 93 finals in 7d,0.0,22.23,data/real/prices/yahoo/DKNG.json,22.75,21.795,22.41,728eccb3861f5cb322bf539a1926fb53cb11fdf0d1412a8d19111bd3a9ac37ef,13028500,0.0,,126,buy,4.462,85.47,4.462,4.462,0.63,filled,,DKNG,1.1052
107.13,False,107.12,107.12,1071.146,0.0,2026-04-10,107.129997,0.0,0.0334,0.03,1.126,100.0,10,0.0166,0.154,0,,107.125,1071.2,market,@MLB_Attention_Momo,0.00037,0.1,mlb attention: 93 finals in 7d,0.0,102.379997,data/real/prices/yahoo/FLUT.json,107.389999,101.190002,107.129997,b0ffbb30d24f61202de05dce905e96fb554a730be44b61df2e48712c8bcbabd0,2711900,0.024,,10,sell,0.933,462.981,0.933,-0.933,0.05,filled,,FLUT,0.1206
15.74,False,15.73,15.73,2469.0575,0.0,2026-04-10,15.73,0.0,-0.9419,0.471,6.051,100.0,157,0.1569,0.5525,0,,15.735,2469.61,market,@MLB_Attention_Momo,0.00675,-0.0,mlb attention: 93 finals in 7d,0.0,15.25,data/real/prices/yahoo/PENN.json,15.82,15.15,15.73,a08c607c0926b67cf07c1d783cb680772c85851bf312595d1e12c5291078fa04,2325800,0.0815,,157,sell,-0.0,314.754,-0.0,0.0,0.785,filled,,PENN,1.4944
132.09,False,132.09,132.08,-1717.209,0.0,2026-04-10,132.089996,0.0,-0.0818,0.039,0.704,100.0,13,0.0169,0.0391,0,,132.085,1717.17,market,@FDACatalyst_Rider,0.00013,0.0001,fda: 30d approvals=88 median=67,0.0,129.440002,data/real/prices/yahoo/XBI.json,132.270004,128.759995,132.089996,fe9eeb851e6faba2a7187e008fab271608d8a4d544227ad3543ac3d95d5dd769,10034300,0.0,,13,buy,0.0,204.728,0.0,0.0,0.065,filled,,XBI,0.1209
132.09,False,132.09,132.08,-4491.162,0.0,2026-04-10,132.089996,0.0,-0.2412,0.102,0.765,100.0,34,0.0713,0.1021,0,,132.085,4491.06,market,@FDA_ClusterFade,0.00034,0.0001,fda fade: z=1.78 short sector,0.0,129.440002,data/real/prices/yahoo/XBI.json,132.270004,128.759995,132.089996,fe9eeb851e6faba2a7187e008fab271608d8a4d544227ad3543ac3d95d5dd769,10034300,0.0,,34,buy,0.0,204.728,0.0,0.0,0.17,filled,,XBI,0.3433
22.03,False,22.02,22.02,3368.5018,0.0,2026-04-13,22.02,0.0,-0.8913,0.459,4.303,100.0,153,0.1263,0.5582,0,,22.025,3369.06,market,@MLB_Attention_Momo,0.00132,-0.0,mlb attention: 94 finals in 7d,0.0,22.51,data/real/prices/yahoo/DKNG.json,22.805,21.715,22.02,728eccb3861f5cb322bf539a1926fb53cb11fdf0d1412a8d19111bd3a9ac37ef,11593700,0.0992,,153,sell,-0.0,-217.681,-0.0,0.0,0.765,filled,,DKNG,1.4496
15.15,False,15.14,15.14,2028.2901,0.0,2026-04-13,15.14,0.0,-0.7886,0.402,6.203,100.0,134,0.1186,0.4699,0,,15.145,2028.76,market,@MLB_Attention_Momo,0.00463,-0.0,mlb attention: 94 finals in 7d,0.0,15.29,data/real/prices/yahoo/PENN.json,15.46,14.96,15.14,a08c607c0926b67cf07c1d783cb680772c85851bf312595d1e12c5291078fa04,2896300,0.0679,,134,sell,-0.0,-98.103,-0.0,0.0,0.67,filled,,PENN,1.2585
130.31,False,130.3,130.3,1824.1177,0.0,2026-04-13,130.300003,0.0,-0.0889,0.042,0.939,100.0,14,0.0189,0.0824,0,,130.305,1824.2,market,@FDACatalyst_Rider,0.00018,0.0,fda: 30d approvals=80 median=67,0.0,132.050003,data/real/prices/yahoo/XBI.json,133.600006,130.190002,130.300003,fe9eeb851e6faba2a7187e008fab271608d8a4d544227ad3543ac3d95d5dd769,7851900,0.0403,,14,sell,0.0,-132.526,0.0,-0.0,0.07,filled,,XBI,0.1712
22.62,False,22.62,22.61,-2126.562,0.0,2026-04-14,22.610001,0.0,0.4071,0.282,3.832,100.0,94,0.0628,1.2219,0,,22.615,2126.28,market,@MLB_Attention_Momo,0.00094,0.9399,mlb attention: 91 finals in 7d,0.0,22.959999,data/real/prices/yahoo/DKNG.json,23.299999,22.52,22.610001,728eccb3861f5cb322bf539a1926fb53cb11fdf0d1412a8d19111bd3a9ac37ef,9978300,0.0,,94,buy,4.422,-148.083,4.422,4.422,0.47,filled,,DKNG,0.8148
15.4,False,15.4,15.39,-2726.331,0.0,2026-04-14,15.4,0.0,-1.0652,0.531,5.856,100.0,177,0.1802,0.531,0,,15.395,2725.8,market,@MLB_Attention_Momo,0.00536,0.0,mlb attention: 91 finals in 7d,0.0,15.61,data/real/prices/yahoo/PENN.json,15.81,15.4,15.4,a08c607c0926b67cf07c1d783cb680772c85851bf312595d1e12c5291078fa04,3299400,0.0,,177,buy,0.0,-134.529,0.0,0.0,0.885,filled,,PENN,1.5962
133.2,False,133.2,133.19,-2530.857,0.0,2026-04-14,133.199997,0.0,-0.1246,0.057,0.718,100.0,19,0.0296,0.0571,0,,133.195,2530.8,market,@FDACatalyst_Rider,0.00017,0.0001,fda: 30d approvals=82 median=67,0.0,135.720001,data/real/prices/yahoo/XBI.json,136.399994,133.029999,133.199997,fe9eeb851e6faba2a7187e008fab271608d8a4d544227ad3543ac3d95d5dd769,11046900,0.0,,19,buy,0.0,-185.676,0.0,0.0,0.095,filled,,XBI,0.1816
108.7,False,108.7,108.69,-1087.03,0.0,2026-04-15,108.695,0.0,-0.0164,0.03,0.887,100.0,10,0.0164,0.08,0,,108.695,1087.0,market,@MLB_Attention_Momo,0.00052,0.05,mlb attention: 91 finals in 7d,0.0,111.790001,data/real/prices/yahoo/FLUT.json,112.394997,108.389999,108.695,b0ffbb30d24f61202de05dce905e96fb554a730be44b61df2e48712c8bcbabd0,1932700,0.0,,10,buy,0.46,-276.411,0.46,0.46,0.05,filled,,FLUT,0.0964
442.89,False,442.91,442.87,-274163.147,0.0,2026-04-15,442.880005,2.19,-2.8197,1.857,0.848,100.0,619,13.0066,20.4239,0,,442.88,274161.29,market,@GOLD_Trend_GLD,0.00959,18.5669,gold: trend up,0.0,440.459991,data/real/prices/yahoo/GLD.json,443.73999,439.600006,442.880005,545093d31c9d8284e3b5dc66f668a6cb7391d9925b5abdf3e82bcaa71e423b40,6455900,0.0,,619,buy,0.677,55.624,0.677,0.677,6.19,filled,,GLD,23.2436
268.78,False,268.78,268.77,-62357.656,0.0,2026-04-15,268.779999,0.0,-1.9397,0.696,0.423,100.0,232,0.78,0.6962,0,,268.775,62356.96,market,@PinePilot_EMA_Cross,0.00107,0.0002,pinepilot: EMA(20) > EMA(50),0.0,269.390015,data/real/prices/yahoo/IWM.json,269.589996,267.589996,268.779999,4f6191d7931ac8755dec346902f769128dd059359a542aaf947e90ff8f2d344a,21670600,0.0,,232,buy,0.0,-22.644,0.0,0.0,1.16,filled,,IWM,2.636
15.78,False,15.78,15.77,-1325.772,0.0,2026-04-15,15.77,0.0,0.3597,0.252,5.524,100.0,84,0.0603,1.092,0,,15.775,1325.52,market,@MLB_Attention_Momo,0.00288,0.84,mlb attention: 91 finals in 7d,0.0,16.01,data/real/prices/yahoo/PENN.json,16.290001,15.72,15.77,a08c607c0926b67cf07c1d783cb680772c85851bf312595d1e12c5291078fa04,2917900,0.0,,84,buy,6.341,-143.66,6.341,6.341,0.42,filled,,PENN,0.7323
136.37,False,136.37,136.36,-3272.952,0.0,2026-04-15,136.369995,0.0,-0.1637,0.072,0.721,100.0,24,0.0438,0.0721,0,,136.365,3272.88,market,@FDACatalyst_Rider,0.00028,0.0001,fda: 30d approvals=83 median=67,0.0,136.449997,data/real/prices/yahoo/XBI.json,137.5,134.449997,136.369995,fe9eeb851e6faba2a7187e008fab271608d8a4d544227ad3543ac3d95d5dd769,8563800,0.0,,24,buy,0.0,-5.863,0.0,0.0,0.12,filled,,XBI,0.2358
23.8,False,23.8,23.79,-2427.906,0.0,2026-04-16,23.790001,0.0,0.4348,0.306,3.671,100.0,102,0.0751,1.3259,0,,23.795,2427.6,market,@MLB_Attention_Momo,0.00103,1.0199,mlb attention: 91 finals in 7d,0.0,23.74,data/real/prices/yahoo/DKNG.json,24.165001,23.299999,23.790001,728eccb3861f5cb322bf539a1926fb53cb11fdf0d1412a8d19111bd3a9ac37ef,9865100,0.0,,102,buy,4.203,25.274,4.203,4.203,0.51,filled,,DKNG,0.8911
110.81,False,110.81,110.8,-1662.195,0.0,2026-04-16,110.800003,0.0,0.0419,0.045,0.921,100.0,15,0.033,0.195,0,,110.805,1662.15,market,@MLB_Attention_Momo,0.00028,0.15,mlb attention: 91 finals in 7d,0.0,109.059998,data/real/prices/yahoo/FLUT.json,112.805,106.360001,110.800003,b0ffbb30d24f61202de05dce905e96fb554a730be44b61df2e48712c8bcbabd0,5427400,0.0,,15,buy,0.902,160.462,0.902,0.902,0.075,filled,,FLUT,0.153
175.53,False,175.53,175.52,-2281.929,0.0,2026-04-16,175.529999,0.0,-0.1021,0.039,0.619,100.0,13,0.0372,0.039,0,,175.525,2281.89,market,@FDACatalyst_Rider,0.00101,0.0,fda: 30d approvals=87 median=68,0.0,174.119995,data/real/prices/yahoo/IBB.json,176.050003,173.440002,175.529999,20849c9611587299a52489fe22060adc7823c700fb3483f21091d85a6cf8acb0,1282200,0.0,,13,buy,0.0,80.979,0.0,0.0,0.065,filled,,IBB,0.1412
136.14,False,136.14,136.13,-7624.008,0.0,2026-04-16,136.139999,0.0,-0.4349,0.168,0.791,100.0,56,0.155,0.1681,0,,136.135,7623.84,market,@FDA_ClusterFade,0.00082,0.0001,fda fade: z=1.64 short sector,0.0,135.460007,data/real/prices/yahoo/XBI.json,136.630005,134.710007,136.139999,fe9eeb851e6faba2a7187e008fab271608d8a4d544227ad3543ac3d95d5dd769,6839900,0.0,,56,buy,0.0,50.199,0.0,0.0,0.28,filled,,XBI,0.603
445.66,False,445.66,445.64,-1336.989,0.0,2026-04-17,445.649994,0.0,-0.0045,0.009,0.325,100.0,3,0.0045,0.039,0,,445.65,1336.98,market,@GOLD_Trend_GLD,3e-05,0.03,gold: trend up,0.0,445.929993,data/real/prices/yahoo/GLD.json,448.700012,445.320007,445.649994,545093d31c9d8284e3b5dc66f668a6cb7391d9925b5abdf3e82bcaa71e423b40,9712000,0.0,,3,buy,0.225,-6.055,0.225,0.225,0.03,filled,,GLD,0.0435
16.2,False,16.2,16.19,-2268.42,0.0,2026-04-17,16.190001,0.0,0.5682,0.42,5.519,100.0,140,0.1317,1.8199,0,,16.195,2268.0,market,@MLB_Attention_Momo,0.00396,1.3999,mlb attention: 95 finals in 7d,0.0,15.85,data/real/prices/yahoo/PENN.json,16.43,15.73,16.190001,a08c607c0926b67cf07c1d783cb680772c85851bf312595d1e12c5291078fa04,3539700,0.0,,140,buy,6.176,220.82,6.176,6.176,0.7,filled,,PENN,1.2517
645.6,False,645.6,645.58,-63269.094,0.0,2026-04-17,645.590027,0.0,-0.4187,0.294,0.267,100.0,98,0.4161,1.2714,0,,645.59,63268.8,market,@PinePilot_EMA_Cross,0.00018,0.9774,pinepilot: EMA(20) > EMA(50),0.0,648.849976,data/real/prices/yahoo/QQQ.json,650.0,644.070007,645.590027,ae9ec3c0b0b8e0f5cd28ee45eac2dfcff9f95a7c5a1244e170ab0980d85979ed,53488900,0.0,,98,buy,0.154,-50.088,0.154,0.154,0.98,filled,,QQQ,1.6901
706.15,False,706.15,706.14,-62141.464,0.0,2026-04-17,706.140015,0.0,0.1609,0.264,0.158,100.0,88,0.2778,1.1427,0,,706.145,62141.2,market,@PinePilot_EMA_Cross,0.00012,0.8787,pinepilot: EMA(20) > EMA(50),0.0,710.140015,data/real/prices/yahoo/SPY.json,712.390015,705.76001,706.140015,e0f05aaf67be23da1db20513eaed93274b165898427ebeab80c7cb2eca1d9a2d,70661900,0.0,,88,buy,0.141,-56.186,0.141,0.141,0.44,filled,,SPY,0.9818
137.78,False,137.78,137.77,-2893.443,0.0,2026-04-17,137.770004,0.0,0.0686,0.063,0.706,100.0,21,0.0364,0.2729,0,,137.775,2893.38,market,@FDA_ClusterFade,0.00021,0.2099,fda fade: z=1.54 short sector,0.0,138.669998,data/real/prices/yahoo/XBI.json,139.190002,137.210007,137.770004,fe9eeb851e6faba2a7187e008fab271608d8a4d544227ad3543ac3d95d5dd769,10212700,0.0,,21,buy,0.726,-64.181,0.726,0.726,0.105,filled,,XBI,0.2044
108.55,False,108.54,108.54,3581.6408,0.0,2026-04-20,108.540001,0.0,-0.2694,0.099,1.253,100.0,33,0.1044,0.1793,0,,108.545,3581.82,market,@MLB_Attention_Momo,0.00196,0.0,mlb attention: 95 finals in 7d,0.0,109.629997,data/real/prices/yahoo/FLUT.json,111.169998,108.339996,108.540001,b0ffbb30d24f61202de05dce905e96fb554a730be44b61df2e48712c8bcbabd0,1680500,0.0802,,33,sell,0.0,-99.425,0.0,-0.0,0.165,filled,,FLUT,0.4486
15.62,False,15.61,15.61,3667.5236,0.0,2026-04-20,15.61,0.0,-1.4565,0.705,6.223,100.0,235,0.2815,0.8264,0,,15.615,3668.35,market,@MLB_Attention_Momo,0.00628,-0.0,mlb attention: 95 finals in 7d,0.0,15.84,data/real/prices/yahoo/PENN.json,15.96,15.32,15.61,a08c607c0926b67cf07c1d783cb680772c85851bf312595d1e12c5291078fa04,3740800,0.1214,,235,sell,-0.0,-145.202,-0.0,0.0,1.175,filled,,PENN,2.2829
138.0,False,138.0,137.99,-966.021,0.0,2026-04-20,137.990005,0.0,0.0281,0.021,0.65,100.0,7,0.0068,0.091,0,,137.995,966.0,market,@FDACatalyst_Rider,0.00012,0.07,fda: 30d approvals=76 median=68,0.0,137.789993,data/real/prices/yahoo/XBI.json,138.630005,137.0,137.990005,fe9eeb851e6faba2a7187e008fab271608d8a4d544227ad3543ac3d95d5dd769,6034000,0.0,,7,buy,0.724,15.241,0.724,0.724,0.035,filled,,XBI,0.0628
109.58,False,109.58,109.57,-1314.996,0.0,2026-04-21,109.57,0.0,0.0368,0.036,0.907,100.0,12,0.0232,0.156,0,,109.575,1314.96,market,@MLB_Attention_Momo,0.00058,0.12,mlb attention: 95 finals in 7d,0.0,109.5,data/real/prices/yahoo/FLUT.json,111.695,108.364998,109.57,b0ffbb30d24f61202de05dce905e96fb554a730be44b61df2e48712c8bcbabd0,2082900,0.0,,12,buy,0.913,7.306,0.913,0.913,0.06,filled,,FLUT,0.1192
438.56,False,438.54,438.54,3508.2222,0.0,2026-04-21,438.549988,0.0,-0.017,0.024,0.555,100.0,8,0.0169,0.1777,0,,438.55,3508.32,market,@GOLD_Trend_GLD,8e-05,0.0799,gold: trend up,0.0,429.570007,data/real/prices/yahoo/GLD.json,440.25,428.709991,438.549988,545093d31c9d8284e3b5dc66f668a6cb7391d9925b5abdf3e82bcaa71e423b40,9480000,0.0738,,8,sell,0.228,208.813,0.228,-0.228,0.08,filled,,GLD,0.1948
710.29,False,710.29,710.28,-710.293,0.0,2026-04-21,710.280029,0.0,0.0046,0.003,0.117,100.0,1,0.0003,0.013,0,,710.285,710.29,market,@PinePilot_EMA_Cross,0.0,0.01,pinepilot: EMA(20) > EMA(50),0.0,704.080017,data/real/prices/yahoo/SPY.json,711.280029,702.640015,710.280029,e0f05aaf67be23da1db20513eaed93274b165898427ebeab80c7cb2eca1d9a2d,58941400,0.0,,1,buy,0.14,88.2,0.14,0.14,0.005,filled,,SPY,0.0083
23.0,False,22.99,22.99,1034.3849,0.0,2026-04-22,23.0,0.0,0.2041,0.135,3.972,100.0,45,0.0209,0.6151,0,,22.995,1034.55,market,@MLB_Attention_Momo,0.00047,0.45,mlb attention: 95 finals in 7d,0.0,22.469999,data/real/prices/yahoo/DKNG.json,23.15,22.299999,23.0,728eccb3861f5cb322bf539a1926fb53cb11fdf0d1412a8d19111bd3a9ac37ef,9558700,0.0301,,45,sell,4.348,231.42,4.348,-4.348,0.225,filled,,DKNG,0.411
436.27,False,436.24,436.26,267407.6527,0.0,2026-04-22,436.269989,0.0,4.0575,1.839,0.815,100.0,613,11.2607,25.8505,0,,436.265,267415.12,market,@GOLD_Trend_GLD,0.01184,18.3833,gold: trend broke,0.0,435.26001,data/real/prices/yahoo/GLD.json,437.170013,433.779999,436.269989,545093d31c9d8284e3b5dc66f668a6cb7391d9925b5abdf3e82bcaa71e423b40,5178100,5.6283,,613,sell,0.687,22.515,0.687,-0.687,3.065,filled,,GLD,21.793
15.67,False,15.67,15.66,-1488.935,0.0,2026-04-22,15.66,0.0,0.4048,0.285,5.577,100.0,95,0.0702,1.235,0,,15.665,1488.65,market,@MLB_Attention_Momo,0.00127,0.95,mlb attention: 95 finals in 7d,0.0,14.77,data/real/prices/yahoo/PENN.json,15.84,14.64,15.66,a08c607c0926b67cf07c1d783cb680772c85851bf312595d1e12c5291078fa04,7469400,0.0,,95,buy,6.386,609.343,6.386,6.386,0.475,filled,,PENN,0.8302
22.27,False,22.26,22.26,1357.6371,0.0,2026-04-23,22.264999,0.0,-0.0322,0.183,4.124,100.0,61,0.0321,0.5278,0,,22.265,1357.86,market,@MLB_Attention_Momo,0.00069,0.3049,mlb attention: 95 finals in 7d,0.0,22.17,data/real/prices/yahoo/DKNG.json,22.700001,21.690001,22.264999,728eccb3861f5cb322bf539a1926fb53cb11fdf0d1412a8d19111bd3a9ac37ef,8881300,0.0399,,61,sell,2.245,40.595,2.245,-2.245,0.305,filled,,DKNG,0.56
105.1,False,105.09,105.09,945.7618,0.0,2026-04-23,105.099998,0.0,0.0311,0.027,1.133,100.0,9,0.0139,0.1382,0,,105.095,945.81,market,@MLB_Attention_Momo,0.00053,0.09,mlb attention: 95 finals in 7d,0.0,106.050003,data/real/prices/yahoo/FLUT.json,107.139999,104.07,105.099998,b0ffbb30d24f61202de05dce905e96fb554a730be44b61df2e48712c8bcbabd0,1688000,0.0212,,9,sell,0.951,-90.524,0.951,-0.951,0.045,filled,,FLUT,0.1071
15.51,False,15.5,15.5,2835.8569,0.0,2026-04-23,15.5,0.0,-1.0977,0.549,6.137,100.0,183,0.1827,0.6431,0,,15.505,2836.5,market,@MLB_Attention_Momo,0.00162,-0.0,mlb attention: 95 finals in 7d,0.0,17.26,data/real/prices/yahoo/PENN.json,17.280001,15.16,15.5,a08c607c0926b67cf07c1d783cb680772c85851bf312595d1e12c5291078fa04,11322200,0.0941,,183,sell,-0.0,-1019.699,-0.0,0.0,0.915,filled,,PENN,1.7408
136.83,False,136.82,136.82,1368.1399,0.0,2026-04-23,136.820007,0.0,-0.0615,0.03,0.89,100.0,10,0.0116,0.0602,0,,136.825,1368.2,market,@FDACatalyst_Rider,0.00013,0.0001,fda: 30d approvals=86 median=68,0.0,134.490005,data/real/prices/yahoo/XBI.json,138.119995,133.589996,136.820007,fe9eeb851e6faba2a7187e008fab271608d8a4d544227ad3543ac3d95d5dd769,7785000,0.0301,,10,sell,0.001,173.247,0.001,-0.001,0.05,filled,,XBI,0.1217
136.83,False,136.82,136.82,1504.9539,0.0,2026-04-23,136.820007,0.0,-0.0683,0.033,0.894,100.0,11,0.0134,0.0662,0,,136.825,1505.02,market,@FDA_ClusterFade,0.00014,0.0001,fda fade: z=1.50 short sector,0.0,134.490005,data/real/prices/yahoo/XBI.json,138.119995,133.589996,136.820007,fe9eeb851e6faba2a7187e008fab271608d8a4d544227ad3543ac3d95d5dd769,7785000,0.0331,,11,sell,0.001,173.247,0.001,-0.001,0.055,filled,,XBI,0.1345
21.8,False,21.8,21.79,-5167.311,0.0,2026-04-24,21.790001,0.0,0.9456,0.711,4.133,100.0,237,0.2391,3.0808,0,,21.795,5166.6,market,@MLB_Attention_Momo,0.00145,2.3698,mlb attention: 94 finals in 7d,0.0,23.18,data/real/prices/yahoo/DKNG.json,23.448,21.66,21.790001,728eccb3861f5cb322bf539a1926fb53cb11fdf0d1412a8d19111bd3a9ac37ef,16289400,0.0,,237,buy,4.589,-595.341,4.589,4.589,1.185,filled,,DKNG,2.1351
105.84,False,105.84,105.83,-3175.29,0.0,2026-04-24,105.839996,0.0,-0.2351,0.09,1.024,100.0,30,0.0852,0.0901,0,,105.835,3175.2,market,@MLB_Attention_Momo,0.00081,0.0001,mlb attention: 94 finals in 7d,0.0,111.57,data/real/prices/yahoo/FLUT.json,112.800003,105.275002,105.839996,b0ffbb30d24f61202de05dce905e96fb554a730be44b61df2e48712c8bcbabd0,3685000,0.0,,30,buy,0.0,-513.579,0.0,0.0,0.15,filled,,FLUT,0.3252
17.24,False,17.23,17.23,3462.5165,0.0,2026-04-24,17.23,0.0,-1.3864,0.603,6.064,100.0,201,0.3814,0.7135,0,,17.235,3463.23,market,@MLB_Attention_Momo,0.00255,-0.0,mlb attention: 94 finals in 7d,0.0,17.24,data/real/prices/yahoo/PENN.json,17.41,16.34,17.23,a08c607c0926b67cf07c1d783cb680772c85851bf312595d1e12c5291078fa04,7882200,0.1105,,201,sell,-0.0,-5.8,-0.0,0.0,1.005,filled,,PENN,2.1
134.53,False,134.52,134.52,2421.2526,0.0,2026-04-24,134.529999,0.0,0.0622,0.054,0.93,100.0,18,0.0278,0.2874,0,,134.525,2421.36,market,@FDACatalyst_Rider,0.00027,0.18,fda: 30d approvals=85 median=68,0.0,133.279999,data/real/prices/yahoo/XBI.json,134.889999,131.970001,134.529999,fe9eeb851e6faba2a7187e008fab271608d8a4d544227ad3543ac3d95d5dd769,6790700,0.0534,,18,sell,0.743,93.037,0.743,-0.743,0.09,filled,,XBI,0.2251
111.17,False,111.17,111.16,-1111.73,0.0,2026-04-27,111.160004,0.0,0.0323,0.03,0.878,100.0,10,0.0177,0.13,0,,111.165,1111.7,market,@MLB_Attention_Momo,0.00027,0.1,mlb attention: 93 finals in 7d,0.0,110.93,data/real/prices/yahoo/FLUT.json,114.580002,110.730003,111.160004,b0ffbb30d24f61202de05dce905e96fb554a730be44b61df2e48712c8bcbabd0,3703900,0.0,,10,buy,0.899,21.635,0.899,0.899,0.05,filled,,FLUT,0.0977
17.24,False,17.24,17.23,-4517.666,0.0,2026-04-27,17.23,0.0,0.7457,0.786,5.89,100.0,262,0.5643,3.406,0,,17.235,4516.88,market,@MLB_Attention_Momo,0.00491,2.62,mlb attention: 93 finals in 7d,0.0,17.83,data/real/prices/yahoo/PENN.json,18.07,17.209999,17.23,a08c607c0926b67cf07c1d783cb680772c85851bf312595d1e12c5291078fa04,5335800,0.0,,262,buy,5.804,-330.903,5.804,5.804,1.31,filled,,PENN,2.6603
713.17,False,713.17,713.16,-713.173,0.0,2026-04-27,713.169983,0.0,-0.0053,0.003,0.117,100.0,1,0.0003,0.003,0,,713.165,713.17,market,@PinePilot_EMA_Cross,0.0,0.0,pinepilot: EMA(20) > EMA(50),0.0,715.169983,data/real/prices/yahoo/SPY.json,715.630005,712.299988,713.169983,e0f05aaf67be23da1db20513eaed93274b165898427ebeab80c7cb2eca1d9a2d,33135900,0.0,,1,buy,0.0,-27.965,0.0,0.0,0.005,filled,,SPY,0.0083
133.45,False,133.44,133.44,1601.2087,0.0,2026-04-27,133.440002,0.0,-0.0744,0.036,0.91,100.0,12,0.0144,0.0714,0,,133.445,1601.28,market,@FDACatalyst_Rider,0.00018,0.0,fda: 30d approvals=82 median=68,0.0,133.039993,data/real/prices/yahoo/XBI.json,135.860001,132.630005,133.440002,fe9eeb851e6faba2a7187e008fab271608d8a4d544227ad3543ac3d95d5dd769,6658700,0.0353,,12,sell,0.0,30.067,0.0,-0.0,0.06,filled,,XBI,0.1458
23.3,False,23.3,23.29,-1002.029,0.0,2026-04-28,23.290001,0.0,0.1975,0.129,3.608,100.0,43,0.0174,0.559,0,,23.295,1001.9,market,@MLB_Attention_Momo,0.00064,0.43,mlb attention: 91 finals in 7d,0.0,23.4,data/real/prices/yahoo/DKNG.json,23.75,23.09,23.290001,728eccb3861f5cb322bf539a1926fb53cb11fdf0d1412a8d19111bd3a9ac37ef,6684600,0.0,,43,buy,4.293,-42.735,4.293,4.293,0.215,filled,,DKNG,0.3614
109.85,False,109.85,109.84,-2087.207,0.0,2026-04-28,109.849998,0.0,-0.1407,0.057,0.947,100.0,19,0.0457,0.057,0,,109.845,2087.15,market,@MLB_Attention_Momo,0.00055,0.0,mlb attention: 91 finals in 7d,0.0,109.089996,data/real/prices/yahoo/FLUT.json,111.089996,106.980003,109.849998,b0ffbb30d24f61202de05dce905e96fb554a730be44b61df2e48712c8bcbabd0,3429100,0.0,,19,buy,0.0,69.668,0.0,0.0,0.095,filled,,FLUT,0.1977
17.75,False,17.74,17.74,993.2406,0.0,2026-04-28,17.75,0.0,0.2226,0.168,5.404,100.0,56,0.0574,0.7594,0,,17.745,993.44,market,@MLB_Attention_Momo,0.00142,0.56,mlb attention: 91 finals in 7d,0.0,18.0,data/real/prices/yahoo/PENN.json,18.25,17.629999,17.75,a08c607c0926b67cf07c1d783cb680772c85851bf312595d1e12c5291078fa04,3948700,0.0314,,56,sell,5.634,-144.444,5.634,-5.634,0.28,filled,,PENN,0.5368
130.06,False,130.05,130.05,3251.1031,0.0,2026-04-29,130.050003,0.0,-0.1647,0.075,0.958,100.0,25,0.0397,0.1469,0,,130.055,3251.25,market,@FDACatalyst_Rider,0.00028,0.0001,fda: 30d approvals=85 median=68,0.0,128.899994,data/real/prices/yahoo/XBI.json,130.610001,127.760002,130.050003,fe9eeb851e6faba2a7187e008fab271608d8a4d544227ad3543ac3d95d5dd769,9033100,0.0719,,25,sell,0.0,89.217,0.0,-0.0,0.125,filled,,XBI,0.3116
273.14,False,273.14,273.13,-1365.715,0.0,2026-04-30,273.130005,0.0,0.023,0.015,0.307,100.0,5,0.002,0.065,0,,273.135,1365.7,market,@PinePilot_EMA_Cross,2e-05,0.05,pinepilot: EMA(20) > EMA(50),0.0,277.970001,data/real/prices/yahoo/IWM.json,278.220001,272.440002,273.130005,4f6191d7931ac8755dec346902f769128dd059359a542aaf947e90ff8f2d344a,29220700,0.0,,5,buy,0.366,-173.76,0.366,0.366,0.025,filled,,IWM,0.042
17.86,False,17.85,17.85,1409.8685,0.0,2026-04-30,17.85,0.0,-0.4873,0.237,5.452,100.0,79,0.0923,0.2815,0,,17.855,1410.15,market,@MLB_Attention_Momo,0.00129,-0.0,mlb attention: 89 finals in 7d,0.0,17.459999,data/real/prices/yahoo/PENN.json,18.030001,17.42,17.85,a08c607c0926b67cf07c1d783cb680772c85851bf312595d1e12c5291078fa04,6102100,0.0445,,79,sell,-0.0,223.368,-0.0,0.0,0.395,filled,,PENN,0.7688
167.98,False,167.97,167.97,1343.7068,0.0,2026-05-01,167.970001,0.0,-0.0527,0.024,0.788,100.0,8,0.0127,0.0532,0,,167.975,1343.76,market,@FDACatalyst_Rider,0.00067,0.0,fda: 30d approvals=89 median=69,0.0,167.270004,data/real/prices/yahoo/IBB.json,168.110001,166.0,167.970001,20849c9611587299a52489fe22060adc7823c700fb3483f21091d85a6cf8acb0,1200300,0.0292,,8,sell,0.0,41.848,0.0,-0.0,0.04,filled,,IBB,0.106
17.58,False,17.58,17.57,-1775.883,0.0,2026-05-01,17.57,0.0,0.3796,0.303,5.257,100.0,101,0.1254,1.313,0,,17.575,1775.58,market,@MLB_Attention_Momo,0.00222,1.01,mlb attention: 91 finals in 7d,0.0,17.27,data/real/prices/yahoo/PENN.json,18.0,17.139999,17.57,a08c607c0926b67cf07c1d783cb680772c85851bf312595d1e12c5291078fa04,4547300,0.0,,101,buy,5.692,179.502,5.692,5.692,0.505,filled,,PENN,0.9334
669.16,False,669.16,669.15,-14721.586,0.0,2026-05-01,669.159973,0.0,-0.1395,0.066,0.14,100.0,22,0.0301,0.0666,0,,669.155,14721.52,market,@LeapMaxLever_Momentum,6e-05,0.0006,the leap: monthly leader QQQ,0.0,674.150024,data/real/prices/yahoo/QQQ.json,675.969971,668.799988,669.159973,ae9ec3c0b0b8e0f5cd28ee45eac2dfcff9f95a7c5a1244e170ab0980d85979ed,39172600,0.0,,22,buy,0.0,-74.019,0.0,0.0,0.11,filled,,QQQ,0.2061
130.62,False,130.61,130.61,10840.1415,0.0,2026-05-01,130.619995,0.0,0.2511,0.249,0.984,100.0,83,0.1634,1.3181,0,,130.615,10840.63,market,@FDA_ClusterFade,0.001,0.8296,fda fade: z=1.70 short sector,0.0,130.419998,data/real/prices/yahoo/XBI.json,131.460007,128.990005,130.619995,fe9eeb851e6faba2a7187e008fab271608d8a4d544227ad3543ac3d95d5dd769,8261100,0.2395,,83,sell,0.765,14.568,0.765,-0.765,0.415,filled,,XBI,1.0669
22.97,False,22.96,22.96,2617.0219,0.0,2026-05-04,22.965,0.0,-0.072,0.342,4.05,100.0,114,0.072,0.9881,0,,22.965,2617.44,market,@MLB_Attention_Momo,0.00124,0.57,mlb attention: 92 finals in 7d,0.0,23.57,data/real/prices/yahoo/DKNG.json,23.805,22.85,22.965,728eccb3861f5cb322bf539a1926fb53cb11fdf0d1412a8d19111bd3a9ac37ef,9207800,0.0761,,114,sell,2.177,-258.804,2.177,-2.177,0.57,filled,,DKNG,1.0602
106.13,False,106.12,106.12,1061.1462,0.0,2026-05-04,106.129997,0.0,0.0333,0.03,1.135,100.0,10,0.0166,0.1538,0,,106.125,1061.2,market,@MLB_Attention_Momo,0.00032,0.1,mlb attention: 92 finals in 7d,0.0,104.449997,data/real/prices/yahoo/FLUT.json,108.690002,104.220001,106.129997,b0ffbb30d24f61202de05dce905e96fb554a730be44b61df2e48712c8bcbabd0,3090400,0.0238,,10,sell,0.942,159.885,0.942,-0.942,0.05,filled,,FLUT,0.1204
17.14,False,17.13,17.13,1490.0013,0.0,2026-05-04,17.139999,0.0,0.3368,0.261,5.648,100.0,87,0.0981,1.1786,0,,17.135,1490.31,market,@MLB_Attention_Momo,0.00277,0.8699,mlb attention: 92 finals in 7d,0.0,16.790001,data/real/prices/yahoo/PENN.json,17.32,16.66,17.139999,a08c607c0926b67cf07c1d783cb680772c85851bf312595d1e12c5291078fa04,3141300,0.0477,,87,sell,5.834,202.501,5.834,-5.834,0.435,filled,,PENN,0.8418
720.08,False,720.08,720.07,-720.083,0.0,2026-05-04,720.070007,0.0,0.0048,0.003,0.114,100.0,1,0.0002,0.013,0,,720.075,720.08,market,@PinePilot_EMA_Cross,0.0,0.01,pinepilot: EMA(20) > EMA(50),0.0,718.01001,data/real/prices/yahoo/SPY.json,722.119995,714.98999,720.070007,e0f05aaf67be23da1db20513eaed93274b165898427ebeab80c7cb2eca1d9a2d,51950600,0.0,,1,buy,0.139,28.83,0.139,0.139,0.005,filled,,SPY,0.0082
130.0,False,129.99,129.99,1169.8571,0.0,2026-05-04,129.990005,0.0,-0.0508,0.027,0.886,100.0,9,0.0058,0.0529,0,,129.995,1169.91,market,@FDA_ClusterFade,0.00011,0.0,fda fade: z=1.52 short sector,0.0,133.5,data/real/prices/yahoo/XBI.json,133.770004,129.800003,129.990005,fe9eeb851e6faba2a7187e008fab271608d8a4d544227ad3543ac3d95d5dd769,8114200,0.0259,,9,sell,0.0,-262.921,0.0,-0.0,0.045,filled,,XBI,0.1037
23.58,False,23.57,23.57,2615.8615,0.0,2026-05-05,23.58,0.0,0.4869,0.333,3.943,100.0,111,0.0681,1.5185,0,,23.575,2616.27,market,@MLB_Attention_Momo,0.00116,1.11,mlb attention: 96 finals in 7d,0.0,24.17,data/real/prices/yahoo/DKNG.json,24.18,23.198999,23.58,728eccb3861f5cb322bf539a1926fb53cb11fdf0d1412a8d19111bd3a9ac37ef,9580600,0.0755,,111,sell,4.241,-248.242,4.241,-4.241,0.555,filled,,DKNG,1.0317
171.29,False,171.29,171.28,-1541.637,0.0,2026-05-05,171.289993,0.0,-0.0613,0.027,0.573,100.0,9,0.0163,0.0271,0,,171.285,1541.61,market,@FDACatalyst_Rider,0.00087,0.0001,fda: 30d approvals=89 median=69,0.0,170.339996,data/real/prices/yahoo/IBB.json,172.679993,168.759995,171.289993,20849c9611587299a52489fe22060adc7823c700fb3483f21091d85a6cf8acb0,1036400,0.0,,9,buy,0.0,55.771,0.0,0.0,0.045,filled,,IBB,0.0883
135.15,False,135.15,135.14,-4865.508,0.0,2026-05-05,135.149994,0.0,-0.2312,0.108,0.698,100.0,36,0.0514,0.1082,0,,135.145,4865.4,market,@FDACatalyst_Rider,0.00041,0.0002,fda: 30d approvals=89 median=69,0.0,133.789993,data/real/prices/yahoo/XBI.json,136.369995,131.960007,135.149994,fe9eeb851e6faba2a7187e008fab271608d8a4d544227ad3543ac3d95d5dd769,8702600,0.0,,36,buy,0.0,101.652,0.0,0.0,0.18,filled,,XBI,0.3394
135.15,False,135.15,135.14,-9731.016,0.0,2026-05-05,135.149994,0.0,-0.505,0.216,0.741,100.0,72,0.1454,0.2164,0,,135.145,9730.8,market,@FDA_ClusterFade,0.00083,0.0004,fda fade: z=1.68 short sector,0.0,133.789993,data/real/prices/yahoo/XBI.json,136.369995,131.960007,135.149994,fe9eeb851e6faba2a7187e008fab271608d8a4d544227ad3543ac3d95d5dd769,8702600,0.0,,72,buy,0.0,101.652,0.0,0.0,0.36,filled,,XBI,0.7214
24.45,False,24.45,24.44,-1027.026,0.0,2026-05-06,24.440001,0.0,0.1932,0.126,3.435,100.0,42,0.0167,0.546,0,,24.445,1026.9,market,@MLB_Attention_Momo,0.00022,0.42,mlb attention: 94 finals in 7d,0.0,23.92,data/real/prices/yahoo/DKNG.json,24.92,23.889999,24.440001,728eccb3861f5cb322bf539a1926fb53cb11fdf0d1412a8d19111bd3a9ac37ef,19315200,0.0,,42,buy,4.091,221.572,4.091,4.091,0.21,filled,,DKNG,0.3527
105.77,False,105.77,105.76,-3067.417,0.0,2026-05-06,105.769997,0.0,-0.2237,0.087,1.013,100.0,29,0.0788,0.0871,0,,105.765,3067.33,market,@MLB_Attention_Momo,0.00041,0.0001,mlb attention: 94 finals in 7d,0.0,99.110001,data/real/prices/yahoo/FLUT.json,106.150002,97.940002,105.769997,b0ffbb30d24f61202de05dce905e96fb554a730be44b61df2e48712c8bcbabd0,7006000,0.0,,29,buy,0.0,671.981,0.0,0.0,0.145,filled,,FLUT,0.3108
17.3,False,17.3,17.29,-2266.693,0.0,2026-05-06,17.290001,0.0,0.4704,0.393,5.438,100.0,131,0.1845,1.7029,0,,17.295,2266.3,market,@MLB_Attention_Momo,0.00393,1.3099,mlb attention: 94 finals in 7d,0.0,16.75,data/real/prices/yahoo/PENN.json,17.360001,16.690001,17.290001,a08c607c0926b67cf07c1d783cb680772c85851bf312595d1e12c5291078fa04,3331100,0.0,,131,buy,5.783,328.358,5.783,5.783,0.655,filled,,PENN,1.2325
687.79,False,687.79,687.78,-1375.586,0.0,2026-05-06,687.780029,0.0,0.0091,0.006,0.123,100.0,2,0.0009,0.0259,0,,687.785,1375.58,market,@PinePilot_EMA_Cross,1e-05,0.0199,pinepilot: EMA(20) > EMA(50),0.0,695.77002,data/real/prices/yahoo/QQQ.json,695.929993,686.47998,687.780029,ae9ec3c0b0b8e0f5cd28ee45eac2dfcff9f95a7c5a1244e170ab0980d85979ed,38778500,0.0,,2,buy,0.145,-114.693,0.145,0.145,0.01,filled,,QQQ,0.0169
728.16,False,728.16,728.15,-1456.326,0.0,2026-05-06,728.159973,0.0,-0.0106,0.006,0.114,100.0,2,0.0006,0.0061,0,,728.155,1456.32,market,@PinePilot_EMA_Cross,0.0,0.0001,pinepilot: EMA(20) > EMA(50),0.0,733.830017,data/real/prices/yahoo/SPY.json,734.590027,727.820007,728.159973,e0f05aaf67be23da1db20513eaed93274b165898427ebeab80c7cb2eca1d9a2d,53288900,0.0,,2,buy,0.0,-77.266,0.0,0.0,0.01,filled,,SPY,0.0166
24.21,False,24.2,24.2,2855.1642,0.0,2026-05-07,24.200001,0.0,-0.6681,0.354,3.866,100.0,118,0.0782,0.436,0,,24.205,2855.6,market,@MLB_Attention_Momo,0.00055,0.0001,mlb attention: 96 finals in 7d,0.0,25.219999,data/real/prices/yahoo/DKNG.json,25.27,24.16,24.200001,728eccb3861f5cb322bf539a1926fb53cb11fdf0d1412a8d19111bd3a9ac37ef,21597500,0.0818,,118,sell,0.0,-404.441,0.0,-0.0,0.59,filled,,DKNG,1.1041
172.84,False,172.82,172.83,44585.8172,0.0,2026-05-07,172.830002,0.0,-1.4308,0.774,1.291,100.0,258,2.7213,4.3233,0,,172.835,44587.56,market,@FDACatalyst_Rider,0.01855,2.5805,fda: approval flow back below median,0.0,170.100006,data/real/prices/yahoo/IBB.json,173.449997,168.809998,172.830002,20849c9611587299a52489fe22060adc7823c700fb3483f21091d85a6cf8acb0,1390500,0.9688,,258,sell,0.579,159.906,0.579,-0.579,1.29,filled,,IBB,5.7541
287.53,False,287.53,287.52,-1437.665,0.0,2026-05-07,287.529999,0.0,-0.027,0.015,0.292,100.0,5,0.002,0.015,0,,287.525,1437.65,market,@PinePilot_EMA_Cross,2e-05,0.0,pinepilot: EMA(20) > EMA(50),0.0,282.26001,data/real/prices/yahoo/IWM.json,287.579987,281.149994,287.529999,4f6191d7931ac8755dec346902f769128dd059359a542aaf947e90ff8f2d344a,28350400,0.0,,5,buy,0.0,186.707,0.0,0.0,0.025,filled,,IWM,0.042
16.71,False,16.7,16.7,1118.6629,0.0,2026-05-07,16.709999,0.0,0.2692,0.201,5.701,100.0,67,0.0658,0.907,0,,16.705,1118.9,market,@MLB_Attention_Momo,0.00254,0.6699,mlb attention: 96 finals in 7d,0.0,16.77,data/real/prices/yahoo/PENN.json,17.01,16.559999,16.709999,a08c607c0926b67cf07c1d783cb680772c85851bf312595d1e12c5291078fa04,2638100,0.0361,,67,sell,5.984,-41.741,5.984,-5.984,0.335,filled,,PENN,0.6379
735.05,False,735.05,735.04,-735.053,0.0,2026-05-07,735.049988,0.0,-0.0052,0.003,0.112,100.0,1,0.0002,0.003,0,,735.045,735.05,market,@PinePilot_EMA_Cross,0.0,0.0,pinepilot: EMA(20) > EMA(50),0.0,731.580017,data/real/prices/yahoo/SPY.json,736.130005,729.75,735.049988,e0f05aaf67be23da1db20513eaed93274b165898427ebeab80c7cb2eca1d9a2d,51724600,0.0,,1,buy,0.0,47.431,0.0,0.0,0.005,filled,,SPY,0.0082
136.81,False,136.79,136.8,168517.8721,0.0,2026-05-07,136.800003,0.0,-5.0555,3.696,1.471,100.0,1232,11.2192,19.7316,0,,136.805,168525.28,market,@FDACatalyst_Rider,0.01152,12.3237,fda: approval flow back below median,0.0,133.660004,data/real/prices/yahoo/XBI.json,137.169998,131.960007,136.800003,fe9eeb851e6faba2a7187e008fab271608d8a4d544227ad3543ac3d95d5dd769,10692800,3.7119,,1232,sell,0.731,234.176,0.731,-0.731,6.16,filled,,XBI,24.7871
136.81,False,136.82,136.8,-121635.647,0.0,2026-05-07,136.800003,0.0,6.4553,2.667,1.15,100.0,889,6.877,20.4443,0,,136.805,121632.98,market,@FDA_ClusterFade,0.00831,17.7773,fda fade: z back inside the band,0.0,133.660004,data/real/prices/yahoo/XBI.json,137.169998,131.960007,136.800003,fe9eeb851e6faba2a7187e008fab271608d8a4d544227ad3543ac3d95d5dd769,10692800,0.0,,889,buy,1.462,236.42,1.462,1.462,4.445,filled,,XBI,13.989
26.4,False,26.39,26.39,2321.991,0.0,2026-05-08,26.395,0.0,-0.0567,0.264,3.556,100.0,88,0.0567,0.769,0,,26.395,2322.32,market,@MLB_Attention_Momo,0.00031,0.44,mlb attention: 95 finals in 7d,0.0,25.52,data/real/prices/yahoo/DKNG.json,27.209999,25.48,26.395,728eccb3861f5cb322bf539a1926fb53cb11fdf0d1412a8d19111bd3a9ac37ef,28569200,0.065,,88,sell,1.894,340.909,1.894,-1.894,0.44,filled,,DKNG,0.8257
101.27,False,101.27,101.26,-3544.555,0.0,2026-05-08,101.260002,0.0,0.0814,0.105,1.054,100.0,35,0.0935,0.4549,0,,101.265,3544.45,market,@MLB_Attention_Momo,0.00121,0.3499,mlb attention: 95 finals in 7d,0.0,101.190002,data/real/prices/yahoo/FLUT.json,104.760002,100.639999,101.260002,b0ffbb30d24f61202de05dce905e96fb554a730be44b61df2e48712c8bcbabd0,2897100,0.0,,35,buy,0.987,7.906,0.987,0.987,0.175,filled,,FLUT,0.3735
16.88,False,16.88,16.87,-3325.951,0.0,2026-05-08,16.879999,0.0,-1.3219,0.591,5.753,100.0,197,0.3371,0.5912,0,,16.875,3325.36,market,@MLB_Attention_Momo,0.00895,0.0002,mlb attention: 95 finals in 7d,0.0,16.74,data/real/prices/yahoo/PENN.json,17.0,16.52,16.879999,a08c607c0926b67cf07c1d783cb680772c85851bf312595d1e12c5291078fa04,2200200,0.0,,197,buy,0.001,83.632,0.001,0.001,0.985,filled,,PENN,1.9131
97.95,False,97.94,97.94,1762.8262,0.0,2026-05-11,97.940002,0.0,-0.1215,0.054,1.222,100.0,18,0.0315,0.0939,0,,97.945,1762.92,market,@MLB_Attention_Momo,0.0004,0.0,mlb attention: 94 finals in 7d,0.0,93.959999,data/real/prices/yahoo/FLUT.json,98.690002,93.580002,97.940002,b0ffbb30d24f61202de05dce905e96fb554a730be44b61df2e48712c8bcbabd0,4556100,0.0398,,18,sell,0.0,423.585,0.0,-0.0,0.09,filled,,FLUT,0.2153
284.93,False,284.93,284.92,-1139.732,0.0,2026-05-11,284.920013,0.0,0.0186,0.012,0.293,100.0,4,0.0014,0.0519,0,,284.925,1139.72,market,@PinePilot_EMA_Cross,2e-05,0.0399,pinepilot: EMA(20) > EMA(50),0.0,285.329987,data/real/prices/yahoo/IWM.json,287.049988,284.589996,284.920013,4f6191d7931ac8755dec346902f769128dd059359a542aaf947e90ff8f2d344a,20150400,0.0,,4,buy,0.351,-14.018,0.351,0.351,0.02,filled,,IWM,0.0334
16.6,False,16.59,16.59,2985.5634,0.0,2026-05-11,16.59,0.0,-1.1907,0.54,6.119,100.0,180,0.2907,0.6366,0,,16.595,2986.2,market,@MLB_Attention_Momo,0.00647,-0.0,mlb attention: 94 finals in 7d,0.0,15.94,data/real/prices/yahoo/PENN.json,16.59,15.87,16.59,a08c607c0926b67cf07c1d783cb680772c85851bf312595d1e12c5291078fa04,2782800,0.0966,,180,sell,-0.0,407.779,-0.0,0.0,0.9,filled,,PENN,1.8273
24.5,False,24.49,24.49,3599.4862,0.0,2026-05-12,24.492001,0.0,-0.5397,0.441,3.827,100.0,147,0.0988,0.838,0,,24.495,3600.03,market,@MLB_Attention_Momo,0.00125,0.2941,mlb attention: 88 finals in 7d,0.0,24.610001,data/real/prices/yahoo/DKNG.json,25.719999,24.450001,24.492001,728eccb3861f5cb322bf539a1926fb53cb11fdf0d1412a8d19111bd3a9ac37ef,11729900,0.1028,,147,sell,0.817,-48.761,0.817,-0.817,0.735,filled,,DKNG,1.3777
24.5,False,24.49,24.49,49976.5393,0.0,2026-05-12,24.492001,0.0,-11.2344,6.123,4.575,100.0,2041,5.1135,11.6347,0,,24.495,49984.09,market,@MLB_Upset_Short,0.0174,4.084,mlb upsets: 36 in 7d vs median 3.5,0.0,24.610001,data/real/prices/yahoo/DKNG.json,25.719999,24.450001,24.492001,728eccb3861f5cb322bf539a1926fb53cb11fdf0d1412a8d19111bd3a9ac37ef,11729900,1.4277,,2041,sell,0.817,-48.761,0.817,-0.817,10.205,filled,,DKNG,22.8691
93.56,False,93.55,93.55,1496.718,0.0,2026-05-12,93.559998,0.0,0.0495,0.048,1.285,100.0,16,0.0305,0.2419,0,,93.555,1496.8,market,@MLB_Attention_Momo,0.00044,0.16,mlb attention: 88 finals in 7d,0.0,95.959999,data/real/prices/yahoo/FLUT.json,99.489998,93.559998,93.559998,b0ffbb30d24f61202de05dce905e96fb554a730be44b61df2e48712c8bcbabd0,3628700,0.034,,16,sell,1.069,-251.146,1.069,-1.069,0.08,filled,,FLUT,0.1924
93.56,False,93.54,93.55,49947.6249,0.0,2026-05-12,93.559998,0.0,2.1364,1.602,2.258,100.0,534,5.8725,13.414,0,,93.555,49950.36,market,@MLB_Upset_Short,0.01472,10.6789,mlb upsets: 36 in 7d vs median 3.5,0.0,95.959999,data/real/prices/yahoo/FLUT.json,99.489998,93.559998,93.559998,b0ffbb30d24f61202de05dce905e96fb554a730be44b61df2e48712c8bcbabd0,3628700,1.1331,,534,sell,2.137,-252.188,2.137,-2.137,2.67,filled,,FLUT,11.2777
15.94,False,15.93,15.93,1943.0302,0.0,2026-05-12,15.94,0.0,0.4501,0.366,6.173,100.0,122,0.1599,1.6498,0,,15.935,1943.46,market,@MLB_Attention_Momo,0.00436,1.22,mlb attention: 88 finals in 7d,0.0,15.71,data/real/prices/yahoo/PENN.json,16.370001,15.66,15.94,a08c607c0926b67cf07c1d783cb680772c85851bf312595d1e12c5291078fa04,2795600,0.0638,,122,sell,6.274,140.038,6.274,-6.274,0.61,filled,,PENN,1.1997
15.94,False,15.92,15.93,49914.072,0.0,2026-05-12,15.94,0.0,26.2037,9.408,9.527,100.0,3136,20.8363,73.768,0,,15.935,49925.12,market,@MLB_Upset_Short,0.11218,62.72,mlb upsets: 36 in 7d vs median 3.5,0.0,15.71,data/real/prices/yahoo/PENN.json,16.370001,15.66,15.94,a08c607c0926b67cf07c1d783cb680772c85851bf312595d1e12c5291078fa04,2795600,1.64,,3136,sell,12.547,133.673,12.547,-12.547,15.68,filled,,PENN,47.5643
94.53,False,94.52,94.52,1134.1783,0.0,2026-05-13,94.529999,0.0,0.0402,0.036,1.247,100.0,12,0.0198,0.1817,0,,94.525,1134.24,market,@MLB_Attention_Momo,0.0005,0.12,mlb attention: 90 finals in 7d,0.0,95.010002,data/real/prices/yahoo/FLUT.json,96.010002,92.220001,94.529999,b0ffbb30d24f61202de05dce905e96fb554a730be44b61df2e48712c8bcbabd0,2386600,0.0257,,12,sell,1.058,-51.574,1.058,-1.058,0.06,filled,,FLUT,0.1415
15.65,False,15.64,15.64,1141.4632,0.0,2026-05-13,15.64,0.0,-0.4379,0.219,6.085,100.0,73,0.0729,0.2568,0,,15.645,1141.72,market,@MLB_Upset_Short,0.00256,-0.0,mlb upsets: 32 in 7d vs median 10.5,0.0,15.83,data/real/prices/yahoo/PENN.json,16.15,15.5,15.64,a08c607c0926b67cf07c1d783cb680772c85851bf312595d1e12c5291078fa04,2851700,0.0378,,73,sell,-0.0,-120.025,-0.0,0.0,0.365,filled,,PENN,0.6947
93.8,False,93.8,93.79,-1219.439,0.0,2026-05-14,93.790001,0.0,0.0431,0.039,1.033,100.0,13,0.0219,0.169,0,,93.795,1219.4,market,@MLB_Attention_Momo,0.0004,0.13,mlb attention: 90 finals in 7d,0.0,93.849998,data/real/prices/yahoo/FLUT.json,95.150002,92.019997,93.790001,b0ffbb30d24f61202de05dce905e96fb554a730be44b61df2e48712c8bcbabd0,3212000,0.0,,13,buy,1.066,-5.327,1.066,1.066,0.065,filled,,FLUT,0.1259
283.84,False,283.84,283.83,-851.529,0.0,2026-05-14,283.839996,0.0,-0.0159,0.009,0.292,100.0,3,0.0009,0.009,0,,283.835,851.52,market,@PinePilot_EMA_Cross,2e-05,0.0,pinepilot: EMA(20) > EMA(50),0.0,284.450012,data/real/prices/yahoo/IWM.json,285.660004,281.959991,283.839996,4f6191d7931ac8755dec346902f769128dd059359a542aaf947e90ff8f2d344a,17428700,0.0,,3,buy,0.0,-21.445,0.0,0.0,0.015,filled,,IWM,0.0249
15.99,False,15.99,15.98,-1551.321,0.0,2026-05-14,15.98,0.0,0.3713,0.291,5.736,100.0,97,0.1137,1.261,0,,15.985,1551.03,market,@MLB_Upset_Short,0.00394,0.97,mlb upsets: 34 in 7d vs median 15.5,0.0,15.83,data/real/prices/yahoo/PENN.json,16.33,15.71,15.98,a08c607c0926b67cf07c1d783cb680772c85851bf312595d1e12c5291078fa04,2460200,0.0,,97,buy,6.258,101.074,6.258,6.258,0.485,filled,,PENN,0.8897
25.0,False,24.99,24.99,1099.3968,0.0,2026-05-15,25.0,0.0,0.2038,0.132,3.633,100.0,44,0.0162,0.6032,0,,24.995,1099.56,market,@MLB_Attention_Momo,0.00034,0.44,mlb attention: 91 finals in 7d,0.0,25.0,data/real/prices/yahoo/DKNG.json,25.940001,24.610001,25.0,728eccb3861f5cb322bf539a1926fb53cb11fdf0d1412a8d19111bd3a9ac37ef,12984800,0.0312,,44,sell,4.0,-4.0,4.0,-4.0,0.22,filled,,DKNG,0.3994
25.0,False,25.0,24.99,-1250.15,0.0,2026-05-15,25.0,0.0,-0.2696,0.15,3.357,100.0,50,0.0196,0.15,0,,24.995,1250.0,market,@MLB_Upset_Short,0.00039,0.0,mlb upsets: 35 in 7d vs median 19.0,0.0,25.0,data/real/prices/yahoo/DKNG.json,25.940001,24.610001,25.0,728eccb3861f5cb322bf539a1926fb53cb11fdf0d1412a8d19111bd3a9ac37ef,12984800,0.0,,50,buy,0.0,0.0,0.0,0.0,0.25,filled,,DKNG,0.4196
15.62,False,15.62,15.61,-1609.169,0.0,2026-05-15,15.61,0.0,0.394,0.309,5.873,100.0,103,0.121,1.339,0,,15.615,1608.86,market,@MLB_Attention_Momo,0.00343,1.03,mlb attention: 91 finals in 7d,0.0,16.200001,data/real/prices/yahoo/PENN.json,16.33,15.61,15.61,a08c607c0926b67cf07c1d783cb680772c85851bf312595d1e12c5291078fa04,2999400,0.0,,103,buy,6.406,-358.025,6.406,6.406,0.515,filled,,PENN,0.945
15.62,False,15.61,15.61,1170.4863,0.0,2026-05-15,15.61,0.0,-0.4502,0.225,6.098,100.0,75,0.0752,0.2637,0,,15.615,1170.75,market,@MLB_Upset_Short,0.0025,-0.0,mlb upsets: 35 in 7d vs median 19.0,0.0,16.200001,data/real/prices/yahoo/PENN.json,16.33,15.61,15.61,a08c607c0926b67cf07c1d783cb680772c85851bf312595d1e12c5291078fa04,2999400,0.0387,,75,sell,-0.0,-364.198,-0.0,0.0,0.375,filled,,PENN,0.7139
133.22,False,133.23,133.21,-170138.541,0.0,2026-05-15,133.210007,2.77,5.5033,3.831,1.402,100.0,1277,10.8727,29.3621,0,,133.215,170134.71,market,@FDACatalyst_Rider,0.01353,25.5311,fda: 30d approvals=69 median=67,0.0,130.690002,data/real/prices/yahoo/XBI.json,133.669998,130.300003,133.210007,fe9eeb851e6faba2a7187e008fab271608d8a4d544227ad3543ac3d95d5dd769,9438200,0.0,,1277,buy,1.501,194.353,1.501,1.501,6.385,filled,,XBI,23.8587
25.0,False,25.0,24.99,-1200.144,0.0,2026-05-18,25.0,0.0,-0.2591,0.144,3.359,100.0,48,0.0191,0.144,0,,24.995,1200.0,market,@MLB_Attention_Momo,0.00058,0.0,mlb attention: 92 finals in 7d,0.0,25.780001,data/real/prices/yahoo/DKNG.json,25.969999,24.700001,25.0,728eccb3861f5cb322bf539a1926fb53cb11fdf0d1412a8d19111bd3a9ac37ef,8227400,0.0,,48,buy,0.0,-302.561,0.0,0.0,0.24,filled,,DKNG,0.4031
91.92,False,91.92,91.91,-2389.998,0.0,2026-05-18,91.919998,0.0,-0.1847,0.078,1.099,100.0,26,0.0547,0.0781,0,,91.915,2389.92,market,@MLB_Attention_Momo,0.0013,0.0001,mlb attention: 92 finals in 7d,0.0,97.290001,data/real/prices/yahoo/FLUT.json,97.75,91.919998,91.919998,b0ffbb30d24f61202de05dce905e96fb554a730be44b61df2e48712c8bcbabd0,2003400,0.0,,26,buy,0.0,-551.958,0.0,0.0,0.13,filled,,FLUT,0.2627
16.47,False,16.46,16.46,2386.1876,0.0,2026-05-18,16.469999,0.0,0.5094,0.435,6.088,100.0,145,0.2155,1.9623,0,,16.465,2386.7,market,@MLB_Attention_Momo,0.00509,1.4499,mlb attention: 92 finals in 7d,0.0,16.48,data/real/prices/yahoo/PENN.json,16.879999,16.34,16.469999,a08c607c0926b67cf07c1d783cb680772c85851bf312595d1e12c5291078fa04,2848700,0.0774,,145,sell,6.071,-12.136,6.071,-6.071,0.725,filled,,PENN,1.4529
16.47,False,16.47,16.46,-3492.276,0.0,2026-05-18,16.469999,0.0,-1.4407,0.636,5.948,100.0,212,0.3809,0.6362,0,,16.465,3491.64,market,@MLB_Upset_Short,0.00744,0.0002,mlb upsets: 33 in 7d vs median 23.0,0.0,16.48,data/real/prices/yahoo/PENN.json,16.879999,16.34,16.469999,a08c607c0926b67cf07c1d783cb680772c85851bf312595d1e12c5291078fa04,2848700,0.0,,212,buy,0.001,-6.068,0.001,0.001,1.06,filled,,PENN,2.0769
711.54,False,711.53,711.53,711.5121,0.0,2026-05-18,711.539978,0.0,0.0046,0.003,0.326,100.0,1,0.0004,0.0278,0,,711.535,711.53,market,@PinePilot_EMA_Cross,0.0,0.01,pinepilot: EMA(20) > EMA(50),0.0,705.880005,data/real/prices/yahoo/QQQ.json,712.070007,698.849976,711.539978,ae9ec3c0b0b8e0f5cd28ee45eac2dfcff9f95a7c5a1244e170ab0980d85979ed,49834500,0.0149,,1,sell,0.14,80.042,0.14,-0.14,0.005,filled,,QQQ,0.0232
130.9,False,130.88,130.89,167126.237,0.0,2026-05-18,130.899994,0.0,7.529,3.831,1.527,100.0,1277,11.6184,33.0553,0,,130.895,167133.76,market,@FDACatalyst_Rider,0.01581,25.5323,fda: approval flow back below median,0.0,127.669998,data/real/prices/yahoo/XBI.json,131.5,126.699997,130.899994,fe9eeb851e6faba2a7187e008fab271608d8a4d544227ad3543ac3d95d5dd769,8076600,3.692,,1277,sell,1.527,251.43,1.527,-1.527,6.385,filled,,XBI,25.5263
25.97,False,25.97,25.96,-1922.002,0.0,2026-05-19,25.969999,0.0,-0.4063,0.222,3.27,100.0,74,0.0363,0.2221,0,,25.965,1921.78,market,@MLB_Attention_Momo,0.0009,0.0001,mlb attention: 100 finals in 7d,0.0,25.540001,data/real/prices/yahoo/DKNG.json,26.24,25.445,25.969999,728eccb3861f5cb322bf539a1926fb53cb11fdf0d1412a8d19111bd3a9ac37ef,8197900,0.0,,74,buy,0.0,168.363,0.0,0.0,0.37,filled,,DKNG,0.6283
25.97,False,25.97,25.96,-5480.303,0.0,2026-05-19,25.969999,0.0,-1.2297,0.633,3.4,100.0,211,0.175,0.6332,0,,25.965,5479.67,market,@MLB_Upset_Short,0.00257,0.0002,mlb upsets: 37 in 7d vs median 25.5,0.0,25.540001,data/real/prices/yahoo/DKNG.json,26.24,25.445,25.969999,728eccb3861f5cb322bf539a1926fb53cb11fdf0d1412a8d19111bd3a9ac37ef,8197900,0.0,,211,buy,0.0,168.363,0.0,0.0,1.055,filled,,DKNG,1.863
98.52,False,98.52,98.51,-6305.472,0.0,2026-05-19,98.510002,0.0,0.0624,0.192,1.22,100.0,64,0.2575,0.8319,0,,98.515,6305.28,market,@MLB_Upset_Short,0.00312,0.6399,mlb upsets: 37 in 7d vs median 25.5,0.0,97.5,data/real/prices/yahoo/FLUT.json,99.629997,96.470001,98.510002,b0ffbb30d24f61202de05dce905e96fb554a730be44b61df2e48712c8bcbabd0,2048400,0.0,,64,buy,1.015,104.615,1.015,1.015,0.32,filled,,FLUT,0.7695
16.52,False,16.52,16.51,-4345.549,0.0,2026-05-19,16.51,0.0,0.7873,0.789,6.057,100.0,263,0.5277,3.419,0,,16.515,4344.76,market,@MLB_Attention_Momo,0.01128,2.63,mlb attention: 100 finals in 7d,0.0,16.120001,data/real/prices/yahoo/PENN.json,16.65,16.049999,16.51,a08c607c0926b67cf07c1d783cb680772c85851bf312595d1e12c5291078fa04,2331400,0.0,,263,buy,6.057,248.138,6.057,6.057,1.315,filled,,PENN,2.6317
16.52,False,16.52,16.51,-2908.048,0.0,2026-05-19,16.51,0.0,0.5911,0.528,5.836,100.0,176,0.2889,2.288,0,,16.515,2907.52,market,@MLB_Upset_Short,0.00755,1.76,mlb upsets: 37 in 7d vs median 25.5,0.0,16.120001,data/real/prices/yahoo/PENN.json,16.65,16.049999,16.51,a08c607c0926b67cf07c1d783cb680772c85851bf312595d1e12c5291078fa04,2331400,0.0,,176,buy,6.057,248.138,6.057,6.057,0.88,filled,,PENN,1.6969
699.81,False,699.8,699.8,699.7824,0.0,2026-05-19,699.809998,0.0,0.0046,0.003,0.328,100.0,1,0.0004,0.0276,0,,699.805,699.8,market,@PinePilot_EMA_Cross,0.0,0.01,pinepilot: EMA(20) > EMA(50),0.0,701.530029,data/real/prices/yahoo/QQQ.json,706.48999,695.25,699.809998,ae9ec3c0b0b8e0f5cd28ee45eac2dfcff9f95a7c5a1244e170ab0980d85979ed,46827500,0.0146,,1,sell,0.143,-24.661,0.143,-0.143,0.005,filled,,QQQ,0.023
734.79,False,734.78,734.78,1469.5233,0.0,2026-05-19,734.780029,0.0,-0.0105,0.006,0.321,100.0,2,0.0006,0.0367,0,,734.785,1469.56,market,@PinePilot_EMA_Cross,0.0,0.0001,pinepilot: EMA(20) > EMA(50),0.0,733.72998,data/real/prices/yahoo/SPY.json,737.650024,731.530029,734.780029,e0f05aaf67be23da1db20513eaed93274b165898427ebeab80c7cb2eca1d9a2d,54255900,0.0307,,2,sell,0.0,14.311,0.0,-0.0,0.01,filled,,SPY,0.0472
127.28,False,127.29,127.27,-165608.193,0.0,2026-05-19,127.279999,3.01,-7.818,3.903,1.493,100.0,1301,11.3143,16.9143,0,,127.275,165604.29,market,@FDACatalyst_Rider,0.01082,13.0113,fda: 30d approvals=67 median=67,0.0,126.790001,data/real/prices/yahoo/XBI.json,128.130005,125.07,127.279999,fe9eeb851e6faba2a7187e008fab271608d8a4d544227ad3543ac3d95d5dd769,12027000,0.0,,1301,buy,0.786,39.435,0.786,0.786,6.505,filled,,XBI,24.7323
25.31,False,25.3,25.3,2554.9247,0.0,2026-05-20,25.309999,0.0,0.4474,0.303,3.67,100.0,101,0.0575,1.3852,0,,25.305,2555.3,market,@MLB_Upset_Short,0.00118,1.0099,mlb upsets: 35 in 7d vs median 26.5,0.0,25.01,data/real/prices/yahoo/DKNG.json,25.504999,24.68,25.309999,728eccb3861f5cb322bf539a1926fb53cb11fdf0d1412a8d19111bd3a9ac37ef,8561300,0.0723,,101,sell,3.951,115.954,3.951,-3.951,0.505,filled,,DKNG,0.9378
96.8,False,96.79,96.79,1548.557,0.0,2026-05-20,96.790001,0.0,-0.112,0.048,1.259,100.0,16,0.032,0.083,0,,96.795,1548.64,market,@MLB_Attention_Momo,0.00061,0.0,mlb attention: 100 finals in 7d,0.0,96.75,data/real/prices/yahoo/FLUT.json,97.400002,94.330002,96.790001,b0ffbb30d24f61202de05dce905e96fb554a730be44b61df2e48712c8bcbabd0,2624900,0.035,,16,sell,0.0,4.134,0.0,-0.0,0.08,filled,,FLUT,0.195
96.8,False,96.79,96.79,2129.2658,0.0,2026-05-20,96.790001,0.0,-0.1615,0.066,1.295,100.0,22,0.0516,0.1142,0,,96.795,2129.38,market,@MLB_Upset_Short,0.00084,0.0,mlb upsets: 35 in 7d vs median 26.5,0.0,96.75,data/real/prices/yahoo/FLUT.json,97.400002,94.330002,96.790001,b0ffbb30d24f61202de05dce905e96fb554a730be44b61df2e48712c8bcbabd0,2624900,0.0482,,22,sell,0.0,4.134,0.0,-0.0,0.11,filled,,FLUT,0.2757
16.21,False,16.2,16.2,1295.7177,0.0,2026-05-20,16.200001,0.0,-0.488,0.24,5.944,100.0,80,0.088,0.2824,0,,16.205,1296.0,market,@MLB_Attention_Momo,0.00351,0.0001,mlb attention: 100 finals in 7d,0.0,16.17,data/real/prices/yahoo/PENN.json,16.27,15.89,16.200001,a08c607c0926b67cf07c1d783cb680772c85851bf312595d1e12c5291078fa04,2278100,0.0423,,80,sell,0.001,18.553,0.001,-0.001,0.4,filled,,PENN,0.7703
16.21,False,16.2,16.2,2283.7025,0.0,2026-05-20,16.200001,0.0,-0.9109,0.423,6.167,100.0,141,0.206,0.4977,0,,16.205,2284.2,market,@MLB_Upset_Short,0.00619,0.0001,mlb upsets: 35 in 7d vs median 26.5,0.0,16.17,data/real/prices/yahoo/PENN.json,16.27,15.89,16.200001,a08c607c0926b67cf07c1d783cb680772c85851bf312595d1e12c5291078fa04,2278100,0.0745,,141,sell,0.001,18.553,0.001,-0.001,0.705,filled,,PENN,1.4086
25.02,False,25.01,25.01,1800.4529,0.0,2026-05-21,25.01,0.0,-0.3954,0.216,3.679,100.0,72,0.0354,0.2671,0,,25.015,1800.72,market,@MLB_Attention_Momo,0.00071,-0.0,mlb attention: 100 finals in 7d,0.0,25.4,data/real/prices/yahoo/DKNG.json,25.790001,24.52,25.01,728eccb3861f5cb322bf539a1926fb53cb11fdf0d1412a8d19111bd3a9ac37ef,10083900,0.0511,,72,sell,-0.0,-153.543,-0.0,0.0,0.36,filled,,DKNG,0.6625
25.02,False,25.03,25.01,-47087.073,0.0,2026-05-21,25.01,8.81,14.6811,5.643,6.071,100.0,1881,4.7239,43.263,0,,25.015,47081.43,market,@MLB_Upset_Short,0.01865,37.62,mlb upsets: rate normalised,0.0,25.4,data/real/prices/yahoo/DKNG.json,25.790001,24.52,25.01,728eccb3861f5cb322bf539a1926fb53cb11fdf0d1412a8d19111bd3a9ac37ef,10083900,0.0,,1881,buy,7.997,-145.669,7.997,7.997,9.405,filled,,DKNG,28.5819
94.95,False,94.96,94.94,-46626.833,0.0,2026-05-21,94.949997,0.0,-2.9006,1.473,1.991,100.0,491,5.357,6.3845,0,,94.945,46625.36,market,@MLB_Upset_Short,0.03512,4.9115,mlb upsets: rate normalised,0.0,97.120003,data/real/prices/yahoo/FLUT.json,97.714996,93.760002,94.949997,b0ffbb30d24f61202de05dce905e96fb554a730be44b61df2e48712c8bcbabd0,1398000,0.0,,491,buy,1.054,-222.406,1.054,1.054,2.455,filled,,FLUT,9.285
15.99,False,16.0,15.98,-47032.817,0.0,2026-05-21,15.99,22.78,-27.3237,8.817,13.936,100.0,2939,19.2387,38.207,0,,15.985,47024.0,market,@MLB_Upset_Short,0.098,29.39,mlb upsets: rate normalised,0.0,16.700001,data/real/prices/yahoo/PENN.json,16.92,15.89,15.99,a08c607c0926b67cf07c1d783cb680772c85851bf312595d1e12c5291078fa04,2999100,0.0,,2939,buy,6.254,-419.162,6.254,6.254,14.695,filled,,PENN,65.5307
738.65,False,738.65,738.64,-738.653,0.0,2026-05-21,738.640015,0.0,0.0048,0.003,0.111,100.0,1,0.0002,0.013,0,,738.645,738.65,market,@PinePilot_EMA_Cross,0.0,0.01,pinepilot: EMA(20) > EMA(50),0.0,742.719971,data/real/prices/yahoo/SPY.json,744.869995,737.030029,738.640015,e0f05aaf67be23da1db20513eaed93274b165898427ebeab80c7cb2eca1d9a2d,43332200,0.0,,1,buy,0.135,-54.798,0.135,0.135,0.005,filled,,SPY,0.0082
130.64,False,130.62,130.63,169798.3485,0.0,2026-05-21,130.639999,0.0,6.2532,3.9,1.613,100.0,1300,13.2455,33.6502,0,,130.635,169806.0,market,@FDACatalyst_Rider,0.01897,25.9987,fda: approval flow back below median,0.0,132.779999,data/real/prices/yahoo/XBI.json,133.429993,129.669998,130.639999,fe9eeb851e6faba2a7187e008fab271608d8a4d544227ad3543ac3d95d5dd769,6852700,3.7515,,1300,sell,1.531,-162.675,1.531,-1.531,6.5,filled,,XBI,27.397
25.66,False,25.66,25.65,-1976.051,0.0,2026-05-22,25.655001,0.0,-0.039,0.231,3.315,100.0,77,0.0389,0.6159,0,,25.655,1975.82,market,@MLB_Attention_Momo,0.00079,0.3849,mlb attention: 96 finals in 7d,0.0,25.120001,data/real/prices/yahoo/DKNG.json,26.205,24.530001,25.655001,728eccb3861f5cb322bf539a1926fb53cb11fdf0d1412a8d19111bd3a9ac37ef,9806500,0.0,,77,buy,1.949,214.968,1.949,1.949,0.385,filled,,DKNG,0.6549
96.84,False,96.84,96.83,-1840.017,0.0,2026-05-22,96.830002,0.0,0.0538,0.057,1.05,100.0,19,0.0412,0.247,0,,96.835,1839.96,market,@MLB_Attention_Momo,0.00113,0.19,mlb attention: 96 finals in 7d,0.0,97.379997,data/real/prices/yahoo/FLUT.json,100.040001,96.809998,96.830002,b0ffbb30d24f61202de05dce905e96fb554a730be44b61df2e48712c8bcbabd0,1677300,0.0,,19,buy,1.033,-55.453,1.033,1.033,0.095,filled,,FLUT,0.1932
718.08,False,718.08,718.07,-718.083,0.0,2026-05-22,718.070007,0.0,0.0046,0.003,0.117,100.0,1,0.0004,0.013,0,,718.075,718.08,market,@PinePilot_EMA_Cross,0.0,0.01,pinepilot: EMA(20) > EMA(50),0.0,717.539978,data/real/prices/yahoo/QQQ.json,722.119995,715.950012,718.070007,ae9ec3c0b0b8e0f5cd28ee45eac2dfcff9f95a7c5a1244e170ab0980d85979ed,33118600,0.0,,1,buy,0.139,7.526,0.139,0.139,0.005,filled,,QQQ,0.0084
746.24,False,746.24,746.23,-746.243,0.0,2026-05-22,746.23999,0.0,-0.0052,0.003,0.11,100.0,1,0.0002,0.003,0,,746.235,746.24,market,@PinePilot_EMA_Cross,0.0,0.0,pinepilot: EMA(20) > EMA(50),0.0,745.640015,data/real/prices/yahoo/SPY.json,748.940002,744.47998,746.23999,e0f05aaf67be23da1db20513eaed93274b165898427ebeab80c7cb2eca1d9a2d,41762000,0.0,,1,buy,0.0,8.047,0.0,0.0,0.005,filled,,SPY,0.0082
24.8,False,24.8,24.79,-1091.332,0.0,2026-05-26,24.790001,0.0,0.2037,0.132,3.374,100.0,44,0.0162,0.572,0,,24.795,1091.2,market,@MLB_Attention_Momo,0.0004,0.44,mlb attention: 93 finals in 7d,0.0,23.809999,data/real/prices/yahoo/DKNG.json,25.15,23.790001,24.790001,728eccb3861f5cb322bf539a1926fb53cb11fdf0d1412a8d19111bd3a9ac37ef,10991800,0.0,,44,buy,4.033,415.792,4.033,4.033,0.22,filled,,DKNG,0.3682
16.9,False,16.89,16.89,2347.2175,0.0,2026-05-26,16.9,0.0,0.5953,0.417,5.482,100.0,139,0.0997,1.8825,0,,16.895,2347.71,market,@MLB_Attention_Momo,0.00381,1.39,mlb attention: 93 finals in 7d,0.0,17.059999,data/real/prices/yahoo/PENN.json,17.15,16.65,16.9,a08c607c0926b67cf07c1d783cb680772c85851bf312595d1e12c5291078fa04,3651000,0.0755,,139,sell,5.917,-99.648,5.917,-5.917,0.695,filled,,PENN,1.2871
750.02,False,750.02,750.01,-1500.046,0.0,2026-05-26,750.01001,0.0,0.0094,0.006,0.111,100.0,2,0.0006,0.026,0,,750.015,1500.04,market,@PinePilot_EMA_Cross,0.0,0.02,pinepilot: EMA(20) > EMA(50),0.0,750.590027,data/real/prices/yahoo/SPY.json,752.130005,748.369995,750.01001,e0f05aaf67be23da1db20513eaed93274b165898427ebeab80c7cb2eca1d9a2d,41123600,0.0,,2,buy,0.133,-7.594,0.133,0.133,0.01,filled,,SPY,0.0166
11.13,False,11.15,11.12,-98837.886,0.0,2026-05-26,11.13,178.26,-72.6923,26.586,27.984,100.0,8862,27.3623,203.826,0,,11.125,98811.3,market,@Weather_ColdSnap_Max,0.14137,177.24,weather: 2 cold anomaly days in 10,0.0,10.91,data/real/prices/yahoo/UNG.json,11.22,10.88,11.13,eb7bcc0769945fb2c40fbcd98753ed7e17e367cf69d2ce2bde9ae60f00a462cc,6268700,0.0,,8862,buy,17.969,219.982,17.969,17.969,44.31,filled,,UNG,276.5183
132.48,False,132.49,132.47,-177805.606,0.0,2026-05-26,132.470001,3.42,2.801,4.026,1.578,100.0,1342,13.9077,30.8647,0,,132.475,177801.58,market,@FDA_ClusterFade,0.02264,26.8387,fda fade: z=-1.29 long sector,0.0,133.350006,data/real/prices/yahoo/XBI.json,133.679993,131.389999,132.470001,fe9eeb851e6faba2a7187e008fab271608d8a4d544227ad3543ac3d95d5dd769,5928300,0.0,,1342,buy,1.51,-64.492,1.51,1.51,6.71,filled,,XBI,28.0637
45.6,False,45.6,45.59,-53811.54,0.0,2026-05-26,45.59,1.8,2.6391,3.54,2.36,100.0,1180,1.4609,15.34,0,,45.595,53808.0,market,@Weather_ColdSnap_Max,0.00859,11.8,weather: 2 cold anomaly days in 10,0.0,45.330002,data/real/prices/yahoo/XLU.json,45.639999,45.330002,45.59,5dddbd83cab3a8b7cd0814ea8215cbfc7d759602d4557e0cdf34937ba995df5d,13738200,0.0,,1180,buy,2.193,59.563,2.193,2.193,5.9,filled,,XLU,12.7009
23.86,False,23.86,23.85,-1026.109,0.0,2026-05-27,23.85,0.0,0.1989,0.129,3.51,100.0,43,0.0161,0.559,0,,23.855,1025.98,market,@MLB_Attention_Momo,0.00036,0.43,mlb attention: 93 finals in 7d,0.0,25.07,data/real/prices/yahoo/DKNG.json,25.33,23.780001,23.85,728eccb3861f5cb322bf539a1926fb53cb11fdf0d1412a8d19111bd3a9ac37ef,11819500,0.0,,43,buy,4.193,-482.649,4.193,4.193,0.215,filled,,DKNG,0.3601
23.86,False,23.85,23.85,48598.7873,0.0,2026-05-27,23.85,0.0,-15.4434,6.114,4.723,100.0,2038,5.2534,7.5127,0,,23.855,48606.3,market,@MLB_Upset_Short,0.01724,-0.0,mlb upsets: 38 in 7d vs median 29.5,0.0,25.07,data/real/prices/yahoo/DKNG.json,25.33,23.780001,23.85,728eccb3861f5cb322bf539a1926fb53cb11fdf0d1412a8d19111bd3a9ac37ef,11819500,1.3987,,2038,sell,-0.0,-486.637,-0.0,0.0,10.19,filled,,DKNG,22.9561
94.52,False,94.51,94.51,1134.0583,0.0,2026-05-27,94.519997,0.0,0.0414,0.036,1.237,100.0,12,0.0186,0.1817,0,,94.515,1134.12,market,@MLB_Attention_Momo,0.00041,0.12,mlb attention: 93 finals in 7d,0.0,95.75,data/real/prices/yahoo/FLUT.json,96.720001,93.809998,94.519997,b0ffbb30d24f61202de05dce905e96fb554a730be44b61df2e48712c8bcbabd0,2905200,0.0257,,12,sell,1.058,-129.504,1.058,-1.058,0.06,filled,,FLUT,0.1403
94.52,False,94.5,94.51,48475.8623,0.0,2026-05-27,94.519997,0.0,2.5074,1.539,2.143,100.0,513,5.1861,12.8962,0,,94.515,48478.5,market,@MLB_Upset_Short,0.01766,10.2585,mlb upsets: 38 in 7d vs median 29.5,0.0,95.75,data/real/prices/yahoo/FLUT.json,96.720001,93.809998,94.519997,b0ffbb30d24f61202de05dce905e96fb554a730be44b61df2e48712c8bcbabd0,2905200,1.0987,,513,sell,2.116,-130.548,2.116,-2.116,2.565,filled,,FLUT,10.3887
17.18,False,17.17,17.17,2746.6322,0.0,2026-05-27,17.18,0.0,0.6739,0.48,5.438,100.0,160,0.1261,2.1678,0,,17.175,2747.2,market,@MLB_Attention_Momo,0.00241,1.6,mlb attention: 93 finals in 7d,0.0,19.09,data/real/prices/yahoo/PENN.json,19.110001,17.18,17.18,a08c607c0926b67cf07c1d783cb680772c85851bf312595d1e12c5291078fa04,6648900,0.0878,,160,sell,5.821,-1005.762,5.821,-5.821,0.8,filled,,PENN,1.4939
17.18,False,17.17,17.17,48563.8907,0.0,2026-05-27,17.18,0.0,4.7707,8.487,6.909,100.0,2829,9.3743,38.3293,0,,17.175,48573.93,market,@MLB_Upset_Short,0.04255,28.29,mlb upsets: 38 in 7d vs median 29.5,0.0,19.09,data/real/prices/yahoo/PENN.json,19.110001,17.18,17.18,a08c607c0926b67cf07c1d783cb680772c85851bf312595d1e12c5291078fa04,6648900,1.5523,,2829,sell,5.821,-1005.762,5.821,-5.821,14.145,filled,,PENN,33.5586
732.97,False,732.97,732.96,-732.973,0.0,2026-05-27,732.960022,0.0,0.0046,0.003,0.114,100.0,1,0.0004,0.013,0,,732.965,732.97,market,@PinePilot_EMA_Cross,0.0,0.01,pinepilot: EMA(20) > EMA(50),0.0,729.450012,data/real/prices/yahoo/QQQ.json,733.320007,725.440002,732.960022,ae9ec3c0b0b8e0f5cd28ee45eac2dfcff9f95a7c5a1244e170ab0980d85979ed,35148700,0.0,,1,buy,0.136,48.255,0.136,0.136,0.005,filled,,QQQ,0.0084
25.0,False,25.0,24.99,-2700.324,0.0,2026-05-28,24.99,0.0,0.4663,0.324,3.473,100.0,108,0.0737,1.404,0,,24.995,2700.0,market,@MLB_Attention_Momo,0.00085,1.08,mlb attention: 93 finals in 7d,0.0,24.530001,data/real/prices/yahoo/DKNG.json,25.389999,24.42,24.99,728eccb3861f5cb322bf539a1926fb53cb11fdf0d1412a8d19111bd3a9ac37ef,12718200,0.0,,108,buy,4.002,191.602,4.002,4.002,0.54,filled,,DKNG,0.9377
25.0,False,25.0,24.99,-5875.705,0.0,2026-05-28,24.99,0.0,0.9384,0.705,3.603,100.0,235,0.2366,3.055,0,,24.995,5875.0,market,@MLB_Upset_Short,0.00185,2.35,mlb upsets: 40 in 7d vs median 30.0,0.0,24.530001,data/real/prices/yahoo/DKNG.json,25.389999,24.42,24.99,728eccb3861f5cb322bf539a1926fb53cb11fdf0d1412a8d19111bd3a9ac37ef,12718200,0.0,,235,buy,4.002,191.602,4.002,4.002,1.175,filled,,DKNG,2.1166
94.63,False,94.63,94.62,-5772.613,0.0,2026-05-28,94.629997,0.0,-0.5256,0.183,1.228,100.0,61,0.2208,0.1832,0,,94.625,5772.43,market,@MLB_Attention_Momo,0.00316,0.0002,mlb attention: 93 finals in 7d,0.0,95.580002,data/real/prices/yahoo/FLUT.json,96.559998,93.669998,94.629997,b0ffbb30d24f61202de05dce905e96fb554a730be44b61df2e48712c8bcbabd0,1932900,0.0,,61,buy,0.0,-99.393,0.0,0.0,0.305,filled,,FLUT,0.7088
94.63,False,94.63,94.62,-3596.054,0.0,2026-05-28,94.629997,0.0,-0.2984,0.114,1.147,100.0,38,0.1085,0.1141,0,,94.625,3595.94,market,@MLB_Upset_Short,0.00197,0.0001,mlb upsets: 40 in 7d vs median 30.0,0.0,95.580002,data/real/prices/yahoo/FLUT.json,96.559998,93.669998,94.629997,b0ffbb30d24f61202de05dce905e96fb554a730be44b61df2e48712c8bcbabd0,1932900,0.0,,38,buy,0.0,-99.393,0.0,0.0,0.19,filled,,FLUT,0.4125
18.86,False,18.86,18.85,-8299.72,0.0,2026-05-28,18.85,0.0,1.2131,1.32,5.431,100.0,440,0.9869,5.72,0,,18.855,8298.4,market,@MLB_Upset_Short,0.0076,4.4,mlb upsets: 40 in 7d vs median 30.0,0.0,19.440001,data/real/prices/yahoo/PENN.json,19.76,18.709999,18.85,a08c607c0926b67cf07c1d783cb680772c85851bf312595d1e12c5291078fa04,5787900,0.0,,440,buy,5.305,-298.354,5.305,5.305,2.2,filled,,PENN,4.5069
24.5,False,24.5,24.49,-2548.312,0.0,2026-05-29,24.49,0.0,0.4505,0.312,3.538,100.0,104,0.0695,1.352,0,,24.495,2548.0,market,@MLB_Attention_Momo,0.0003,1.04,mlb attention: 92 finals in 7d,0.0,24.49,data/real/prices/yahoo/DKNG.json,24.715,23.540001,24.49,728eccb3861f5cb322bf539a1926fb53cb11fdf0d1412a8d19111bd3a9ac37ef,34297500,0.0,,104,buy,4.083,4.083,4.083,4.083,0.52,filled,,DKNG,0.9015
24.5,False,24.51,24.49,-44172.426,0.0,2026-05-29,24.49,8.02,13.9941,5.406,6.215,100.0,1802,5.0159,41.446,0,,24.495,44167.02,market,@MLB_Upset_Short,0.00525,36.04,mlb upsets: rate normalised,0.0,24.49,data/real/prices/yahoo/DKNG.json,24.715,23.540001,24.49,728eccb3861f5cb322bf539a1926fb53cb11fdf0d1412a8d19111bd3a9ac37ef,34297500,0.0,,1802,buy,8.167,8.167,8.167,8.167,9.01,filled,,DKNG,27.4519
95.67,False,95.68,95.66,-45545.108,0.0,2026-05-29,95.660004,0.0,2.242,1.428,1.911,100.0,476,4.8961,10.9461,0,,95.665,45543.68,market,@MLB_Upset_Short,0.00847,9.5181,mlb upsets: rate normalised,0.0,96.980003,data/real/prices/yahoo/FLUT.json,98.720001,93.559998,95.660004,b0ffbb30d24f61202de05dce905e96fb554a730be44b61df2e48712c8bcbabd0,5623000,0.0,,476,buy,2.09,-134.049,2.09,2.09,2.38,filled,,FLUT,8.7041
291.39,False,291.39,291.38,-1456.965,0.0,2026-05-29,291.380005,0.0,0.0226,0.015,0.291,100.0,5,0.0024,0.065,0,,291.385,1456.95,market,@PinePilot_EMA_Cross,2e-05,0.05,pinepilot: EMA(20) > EMA(50),0.0,290.429993,data/real/prices/yahoo/IWM.json,291.410004,288.329987,291.380005,4f6191d7931ac8755dec346902f769128dd059359a542aaf947e90ff8f2d344a,26952800,0.0,,5,buy,0.343,33.055,0.343,0.343,0.025,filled,,IWM,0.0424
19.49,False,19.48,19.48,2045.0224,0.0,2026-05-29,19.48,0.0,-0.6464,0.315,5.006,100.0,105,0.1214,0.3776,0,,19.485,2045.4,market,@MLB_Attention_Momo,0.00259,-0.0,mlb attention: 92 finals in 7d,0.0,18.83,data/real/prices/yahoo/PENN.json,19.549999,18.790001,19.48,a08c607c0926b67cf07c1d783cb680772c85851bf312595d1e12c5291078fa04,4056800,0.0626,,105,sell,-0.0,345.194,-0.0,0.0,0.525,filled,,PENN,1.024
19.49,False,19.5,19.48,-46612.17,0.0,2026-05-29,19.48,13.9,8.7654,7.17,9.914,100.0,2390,13.1846,54.97,0,,19.485,46605.0,market,@MLB_Upset_Short,0.05891,47.8,mlb upsets: rate normalised,0.0,18.83,data/real/prices/yahoo/PENN.json,19.549999,18.790001,19.48,a08c607c0926b67cf07c1d783cb680772c85851bf312595d1e12c5291078fa04,4056800,0.0,,2390,buy,10.267,355.815,10.267,10.267,11.95,filled,,PENN,46.2046
755.91,False,755.91,755.9,-755.913,0.0,2026-05-29,755.900024,0.0,0.0048,0.003,0.109,100.0,1,0.0002,0.013,0,,755.905,755.91,market,@PinePilot_EMA_Cross,0.0,0.01,pinepilot: EMA(20) > EMA(50),0.0,756.47998,data/real/prices/yahoo/SPY.json,758.080017,754.690002,755.900024,e0f05aaf67be23da1db20513eaed93274b165898427ebeab80c7cb2eca1d9a2d,55075700,0.0,,1,buy,0.132,-7.535,0.132,0.132,0.005,filled,,SPY,0.0082
44.67,False,44.67,44.66,-5718.144,0.0,2026-05-29,44.669998,0.0,-0.6925,0.384,1.883,100.0,128,0.0527,0.3843,0,,44.665,5717.76,market,@Weather_ColdSnap_Max,0.00056,0.0003,weather: 2 cold anomaly days in 10,0.0,44.419998,data/real/prices/yahoo/XLU.json,44.720001,44.25,44.669998,5dddbd83cab3a8b7cd0814ea8215cbfc7d759602d4557e0cdf34937ba995df5d,23048500,0.0,,128,buy,0.0,56.281,0.0,0.0,0.64,filled,,XLU,1.0767
99.16,False,99.15,99.15,1388.0267,0.0,2026-06-01,99.150002,0.0,-0.0969,0.042,1.227,100.0,14,0.027,0.0734,0,,99.155,1388.1,market,@MLB_Attention_Momo,0.00032,0.0,mlb attention: 94 finals in 7d,0.0,104.309998,data/real/prices/yahoo/FLUT.json,104.75,98.980003,99.150002,b0ffbb30d24f61202de05dce905e96fb554a730be44b61df2e48712c8bcbabd0,4406100,0.0313,,14,sell,0.0,-494.679,0.0,-0.0,0.07,filled,,FLUT,0.1703
19.03,False,19.03,19.02,-2759.785,0.0,2026-06-01,19.02,0.0,0.5246,0.435,4.93,100.0,145,0.2004,1.885,0,,19.025,2759.35,market,@MLB_Attention_Momo,0.00258,1.45,mlb attention: 94 finals in 7d,0.0,20.24,data/real/prices/yahoo/PENN.json,20.58,19.02,19.02,a08c607c0926b67cf07c1d783cb680772c85851bf312595d1e12c5291078fa04,5617600,0.0,,145,buy,5.258,-597.826,5.258,5.258,0.725,filled,,PENN,1.3604
737.04,False,737.04,737.03,-22111.29,0.0,2026-06-01,737.039978,0.0,-0.2084,0.09,0.135,100.0,30,0.0591,0.0907,0,,737.035,22111.2,market,@LeapMaxLever_Momentum,9e-05,0.0007,the leap: monthly leader QQQ,0.0,742.73999,data/real/prices/yahoo/QQQ.json,745.650024,735.98999,737.039978,ae9ec3c0b0b8e0f5cd28ee45eac2dfcff9f95a7c5a1244e170ab0980d85979ed,33890600,0.0,,30,buy,0.0,-76.743,0.0,0.0,0.15,filled,,QQQ,0.2991
11.62,False,11.61,11.61,2100.7884,0.0,2026-06-01,11.61,0.0,-0.9938,0.543,7.687,100.0,181,0.0888,0.6216,0,,11.615,2101.41,market,@Weather_ColdSnap_Max,0.00208,-0.0,weather: 1 cold anomaly days in 10,0.0,11.54,data/real/prices/yahoo/UNG.json,11.66,11.45,11.61,eb7bcc0769945fb2c40fbcd98753ed7e17e367cf69d2ce2bde9ae60f00a462cc,8716900,0.0786,,181,sell,-0.0,60.659,-0.0,0.0,0.905,filled,,UNG,1.6154
135.62,False,135.62,135.61,-2034.345,0.0,2026-06-01,135.619995,0.0,-0.0914,0.045,0.671,100.0,15,0.0165,0.0451,0,,135.615,2034.3,market,@FDA_ClusterFade,0.00019,0.0001,fda fade: z=-1.52 long sector,0.0,133.619995,data/real/prices/yahoo/XBI.json,135.660004,132.240005,135.619995,fe9eeb851e6faba2a7187e008fab271608d8a4d544227ad3543ac3d95d5dd769,7929300,0.0,,15,buy,0.0,149.679,0.0,0.0,0.075,filled,,XBI,0.1365
43.91,False,43.9,43.9,2414.2745,0.0,2026-06-01,43.900002,0.0,-0.2892,0.165,2.132,100.0,55,0.0143,0.2256,0,,43.905,2414.5,market,@Weather_ColdSnap_Max,0.00018,0.0001,weather: 1 cold anomaly days in 10,0.0,43.099998,data/real/prices/yahoo/XLU.json,43.959999,43.07,43.900002,5dddbd83cab3a8b7cd0814ea8215cbfc7d759602d4557e0cdf34937ba995df5d,31206300,0.0605,,55,sell,0.0,185.615,0.0,-0.0,0.275,filled,,XLU,0.5148
25.86,False,25.85,25.85,78831.1311,0.0,2026-06-02,25.853001,0.0,-19.3945,9.15,5.063,100.0,3050,13.2976,20.522,0,,25.855,78842.5,market,@MLB_Attention_Momo,0.03594,9.153,mlb attention: schedule cooled,0.0,25.299999,data/real/prices/yahoo/DKNG.json,25.92,25.219999,25.853001,728eccb3861f5cb322bf539a1926fb53cb11fdf0d1412a8d19111bd3a9ac37ef,8486900,2.2189,,3050,sell,1.161,217.392,1.161,-1.161,15.25,filled,,DKNG,39.9165
102.38,False,102.35,102.37,78191.3482,0.0,2026-06-02,102.379997,0.0,5.4351,2.292,2.754,100.0,764,13.6626,26.9695,0,,102.375,78195.4,market,@MLB_Attention_Momo,0.0392,22.9177,mlb attention: schedule cooled,0.0,101.989998,data/real/prices/yahoo/FLUT.json,103.639999,100.150002,102.379997,b0ffbb30d24f61202de05dce905e96fb554a730be44b61df2e48712c8bcbabd0,1949200,1.7598,,764,sell,2.93,35.298,2.93,-2.93,3.82,filled,,FLUT,21.5344
20.14,False,20.12,20.13,80063.2343,0.0,2026-06-02,20.139999,0.0,26.5525,11.94,8.418,100.0,3980,33.1435,93.9617,0,,20.135,80077.6,market,@MLB_Attention_Momo,0.09394,79.596,mlb attention: schedule cooled,0.0,20.110001,data/real/prices/yahoo/PENN.json,20.42,19.799999,20.139999,a08c607c0926b67cf07c1d783cb680772c85851bf312595d1e12c5291078fa04,4236800,2.4257,,3980,sell,9.93,4.972,9.93,-9.93,19.9,filled,,PENN,67.4092
85.81,False,85.81,85.8,-1458.821,0.0,2026-06-02,85.800003,0.0,0.0826,0.051,0.948,100.0,17,0.0024,0.2209,0,,85.805,1458.77,market,@YieldCurve_Rotator,8e-05,0.1699,curve: 21d change -3.0bp,0.0,85.650002,data/real/prices/yahoo/TLT.json,85.82,85.5,85.800003,b2914ca7451d1c04fbe97f399361df69871d9a8afcbb0121541ac2bdd13a29f3,20319000,0.0,,17,buy,1.165,18.68,1.165,1.165,0.085,filled,,TLT,0.1384
11.35,False,11.34,11.34,98424.1129,0.0,2026-06-02,11.34,0.0,-72.4816,26.046,10.385,100.0,8682,29.0716,29.7671,0,,11.345,98453.88,market,@Weather_ColdSnap_Max,0.1465,-0.0,weather: no cold anomaly in the window,0.0,11.47,data/real/prices/yahoo/UNG.json,11.52,11.33,11.34,eb7bcc0769945fb2c40fbcd98753ed7e17e367cf69d2ce2bde9ae60f00a462cc,5926300,3.7211,,8682,sell,-0.0,-113.339,-0.0,0.0,43.41,filled,,UNG,102.2487
131.54,False,131.53,131.53,2630.4819,0.0,2026-06-02,131.539993,0.0,0.0746,0.06,0.925,100.0,20,0.0252,0.318,0,,131.535,2630.6,market,@FDA_ClusterFade,0.00014,0.1999,fda fade: z=-1.07 long sector,0.0,127.760002,data/real/prices/yahoo/XBI.json,131.970001,127.57,131.539993,fe9eeb851e6faba2a7187e008fab271608d8a4d544227ad3543ac3d95d5dd769,14202400,0.0581,,20,sell,0.76,295.084,0.76,-0.76,0.1,filled,,XBI,0.2433
43.21,False,43.2,43.2,54124.4816,0.0,2026-06-02,43.209999,0.0,4.7466,3.759,2.383,100.0,1253,1.5171,17.6472,0,,43.205,54129.6,market,@Weather_ColdSnap_Max,0.00458,12.5287,weather: no cold anomaly in the window,0.0,43.900002,data/real/prices/yahoo/XLU.json,43.959999,43.18,43.209999,5dddbd83cab3a8b7cd0814ea8215cbfc7d759602d4557e0cdf34937ba995df5d,27366300,1.3594,,1253,sell,2.314,-159.454,2.314,-2.314,6.265,filled,,XLU,12.9005
25.49,False,25.48,25.48,44379.68,0.0,2026-06-04,25.48,0.0,-14.638,5.226,4.758,100.0,1742,5.928,6.48,0,,25.485,44386.16,market,@MLB_Upset_Short,0.01855,-0.0,mlb upsets: 43 in 7d vs median 32.5,0.0,25.370001,data/real/prices/yahoo/DKNG.json,26.135,25.059999,25.48,728eccb3861f5cb322bf539a1926fb53cb11fdf0d1412a8d19111bd3a9ac37ef,9390800,1.254,,1742,sell,-0.0,43.358,-0.0,0.0,8.71,filled,,DKNG,21.1181
102.85,False,102.83,102.84,44420.2647,0.0,2026-06-04,102.849998,0.0,0.5924,1.296,2.328,100.0,432,5.8867,10.9345,0,,102.845,44422.56,market,@MLB_Upset_Short,0.0184,8.6391,mlb upsets: 43 in 7d vs median 32.5,0.0,100.830002,data/real/prices/yahoo/FLUT.json,104.800003,100.720001,102.849998,b0ffbb30d24f61202de05dce905e96fb554a730be44b61df2e48712c8bcbabd0,2348400,0.9993,,432,sell,1.944,198.353,1.944,-1.944,2.16,filled,,FLUT,10.3421
19.68,False,19.66,19.67,44364.4948,0.0,2026-06-04,19.68,0.0,20.0945,6.771,7.475,100.0,2257,13.7605,53.2652,0,,19.675,44372.62,market,@MLB_Upset_Short,0.10952,45.14,mlb upsets: 43 in 7d vs median 32.5,0.0,19.629999,data/real/prices/yahoo/PENN.json,19.799999,19.459999,19.68,a08c607c0926b67cf07c1d783cb680772c85851bf312595d1e12c5291078fa04,2060800,1.3542,,2257,sell,10.163,15.283,10.163,-10.163,11.285,filled,,PENN,33.1707
130.45,False,130.46,130.44,-171950.234,0.0,2026-06-04,130.440002,3.18,1.6827,3.954,1.665,100.0,1318,14.9046,30.3114,0,,130.445,171946.28,market,@FDACatalyst_Rider,0.018,26.3574,fda: 30d approvals=70 median=67,0.0,133.419998,data/real/prices/yahoo/XBI.json,134.479996,130.440002,130.440002,fe9eeb851e6faba2a7187e008fab271608d8a4d544227ad3543ac3d95d5dd769,7324200,0.0,,1318,buy,1.533,-221.856,1.533,1.533,6.59,filled,,XBI,28.6286
130.45,False,130.43,130.44,174246.6218,0.0,2026-06-04,130.440002,0.0,-8.5283,4.008,1.707,100.0,1336,15.211,21.2208,0,,130.445,174254.48,market,@FDA_ClusterFade,0.01824,13.3627,fda fade: z back inside the band,0.0,133.419998,data/real/prices/yahoo/XBI.json,134.479996,130.440002,130.440002,fe9eeb851e6faba2a7187e008fab271608d8a4d544227ad3543ac3d95d5dd769,7324200,3.8502,,1336,sell,0.767,-224.104,0.767,-0.767,6.68,filled,,XBI,29.7492
25.79,False,25.8,25.78,-81924.525,0.0,2026-06-05,25.780001,27.5,5.4581,9.525,8.248,100.0,3175,14.6637,73.0218,0,,25.785,81915.0,market,@MLB_Attention_Momo,0.03372,63.4968,mlb attention: 93 finals in 7d,0.0,24.93,data/real/prices/yahoo/DKNG.json,26.0,24.74,25.780001,728eccb3861f5cb322bf539a1926fb53cb11fdf0d1412a8d19111bd3a9ac37ef,9416000,0.0,,3175,buy,7.758,348.977,7.758,7.758,15.875,filled,,DKNG,67.5637
102.34,False,102.36,102.33,-81788.037,0.0,2026-06-05,102.339996,0.0,-2.7217,2.397,2.58,100.0,799,14.7099,18.3802,0,,102.335,81785.64,market,@MLB_Attention_Momo,0.03725,15.9832,mlb attention: 93 finals in 7d,0.0,100.489998,data/real/prices/yahoo/FLUT.json,103.324997,99.629997,102.339996,b0ffbb30d24f61202de05dce905e96fb554a730be44b61df2e48712c8bcbabd0,2144800,0.0,,799,buy,1.955,186.088,1.955,1.955,3.995,filled,,FLUT,21.1019
19.83,False,19.85,19.82,-81913.478,0.0,2026-06-05,19.83,46.52,-19.1031,12.378,13.919,100.0,4126,34.4731,94.898,0,,19.825,81901.1,market,@MLB_Attention_Momo,0.13835,82.52,mlb attention: 93 finals in 7d,0.0,19.23,data/real/prices/yahoo/PENN.json,20.0,19.200001,19.83,a08c607c0926b67cf07c1d783cb680772c85851bf312595d1e12c5291078fa04,2982200,0.0,,4126,buy,10.086,322.413,10.086,10.086,20.63,filled,,PENN,114.0011
132.78,False,132.78,132.77,-1460.613,0.0,2026-06-05,132.770004,0.0,0.0428,0.033,0.686,100.0,11,0.0121,0.143,0,,132.775,1460.58,market,@FDACatalyst_Rider,0.00013,0.11,fda: 30d approvals=73 median=67,0.0,128.669998,data/real/prices/yahoo/XBI.json,133.320007,128.179993,132.770004,fe9eeb851e6faba2a7187e008fab271608d8a4d544227ad3543ac3d95d5dd769,8408400,0.0,,11,buy,0.753,319.422,0.753,0.753,0.055,filled,,XBI,0.1001
24.71,False,24.7,24.7,2074.4889,0.0,2026-06-08,24.700001,0.0,-0.4808,0.252,3.817,100.0,84,0.0609,0.3112,0,,24.705,2074.8,market,@MLB_Attention_Momo,0.00072,0.0001,mlb attention: 92 finals in 7d,0.0,24.780001,data/real/prices/yahoo/DKNG.json,25.215,24.41,24.700001,728eccb3861f5cb322bf539a1926fb53cb11fdf0d1412a8d19111bd3a9ac37ef,11628600,0.0591,,84,sell,0.0,-32.285,0.0,-0.0,0.42,filled,,DKNG,0.792
24.71,False,24.7,24.7,3457.4815,0.0,2026-06-08,24.700001,0.0,-0.8309,0.42,3.903,100.0,140,0.131,0.5187,0,,24.705,3458.0,market,@MLB_Upset_Short,0.0012,0.0001,mlb upsets: 47 in 7d vs median 33.5,0.0,24.780001,data/real/prices/yahoo/DKNG.json,25.215,24.41,24.700001,728eccb3861f5cb322bf539a1926fb53cb11fdf0d1412a8d19111bd3a9ac37ef,11628600,0.0985,,140,sell,0.0,-32.285,0.0,-0.0,0.7,filled,,DKNG,1.3496
98.99,False,98.98,98.98,2672.3187,0.0,2026-06-08,98.980003,0.0,-0.2197,0.081,1.351,100.0,27,0.0848,0.1414,0,,98.985,2672.46,market,@MLB_Attention_Momo,0.00093,0.0001,mlb attention: 92 finals in 7d,0.0,104.949997,data/real/prices/yahoo/FLUT.json,106.110001,98.934998,98.980003,b0ffbb30d24f61202de05dce905e96fb554a730be44b61df2e48712c8bcbabd0,2917500,0.0603,,27,sell,0.0,-568.842,0.0,-0.0,0.135,filled,,FLUT,0.3611
98.99,False,98.98,98.98,3761.0411,0.0,2026-06-08,98.980003,0.0,-0.3315,0.114,1.41,100.0,38,0.1416,0.199,0,,98.985,3761.24,market,@MLB_Upset_Short,0.0013,0.0001,mlb upsets: 47 in 7d vs median 33.5,0.0,104.949997,data/real/prices/yahoo/FLUT.json,106.110001,98.934998,98.980003,b0ffbb30d24f61202de05dce905e96fb554a730be44b61df2e48712c8bcbabd0,2917500,0.0849,,38,sell,0.0,-568.842,0.0,-0.0,0.19,filled,,FLUT,0.5305
285.52,False,285.51,285.51,1142.0037,0.0,2026-06-08,285.51001,0.0,-0.022,0.012,0.511,100.0,4,0.002,0.0363,0,,285.515,1142.04,market,@PinePilot_EMA_Cross,1e-05,0.0,pinepilot: EMA(20) > EMA(50),0.0,284.109985,data/real/prices/yahoo/IWM.json,286.839996,283.579987,285.51001,4f6191d7931ac8755dec346902f769128dd059359a542aaf947e90ff8f2d344a,27277400,0.0243,,4,sell,0.0,49.277,0.0,-0.0,0.02,filled,,IWM,0.0583
19.13,False,19.12,19.12,2599.8319,0.0,2026-06-08,19.129999,0.0,0.4803,0.408,5.26,100.0,136,0.1996,1.848,0,,19.125,2600.32,market,@MLB_Attention_Momo,0.00538,1.3599,mlb attention: 92 finals in 7d,0.0,19.17,data/real/prices/yahoo/PENN.json,19.299999,18.790001,19.129999,a08c607c0926b67cf07c1d783cb680772c85851bf312595d1e12c5291078fa04,2527400,0.0801,,136,sell,5.227,-26.082,5.227,-5.227,0.68,filled,,PENN,1.3677
19.13,False,19.12,19.12,3345.3719,0.0,2026-06-08,19.129999,0.0,0.5835,0.525,5.363,100.0,175,0.2913,2.3779,0,,19.125,3346.0,market,@MLB_Upset_Short,0.00692,1.7498,mlb upsets: 47 in 7d vs median 33.5,0.0,19.17,data/real/prices/yahoo/PENN.json,19.299999,18.790001,19.129999,a08c607c0926b67cf07c1d783cb680772c85851bf312595d1e12c5291078fa04,2527400,0.1031,,175,sell,5.227,-26.082,5.227,-5.227,0.875,filled,,PENN,1.7944
743.36,False,743.35,743.35,743.3315,0.0,2026-06-08,743.359985,0.0,0.0047,0.003,0.32,100.0,1,0.0003,0.0285,0,,743.355,743.35,market,@PinePilot_EMA_Cross,0.0,0.01,pinepilot: EMA(20) > EMA(50),0.0,739.219971,data/real/prices/yahoo/SPY.json,745.340027,738.190002,743.359985,e0f05aaf67be23da1db20513eaed93274b165898427ebeab80c7cb2eca1d9a2d,49319100,0.0155,,1,sell,0.134,55.87,0.134,-0.134,0.005,filled,,SPY,0.0238
11.4,False,11.42,11.39,-97403.921,0.0,2026-06-08,11.4,168.21,-70.7235,25.581,27.403,100.0,8527,30.4185,196.121,0,,11.395,97378.34,market,@Weather_ColdSnap_Max,0.2037,170.54,weather: 1 cold anomaly days in 10,0.0,11.37,data/real/prices/yahoo/UNG.json,11.44,11.23,11.4,eb7bcc0769945fb2c40fbcd98753ed7e17e367cf69d2ce2bde9ae60f00a462cc,4186100,0.0,,8527,buy,17.544,43.975,17.544,17.544,42.635,filled,,UNG,266.8445
130.22,False,130.21,130.21,1562.4495,0.0,2026-06-08,130.210007,0.0,-0.0737,0.036,0.924,100.0,12,0.0138,0.0706,0,,130.215,1562.52,market,@FDACatalyst_Rider,0.00019,0.0001,fda: 30d approvals=67 median=67,0.0,128.429993,data/real/prices/yahoo/XBI.json,131.059998,127.849998,130.210007,fe9eeb851e6faba2a7187e008fab271608d8a4d544227ad3543ac3d95d5dd769,6472300,0.0345,,12,sell,0.001,138.597,0.001,-0.001,0.06,filled,,XBI,0.1443
44.32,False,44.32,44.31,-53010.308,0.0,2026-06-08,44.32,1.96,-9.5705,3.588,2.482,100.0,1196,1.6305,3.588,0,,44.315,53006.72,market,@Weather_ColdSnap_Max,0.00574,0.0,weather: 1 cold anomaly days in 10,0.0,43.52,data/real/prices/yahoo/XLU.json,44.380001,43.470001,44.32,5dddbd83cab3a8b7cd0814ea8215cbfc7d759602d4557e0cdf34937ba995df5d,20843500,0.0,,1196,buy,0.0,183.824,0.0,0.0,5.98,filled,,XLU,13.1585
25.15,False,25.15,25.14,-2288.923,0.0,2026-06-09,25.15,0.0,-0.5201,0.273,3.465,100.0,91,0.0651,0.273,0,,25.145,2288.65,market,@MLB_Attention_Momo,0.00045,0.0,mlb attention: 91 finals in 7d,0.0,27.59,data/real/prices/yahoo/DKNG.json,27.639999,25.129999,25.15,728eccb3861f5cb322bf539a1926fb53cb11fdf0d1412a8d19111bd3a9ac37ef,20304200,0.0,,91,buy,0.0,-884.378,0.0,0.0,0.455,filled,,DKNG,0.7931
25.15,False,25.16,25.14,-47356.766,0.0,2026-06-09,25.15,8.82,-5.5321,5.646,6.335,100.0,1882,6.1221,24.466,0,,25.145,47351.12,market,@MLB_Upset_Short,0.00927,18.82,mlb upsets: rate normalised,0.0,27.59,data/real/prices/yahoo/DKNG.json,27.639999,25.129999,25.15,728eccb3861f5cb322bf539a1926fb53cb11fdf0d1412a8d19111bd3a9ac37ef,20304200,0.0,,1882,buy,3.976,-880.754,3.976,3.976,9.41,filled,,DKNG,29.9981
104.95,False,104.96,104.94,-49227.647,0.0,2026-06-09,104.940002,0.0,0.2478,1.407,2.141,100.0,469,6.7862,10.7861,0,,104.945,49226.24,market,@MLB_Upset_Short,0.01612,9.3791,mlb upsets: rate normalised,0.0,111.309998,data/real/prices/yahoo/FLUT.json,112.415001,104.639999,104.940002,b0ffbb30d24f61202de05dce905e96fb554a730be44b61df2e48712c8bcbabd0,2909600,0.0,,469,buy,1.906,-570.479,1.906,1.906,2.345,filled,,FLUT,10.5382
19.18,False,19.18,19.17,-3491.306,0.0,2026-06-09,19.18,0.0,-1.2215,0.546,5.063,100.0,182,0.3115,0.546,0,,19.175,3490.76,market,@MLB_Attention_Momo,0.00469,0.0,mlb attention: 91 finals in 7d,0.0,20.32,data/real/prices/yahoo/PENN.json,20.360001,19.18,19.18,a08c607c0926b67cf07c1d783cb680772c85851bf312595d1e12c5291078fa04,3878800,0.0,,182,buy,0.0,-561.024,0.0,0.0,0.91,filled,,PENN,1.7675
19.18,False,19.19,19.17,-46677.376,0.0,2026-06-09,19.18,14.32,-17.3744,7.296,10.497,100.0,2432,15.2144,31.616,0,,19.175,46670.08,market,@MLB_Upset_Short,0.0627,24.32,mlb upsets: rate normalised,0.0,20.32,data/real/prices/yahoo/PENN.json,20.360001,19.18,19.18,a08c607c0926b67cf07c1d783cb680772c85851bf312595d1e12c5291078fa04,3878800,0.0,,2432,buy,5.214,-556.102,5.214,5.214,12.16,filled,,PENN,48.9904
11.35,False,11.34,11.34,1156.3303,0.0,2026-06-09,11.34,0.0,-0.5511,0.306,7.788,100.0,102,0.0411,0.3497,0,,11.345,1156.68,market,@Weather_ColdSnap_Max,0.00245,-0.0,weather: 1 cold anomaly days in 10,0.0,11.39,data/real/prices/yahoo/UNG.json,11.56,11.31,11.34,eb7bcc0769945fb2c40fbcd98753ed7e17e367cf69d2ce2bde9ae60f00a462cc,4161200,0.0437,,102,sell,-0.0,-43.898,-0.0,0.0,0.51,filled,,UNG,0.9008
28.03,False,28.03,28.02,-2691.168,0.0,2026-06-10,28.02,0.0,0.3781,0.288,3.233,100.0,96,0.1019,1.248,0,,28.025,2690.88,market,@MLB_Attention_Momo,0.00033,0.96,mlb attention: 91 finals in 7d,0.0,28.790001,data/real/prices/yahoo/DKNG.json,29.950001,27.950001,28.02,728eccb3861f5cb322bf539a1926fb53cb11fdf0d1412a8d19111bd3a9ac37ef,28884300,0.0,,96,buy,3.569,-263.981,3.569,3.569,0.48,filled,,DKNG,0.8699
111.81,False,111.82,111.8,-5479.327,0.0,2026-06-10,111.809998,0.0,-0.0191,0.147,1.198,100.0,49,0.2642,0.6371,0,,111.805,5479.18,market,@MLB_Attention_Momo,0.00107,0.4901,mlb attention: 91 finals in 7d,0.0,112.940002,data/real/prices/yahoo/FLUT.json,119.440002,111.190002,111.809998,b0ffbb30d24f61202de05dce905e96fb554a730be44b61df2e48712c8bcbabd0,4571200,0.0,,49,buy,0.895,-99.168,0.895,0.895,0.245,filled,,FLUT,0.6562
284.59,False,284.58,284.58,1422.8547,0.0,2026-06-10,284.589996,0.0,0.0222,0.015,0.513,100.0,5,0.0027,0.0953,0,,284.585,1422.9,market,@PinePilot_EMA_Cross,1e-05,0.05,pinepilot: EMA(20) > EMA(50),0.0,282.049988,data/real/prices/yahoo/IWM.json,289.0,281.76001,284.589996,4f6191d7931ac8755dec346902f769128dd059359a542aaf947e90ff8f2d344a,39285000,0.0303,,5,sell,0.351,89.701,0.351,-0.351,0.025,filled,,IWM,0.073
20.45,False,20.45,20.44,-6565.413,0.0,2026-06-10,20.440001,0.0,0.7882,0.963,5.156,100.0,321,0.8164,4.1727,0,,20.445,6564.45,market,@MLB_Attention_Momo,0.00523,3.2097,mlb attention: 91 finals in 7d,0.0,21.450001,data/real/prices/yahoo/PENN.json,21.6,20.299999,20.440001,a08c607c0926b67cf07c1d783cb680772c85851bf312595d1e12c5291078fa04,6139900,0.0,,321,buy,4.892,-466.201,4.892,4.892,1.605,filled,,PENN,3.3844
733.4,False,733.39,733.39,733.3717,0.0,2026-06-10,733.390015,0.0,-0.0052,0.003,0.321,100.0,1,0.0003,0.0183,0,,733.395,733.39,market,@PinePilot_EMA_Cross,0.0,0.0,pinepilot: EMA(20) > EMA(50),0.0,725.429993,data/real/prices/yahoo/SPY.json,738.380005,725.330017,733.390015,e0f05aaf67be23da1db20513eaed93274b165898427ebeab80c7cb2eca1d9a2d,60341300,0.0153,,1,sell,0.0,109.728,0.0,-0.0,0.005,filled,,SPY,0.0236
11.65,False,11.65,11.64,-1013.811,0.0,2026-06-10,11.65,0.0,-0.4684,0.261,7.196,100.0,87,0.0334,0.261,0,,11.645,1013.55,market,@Weather_ColdSnap_Max,0.00141,0.0,weather: 1 cold anomaly days in 10,0.0,11.54,data/real/prices/yahoo/UNG.json,11.72,11.5,11.65,eb7bcc0769945fb2c40fbcd98753ed7e17e367cf69d2ce2bde9ae60f00a462cc,6187700,0.0,,87,buy,0.0,95.321,0.0,0.0,0.435,filled,,UNG,0.7294
44.23,False,44.23,44.22,-1194.291,0.0,2026-06-10,44.220001,0.0,0.1292,0.081,1.857,100.0,27,0.0058,0.351,0,,44.225,1194.21,market,@Weather_ColdSnap_Max,0.00015,0.27,weather: 1 cold anomaly days in 10,0.0,44.0,data/real/prices/yahoo/XLU.json,44.279999,43.790001,44.220001,5dddbd83cab3a8b7cd0814ea8215cbfc7d759602d4557e0cdf34937ba995df5d,17778000,0.0,,27,buy,2.261,52.273,2.261,2.261,0.135,filled,,XLU,0.2218
29.06,False,29.06,29.05,-1104.394,0.0,2026-06-11,29.059999,0.0,-0.2157,0.114,2.986,100.0,38,0.0258,0.114,0,,29.055,1104.28,market,@MLB_Attention_Momo,0.0002,0.0,mlb attention: 91 finals in 7d,0.0,30.02,data/real/prices/yahoo/DKNG.json,30.08,28.9,29.059999,728eccb3861f5cb322bf539a1926fb53cb11fdf0d1412a8d19111bd3a9ac37ef,19296500,0.0,,38,buy,0.0,-319.787,0.0,0.0,0.19,filled,,DKNG,0.3298
111.52,False,111.52,111.51,-4795.489,0.0,2026-06-11,111.510002,0.0,0.0308,0.129,1.101,100.0,43,0.1841,0.5589,0,,111.515,4795.36,market,@MLB_Attention_Momo,0.0018,0.4299,mlb attention: 91 finals in 7d,0.0,110.800003,data/real/prices/yahoo/FLUT.json,115.334999,109.550003,111.510002,b0ffbb30d24f61202de05dce905e96fb554a730be44b61df2e48712c8bcbabd0,2385600,0.0,,43,buy,0.897,64.982,0.897,0.897,0.215,filled,,FLUT,0.5281
44.23,False,44.22,44.22,1547.5563,0.0,2026-06-11,44.220001,0.0,-0.1834,0.105,2.113,100.0,35,0.0084,0.1437,0,,44.225,1547.7,market,@Weather_ColdSnap_Max,0.00018,0.0,weather: 1 cold anomaly days in 10,0.0,44.049999,data/real/prices/yahoo/XLU.json,44.52,44.009998,44.220001,5dddbd83cab3a8b7cd0814ea8215cbfc7d759602d4557e0cdf34937ba995df5d,19146300,0.0387,,35,sell,0.0,38.593,0.0,-0.0,0.175,filled,,XLU,0.3271
29.9,False,29.88,29.89,99039.5681,0.0,2026-06-12,29.9,0.0,27.7669,9.945,5.165,100.0,3315,21.9581,78.9319,0,,29.895,99052.2,market,@MLB_Attention_Momo,0.02308,66.3,mlb attention: schedule cooled,0.0,29.0,data/real/prices/yahoo/DKNG.json,30.129999,28.66,29.9,728eccb3861f5cb322bf539a1926fb53cb11fdf0d1412a8d19111bd3a9ac37ef,14361600,2.6869,,3315,sell,6.689,303.448,6.689,-6.689,16.575,filled,,DKNG,51.165
111.31,False,111.28,111.3,96029.9044,0.0,2026-06-12,111.300003,0.0,-4.016,2.589,2.709,100.0,863,16.9636,21.9982,0,,111.305,96034.64,market,@MLB_Attention_Momo,0.03944,17.2626,mlb attention: schedule cooled,0.0,110.650002,data/real/prices/yahoo/FLUT.json,112.019997,107.290001,111.300003,b0ffbb30d24f61202de05dce905e96fb554a730be44b61df2e48712c8bcbabd0,2188100,2.1466,,863,sell,1.797,56.936,1.797,-1.797,4.315,filled,,FLUT,26.0142
21.13,False,21.11,21.12,94830.921,0.0,2026-06-12,21.120001,0.0,-20.141,13.479,8.581,100.0,4493,42.6105,61.2435,0,,21.125,94847.23,market,@MLB_Attention_Momo,0.1685,44.9345,mlb attention: schedule cooled,0.0,21.68,data/real/prices/yahoo/PENN.json,21.940001,21.120001,21.120001,a08c607c0926b67cf07c1d783cb680772c85851bf312595d1e12c5291078fa04,2666400,2.83,,4493,sell,4.735,-262.915,4.735,-4.735,22.465,filled,,PENN,81.3845
740.72,False,740.72,740.71,-740.723,0.0,2026-06-12,740.710022,0.0,0.0047,0.003,0.112,100.0,1,0.0003,0.013,0,,740.715,740.72,market,@PinePilot_EMA_Cross,0.0,0.01,pinepilot: EMA(20) > EMA(50),0.0,741.75,data/real/prices/yahoo/SPY.json,744.440002,735.030029,740.710022,e0f05aaf67be23da1db20513eaed93274b165898427ebeab80c7cb2eca1d9a2d,57079500,0.0,,1,buy,0.135,-13.886,0.135,0.135,0.005,filled,,SPY,0.0083
132.98,False,132.98,132.97,-1728.779,0.0,2026-06-12,132.979996,0.0,-0.0818,0.039,0.699,100.0,13,0.0169,0.0391,0,,132.975,1728.74,market,@FDACatalyst_Rider,0.00017,0.0001,fda: 30d approvals=79 median=67,0.0,133.789993,data/real/prices/yahoo/XBI.json,135.539993,132.960007,132.979996,fe9eeb851e6faba2a7187e008fab271608d8a4d544227ad3543ac3d95d5dd769,7822900,0.0,,13,buy,0.0,-60.542,0.0,0.0,0.065,filled,,XBI,0.1209
296.56,False,296.56,296.55,-1779.378,0.0,2026-06-15,296.559998,0.0,-0.0342,0.018,0.293,100.0,6,0.0042,0.018,0,,296.555,1779.36,market,@PinePilot_EMA_Cross,3e-05,0.0,pinepilot: EMA(20) > EMA(50),0.0,294.640015,data/real/prices/yahoo/IWM.json,297.910004,293.920013,296.559998,4f6191d7931ac8755dec346902f769128dd059359a542aaf947e90ff8f2d344a,23889000,0.0,,6,buy,0.0,65.164,0.0,0.0,0.03,filled,,IWM,0.0522
738.11,False,738.11,738.09,-738.113,0.0,2026-06-15,738.099976,0.0,-0.0006,0.003,0.184,100.0,1,0.0006,0.013,0,,738.1,738.11,market,@PinePilot_EMA_Cross,0.0,0.01,pinepilot: EMA(20) > EMA(50),0.0,744.0,data/real/prices/yahoo/QQQ.json,744.76001,737.380005,738.099976,ae9ec3c0b0b8e0f5cd28ee45eac2dfcff9f95a7c5a1244e170ab0980d85979ed,46710200,0.0,,1,buy,0.136,-79.167,0.136,0.136,0.01,filled,,QQQ,0.0136
751.85,False,751.85,751.84,-1503.706,0.0,2026-06-15,751.849976,0.0,-0.0108,0.006,0.112,100.0,2,0.0009,0.006,0,,751.845,1503.7,market,@PinePilot_EMA_Cross,0.0,0.0,pinepilot: EMA(20) > EMA(50),0.0,754.830017,data/real/prices/yahoo/SPY.json,756.679993,751.76001,751.849976,e0f05aaf67be23da1db20513eaed93274b165898427ebeab80c7cb2eca1d9a2d,60176400,0.0,,2,buy,0.0,-39.479,0.0,0.0,0.01,filled,,SPY,0.0169
135.76,False,135.76,135.75,-1764.919,0.0,2026-06-15,135.75,0.0,0.0477,0.039,0.687,100.0,13,0.0173,0.169,0,,135.755,1764.88,market,@FDACatalyst_Rider,0.00025,0.13,fda: 30d approvals=67 median=67,0.0,136.399994,data/real/prices/yahoo/XBI.json,136.770004,134.550003,135.75,fe9eeb851e6faba2a7187e008fab271608d8a4d544227ad3543ac3d95d5dd769,5269900,0.0,,13,buy,0.737,-46.92,0.737,0.737,0.065,filled,,XBI,0.1213
28.9,False,28.92,28.89,-97094.511,0.0,2026-06-16,28.9,31.14,-3.0957,10.071,8.272,100.0,3357,22.3107,77.211,0,,28.895,97084.44,market,@MLB_Attention_Momo,0.03538,67.14,mlb attention: 91 finals in 7d,0.0,28.51,data/real/prices/yahoo/DKNG.json,29.530001,28.235001,28.9,728eccb3861f5cb322bf539a1926fb53cb11fdf0d1412a8d19111bd3a9ac37ef,9487300,0.0,,3357,buy,6.92,143.809,6.92,6.92,16.785,filled,,DKNG,80.3067
110.84,False,110.86,110.83,-96894.262,0.0,2026-06-16,110.830002,0.0,4.6585,2.622,2.496,100.0,874,17.1898,28.8403,0,,110.835,96891.64,market,@MLB_Attention_Momo,0.0417,26.2183,mlb attention: 91 finals in 7d,0.0,108.919998,data/real/prices/yahoo/FLUT.json,113.529999,108.709999,110.830002,b0ffbb30d24f61202de05dce905e96fb554a730be44b61df2e48712c8bcbabd0,2095700,0.0,,874,buy,2.707,178.113,2.707,2.707,4.37,filled,,FLUT,24.1818
21.83,False,21.85,21.82,-97136.585,0.0,2026-06-16,21.83,52.9,-29.5276,13.335,13.567,100.0,4445,43.3026,102.235,0,,21.825,97123.25,market,@MLB_Attention_Momo,0.17999,88.9,mlb attention: 91 finals in 7d,0.0,21.870001,data/real/prices/yahoo/PENN.json,22.360001,21.639999,21.83,a08c607c0926b67cf07c1d783cb680772c85851bf312595d1e12c5291078fa04,2469600,0.0,,4445,buy,9.162,-9.145,9.162,9.162,22.225,filled,,PENN,131.7626
108.01,False,108.01,108.0,-1296.156,0.0,2026-06-17,108.0,0.0,0.0334,0.036,0.946,100.0,12,0.0266,0.156,0,,108.005,1296.12,market,@MLB_Attention_Momo,0.00054,0.12,mlb attention: 92 finals in 7d,0.0,101.650002,data/real/prices/yahoo/FLUT.json,110.011002,101.370003,108.0,b0ffbb30d24f61202de05dce905e96fb554a730be44b61df2e48712c8bcbabd0,2214000,0.0,,12,buy,0.926,625.676,0.926,0.926,0.06,filled,,FLUT,0.1226
22.08,False,22.07,22.07,2294.9004,0.0,2026-06-17,22.07,0.0,-0.6773,0.312,4.604,100.0,104,0.1573,0.3796,0,,22.075,2295.28,market,@MLB_Attention_Momo,0.00339,-0.0,mlb attention: 92 finals in 7d,0.0,21.23,data/real/prices/yahoo/PENN.json,22.09,21.1,22.07,a08c607c0926b67cf07c1d783cb680772c85851bf312595d1e12c5291078fa04,3066200,0.0676,,104,sell,-0.0,395.667,-0.0,0.0,0.52,filled,,PENN,1.0568
26.14,False,26.13,26.13,3056.7732,0.0,2026-06-18,26.139999,0.0,0.4412,0.351,3.812,100.0,117,0.1436,1.6067,0,,26.135,3057.21,market,@MLB_Attention_Momo,0.00078,1.1699,mlb attention: 91 finals in 7d,0.0,26.389999,data/real/prices/yahoo/DKNG.json,26.6,25.43,26.139999,728eccb3861f5cb322bf539a1926fb53cb11fdf0d1412a8d19111bd3a9ac37ef,14981000,0.0858,,117,sell,3.825,-98.522,3.825,-3.825,0.585,filled,,DKNG,1.1654
100.21,False,100.2,100.2,4107.9844,0.0,2026-06-18,100.209999,0.0,0.0353,0.123,1.437,100.0,41,0.1697,0.6256,0,,100.205,4108.2,market,@MLB_Attention_Momo,0.00107,0.41,mlb attention: 91 finals in 7d,0.0,101.830002,data/real/prices/yahoo/FLUT.json,105.029999,99.349998,100.209999,b0ffbb30d24f61202de05dce905e96fb554a730be44b61df2e48712c8bcbabd0,3821000,0.0926,,41,sell,0.998,-160.071,0.998,-0.998,0.205,filled,,FLUT,0.5903
21.43,False,21.42,21.42,8309.5491,0.0,2026-06-18,21.43,0.0,0.8029,1.164,5.4,100.0,388,1.1371,5.2909,0,,21.425,8310.96,market,@MLB_Attention_Momo,0.00827,3.88,mlb attention: 91 finals in 7d,0.0,21.299999,data/real/prices/yahoo/PENN.json,21.559999,20.92,21.43,a08c607c0926b67cf07c1d783cb680772c85851bf312595d1e12c5291078fa04,4689700,0.2469,,388,sell,4.666,56.339,4.666,-4.666,1.94,filled,,PENN,4.4879
87.08,False,87.08,87.07,-1132.079,0.0,2026-06-18,87.07,0.0,0.0636,0.039,0.931,100.0,13,0.0014,0.169,0,,87.075,1132.04,market,@YieldCurve_Rotator,4e-05,0.13,curve: 21d change -27.0bp,0.0,86.75,data/real/prices/yahoo/TLT.json,87.18,86.650002,87.07,b2914ca7451d1c04fbe97f399361df69871d9a8afcbb0121541ac2bdd13a29f3,32350900,0.0,,13,buy,1.149,38.04,1.149,1.149,0.065,filled,,TLT,0.1054
11.42,False,11.41,11.41,97081.3169,0.0,2026-06-18,11.41,0.0,-72.9025,25.533,10.513,100.0,8511,30.3475,29.1931,0,,11.415,97110.51,market,@Weather_ColdSnap_Max,0.12504,-0.0,weather: no cold anomaly in the window,0.0,11.74,data/real/prices/yahoo/UNG.json,11.82,11.41,11.41,eb7bcc0769945fb2c40fbcd98753ed7e17e367cf69d2ce2bde9ae60f00a462cc,6806800,3.6601,,8511,sell,-0.0,-281.09,-0.0,0.0,42.555,filled,,UNG,102.0956
142.01,False,142.01,142.0,-4260.39,0.0,2026-06-18,142.0,0.0,0.089,0.09,0.707,100.0,30,0.061,0.39,0,,142.005,4260.3,market,@FDACatalyst_Rider,0.00031,0.3,fda: 30d approvals=78 median=67,0.0,140.720001,data/real/prices/yahoo/XBI.json,143.460007,138.699997,142.0,fe9eeb851e6faba2a7187e008fab271608d8a4d544227ad3543ac3d95d5dd769,9569900,0.0,,30,buy,0.704,91.671,0.704,0.704,0.15,filled,,XBI,0.301
44.6,False,44.59,44.59,52968.0331,0.0,2026-06-18,44.599998,0.0,4.3327,3.564,2.347,100.0,1188,1.6049,16.7645,0,,44.595,52972.92,market,@Weather_ColdSnap_Max,0.00323,11.8776,weather: no cold anomaly in the window,0.0,44.759998,data/real/prices/yahoo/XLU.json,45.34,44.529999,44.599998,5dddbd83cab3a8b7cd0814ea8215cbfc7d759602d4557e0cdf34937ba995df5d,36828300,1.3229,,1188,sell,2.242,-37.98,2.242,-2.242,5.94,filled,,XLU,12.4318
25.59,False,25.57,25.58,82860.3078,0.0,2026-06-22,25.584999,0.0,11.9862,9.723,5.875,100.0,3241,20.4206,60.6739,0,,25.585,82872.37,market,@MLB_Attention_Momo,0.03989,48.6118,mlb attention: schedule cooled,0.0,25.65,data/real/prices/yahoo/DKNG.json,26.42,25.530001,25.584999,728eccb3861f5cb322bf539a1926fb53cb11fdf0d1412a8d19111bd3a9ac37ef,8125300,2.3392,,3241,sell,5.862,-31.189,5.862,-5.862,16.205,filled,,DKNG,48.6878
99.31,False,99.28,99.3,83986.4468,0.0,2026-06-22,99.300003,0.0,-2.9774,2.538,2.897,100.0,846,15.6699,21.3557,0,,99.305,83990.88,market,@MLB_Attention_Momo,0.02306,16.9225,mlb attention: schedule cooled,0.0,97.440002,data/real/prices/yahoo/FLUT.json,102.43,97.440002,99.300003,b0ffbb30d24f61202de05dce905e96fb554a730be44b61df2e48712c8bcbabd0,3669000,1.8952,,846,sell,2.014,188.834,2.014,-2.014,4.23,filled,,FLUT,24.3331
21.17,False,21.15,21.16,83591.5979,0.0,2026-06-22,21.16,0.0,-15.9709,11.859,8.355,100.0,3953,35.7359,53.8821,0,,21.165,83605.95,market,@MLB_Attention_Momo,0.1478,39.53,mlb attention: schedule cooled,0.0,20.83,data/real/prices/yahoo/PENN.json,21.870001,20.73,21.16,a08c607c0926b67cf07c1d783cb680772c85851bf312595d1e12c5291078fa04,2674600,2.4931,,3953,sell,4.726,153.625,4.726,-4.726,19.765,filled,,PENN,69.853
747.71,False,747.71,747.7,-747.713,0.0,2026-06-22,747.700012,0.0,0.0046,0.003,0.112,100.0,1,0.0003,0.013,0,,747.705,747.71,market,@PinePilot_EMA_Cross,0.0,0.01,pinepilot: EMA(20) > EMA(50),0.0,744.390015,data/real/prices/yahoo/SPY.json,750.179993,743.130005,747.700012,e0f05aaf67be23da1db20513eaed93274b165898427ebeab80c7cb2eca1d9a2d,46628100,0.0,,1,buy,0.134,44.6,0.134,0.134,0.005,filled,,SPY,0.0083
143.53,False,143.53,143.52,-1004.731,0.0,2026-06-22,143.529999,0.0,-0.0419,0.021,0.626,100.0,7,0.0069,0.021,0,,143.525,1004.71,market,@FDACatalyst_Rider,4e-05,0.0,fda: 30d approvals=72 median=67,0.0,145.860001,data/real/prices/yahoo/XBI.json,146.770004,143.25,143.529999,fe9eeb851e6faba2a7187e008fab271608d8a4d544227ad3543ac3d95d5dd769,16738700,0.0,,7,buy,0.0,-159.742,0.0,0.0,0.035,filled,,XBI,0.0629
25.43,False,25.45,25.42,-82518.626,0.0,2026-06-23,25.43,28.84,-0.7113,9.726,9.124,100.0,3242,20.5013,74.566,0,,25.425,82508.9,market,@MLB_Attention_Momo,0.02194,64.84,mlb attention: 92 finals in 7d,0.0,25.15,data/real/prices/yahoo/DKNG.json,25.92,24.99,25.43,728eccb3861f5cb322bf539a1926fb53cb11fdf0d1412a8d19111bd3a9ac37ef,14777700,0.0,,3242,buy,7.865,119.284,7.865,7.865,16.21,filled,,DKNG,75.2773
97.64,False,97.66,97.63,-82427.572,0.0,2026-06-23,97.639999,0.0,-3.4468,2.532,2.773,100.0,844,16.1077,19.4128,0,,97.635,82425.04,market,@MLB_Attention_Momo,0.02878,16.8808,mlb attention: 92 finals in 7d,0.0,97.849998,data/real/prices/yahoo/FLUT.json,100.660004,97.294998,97.639999,b0ffbb30d24f61202de05dce905e96fb554a730be44b61df2e48712c8bcbabd0,2932800,0.0,,844,buy,2.048,-19.417,2.048,2.048,4.22,filled,,FLUT,22.8597
293.27,False,293.26,293.26,1466.2538,0.0,2026-06-23,293.26001,0.0,-0.0279,0.015,0.506,100.0,5,0.0029,0.0462,0,,293.265,1466.3,market,@PinePilot_EMA_Cross,2e-05,0.0001,pinepilot: EMA(20) > EMA(50),0.0,295.320007,data/real/prices/yahoo/IWM.json,297.75,292.399994,293.26001,4f6191d7931ac8755dec346902f769128dd059359a542aaf947e90ff8f2d344a,26821700,0.0312,,5,sell,0.0,-69.755,0.0,-0.0,0.025,filled,,IWM,0.0741
20.71,False,20.73,20.7,-82538.073,0.0,2026-06-23,20.700001,43.62,19.6251,11.943,13.54,100.0,3981,36.2759,131.369,0,,20.705,82526.13,market,@MLB_Attention_Momo,0.14102,119.426,mlb attention: 92 finals in 7d,0.0,20.5,data/real/prices/yahoo/PENN.json,21.059999,20.440001,20.700001,a08c607c0926b67cf07c1d783cb680772c85851bf312595d1e12c5291078fa04,2823100,0.0,,3981,buy,14.492,112.195,14.492,14.492,19.905,filled,,PENN,111.7439
733.81,False,733.8,733.8,733.7817,0.0,2026-06-23,733.809998,0.0,0.0047,0.003,0.322,100.0,1,0.0003,0.0283,0,,733.805,733.8,market,@PinePilot_EMA_Cross,0.0,0.01,pinepilot: EMA(20) > EMA(50),0.0,733.580017,data/real/prices/yahoo/SPY.json,739.630005,732.299988,733.809998,e0f05aaf67be23da1db20513eaed93274b165898427ebeab80c7cb2eca1d9a2d,66846800,0.0153,,1,sell,0.136,2.999,0.136,-0.136,0.005,filled,,SPY,0.0236
97.98,False,97.97,97.97,1469.4718,0.0,2026-06-24,97.970001,0.0,-0.1133,0.045,1.303,100.0,15,0.0383,0.0782,0,,97.975,1469.55,market,@MLB_Attention_Momo,0.00057,0.0,mlb attention: 91 finals in 7d,0.0,98.510002,data/real/prices/yahoo/FLUT.json,100.855003,97.459999,97.970001,b0ffbb30d24f61202de05dce905e96fb554a730be44b61df2e48712c8bcbabd0,2638800,0.0332,,15,sell,0.0,-54.817,0.0,-0.0,0.075,filled,,FLUT,0.1915
147.33,False,147.33,147.32,-2946.66,0.0,2026-06-24,147.320007,0.0,0.066,0.06,0.658,100.0,20,0.0338,0.2599,0,,147.325,2946.6,market,@FDACatalyst_Rider,0.00015,0.1999,fda: 30d approvals=78 median=67,0.0,149.710007,data/real/prices/yahoo/XBI.json,151.779999,147.320007,147.320007,fe9eeb851e6faba2a7187e008fab271608d8a4d544227ad3543ac3d95d5dd769,13716000,0.0,,20,buy,0.678,-158.974,0.678,0.678,0.1,filled,,XBI,0.1938
24.78,False,24.78,24.77,-1437.414,0.0,2026-06-25,24.775,0.0,-0.0485,0.174,3.566,100.0,58,0.0485,0.464,0,,24.775,1437.24,market,@MLB_Attention_Momo,0.00046,0.29,mlb attention: 93 finals in 7d,0.0,23.1,data/real/prices/yahoo/DKNG.json,25.014999,23.08,24.775,728eccb3861f5cb322bf539a1926fb53cb11fdf0d1412a8d19111bd3a9ac37ef,12556700,0.0,,58,buy,2.018,727.273,2.018,2.018,0.29,filled,,DKNG,0.5125
24.78,False,24.77,24.77,44554.5642,0.0,2026-06-25,24.775,0.0,-8.3731,5.397,5.393,100.0,1799,8.3731,15.6608,0,,24.775,44561.23,market,@MLB_Upset_Short,0.01433,8.995,mlb upsets: 47 in 7d vs median 36.5,0.0,23.1,data/real/prices/yahoo/DKNG.json,25.014999,23.08,24.775,728eccb3861f5cb322bf539a1926fb53cb11fdf0d1412a8d19111bd3a9ac37ef,12556700,1.2688,,1799,sell,2.018,722.944,2.018,-2.018,8.995,filled,,DKNG,24.0339
98.7,False,98.68,98.69,44502.3223,0.0,2026-06-25,98.690002,0.0,-4.1123,1.353,2.467,100.0,451,6.3682,6.8686,0,,98.695,44504.68,market,@MLB_Upset_Short,0.01074,4.5109,mlb upsets: 47 in 7d vs median 36.5,0.0,96.190002,data/real/prices/yahoo/FLUT.json,99.559998,95.110001,98.690002,b0ffbb30d24f61202de05dce905e96fb554a730be44b61df2e48712c8bcbabd0,4198700,1.0047,,451,sell,1.013,258.862,1.013,-1.013,2.255,filled,,FLUT,10.981
20.8,False,20.79,20.79,997.7461,0.0,2026-06-25,20.790001,0.0,-0.2888,0.144,4.637,100.0,48,0.0488,0.174,0,,20.795,997.92,market,@MLB_Attention_Momo,0.00122,0.0,mlb attention: 93 finals in 7d,0.0,21.09,data/real/prices/yahoo/PENN.json,21.799999,20.74,20.790001,a08c607c0926b67cf07c1d783cb680772c85851bf312595d1e12c5291078fa04,3941500,0.0299,,48,sell,0.0,-142.248,0.0,-0.0,0.24,filled,,PENN,0.4628
20.8,False,20.78,20.79,44565.3285,0.0,2026-06-25,20.790001,0.0,-3.8647,6.435,7.423,100.0,2145,14.5918,29.2236,0,,20.795,44573.1,market,@MLB_Upset_Short,0.05442,21.4521,mlb upsets: 47 in 7d vs median 36.5,0.0,21.09,data/real/prices/yahoo/PENN.json,21.799999,20.74,20.790001,a08c607c0926b67cf07c1d783cb680772c85851bf312595d1e12c5291078fa04,3941500,1.3365,,2145,sell,4.81,-146.989,4.81,-4.81,10.725,filled,,PENN,33.0883
149.89,False,149.89,149.88,-1798.716,0.0,2026-06-25,149.889999,0.0,-0.0759,0.036,0.622,100.0,12,0.0159,0.036,0,,149.885,1798.68,market,@FDACatalyst_Rider,0.0001,0.0,fda: 30d approvals=81 median=67,0.0,151.589996,data/real/prices/yahoo/XBI.json,154.699997,149.889999,149.889999,fe9eeb851e6faba2a7187e008fab271608d8a4d544227ad3543ac3d95d5dd769,12268600,0.0,,12,buy,0.0,-112.144,0.0,0.0,0.06,filled,,XBI,0.1119
23.71,False,23.71,23.7,-2157.883,0.0,2026-06-26,23.700001,0.0,0.3625,0.273,3.802,100.0,91,0.0924,1.1829,0,,23.705,2157.61,market,@MLB_Attention_Momo,0.00054,0.9099,mlb attention: 93 finals in 7d,0.0,25.700001,data/real/prices/yahoo/DKNG.json,25.74,23.32,23.700001,728eccb3861f5cb322bf539a1926fb53cb11fdf0d1412a8d19111bd3a9ac37ef,16724400,0.0,,91,buy,4.219,-774.319,4.219,4.219,0.455,filled,,DKNG,0.8204
23.71,False,23.72,23.7,-42677.677,0.0,2026-06-26,23.700001,7.99,10.8714,5.397,7.148,100.0,1799,8.1218,41.3752,0,,23.705,42672.28,market,@MLB_Upset_Short,0.01076,35.9782,mlb upsets: rate normalised,0.0,25.700001,data/real/prices/yahoo/DKNG.json,25.74,23.32,23.700001,728eccb3861f5cb322bf539a1926fb53cb11fdf0d1412a8d19111bd3a9ac37ef,16724400,0.0,,1799,buy,8.438,-770.428,8.438,8.438,8.995,filled,,DKNG,30.5038
96.45,False,96.46,96.44,-43601.276,0.0,2026-06-26,96.449997,0.0,-3.8548,1.356,2.232,100.0,452,6.1162,5.8774,0,,96.445,43599.92,market,@MLB_Upset_Short,0.00649,4.5214,mlb upsets: rate normalised,0.0,104.190002,data/real/prices/yahoo/FLUT.json,104.519997,96.449997,96.449997,b0ffbb30d24f61202de05dce905e96fb554a730be44b61df2e48712c8bcbabd0,6964500,0.0,,452,buy,1.037,-741.914,1.037,1.037,2.26,filled,,FLUT,9.7322
183.83,False,183.85,183.82,-56994.43,0.0,2026-06-26,183.820007,0.0,3.0916,0.93,1.252,100.0,310,4.6563,10.2278,0,,183.825,56993.5,market,@FDACatalyst_Rider,0.01466,9.2978,fda: 30d approvals=84 median=67,0.0,187.360001,data/real/prices/yahoo/IBB.json,188.690002,183.509995,183.820007,20849c9611587299a52489fe22060adc7823c700fb3483f21091d85a6cf8acb0,2114900,0.0,,310,buy,1.632,-187.34,1.632,1.632,1.55,filled,,IBB,7.1363
296.61,False,296.6,296.6,1186.3628,0.0,2026-06-26,296.600006,0.0,-0.0221,0.012,0.5,100.0,4,0.0021,0.0372,0,,296.605,1186.4,market,@PinePilot_EMA_Cross,1e-05,0.0,pinepilot: EMA(20) > EMA(50),0.0,299.829987,data/real/prices/yahoo/IWM.json,300.029999,295.730011,296.600006,4f6191d7931ac8755dec346902f769128dd059359a542aaf947e90ff8f2d344a,39832500,0.0252,,4,sell,0.0,-107.727,0.0,-0.0,0.02,filled,,IWM,0.0593
21.58,False,21.57,21.57,4464.2367,0.0,2026-06-26,21.57,0.0,-1.4917,0.621,5.028,100.0,207,0.4567,0.7533,0,,21.575,4464.99,market,@MLB_Attention_Momo,0.00105,-0.0,mlb attention: 93 finals in 7d,0.0,21.879999,data/real/prices/yahoo/PENN.json,22.120001,21.27,21.57,a08c607c0926b67cf07c1d783cb680772c85851bf312595d1e12c5291078fa04,19777000,0.1323,,207,sell,-0.0,-141.681,-0.0,0.0,1.035,filled,,PENN,2.2451
21.58,False,21.59,21.57,-46316.985,0.0,2026-06-26,21.57,11.45,5.4893,6.435,9.468,100.0,2145,15.2357,49.335,0,,21.575,46310.55,market,@MLB_Upset_Short,0.01085,42.9,mlb upsets: rate normalised,0.0,21.879999,data/real/prices/yahoo/PENN.json,22.120001,21.27,21.57,a08c607c0926b67cf07c1d783cb680772c85851bf312595d1e12c5291078fa04,19777000,0.0,,2145,buy,9.272,-132.541,9.272,9.272,10.725,filled,,PENN,43.8457
151.23,False,151.23,151.22,-907.398,0.0,2026-06-26,151.229996,0.0,-0.0356,0.018,0.592,100.0,6,0.0057,0.018,0,,151.225,907.38,market,@FDACatalyst_Rider,5e-05,0.0,fda: 30d approvals=84 median=67,0.0,155.380005,data/real/prices/yahoo/XBI.json,155.929993,151.199997,151.229996,fe9eeb851e6faba2a7187e008fab271608d8a4d544227ad3543ac3d95d5dd769,11014400,0.0,,6,buy,0.0,-267.087,0.0,0.0,0.03,filled,,XBI,0.0537
25.95,False,25.95,25.94,-2517.441,0.0,2026-06-29,25.940001,0.0,0.3607,0.291,3.576,100.0,97,0.1242,1.2609,0,,25.945,2517.15,market,@MLB_Attention_Momo,0.00086,0.9699,mlb attention: 96 finals in 7d,0.0,25.799999,data/real/prices/yahoo/DKNG.json,26.35,25.23,25.940001,728eccb3861f5cb322bf539a1926fb53cb11fdf0d1412a8d19111bd3a9ac37ef,11266900,0.0,,97,buy,3.855,58.14,3.855,3.855,0.485,filled,,DKNG,0.9002
106.26,False,106.26,106.25,-2337.786,0.0,2026-06-29,106.25,0.0,0.0285,0.066,1.101,100.0,22,0.0815,0.286,0,,106.255,2337.72,market,@MLB_Attention_Momo,0.00094,0.22,mlb attention: 96 finals in 7d,0.0,104.120003,data/real/prices/yahoo/FLUT.json,108.589996,102.410004,106.25,b0ffbb30d24f61202de05dce905e96fb554a730be44b61df2e48712c8bcbabd0,2334100,0.0,,22,buy,0.941,205.532,0.941,0.941,0.11,filled,,FLUT,0.2575
21.88,False,21.88,21.87,-8950.147,0.0,2026-06-29,21.879999,0.0,-3.0236,1.227,4.75,100.0,409,0.979,1.2274,0,,21.875,8948.92,market,@MLB_Attention_Momo,0.01274,0.0004,mlb attention: 96 finals in 7d,0.0,22.059999,data/real/prices/yahoo/PENN.json,22.35,21.719999,21.879999,a08c607c0926b67cf07c1d783cb680772c85851bf312595d1e12c5291078fa04,3209400,0.0,,409,buy,0.0,-81.595,0.0,0.0,2.045,filled,,PENN,4.251
155.51,False,155.51,155.5,-5131.929,0.0,2026-06-29,155.5,0.0,0.0884,0.099,0.664,100.0,33,0.0766,0.429,0,,155.505,5131.83,market,@FDACatalyst_Rider,0.00027,0.33,fda: 30d approvals=76 median=67,0.0,158.309998,data/real/prices/yahoo/XBI.json,158.330002,154.369995,155.5,fe9eeb851e6faba2a7187e008fab271608d8a4d544227ad3543ac3d95d5dd769,12227900,0.0,,33,buy,0.643,-176.868,0.643,0.643,0.165,filled,,XBI,0.3406
25.63,False,25.62,25.62,1280.8139,0.0,2026-06-30,25.620001,0.0,-0.2951,0.15,3.757,100.0,50,0.0452,0.1862,0,,25.625,1281.0,market,@MLB_Attention_Momo,0.00046,0.0,mlb attention: 97 finals in 7d,0.0,25.26,data/real/prices/yahoo/DKNG.json,25.799999,24.77,25.620001,728eccb3861f5cb322bf539a1926fb53cb11fdf0d1412a8d19111bd3a9ac37ef,10951200,0.0361,,50,sell,0.0,142.518,0.0,-0.0,0.25,filled,,DKNG,0.4813
298.56,False,298.56,298.55,-1194.252,0.0,2026-06-30,298.559998,0.0,-0.0221,0.012,0.286,100.0,4,0.0022,0.012,0,,298.555,1194.24,market,@PinePilot_EMA_Cross,2e-05,0.0,pinepilot: EMA(20) > EMA(50),0.0,300.450012,data/real/prices/yahoo/IWM.json,300.980011,297.440002,298.559998,4f6191d7931ac8755dec346902f769128dd059359a542aaf947e90ff8f2d344a,23230300,0.0,,4,buy,0.0,-62.906,0.0,0.0,0.02,filled,,IWM,0.0342
21.85,False,21.84,21.84,2249.1446,0.0,2026-06-30,21.84,0.0,-0.6381,0.309,4.506,100.0,103,0.1231,0.3754,0,,21.845,2249.52,market,@MLB_Attention_Momo,0.00319,-0.0,mlb attention: 97 finals in 7d,0.0,21.360001,data/real/prices/yahoo/PENN.json,21.889999,21.110001,21.84,a08c607c0926b67cf07c1d783cb680772c85851bf312595d1e12c5291078fa04,3227100,0.0664,,103,sell,-0.0,224.719,-0.0,0.0,0.515,filled,,PENN,1.0135
158.81,False,158.81,158.8,-3493.886,0.0,2026-06-30,158.809998,0.0,-0.1527,0.066,0.626,100.0,22,0.0428,0.066,0,,158.805,3493.82,market,@FDACatalyst_Rider,0.00024,0.0,fda: 30d approvals=80 median=67,0.0,158.25,data/real/prices/yahoo/XBI.json,160.009995,157.520004,158.809998,fe9eeb851e6faba2a7187e008fab271608d8a4d544227ad3543ac3d95d5dd769,9017700,0.0,,22,buy,0.0,35.387,0.0,0.0,0.11,filled,,XBI,0.2188
104.16,False,104.15,104.15,1353.8806,0.0,2026-07-01,104.150002,0.0,-0.1016,0.039,1.264,100.0,13,0.0367,0.0695,0,,104.155,1353.95,market,@MLB_Attention_Momo,0.00075,0.0,mlb attention: 97 finals in 7d,0.0,105.389999,data/real/prices/yahoo/FLUT.json,106.790001,103.139999,104.150002,b0ffbb30d24f61202de05dce905e96fb554a730be44b61df2e48712c8bcbabd0,1735000,0.0304,,13,sell,0.0,-117.658,0.0,-0.0,0.065,filled,,FLUT,0.1711
190.59,False,190.59,190.58,-2477.709,0.0,2026-07-01,190.580002,0.0,0.0229,0.039,0.589,100.0,13,0.042,0.169,0,,190.585,2477.67,market,@FDACatalyst_Rider,0.00078,0.13,fda: 30d approvals=84 median=67,0.0,190.119995,data/real/prices/yahoo/IBB.json,191.080002,189.479996,190.580002,20849c9611587299a52489fe22060adc7823c700fb3483f21091d85a6cf8acb0,1662600,0.0,,13,buy,0.525,24.721,0.525,0.525,0.065,filled,,IBB,0.146
729.2,False,729.18,729.18,1458.3236,0.0,2026-07-01,729.190002,0.0,-0.0023,0.006,0.402,100.0,2,0.0023,0.0564,0,,729.19,1458.36,market,@LeapMaxLever_Momentum,0.0,0.02,the leap: monthly leader QQQ,0.0,725.169983,data/real/prices/yahoo/QQQ.json,731.919983,724.599976,729.190002,ae9ec3c0b0b8e0f5cd28ee45eac2dfcff9f95a7c5a1244e170ab0980d85979ed,40803800,0.0304,,2,sell,0.137,55.298,0.137,-0.137,0.02,filled,,QQQ,0.0587
85.49,False,85.48,85.48,1282.1257,0.0,2026-07-01,85.480003,0.0,-0.0771,0.045,1.182,100.0,15,0.0022,0.0744,0,,85.485,1282.2,market,@YieldCurve_Rotator,5e-05,0.0,curve: 21d change -19.0bp,0.0,85.519997,data/real/prices/yahoo/TLT.json,85.790001,85.43,85.480003,b2914ca7451d1c04fbe97f399361df69871d9a8afcbb0121541ac2bdd13a29f3,28109800,0.0293,,15,sell,0.0,-4.677,0.0,-0.0,0.075,filled,,TLT,0.1515
21.5,False,21.5,21.49,-2365.33,0.0,2026-07-02,21.49,0.0,0.4345,0.33,4.209,100.0,110,0.1155,1.43,0,,21.495,2365.0,market,@MLB_Attention_Momo,0.00468,1.1,mlb attention: 95 finals in 7d,0.0,22.02,data/real/prices/yahoo/PENN.json,22.09,21.450001,21.49,a08c607c0926b67cf07c1d783cb680772c85851bf312595d1e12c5291078fa04,2350800,0.0,,110,buy,4.653,-236.149,4.653,4.653,0.55,filled,,PENN,0.9955
725.59,False,725.59,725.57,-725.593,0.0,2026-07-02,725.580017,0.0,-0.0008,0.003,0.19,100.0,1,0.0008,0.013,0,,725.58,725.59,market,@PinePilot_EMA_Cross,0.0,0.01,pinepilot: EMA(20) > EMA(50),0.0,712.599976,data/real/prices/yahoo/QQQ.json,730.830017,707.559998,725.580017,ae9ec3c0b0b8e0f5cd28ee45eac2dfcff9f95a7c5a1244e170ab0980d85979ed,50959800,0.0,,1,buy,0.138,182.291,0.138,0.138,0.01,filled,,QQQ,0.0138
25.82,False,25.82,25.81,-1446.088,0.0,2026-07-06,25.813999,0.0,0.0052,0.168,3.45,100.0,56,0.0509,0.5041,0,,25.815,1445.92,market,@MLB_Attention_Momo,0.00059,0.3361,mlb attention: 94 finals in 7d,0.0,26.209999,data/real/prices/yahoo/DKNG.json,26.26,25.135,25.813999,728eccb3861f5cb322bf539a1926fb53cb11fdf0d1412a8d19111bd3a9ac37ef,9557900,0.0,,56,buy,2.325,-148.798,2.325,2.325,0.28,filled,,DKNG,0.4989
106.24,False,106.24,106.23,-1168.673,0.0,2026-07-06,106.239998,0.0,-0.0813,0.033,0.978,100.0,11,0.0263,0.033,0,,106.235,1168.64,market,@MLB_Attention_Momo,0.00076,0.0,mlb attention: 94 finals in 7d,0.0,107.43,data/real/prices/yahoo/FLUT.json,108.080002,103.610001,106.239998,b0ffbb30d24f61202de05dce905e96fb554a730be44b61df2e48712c8bcbabd0,1442300,0.0,,11,buy,0.0,-110.77,0.0,0.0,0.055,filled,,FLUT,0.1143
195.7,False,195.68,195.69,63397.9788,0.0,2026-07-06,195.699997,0.0,0.2191,0.972,1.357,100.0,324,4.6399,8.8203,0,,195.695,63400.32,market,@FDACatalyst_Rider,0.01965,6.479,fda: approval flow back below median,0.0,195.309998,data/real/prices/yahoo/IBB.json,196.020004,192.630005,195.699997,20849c9611587299a52489fe22060adc7823c700fb3483f21091d85a6cf8acb0,1648700,1.3692,,324,sell,1.022,18.944,1.022,-1.022,1.62,filled,,IBB,8.6011
160.23,False,160.21,160.22,236139.9659,0.0,2026-07-06,160.229996,0.0,2.1972,4.422,1.56,100.0,1474,19.9069,39.0482,0,,160.225,236149.54,market,@FDACatalyst_Rider,0.01973,29.4741,fda: approval flow back below median,0.0,160.809998,data/real/prices/yahoo/XBI.json,161.559998,158.669998,160.229996,fe9eeb851e6faba2a7187e008fab271608d8a4d544227ad3543ac3d95d5dd769,7470600,5.1521,,1474,sell,1.248,-37.311,1.248,-1.248,7.37,filled,,XBI,36.851
26.38,False,26.36,26.37,92088.7794,0.0,2026-07-07,26.379999,0.0,26.7758,10.482,6.098,100.0,3494,25.6307,82.9371,0,,26.375,92101.84,market,@MLB_Attention_Momo,0.03942,69.8765,mlb attention: schedule cooled,0.0,26.91,data/real/prices/yahoo/DKNG.json,27.360001,26.290001,26.379999,728eccb3861f5cb322bf539a1926fb53cb11fdf0d1412a8d19111bd3a9ac37ef,8864300,2.5786,,3494,sell,7.581,-204.385,7.581,-7.581,17.47,filled,,DKNG,56.1613
108.06,False,108.03,108.05,91712.8681,0.0,2026-07-07,108.055,0.0,-1.1521,2.547,2.942,100.0,849,18.1321,25.8269,0,,108.055,91717.47,market,@MLB_Attention_Momo,0.05703,21.225,mlb attention: schedule cooled,0.0,108.349998,data/real/prices/yahoo/FLUT.json,111.18,107.805,108.055,b0ffbb30d24f61202de05dce905e96fb554a730be44b61df2e48712c8bcbabd0,1488600,2.0549,,849,sell,2.314,-29.534,2.314,-2.314,4.245,filled,,FLUT,26.9791
21.0,False,20.98,20.99,86905.1126,0.0,2026-07-07,21.0,0.0,34.6218,12.429,7.279,100.0,4143,27.5232,97.8874,0,,20.995,86920.14,market,@MLB_Attention_Momo,0.12967,82.86,mlb attention: schedule cooled,0.0,20.780001,data/real/prices/yahoo/PENN.json,21.370001,20.51,21.0,a08c607c0926b67cf07c1d783cb680772c85851bf312595d1e12c5291078fa04,3195100,2.5984,,4143,sell,9.524,96.246,9.524,-9.524,20.715,filled,,PENN,63.2657
714.18,False,714.18,714.16,-714.183,0.0,2026-07-07,714.169983,0.0,-0.0008,0.003,0.194,100.0,1,0.0008,0.013,0,,714.17,714.18,market,@PinePilot_EMA_Cross,0.0,0.01,pinepilot: EMA(20) > EMA(50),0.0,709.429993,data/real/prices/yahoo/QQQ.json,716.349976,704.900024,714.169983,ae9ec3c0b0b8e0f5cd28ee45eac2dfcff9f95a7c5a1244e170ab0980d85979ed,42483100,0.0,,1,buy,0.14,66.955,0.14,0.14,0.01,filled,,QQQ,0.0138
162.04,False,162.06,162.03,-239691.177,0.0,2026-07-07,162.039993,4.79,-2.9394,4.437,1.542,100.0,1479,20.3448,34.0274,0,,162.035,239686.74,market,@FDACatalyst_Rider,0.01549,29.5904,fda: 30d approvals=67 median=67,0.0,163.869995,data/real/prices/yahoo/XBI.json,164.350006,159.350006,162.039993,fe9eeb851e6faba2a7187e008fab271608d8a4d544227ad3543ac3d95d5dd769,9548200,0.0,,1479,buy,1.235,-110.453,1.235,1.235,7.395,filled,,XBI,36.9668
743.16,False,743.15,743.15,743.1315,0.0,2026-07-08,743.159973,0.0,0.0046,0.003,0.322,100.0,1,0.0004,0.0285,0,,743.155,743.15,market,@PinePilot_EMA_Cross,0.0,0.01,pinepilot: EMA(20) > EMA(50),0.0,745.400024,data/real/prices/yahoo/SPY.json,746.150024,739.51001,743.159973,e0f05aaf67be23da1db20513eaed93274b165898427ebeab80c7cb2eca1d9a2d,43767400,0.0155,,1,sell,0.134,-30.185,0.134,-0.134,0.005,filled,,SPY,0.0239
26.74,False,26.76,26.73,-90137.784,0.0,2026-07-10,26.73,31.36,27.976,10.104,9.228,100.0,3368,24.864,111.144,0,,26.735,90127.68,market,@MLB_Attention_Momo,0.04362,101.04,mlb attention: 95 finals in 7d,0.0,26.475,data/real/prices/yahoo/DKNG.json,27.309999,26.299999,26.73,728eccb3861f5cb322bf539a1926fb53cb11fdf0d1412a8d19111bd3a9ac37ef,7721600,0.0,,3368,buy,11.223,107.649,11.223,11.223,16.84,filled,,DKNG,83.168
113.46,False,113.48,113.45,-89992.019,0.0,2026-07-10,113.459999,0.0,-4.8839,2.379,2.57,100.0,793,16.7797,18.2398,0,,113.455,89989.64,market,@MLB_Attention_Momo,0.06209,15.8608,mlb attention: 95 finals in 7d,0.0,110.660004,data/real/prices/yahoo/FLUT.json,115.150002,110.559998,113.459999,b0ffbb30d24f61202de05dce905e96fb554a730be44b61df2e48712c8bcbabd0,1277200,0.0,,793,buy,1.763,254.834,1.763,1.763,3.965,filled,,FLUT,23.1237
20.71,False,20.73,20.7,-90167.817,0.0,2026-07-10,20.700001,50.98,26.9927,13.047,12.924,100.0,4349,30.7479,143.5127,0,,20.705,90154.77,market,@MLB_Attention_Momo,0.22894,130.4657,mlb attention: 95 finals in 7d,0.0,20.360001,data/real/prices/yahoo/PENN.json,21.129999,20.280001,20.700001,a08c607c0926b67cf07c1d783cb680772c85851bf312595d1e12c5291078fa04,1899600,0.0,,4349,buy,14.492,181.728,14.492,14.492,21.745,filled,,PENN,116.5199
163.89,False,163.89,163.88,-1311.144,0.0,2026-07-10,163.889999,0.0,-0.0466,0.024,0.539,100.0,8,0.0066,0.024,0,,163.885,1311.12,market,@FDACatalyst_Rider,7e-05,0.0,fda: 30d approvals=69 median=67,0.0,159.029999,data/real/prices/yahoo/XBI.json,164.229996,156.270004,163.889999,fe9eeb851e6faba2a7187e008fab271608d8a4d544227ad3543ac3d95d5dd769,12260000,0.0,,8,buy,0.0,305.603,0.0,0.0,0.04,filled,,XBI,0.0706
26.81,False,26.8,26.8,1420.2014,0.0,2026-07-13,26.809999,0.0,0.2231,0.159,3.559,100.0,53,0.0419,0.7285,0,,26.805,1420.4,market,@MLB_Attention_Momo,0.00039,0.5299,mlb attention: 97 finals in 7d,0.0,26.450001,data/real/prices/yahoo/DKNG.json,27.52,26.209999,26.809999,728eccb3861f5cb322bf539a1926fb53cb11fdf0d1412a8d19111bd3a9ac37ef,13615600,0.0396,,53,sell,3.73,132.325,3.73,-3.73,0.265,filled,,DKNG,0.5055
157.23,False,157.21,157.22,233761.7033,0.0,2026-07-13,157.229996,0.0,3.5323,4.461,1.53,100.0,1487,18.7667,39.3007,0,,157.225,233771.27,market,@FDACatalyst_Rider,0.0131,29.7341,fda: approval flow back below median,0.0,155.339996,data/real/prices/yahoo/XBI.json,157.289993,153.869995,157.229996,fe9eeb851e6faba2a7187e008fab271608d8a4d544227ad3543ac3d95d5dd769,11350500,5.1057,,1487,sell,1.272,120.381,1.272,-1.272,7.435,filled,,XBI,35.7684
25.88,False,25.86,25.87,85687.6863,0.0,2026-07-14,25.879999,0.0,30.3963,9.942,5.628,100.0,3314,19.3104,78.6303,0,,25.875,85700.04,market,@MLB_Attention_Momo,0.02678,66.2767,mlb attention: schedule cooled,0.0,25.209999,data/real/prices/yahoo/DKNG.json,26.23,25.055,25.879999,728eccb3861f5cb322bf539a1926fb53cb11fdf0d1412a8d19111bd3a9ac37ef,12374000,2.4117,,3314,sell,7.728,257.835,7.728,-7.728,16.57,filled,,DKNG,48.234
109.3,False,109.27,109.29,86537.5268,0.0,2026-07-14,109.290001,0.0,-2.8991,2.376,2.664,100.0,792,14.7799,20.154,0,,109.295,86541.84,market,@MLB_Attention_Momo,0.0298,15.8408,mlb attention: schedule cooled,0.0,108.470001,data/real/prices/yahoo/FLUT.json,112.07,107.010002,109.290001,b0ffbb30d24f61202de05dce905e96fb554a730be44b61df2e48712c8bcbabd0,2657300,1.9372,,792,sell,1.83,73.753,1.83,-1.83,3.96,filled,,FLUT,23.0531
20.38,False,20.36,20.37,88509.5645,0.0,2026-07-14,20.379999,0.0,41.1447,13.044,6.95,100.0,4348,24.071,102.6711,0,,20.375,88525.28,market,@MLB_Attention_Momo,0.15734,86.9557,mlb attention: schedule cooled,0.0,20.18,data/real/prices/yahoo/PENN.json,20.540001,19.799999,20.379999,a08c607c0926b67cf07c1d783cb680772c85851bf312595d1e12c5291078fa04,2763500,2.6715,,4348,sell,9.813,89.197,9.813,-9.813,21.74,filled,,PENN,61.5264
155.73,False,155.75,155.72,-228801.157,0.0,2026-07-14,155.720001,4.69,13.447,4.407,1.531,100.0,1469,18.5865,48.4755,0,,155.725,228796.75,market,@FDACatalyst_Rider,0.01794,44.0685,fda: 30d approvals=67 median=67,0.0,155.449997,data/real/prices/yahoo/XBI.json,156.320007,153.75,155.720001,fe9eeb851e6faba2a7187e008fab271608d8a4d544227ad3543ac3d95d5dd769,8187600,0.0,,1469,buy,1.926,19.299,1.926,1.926,7.345,filled,,XBI,35.0285
295.26,False,295.26,295.25,-1181.052,0.0,2026-07-15,295.25,0.0,0.0186,0.012,0.283,100.0,4,0.0014,0.052,0,,295.255,1181.04,market,@PinePilot_EMA_Cross,2e-05,0.04,pinepilot: EMA(20) > EMA(50),0.0,295.769989,data/real/prices/yahoo/IWM.json,297.140015,294.149994,295.25,4f6191d7931ac8755dec346902f769128dd059359a542aaf947e90ff8f2d344a,18832700,0.0,,4,buy,0.339,-17.243,0.339,0.339,0.02,filled,,IWM,0.0334
154.26,False,154.25,154.25,925.4618,0.0,2026-07-15,154.25,0.0,-0.0346,0.018,0.787,100.0,6,0.0046,0.0382,0,,154.255,925.5,market,@FDACatalyst_Rider,0.00011,-0.0,fda: 30d approvals=71 median=67,0.0,156.220001,data/real/prices/yahoo/XBI.json,156.330002,152.899994,154.25,fe9eeb851e6faba2a7187e008fab271608d8a4d544227ad3543ac3d95d5dd769,5608900,0.0202,,6,sell,-0.0,-126.104,-0.0,0.0,0.03,filled,,XBI,0.0729
292.03,False,292.02,292.02,2336.0863,0.0,2026-07-17,292.029999,0.0,0.0363,0.024,0.503,100.0,8,0.0037,0.1537,0,,292.025,2336.16,market,@PinePilot_EMA_Cross,3e-05,0.08,pinepilot: EMA(20) > EMA(50),0.0,294.040009,data/real/prices/yahoo/IWM.json,296.130005,291.640015,292.029999,4f6191d7931ac8755dec346902f769128dd059359a542aaf947e90ff8f2d344a,28738500,0.0497,,8,sell,0.342,-68.698,0.342,-0.342,0.04,filled,,IWM,0.1174
742.09,False,742.08,742.08,1484.123,0.0,2026-07-17,742.080017,0.0,-0.0108,0.006,0.322,100.0,2,0.0008,0.037,0,,742.085,1484.16,market,@PinePilot_EMA_Cross,0.0,0.0,pinepilot: EMA(20) > EMA(50),0.0,743.289978,data/real/prices/yahoo/SPY.json,747.289978,740.799988,742.080017,e0f05aaf67be23da1db20513eaed93274b165898427ebeab80c7cb2eca1d9a2d,62651000,0.031,,2,sell,0.0,-16.279,0.0,-0.0,0.01,filled,,SPY,0.0478
149.58,False,149.57,149.57,3439.9656,0.0,2026-07-17,149.570007,0.0,-0.1514,0.069,0.86,100.0,23,0.0366,0.1445,0,,149.575,3440.11,market,@FDACatalyst_Rider,0.0002,0.0002,fda: 30d approvals=68 median=67,0.0,154.259995,data/real/prices/yahoo/XBI.json,155.470001,149.149994,149.570007,fe9eeb851e6faba2a7187e008fab271608d8a4d544227ad3543ac3d95d5dd769,11572800,0.0754,,23,sell,0.0,-304.032,0.0,-0.0,0.115,filled,,XBI,0.2959
154.64,False,154.62,154.63,222643.6126,0.0,2026-07-20,154.639999,0.0,3.0926,4.32,1.567,100.0,1440,18.5059,37.986,0,,154.635,222652.8,market,@FDACatalyst_Rider,0.01847,28.7986,fda: approval flow back below median,0.0,150.940002,data/real/prices/yahoo/XBI.json,156.539993,150.889999,154.639999,fe9eeb851e6faba2a7187e008fab271608d8a4d544227ad3543ac3d95d5dd769,7797500,4.8674,,1440,sell,1.293,243.805,1.293,-1.293,7.2,filled,,XBI,34.8934
293.43,False,293.43,293.42,-880.299,0.0,2026-07-21,293.429993,0.0,-0.0158,0.009,0.282,100.0,3,0.0008,0.009,0,,293.425,880.29,market,@PinePilot_EMA_Cross,2e-05,0.0,pinepilot: EMA(20) > EMA(50),0.0,296.540009,data/real/prices/yahoo/IWM.json,296.75,292.679993,293.429993,4f6191d7931ac8755dec346902f769128dd059359a542aaf947e90ff8f2d344a,18190200,0.0,,3,buy,0.0,-104.877,0.0,0.0,0.015,filled,,IWM,0.0248
153.64,False,153.66,153.63,-226191.936,0.0,2026-07-22,153.639999,4.72,-2.2725,4.416,1.597,100.0,1472,19.634,33.8575,0,,153.635,226187.52,market,@FDACatalyst_Rider,0.02336,29.4415,fda: 30d approvals=68 median=67,0.0,152.110001,data/real/prices/yahoo/XBI.json,154.75,151.979996,153.639999,fe9eeb851e6faba2a7187e008fab271608d8a4d544227ad3543ac3d95d5dd769,6301200,0.0,,1472,buy,1.302,101.9,1.302,1.302,7.36,filled,,XBI,36.13
150.0,False,149.99,149.99,2699.7069,0.0,2026-07-23,149.990005,0.0,-0.1145,0.054,0.843,100.0,18,0.0246,0.1132,0,,149.995,2699.82,market,@FDACatalyst_Rider,0.00027,0.0001,fda: 30d approvals=72 median=67,0.0,152.229996,data/real/prices/yahoo/XBI.json,153.389999,149.330002,149.990005,fe9eeb851e6faba2a7187e008fab271608d8a4d544227ad3543ac3d95d5dd769,6647000,0.0591,,18,sell,0.0,-147.146,0.0,-0.0,0.09,filled,,XBI,0.2277
23.08,False,23.1,23.07,-85319.379,0.0,2026-07-24,23.07,37.86,36.0794,11.079,10.056,100.0,3693,18.3856,121.869,0,,23.075,85308.3,market,@MLB_Attention_Momo,0.04562,110.79,mlb attention: 95 finals in 7d,0.0,23.01,data/real/prices/yahoo/DKNG.json,23.42,22.860001,23.07,728eccb3861f5cb322bf539a1926fb53cb11fdf0d1412a8d19111bd3a9ac37ef,8094700,0.0,,3693,buy,13.004,39.113,13.004,13.004,18.465,filled,,DKNG,85.7896
101.38,False,101.4,101.37,-85077.117,0.0,2026-07-24,101.379997,0.0,-1.7572,2.517,2.475,100.0,839,14.3447,19.2995,0,,101.375,85074.6,market,@MLB_Attention_Momo,0.03605,16.7825,mlb attention: 95 finals in 7d,0.0,101.25,data/real/prices/yahoo/FLUT.json,102.260002,99.714996,101.379997,b0ffbb30d24f61202de05dce905e96fb554a730be44b61df2e48712c8bcbabd0,2327300,0.0,,839,buy,1.973,14.815,1.973,1.973,4.195,filled,,FLUT,21.0567
293.42,False,293.41,293.41,1173.603,0.0,2026-07-24,293.410004,0.0,-0.0212,0.012,0.495,100.0,4,0.0012,0.037,0,,293.415,1173.64,market,@PinePilot_EMA_Cross,2e-05,0.0,pinepilot: EMA(20) > EMA(50),0.0,291.170013,data/real/prices/yahoo/IWM.json,293.970001,290.480011,293.410004,4f6191d7931ac8755dec346902f769128dd059359a542aaf947e90ff8f2d344a,19771000,0.025,,4,sell,0.0,76.931,0.0,-0.0,0.02,filled,,IWM,0.0581
20.5,False,20.52,20.49,-85293.588,0.0,2026-07-24,20.5,47.12,-11.4852,12.468,12.555,100.0,4156,26.7052,95.588,0,,20.495,85281.12,market,@MLB_Attention_Momo,0.16252,83.12,mlb attention: 95 finals in 7d,0.0,20.48,data/real/prices/yahoo/PENN.json,20.98,20.219999,20.5,a08c607c0926b67cf07c1d783cb680772c85851bf312595d1e12c5291078fa04,2557300,0.0,,4156,buy,9.756,19.531,9.756,9.756,20.78,filled,,PENN,107.0732
152.78,False,152.78,152.77,-1986.179,0.0,2026-07-24,152.779999,0.0,-0.0803,0.039,0.601,100.0,13,0.0153,0.039,0,,152.775,1986.14,market,@FDACatalyst_Rider,0.00018,0.0,fda: 30d approvals=68 median=67,0.0,150.479996,data/real/prices/yahoo/XBI.json,153.279999,149.910004,152.779999,fe9eeb851e6faba2a7187e008fab271608d8a4d544227ad3543ac3d95d5dd769,7387100,0.0,,13,buy,0.0,152.845,0.0,0.0,0.065,filled,,XBI,0.1193
23.61,False,23.61,23.6,-1700.136,0.0,2026-07-27,23.6,0.0,0.3091,0.216,3.688,100.0,72,0.0509,0.936,0,,23.605,1699.92,market,@MLB_Attention_Momo,0.0007,0.72,mlb attention: 95 finals in 7d,0.0,24.110001,data/real/prices/yahoo/DKNG.json,24.59,23.48,23.6,728eccb3861f5cb322bf539a1926fb53cb11fdf0d1412a8d19111bd3a9ac37ef,10287700,0.0,,72,buy,4.237,-207.383,4.237,4.237,0.36,filled,,DKNG,0.6269
20.63,False,20.63,20.62,-3115.583,0.0,2026-07-27,20.629999,0.0,-0.9449,0.453,4.488,100.0,151,0.1901,0.4532,0,,20.625,3115.13,market,@MLB_Attention_Momo,0.00712,0.0002,mlb attention: 95 finals in 7d,0.0,21.18,data/real/prices/yahoo/PENN.json,21.27,20.629999,20.629999,a08c607c0926b67cf07c1d783cb680772c85851bf312595d1e12c5291078fa04,2121100,0.0,,151,buy,0.0,-259.679,0.0,0.0,0.755,filled,,PENN,1.3981
151.76,False,151.74,151.75,222593.3073,0.0,2026-07-27,151.759995,0.0,3.9888,4.401,1.555,100.0,1467,18.0089,38.6053,0,,151.755,222602.58,market,@FDACatalyst_Rider,0.01574,29.3327,fda: approval flow back below median,0.0,150.589996,data/real/prices/yahoo/XBI.json,154.210007,150.539993,151.759995,fe9eeb851e6faba2a7187e008fab271608d8a4d544227ad3543ac3d95d5dd769,9321300,4.8717,,1467,sell,1.318,76.367,1.318,-1.318,7.335,filled,,XBI,34.6166
24.21,False,24.19,24.2,91085.631,0.0,2026-07-28,24.200001,0.0,-0.5223,11.298,5.718,100.0,3766,19.356,51.5728,0,,24.205,91099.54,market,@MLB_Attention_Momo,0.03631,37.6638,mlb attention: schedule cooled,0.0,24.620001,data/real/prices/yahoo/DKNG.json,24.719999,23.98,24.200001,728eccb3861f5cb322bf539a1926fb53cb11fdf0d1412a8d19111bd3a9ac37ef,10372200,2.611,,3766,sell,4.133,-174.655,4.133,-4.133,18.83,filled,,DKNG,52.095
108.51,False,108.48,108.5,91118.6391,0.0,2026-07-28,108.5,0.0,-3.3165,2.52,2.708,100.0,840,15.9165,21.3609,0,,108.505,91123.2,market,@MLB_Attention_Momo,0.0365,16.8,mlb attention: schedule cooled,0.0,109.059998,data/real/prices/yahoo/FLUT.json,110.264999,106.43,108.5,b0ffbb30d24f61202de05dce905e96fb554a730be44b61df2e48712c8bcbabd0,2301200,2.0409,,840,sell,1.843,-53.182,1.843,-1.843,4.2,filled,,FLUT,24.6774
21.25,False,21.23,21.24,91443.1919,0.0,2026-07-28,21.24,0.0,-8.6118,12.924,7.363,100.0,4308,30.1518,58.7281,0,,21.245,91458.84,market,@MLB_Attention_Momo,0.22791,43.08,mlb attention: schedule cooled,0.0,21.08,data/real/prices/yahoo/PENN.json,21.360001,20.92,21.24,a08c607c0926b67cf07c1d783cb680772c85851bf312595d1e12c5291078fa04,1890200,2.7241,,4308,sell,4.708,71.157,4.708,-4.708,21.54,filled,,PENN,67.3399
24.46,False,24.47,24.45,-93095.292,0.0,2026-07-29,24.450001,40.08,3.2633,11.412,9.048,100.0,3804,13.7129,87.4882,0,,24.455,93083.88,market,@MLB_Attention_Momo,0.05007,76.0762,mlb attention: 93 finals in 7d,0.0,24.549999,data/real/prices/yahoo/DKNG.json,24.839001,24.110001,24.450001,728eccb3861f5cb322bf539a1926fb53cb11fdf0d1412a8d19111bd3a9ac37ef,7597300,0.0,,3804,buy,8.18,-32.586,8.18,8.18,19.02,filled,,DKNG,84.2249
107.84,False,107.86,107.83,-92977.906,0.0,2026-07-29,107.834999,0.0,3.9263,2.586,2.174,100.0,862,13.3145,24.1369,0,,107.835,92975.32,market,@MLB_Attention_Momo,0.04514,21.5509,mlb attention: 93 finals in 7d,0.0,107.779999,data/real/prices/yahoo/FLUT.json,109.989998,107.379997,107.834999,b0ffbb30d24f61202de05dce905e96fb554a730be44b61df2e48712c8bcbabd0,1909800,0.0,,862,buy,2.318,7.423,2.318,2.318,4.31,filled,,FLUT,20.2105
20.96,False,20.98,20.95,-93122.554,0.0,2026-07-29,20.959999,52.76,-15.9169,13.314,12.673,100.0,4438,29.7313,102.0784,0,,20.955,93109.24,market,@MLB_Attention_Momo,0.20289,88.7644,mlb attention: 93 finals in 7d,0.0,21.200001,data/real/prices/yahoo/PENN.json,21.440001,20.959999,20.959999,a08c607c0926b67cf07c1d783cb680772c85851bf312595d1e12c5291078fa04,2187400,0.0,,4438,buy,9.542,-103.774,9.542,9.542,22.19,filled,,PENN,117.9953
739.97,False,739.96,739.96,739.9416,0.0,2026-07-29,739.969971,0.0,0.0047,0.003,0.32,100.0,1,0.0003,0.0284,0,,739.965,739.96,market,@PinePilot_EMA_Cross,0.0,0.01,pinepilot: EMA(20) > EMA(50),0.0,729.460022,data/real/prices/yahoo/SPY.json,742.679993,729.099976,739.969971,e0f05aaf67be23da1db20513eaed93274b165898427ebeab80c7cb2eca1d9a2d,70697200,0.0154,,1,sell,0.135,143.942,0.135,-0.135,0.005,filled,,SPY,0.0237
149.23,False,149.24,149.22,-221775.098,0.0,2026-07-29,149.229996,4.86,-14.207,4.458,1.512,100.0,1486,16.783,19.3239,0,,149.225,221770.64,market,@FDACatalyst_Rider,0.01643,14.8659,fda: 30d approvals=81 median=67,0.0,147.910004,data/real/prices/yahoo/XBI.json,151.110001,146.669998,149.229996,fe9eeb851e6faba2a7187e008fab271608d8a4d544227ad3543ac3d95d5dd769,9042200,0.0,,1486,buy,0.67,89.919,0.67,0.67,7.43,filled,,XBI,33.531
291.15,False,291.14,291.14,873.3924,0.0,2026-07-30,291.149994,0.0,0.0142,0.009,0.497,100.0,3,0.0008,0.0576,0,,291.145,873.42,market,@PinePilot_EMA_Cross,1e-05,0.03,pinepilot: EMA(20) > EMA(50),0.0,292.589996,data/real/prices/yahoo/IWM.json,292.839996,288.959991,291.149994,4f6191d7931ac8755dec346902f769128dd059359a542aaf947e90ff8f2d344a,22198800,0.0186,,3,sell,0.343,-49.557,0.343,-0.343,0.015,filled,,IWM,0.0434
21.08,False,21.07,21.07,2822.8937,0.0,2026-07-30,21.07,0.0,-0.8272,0.402,4.652,100.0,134,0.1572,0.4863,0,,21.075,2823.38,market,@MLB_Attention_Momo,0.00453,-0.0,mlb attention: 92 finals in 7d,0.0,20.52,data/real/prices/yahoo/PENN.json,21.129999,20.49,21.07,a08c607c0926b67cf07c1d783cb680772c85851bf312595d1e12c5291078fa04,2959900,0.0843,,134,sell,-0.0,268.031,-0.0,0.0,0.67,filled,,PENN,1.3135
23.8,False,23.79,23.79,3187.3662,0.0,2026-07-31,23.790001,0.0,-0.7602,0.402,3.934,100.0,134,0.0903,0.4939,0,,23.795,3187.86,market,@MLB_Attention_Momo,0.00159,0.0001,mlb attention: 97 finals in 7d,0.0,23.48,data/real/prices/yahoo/DKNG.json,24.049999,23.309999,23.790001,728eccb3861f5cb322bf539a1926fb53cb11fdf0d1412a8d19111bd3a9ac37ef,8444700,0.0918,,134,sell,0.0,132.027,0.0,-0.0,0.67,filled,,DKNG,1.2541
293.56,False,293.56,293.55,-1174.252,0.0,2026-07-31,293.559998,0.0,-0.0214,0.012,0.284,100.0,4,0.0014,0.012,0,,293.555,1174.24,market,@PinePilot_EMA_Cross,1e-05,0.0,pinepilot: EMA(20) > EMA(50),0.0,291.200012,data/real/prices/yahoo/IWM.json,293.950012,287.829987,293.559998,4f6191d7931ac8755dec346902f769128dd059359a542aaf947e90ff8f2d344a,28350700,0.0,,4,buy,0.0,81.044,0.0,0.0,0.02,filled,,IWM,0.0334
20.61,False,20.6,20.6,1338.7647,0.0,2026-07-31,20.6,0.0,-0.3771,0.195,4.573,100.0,65,0.0521,0.2353,0,,20.605,1339.0,market,@MLB_Attention_Momo,0.00243,-0.0,mlb attention: 97 finals in 7d,0.0,20.530001,data/real/prices/yahoo/PENN.json,20.77,20.219999,20.6,a08c607c0926b67cf07c1d783cb680772c85851bf312595d1e12c5291078fa04,2677700,0.0403,,65,sell,-0.0,34.096,-0.0,0.0,0.325,filled,,PENN,0.6123
151.2,False,151.2,151.19,-1512.03,0.0,2026-07-31,151.199997,0.0,-0.0597,0.03,0.593,100.0,10,0.0097,0.03,0,,151.195,1512.0,market,@FDACatalyst_Rider,0.00012,0.0,fda: 30d approvals=79 median=67,0.0,147.009995,data/real/prices/yahoo/XBI.json,151.770004,146.0,151.199997,fe9eeb851e6faba2a7187e008fab271608d8a4d544227ad3543ac3d95d5dd769,8044000,0.0,,10,buy,0.0,285.015,0.0,0.0,0.05,filled,,XBI,0.0897
23.78,False,23.78,23.77,-1926.423,0.0,2026-08-03,23.77,0.0,0.3635,0.243,3.579,100.0,81,0.0415,1.053,0,,23.775,1926.18,market,@MLB_Attention_Momo,0.00066,0.81,mlb attention: 96 finals in 7d,0.0,23.5,data/real/prices/yahoo/DKNG.json,23.889999,23.110001,23.77,728eccb3861f5cb322bf539a1926fb53cb11fdf0d1412a8d19111bd3a9ac37ef,12326800,0.0,,81,buy,4.207,119.149,4.207,4.207,0.405,filled,,DKNG,0.6895
105.73,False,105.72,105.72,1902.8633,0.0,2026-08-03,105.720001,0.0,-0.1335,0.054,1.21,100.0,18,0.0435,0.0967,0,,105.725,1902.96,market,@MLB_Attention_Momo,0.00061,0.0,mlb attention: 96 finals in 7d,0.0,105.959999,data/real/prices/yahoo/FLUT.json,108.150002,103.779999,105.720001,b0ffbb30d24f61202de05dce905e96fb554a730be44b61df2e48712c8bcbabd0,2950700,0.0427,,18,sell,0.0,-22.65,0.0,-0.0,0.09,filled,,FLUT,0.2303
20.55,False,20.55,20.54,-2096.406,0.0,2026-08-03,20.540001,0.0,0.4073,0.306,4.383,100.0,102,0.1026,1.3259,0,,20.545,2096.1,market,@MLB_Attention_Momo,0.00327,1.0199,mlb attention: 96 finals in 7d,0.0,19.98,data/real/prices/yahoo/PENN.json,20.690001,19.92,20.540001,a08c607c0926b67cf07c1d783cb680772c85851bf312595d1e12c5291078fa04,3116400,0.0,,102,buy,4.868,285.285,4.868,4.868,0.51,filled,,PENN,0.9186
688.31,False,688.29,688.29,14453.7252,0.0,2026-08-03,688.299988,0.0,-0.0538,0.063,0.435,100.0,21,0.0536,0.5746,0,,688.3,14454.09,market,@LeapMaxLever_Momentum,5e-05,0.2097,the leap: monthly leader QQQ,0.0,700.070007,data/real/prices/yahoo/QQQ.json,701.590027,685.820007,688.299988,ae9ec3c0b0b8e0f5cd28ee45eac2dfcff9f95a7c5a1244e170ab0980d85979ed,44965100,0.3018,,21,sell,0.145,-168.269,0.145,-0.145,0.21,filled,,QQQ,0.6284
10.12,False,10.14,10.11,-100324.413,0.0,2026-08-03,10.11,215.48,4.3008,29.673,32.116,100.0,9891,27.4942,326.403,0,,10.115,100294.74,market,@Kalshi_Attention_Timer,0.14513,296.73,kalshi: weather/fuel attention elevated,0.0,10.11,data/real/prices/yahoo/UNG.json,10.14,10.0,10.11,eb7bcc0769945fb2c40fbcd98753ed7e17e367cf69d2ce2bde9ae60f00a462cc,6815200,0.0,,9891,buy,29.674,29.674,29.674,29.674,49.455,filled,,UNG,322.1022
146.98,False,146.97,146.97,3086.2393,0.0,2026-08-03,146.979996,0.0,0.0747,0.063,0.862,100.0,21,0.0303,0.3406,0,,146.975,3086.37,market,@FDACatalyst_Rider,0.00031,0.2099,fda: 30d approvals=78 median=67,0.0,147.309998,data/real/prices/yahoo/XBI.json,148.149994,143.779999,146.979996,fe9eeb851e6faba2a7187e008fab271608d8a4d544227ad3543ac3d95d5dd769,6719000,0.0677,,21,sell,0.68,-23.08,0.68,-0.68,0.105,filled,,XBI,0.2659
44.25,False,44.25,44.24,-60007.068,0.0,2026-08-03,44.240002,3.56,1.4502,4.068,2.696,100.0,1356,1.767,17.6253,0,,44.245,60003.0,market,@Kalshi_Attention_Timer,0.00524,13.5573,kalshi: weather/fuel attention elevated,0.0,44.360001,data/real/prices/yahoo/XLU.json,44.66,43.939999,44.240002,5dddbd83cab3a8b7cd0814ea8215cbfc7d759602d4557e0cdf34937ba995df5d,25872600,0.0,,1356,buy,2.26,-24.797,2.26,2.26,6.78,filled,,XLU,16.175
23.3,False,23.29,23.29,1001.312,0.0,2026-08-04,23.290001,0.0,-0.2306,0.129,3.881,100.0,43,0.0156,0.1581,0,,23.295,1001.47,market,@MLB_Attention_Momo,0.00033,0.0,mlb attention: 93 finals in 7d,0.0,23.610001,data/real/prices/yahoo/DKNG.json,23.879999,23.17,23.290001,728eccb3861f5cb322bf539a1926fb53cb11fdf0d1412a8d19111bd3a9ac37ef,12847600,0.029,,43,sell,0.0,-135.536,0.0,-0.0,0.215,filled,,DKNG,0.3886
105.01,False,105.0,105.0,2204.8875,0.0,2026-08-04,105.0,0.0,-0.1596,0.063,1.234,100.0,21,0.0546,0.1125,0,,105.005,2205.0,market,@MLB_Attention_Momo,0.00055,-0.0,mlb attention: 93 finals in 7d,0.0,104.959999,data/real/prices/yahoo/FLUT.json,106.940002,102.110001,105.0,b0ffbb30d24f61202de05dce905e96fb554a730be44b61df2e48712c8bcbabd0,3789800,0.0495,,21,sell,-0.0,3.811,-0.0,0.0,0.105,filled,,FLUT,0.2722
297.59,False,297.59,297.58,-1487.965,0.0,2026-08-04,297.589996,0.0,-0.0271,0.015,0.283,100.0,5,0.0022,0.015,0,,297.585,1487.95,market,@PinePilot_EMA_Cross,2e-05,0.0,pinepilot: EMA(20) > EMA(50),0.0,301.709991,data/real/prices/yahoo/IWM.json,302.390015,297.220001,297.589996,4f6191d7931ac8755dec346902f769128dd059359a542aaf947e90ff8f2d344a,20751800,0.0,,5,buy,0.0,-136.555,0.0,0.0,0.025,filled,,IWM,0.0422
760.64,False,760.64,760.63,-1521.286,0.0,2026-08-04,760.630005,0.0,0.0091,0.006,0.111,100.0,2,0.0009,0.026,0,,760.635,1521.28,market,@PinePilot_EMA_Cross,0.0,0.02,pinepilot: EMA(20) > EMA(50),0.0,771.330017,data/real/prices/yahoo/SPY.json,773.409973,760.52002,760.630005,e0f05aaf67be23da1db20513eaed93274b165898427ebeab80c7cb2eca1d9a2d,69154800,0.0,,2,buy,0.131,-138.592,0.131,0.131,0.01,filled,,SPY,0.0169
148.78,False,148.78,148.77,-1190.264,0.0,2026-08-04,148.770004,0.0,0.0332,0.024,0.595,100.0,8,0.0068,0.104,0,,148.775,1190.24,market,@FDACatalyst_Rider,0.0001,0.08,fda: 30d approvals=80 median=67,0.0,151.880005,data/real/prices/yahoo/XBI.json,152.210007,147.940002,148.770004,fe9eeb851e6faba2a7187e008fab271608d8a4d544227ad3543ac3d95d5dd769,7841300,0.0,,8,buy,0.672,-204.109,0.672,0.672,0.04,filled,,XBI,0.0708
44.26,False,44.25,44.25,2123.8029,0.0,2026-08-04,44.25,0.0,-0.2501,0.144,2.105,100.0,48,0.0101,0.1971,0,,44.255,2124.0,market,@Kalshi_Attention_Timer,0.00018,-0.0,kalshi: weather/fuel attention elevated,0.0,44.110001,data/real/prices/yahoo/XLU.json,44.290001,43.59,44.25,5dddbd83cab3a8b7cd0814ea8215cbfc7d759602d4557e0cdf34937ba995df5d,26772300,0.0531,,48,sell,-0.0,31.739,-0.0,0.0,0.24,filled,,XLU,0.4472
22.72,False,22.71,22.71,2679.3478,0.0,2026-08-05,22.719999,0.0,0.5214,0.354,4.07,100.0,118,0.0685,1.6121,0,,22.715,2679.78,market,@MLB_Attention_Momo,0.00044,1.1799,mlb attention: 93 finals in 7d,0.0,21.76,data/real/prices/yahoo/DKNG.json,22.84,21.440001,22.719999,728eccb3861f5cb322bf539a1926fb53cb11fdf0d1412a8d19111bd3a9ac37ef,26981300,0.0782,,118,sell,4.401,436.581,4.401,-4.401,0.59,filled,,DKNG,1.0907
97.71,False,97.71,97.7,-1074.843,0.0,2026-08-05,97.705002,0.0,-0.0192,0.033,0.997,100.0,11,0.0192,0.088,0,,97.705,1074.81,market,@MLB_Attention_Momo,7e-05,0.055,mlb attention: 93 finals in 7d,0.0,92.910004,data/real/prices/yahoo/FLUT.json,98.5,89.709999,97.705002,b0ffbb30d24f61202de05dce905e96fb554a730be44b61df2e48712c8bcbabd0,15819800,0.0,,11,buy,0.512,516.629,0.512,0.512,0.055,filled,,FLUT,0.1072
302.43,False,302.43,302.42,-1512.165,0.0,2026-08-05,302.429993,0.0,-0.0274,0.015,0.28,100.0,5,0.0024,0.015,0,,302.425,1512.15,market,@PinePilot_EMA_Cross,3e-05,0.0,pinepilot: EMA(20) > EMA(50),0.0,299.769989,data/real/prices/yahoo/IWM.json,303.059998,299.75,302.429993,4f6191d7931ac8755dec346902f769128dd059359a542aaf947e90ff8f2d344a,17791000,0.0,,5,buy,0.0,88.735,0.0,0.0,0.025,filled,,IWM,0.0424
20.05,False,20.04,20.04,5429.8623,0.0,2026-08-05,20.040001,0.0,-1.7645,0.813,5.05,100.0,271,0.4098,0.978,0,,20.045,5430.84,market,@MLB_Attention_Momo,0.00977,0.0003,mlb attention: 93 finals in 7d,0.0,19.620001,data/real/prices/yahoo/PENN.json,20.16,19.469999,20.040001,a08c607c0926b67cf07c1d783cb680772c85851bf312595d1e12c5291078fa04,2774200,0.1647,,271,sell,0.0,214.067,0.0,-0.0,1.355,filled,,PENN,2.7425
775.85,False,775.85,775.84,-775.853,0.0,2026-08-05,775.849976,0.0,-0.0053,0.003,0.108,100.0,1,0.0003,0.003,0,,775.845,775.85,market,@PinePilot_EMA_Cross,0.0,0.0,pinepilot: EMA(20) > EMA(50),0.0,769.789978,data/real/prices/yahoo/SPY.json,776.849976,769.51001,775.849976,e0f05aaf67be23da1db20513eaed93274b165898427ebeab80c7cb2eca1d9a2d,44689100,0.0,,1,buy,0.0,78.723,0.0,0.0,0.005,filled,,SPY,0.0083
153.14,False,153.14,153.13,-3216.003,0.0,2026-08-05,153.130005,0.0,0.0724,0.063,0.623,100.0,21,0.0325,0.2729,0,,153.135,3215.94,market,@FDACatalyst_Rider,0.00023,0.2099,fda: 30d approvals=82 median=67,0.0,153.009995,data/real/prices/yahoo/XBI.json,155.119995,151.490005,153.130005,fe9eeb851e6faba2a7187e008fab271608d8a4d544227ad3543ac3d95d5dd769,8973800,0.0,,21,buy,0.653,8.497,0.653,0.653,0.105,filled,,XBI,0.2005
94.01,False,94.0,94.0,1597.9128,0.0,2026-08-06,94.0,0.0,-0.1329,0.051,1.378,100.0,17,0.0479,0.0872,0,,94.005,1598.0,market,@MLB_Attention_Momo,0.00023,-0.0,mlb attention: 92 finals in 7d,0.0,93.010002,data/real/prices/yahoo/FLUT.json,94.559998,90.724998,94.0,b0ffbb30d24f61202de05dce905e96fb554a730be44b61df2e48712c8bcbabd0,7405300,0.0362,,17,sell,-0.0,106.44,-0.0,0.0,0.085,filled,,FLUT,0.2202
20.02,False,20.01,20.01,4701.5023,0.0,2026-08-06,20.01,0.0,-1.5071,0.705,5.008,100.0,235,0.3321,0.8477,0,,20.015,4702.35,market,@MLB_Attention_Momo,0.00639,-0.0,mlb attention: 92 finals in 7d,0.0,20.129999,data/real/prices/yahoo/PENN.json,20.58,19.16,20.01,a08c607c0926b67cf07c1d783cb680772c85851bf312595d1e12c5291078fa04,3680100,0.1427,,235,sell,-0.0,-59.612,-0.0,0.0,1.175,filled,,PENN,2.3548
710.83,False,710.83,710.81,-1421.666,0.0,2026-08-06,710.820007,0.0,-0.0018,0.006,0.195,100.0,2,0.0018,0.026,0,,710.82,1421.66,market,@PinePilot_EMA_Cross,1e-05,0.02,pinepilot: EMA(20) > EMA(50),0.0,714.650024,data/real/prices/yahoo/QQQ.json,719.320007,708.5,710.820007,ae9ec3c0b0b8e0f5cd28ee45eac2dfcff9f95a7c5a1244e170ab0980d85979ed,33035900,0.0,,2,buy,0.141,-53.453,0.141,0.141,0.02,filled,,QQQ,0.0278
22.9,False,22.89,22.89,1579.157,0.0,2026-08-07,22.895,0.0,-0.036,0.207,4.014,100.0,69,0.036,0.598,0,,22.895,1579.41,market,@MLB_Attention_Momo,0.00018,0.345,mlb attention: 93 finals in 7d,0.0,24.030001,data/real/prices/yahoo/DKNG.json,24.139999,21.895,22.895,728eccb3861f5cb322bf539a1926fb53cb11fdf0d1412a8d19111bd3a9ac37ef,37778300,0.046,,69,sell,2.184,-474.407,2.184,-2.184,0.345,filled,,DKNG,0.634
94.42,False,94.42,94.41,-3399.228,0.0,2026-08-07,94.410004,0.0,0.0351,0.108,1.273,100.0,36,0.1448,0.4679,0,,94.415,3399.12,market,@MLB_Attention_Momo,0.00057,0.3599,mlb attention: 93 finals in 7d,0.0,94.739998,data/real/prices/yahoo/FLUT.json,97.349998,91.915001,94.410004,b0ffbb30d24f61202de05dce905e96fb554a730be44b61df2e48712c8bcbabd0,6315200,0.0,,36,buy,1.059,-33.776,1.059,1.059,0.18,filled,,FLUT,0.4328
20.18,False,20.18,20.17,-3209.097,0.0,2026-08-07,20.18,0.0,-0.9795,0.477,4.539,100.0,159,0.1845,0.477,0,,20.175,3208.62,market,@MLB_Attention_Momo,0.00638,0.0,mlb attention: 93 finals in 7d,0.0,20.18,data/real/prices/yahoo/PENN.json,20.59,19.82,20.18,a08c607c0926b67cf07c1d783cb680772c85851bf312595d1e12c5291078fa04,2492800,0.0,,159,buy,0.0,0.0,0.0,0.0,0.795,filled,,PENN,1.4565
9.78,False,9.77,9.77,1699.3891,0.0,2026-08-07,9.78,0.0,0.8072,0.522,8.964,100.0,174,0.0628,2.3309,0,,9.775,1699.98,market,@Kalshi_Attention_Timer,0.00216,1.74,kalshi: weather/fuel attention elevated,0.0,9.74,data/real/prices/yahoo/UNG.json,9.81,9.68,9.78,eb7bcc0769945fb2c40fbcd98753ed7e17e367cf69d2ce2bde9ae60f00a462cc,8059800,0.0689,,174,sell,10.225,30.801,10.225,-10.225,0.87,filled,,UNG,1.5238
156.87,False,156.87,156.86,-2823.714,0.0,2026-08-07,156.869995,0.0,-0.1158,0.054,0.602,100.0,18,0.0259,0.0541,0,,156.865,2823.66,market,@FDACatalyst_Rider,0.00021,0.0001,fda: 30d approvals=80 median=67,0.0,157.369995,data/real/prices/yahoo/XBI.json,157.850006,154.960007,156.869995,fe9eeb851e6faba2a7187e008fab271608d8a4d544227ad3543ac3d95d5dd769,8397100,0.0,,18,buy,0.0,-31.772,0.0,0.0,0.09,filled,,XBI,0.1699
23.7,False,23.69,23.69,2226.5138,0.0,2026-08-10,23.695,0.0,-0.0717,0.282,3.987,100.0,94,0.0717,0.8162,0,,23.695,2226.86,market,@MLB_Attention_Momo,0.0005,0.47,mlb attention: 94 finals in 7d,0.0,24.27,data/real/prices/yahoo/DKNG.json,25.190001,23.549999,23.695,728eccb3861f5cb322bf539a1926fb53cb11fdf0d1412a8d19111bd3a9ac37ef,18762600,0.0642,,94,sell,2.11,-238.978,2.11,-2.11,0.47,filled,,DKNG,0.8879
93.02,False,93.02,93.01,-1767.437,0.0,2026-08-10,93.010002,0.0,0.0396,0.057,1.173,100.0,19,0.0554,0.247,0,,93.015,1767.38,market,@MLB_Attention_Momo,0.00044,0.19,mlb attention: 94 finals in 7d,0.0,94.269997,data/real/prices/yahoo/FLUT.json,97.098,92.989998,93.010002,b0ffbb30d24f61202de05dce905e96fb554a730be44b61df2e48712c8bcbabd0,4313100,0.0,,19,buy,1.075,-132.598,1.075,1.075,0.095,filled,,FLUT,0.2074
20.03,False,20.03,20.02,-1222.013,0.0,2026-08-10,20.02,0.0,0.2631,0.183,4.337,100.0,61,0.0419,0.793,0,,20.025,1221.83,market,@MLB_Attention_Momo,0.00191,0.61,mlb attention: 94 finals in 7d,0.0,18.85,data/real/prices/yahoo/PENN.json,20.02,18.82,20.02,a08c607c0926b67cf07c1d783cb680772c85851bf312595d1e12c5291078fa04,3194100,0.0,,61,buy,4.995,625.995,4.995,4.995,0.305,filled,,PENN,0.5299
43.43,False,43.43,43.42,-2649.413,0.0,2026-08-10,43.43,0.0,-0.3188,0.183,1.894,100.0,61,0.0138,0.183,0,,43.425,2649.23,market,@Kalshi_Attention_Timer,0.00024,0.0,kalshi: weather/fuel attention elevated,0.0,43.130001,data/real/prices/yahoo/XLU.json,43.52,43.060001,43.43,5dddbd83cab3a8b7cd0814ea8215cbfc7d759602d4557e0cdf34937ba995df5d,25438200,0.0,,61,buy,0.0,69.557,0.0,0.0,0.305,filled,,XLU,0.5018
24.4,False,24.39,24.39,2755.6522,0.0,2026-08-11,24.4,0.0,0.4669,0.339,3.922,100.0,113,0.0981,1.5478,0,,24.395,2756.07,market,@MLB_Attention_Momo,0.00099,1.13,mlb attention: 96 finals in 7d,0.0,25.34,data/real/prices/yahoo/DKNG.json,25.52,24.129999,24.4,728eccb3861f5cb322bf539a1926fb53cb11fdf0d1412a8d19111bd3a9ac37ef,11397900,0.0788,,113,sell,4.098,-374.901,4.098,-4.098,0.565,filled,,DKNG,1.0809
94.27,False,94.26,94.26,1319.5681,0.0,2026-08-11,94.269997,0.0,0.0346,0.042,1.343,100.0,14,0.0353,0.2119,0,,94.265,1319.64,market,@MLB_Attention_Momo,0.00042,0.14,mlb attention: 96 finals in 7d,0.0,99.019997,data/real/prices/yahoo/FLUT.json,100.480003,93.510002,94.269997,b0ffbb30d24f61202de05dce905e96fb554a730be44b61df2e48712c8bcbabd0,3334100,0.0299,,14,sell,1.06,-480.711,1.06,-1.06,0.07,filled,,FLUT,0.1773
19.02,False,19.02,19.01,-3747.531,0.0,2026-08-11,19.01,0.0,0.7146,0.591,4.928,100.0,197,0.2704,2.561,0,,19.015,3746.94,market,@MLB_Attention_Momo,0.00621,1.97,mlb attention: 96 finals in 7d,0.0,19.129999,data/real/prices/yahoo/PENN.json,19.33,18.889999,19.01,a08c607c0926b67cf07c1d783cb680772c85851bf312595d1e12c5291078fa04,3171800,0.0,,197,buy,5.26,-57.501,5.26,5.26,0.985,filled,,PENN,1.8464
158.51,False,158.51,158.5,-1268.104,0.0,2026-08-11,158.5,0.0,0.0326,0.024,0.563,100.0,8,0.0074,0.104,0,,158.505,1268.08,market,@FDACatalyst_Rider,0.00013,0.08,fda: 30d approvals=75 median=67,0.0,158.070007,data/real/prices/yahoo/XBI.json,159.179993,156.789993,158.5,fe9eeb851e6faba2a7187e008fab271608d8a4d544227ad3543ac3d95d5dd769,6203700,0.0,,8,buy,0.631,27.835,0.631,0.631,0.04,filled,,XBI,0.0714
19.05,False,19.05,19.04,-2896.056,0.0,2026-08-12,19.040001,0.0,0.5749,0.456,4.838,100.0,152,0.1849,1.9758,0,,19.045,2895.6,market,@MLB_Attention_Momo,0.00477,1.5198,mlb attention: 96 finals in 7d,0.0,19.17,data/real/prices/yahoo/PENN.json,19.4,18.73,19.040001,a08c607c0926b67cf07c1d783cb680772c85851bf312595d1e12c5291078fa04,3187000,0.0,,152,buy,5.252,-62.598,5.252,5.252,0.76,filled,,PENN,1.4009
98.09,False,98.09,98.08,-1079.023,0.0,2026-08-13,98.080002,0.0,0.0283,0.033,1.063,100.0,11,0.0267,0.143,0,,98.085,1078.99,market,@MLB_Attention_Momo,0.00035,0.11,mlb attention: 96 finals in 7d,0.0,98.32,data/real/prices/yahoo/FLUT.json,99.099998,96.309998,98.080002,b0ffbb30d24f61202de05dce905e96fb554a730be44b61df2e48712c8bcbabd0,3157000,0.0,,11,buy,1.019,-23.393,1.019,1.019,0.055,filled,,FLUT,0.1147
160.26,False,160.26,160.25,-1282.104,0.0,2026-08-13,160.25,0.0,0.0328,0.024,0.556,100.0,8,0.0072,0.104,0,,160.255,1282.08,market,@FDACatalyst_Rider,0.00011,0.08,fda: 30d approvals=75 median=67,0.0,156.860001,data/real/prices/yahoo/XBI.json,160.669998,156.550003,160.25,fe9eeb851e6faba2a7187e008fab271608d8a4d544227ad3543ac3d95d5dd769,7535100,0.0,,8,buy,0.624,216.754,0.624,0.624,0.04,filled,,XBI,0.0712
43.89,False,43.88,43.88,1140.7734,0.0,2026-08-13,43.889999,0.0,0.1259,0.078,2.11,100.0,26,0.0041,0.3665,0,,43.885,1140.88,market,@Kalshi_Attention_Timer,0.00015,0.26,kalshi: weather/fuel attention elevated,0.0,44.040001,data/real/prices/yahoo/XLU.json,44.200001,43.880001,43.889999,5dddbd83cab3a8b7cd0814ea8215cbfc7d759602d4557e0cdf34937ba995df5d,17855900,0.0286,,26,sell,2.278,-36.331,2.278,-2.278,0.13,filled,,XLU,0.2407
18.83,False,18.83,18.82,-2787.284,0.0,2026-08-14,18.83,0.0,-0.8997,0.444,4.822,100.0,148,0.1597,0.444,0,,18.825,2786.84,market,@MLB_Attention_Momo,0.0081,0.0,mlb attention: 94 finals in 7d,0.0,18.790001,data/real/prices/yahoo/PENN.json,19.049999,18.690001,18.83,a08c607c0926b67cf07c1d783cb680772c85851bf312595d1e12c5291078fa04,1826300,0.0,,148,buy,0.0,21.287,0.0,0.0,0.74,filled,,PENN,1.3437
778.54,False,778.54,778.53,-778.543,0.0,2026-08-14,778.539978,0.0,-0.0053,0.003,0.107,100.0,1,0.0003,0.003,0,,778.535,778.54,market,@PinePilot_EMA_Cross,0.0,0.0,pinepilot: EMA(20) > EMA(50),0.0,776.340027,data/real/prices/yahoo/SPY.json,778.799988,775.429993,778.539978,e0f05aaf67be23da1db20513eaed93274b165898427ebeab80c7cb2eca1d9a2d,31367900,0.0,,1,buy,0.0,28.338,0.0,0.0,0.005,filled,,SPY,0.0083
10.03,False,10.03,10.02,-1083.564,0.0,2026-08-14,10.02,0.0,0.5112,0.324,8.242,100.0,108,0.0288,1.404,0,,10.025,1083.24,market,@Kalshi_Attention_Timer,0.001,1.08,kalshi: weather/fuel attention elevated,0.0,9.92,data/real/prices/yahoo/UNG.json,10.13,9.9,10.02,eb7bcc0769945fb2c40fbcd98753ed7e17e367cf69d2ce2bde9ae60f00a462cc,10851400,0.0,,108,buy,9.98,110.887,9.98,9.98,0.54,filled,,UNG,0.8928
156.54,False,156.53,156.53,2660.9009,0.0,2026-08-14,156.539993,0.0,0.0625,0.051,0.814,100.0,17,0.0224,0.279,0,,156.535,2661.01,market,@FDACatalyst_Rider,0.00027,0.1699,fda: 30d approvals=74 median=67,0.0,157.410004,data/real/prices/yahoo/XBI.json,157.770004,154.149994,156.539993,fe9eeb851e6faba2a7187e008fab271608d8a4d544227ad3543ac3d95d5dd769,6322600,0.0581,,17,sell,0.638,-55.905,0.638,-0.638,0.085,filled,,XBI,0.2165
18.8,False,18.8,18.79,-2256.36,0.0,2026-08-17,18.790001,0.0,0.4841,0.36,4.769,100.0,120,0.1158,1.5599,0,,18.795,2256.0,market,@MLB_Attention_Momo,0.00435,1.1999,mlb attention: 93 finals in 7d,0.0,18.65,data/real/prices/yahoo/PENN.json,19.219999,18.43,18.790001,a08c607c0926b67cf07c1d783cb680772c85851bf312595d1e12c5291078fa04,2756600,0.0,,120,buy,5.321,80.429,5.321,5.321,0.6,filled,,PENN,1.0758
44.21,False,44.2,44.2,1591.0522,0.0,2026-08-17,44.200001,0.0,-0.1867,0.108,2.102,100.0,36,0.0067,0.1478,0,,44.205,1591.2,market,@Kalshi_Attention_Timer,0.00022,0.0,kalshi: weather/fuel attention elevated,0.0,44.18,data/real/prices/yahoo/XLU.json,44.25,43.82,44.200001,5dddbd83cab3a8b7cd0814ea8215cbfc7d759602d4557e0cdf34937ba995df5d,16377500,0.0398,,36,sell,0.0,4.527,0.0,-0.0,0.18,filled,,XLU,0.3345
25.26,False,25.25,25.25,1085.5902,0.0,2026-08-18,25.254999,0.0,-0.0249,0.129,3.68,100.0,43,0.0248,0.3747,0,,25.255,1085.75,market,@MLB_Attention_Momo,0.00049,0.215,mlb attention: 94 finals in 7d,0.0,24.040001,data/real/prices/yahoo/DKNG.json,25.43,24.030001,25.254999,728eccb3861f5cb322bf539a1926fb53cb11fdf0d1412a8d19111bd3a9ac37ef,8705100,0.0308,,43,sell,1.979,503.327,1.979,-1.979,0.215,filled,,DKNG,0.3996
96.2,False,96.19,96.19,961.8482,0.0,2026-08-18,96.190002,0.0,-0.0738,0.03,1.306,100.0,10,0.0239,0.0518,0,,96.195,961.9,market,@MLB_Attention_Momo,0.0006,0.0,mlb attention: 94 finals in 7d,0.0,92.889999,data/real/prices/yahoo/FLUT.json,96.339996,92.839996,96.190002,b0ffbb30d24f61202de05dce905e96fb554a730be44b61df2e48712c8bcbabd0,1657500,0.0218,,10,sell,0.0,355.259,0.0,-0.0,0.05,filled,,FLUT,0.1256
18.68,False,18.67,18.67,4629.2723,0.0,2026-08-18,18.67,0.0,-1.5706,0.744,5.309,100.0,248,0.3306,0.8877,0,,18.675,4630.16,market,@MLB_Attention_Momo,0.01133,-0.0,mlb attention: 94 finals in 7d,0.0,18.290001,data/real/prices/yahoo/PENN.json,18.719999,18.26,18.67,a08c607c0926b67cf07c1d783cb680772c85851bf312595d1e12c5291078fa04,2189700,0.1437,,248,sell,-0.0,207.763,-0.0,0.0,1.24,filled,,PENN,2.4583
158.34,False,158.34,158.33,-1266.744,0.0,2026-08-18,158.339996,0.0,-0.0467,0.024,0.559,100.0,8,0.0068,0.024,0,,158.335,1266.72,market,@FDACatalyst_Rider,0.00012,0.0,fda: 30d approvals=77 median=67,0.0,160.110001,data/real/prices/yahoo/XBI.json,160.600006,157.880005,158.339996,fe9eeb851e6faba2a7187e008fab271608d8a4d544227ad3543ac3d95d5dd769,6522000,0.0,,8,buy,0.0,-110.549,0.0,0.0,0.04,filled,,XBI,0.0708
93.35,False,93.34,93.34,1493.3581,0.0,2026-08-19,93.349998,0.0,0.0323,0.048,1.403,100.0,16,0.0477,0.2419,0,,93.345,1493.44,market,@MLB_Attention_Momo,0.00083,0.16,mlb attention: 94 finals in 7d,0.0,99.160004,data/real/prices/yahoo/FLUT.json,100.644997,92.980003,93.349998,b0ffbb30d24f61202de05dce905e96fb554a730be44b61df2e48712c8bcbabd0,1917100,0.0339,,16,sell,1.071,-586.931,1.071,-1.071,0.08,filled,,FLUT,0.2096
18.46,False,18.45,18.45,3025.2137,0.0,2026-08-19,18.459999,0.0,0.654,0.492,5.196,100.0,164,0.1658,2.2261,0,,18.455,3025.8,market,@MLB_Attention_Momo,0.00829,1.6398,mlb attention: 94 finals in 7d,0.0,18.559999,data/real/prices/yahoo/PENN.json,18.77,18.23,18.459999,a08c607c0926b67cf07c1d783cb680772c85851bf312595d1e12c5291078fa04,1978700,0.0943,,164,sell,5.417,-59.267,5.417,-5.417,0.82,filled,,PENN,1.5721
165.7,False,165.7,165.69,-5633.902,0.0,2026-08-19,165.699997,0.0,-0.2285,0.102,0.587,100.0,34,0.0586,0.1021,0,,165.695,5633.8,market,@FDACatalyst_Rider,0.00024,0.0001,fda: 30d approvals=78 median=67,0.0,169.550003,data/real/prices/yahoo/XBI.json,169.679993,164.5,165.699997,fe9eeb851e6faba2a7187e008fab271608d8a4d544227ad3543ac3d95d5dd769,14090500,0.0,,34,buy,0.0,-227.072,0.0,0.0,0.17,filled,,XBI,0.3306
44.26,False,44.26,44.25,-3009.884,0.0,2026-08-19,44.259998,0.0,-0.3572,0.204,1.865,100.0,68,0.0174,0.2041,0,,44.255,3009.68,market,@Kalshi_Attention_Timer,0.00043,0.0001,kalshi: weather/fuel attention elevated,0.0,44.02,data/real/prices/yahoo/XLU.json,44.380001,43.799999,44.259998,5dddbd83cab3a8b7cd0814ea8215cbfc7d759602d4557e0cdf34937ba995df5d,15856400,0.0,,68,buy,0.0,54.521,0.0,0.0,0.34,filled,,XLU,0.5614
25.31,False,25.31,25.3,-1215.024,0.0,2026-08-20,25.309999,0.0,-0.2717,0.144,3.422,100.0,48,0.0317,0.144,0,,25.305,1214.88,market,@MLB_Attention_Momo,0.00058,0.0,mlb attention: 94 finals in 7d,0.0,25.030001,data/real/prices/yahoo/DKNG.json,26.129999,24.610001,25.309999,728eccb3861f5cb322bf539a1926fb53cb11fdf0d1412a8d19111bd3a9ac37ef,8271100,0.0,,48,buy,0.0,111.865,0.0,0.0,0.24,filled,,DKNG,0.4157
410.08,False,410.11,410.07,-265753.224,0.0,2026-08-20,410.079987,2.48,-0.5014,1.944,0.824,100.0,648,14.2299,21.3924,0,,410.075,265751.28,market,@GOLD_Trend_GLD,0.00466,19.4484,gold: trend up,0.0,415.26001,data/real/prices/yahoo/GLD.json,416.450012,409.820007,410.079987,545093d31c9d8284e3b5dc66f668a6cb7391d9925b5abdf3e82bcaa71e423b40,13900900,0.0,,648,buy,0.732,-124.019,0.732,0.732,3.24,filled,,GLD,21.8939
299.27,False,299.26,299.26,897.7519,0.0,2026-08-20,299.269989,0.0,0.0139,0.009,0.492,100.0,3,0.0011,0.058,0,,299.265,897.78,market,@PinePilot_EMA_Cross,1e-05,0.03,pinepilot: EMA(20) > EMA(50),0.0,297.670013,data/real/prices/yahoo/IWM.json,300.040009,297.040009,299.269989,4f6191d7931ac8755dec346902f769128dd059359a542aaf947e90ff8f2d344a,21638700,0.0191,,3,sell,0.334,53.414,0.334,-0.334,0.015,filled,,IWM,0.0441
18.46,False,18.46,18.45,-5409.659,0.0,2026-08-20,18.450001,0.0,1.0604,0.879,5.081,100.0,293,0.4043,3.8087,0,,18.455,5408.78,market,@MLB_Attention_Momo,0.01423,2.9297,mlb attention: 94 finals in 7d,0.0,18.440001,data/real/prices/yahoo/PENN.json,18.629999,18.209999,18.450001,a08c607c0926b67cf07c1d783cb680772c85851bf312595d1e12c5291078fa04,2058800,0.0,,293,buy,5.42,10.845,5.42,5.42,1.465,filled,,PENN,2.7483
765.97,False,765.96,765.96,765.941,0.0,2026-08-20,765.960022,0.0,-0.0053,0.003,0.317,100.0,1,0.0003,0.019,0,,765.965,765.96,market,@PinePilot_EMA_Cross,0.0,0.0,pinepilot: EMA(20) > EMA(50),0.0,762.599976,data/real/prices/yahoo/SPY.json,768.150024,762.039978,765.960022,e0f05aaf67be23da1db20513eaed93274b165898427ebeab80c7cb2eca1d9a2d,45520300,0.016,,1,sell,0.0,44.06,0.0,-0.0,0.005,filled,,SPY,0.0243
43.84,False,43.83,43.83,1446.2548,0.0,2026-08-20,43.830002,0.0,-0.1708,0.099,2.116,100.0,33,0.0058,0.1353,0,,43.835,1446.39,market,@Kalshi_Attention_Timer,0.00019,0.0001,kalshi: weather/fuel attention elevated,0.0,43.77,data/real/prices/yahoo/XLU.json,44.259998,43.75,43.830002,5dddbd83cab3a8b7cd0814ea8215cbfc7d759602d4557e0cdf34937ba995df5d,17077400,0.0362,,33,sell,0.0,13.708,0.0,-0.0,0.165,filled,,XLU,0.3061
420.53,False,420.5,420.52,272476.3165,0.0,2026-08-21,420.529999,0.0,1.7833,1.944,0.93,100.0,648,14.4161,27.1229,0,,420.525,272484.0,market,@GOLD_Trend_GLD,0.00446,19.4394,gold: trend broke,0.0,423.359985,data/real/prices/yahoo/GLD.json,424.890015,419.420013,420.529999,545093d31c9d8284e3b5dc66f668a6cb7391d9925b5abdf3e82bcaa71e423b40,14529000,5.7395,,648,sell,0.713,-67.554,0.713,-0.713,3.24,filled,,GLD,25.3396
428.55,False,428.58,428.54,-278578.95,0.0,2026-08-24,428.549988,2.5,-0.2317,1.95,0.779,100.0,650,13.9895,21.4578,0,,428.545,278577.0,market,@GOLD_Trend_GLD,0.00343,19.5078,gold: trend up,0.0,426.690002,data/real/prices/yahoo/GLD.json,429.420013,424.200012,428.549988,545093d31c9d8284e3b5dc66f668a6cb7391d9925b5abdf3e82bcaa71e423b40,18943000,0.0,,650,buy,0.7,44.294,0.7,0.7,3.25,filled,,GLD,21.6895
18.67,False,18.67,18.66,-2147.395,0.0,2026-08-24,18.66,0.0,0.4768,0.345,4.742,100.0,115,0.0982,1.495,0,,18.665,2147.05,market,@MLB_Attention_Momo,0.00573,1.15,mlb attention: 95 finals in 7d,0.0,18.26,data/real/prices/yahoo/PENN.json,18.77,18.200001,18.66,a08c607c0926b67cf07c1d783cb680772c85851bf312595d1e12c5291078fa04,2005600,0.0,,115,buy,5.359,224.535,5.359,5.359,0.575,filled,,PENN,1.0182
10.31,False,10.3,10.3,1534.1923,0.0,2026-08-24,10.3,0.0,-0.7919,0.447,8.468,100.0,149,0.0469,0.5077,0,,10.305,1534.7,market,@Kalshi_Attention_Timer,0.00146,-0.0,kalshi: weather/fuel attention elevated,0.0,10.15,data/real/prices/yahoo/UNG.json,10.31,10.1,10.3,eb7bcc0769945fb2c40fbcd98753ed7e17e367cf69d2ce2bde9ae60f00a462cc,10193300,0.0607,,149,sell,-0.0,147.783,-0.0,0.0,0.745,filled,,UNG,1.2996
42.87,False,42.87,42.86,-2229.396,0.0,2026-08-24,42.869999,0.0,-0.2703,0.156,1.912,100.0,52,0.0103,0.1561,0,,42.865,2229.24,market,@Kalshi_Attention_Timer,0.00026,0.0001,kalshi: weather/fuel attention elevated,0.0,43.220001,data/real/prices/yahoo/XLU.json,43.259998,42.700001,42.869999,5dddbd83cab3a8b7cd0814ea8215cbfc7d759602d4557e0cdf34937ba995df5d,20055700,0.0,,52,buy,0.0,-80.981,0.0,0.0,0.26,filled,,XLU,0.4263
422.78,False,422.77,422.77,2959.3067,0.0,2026-08-25,422.779999,0.0,0.0198,0.021,0.451,100.0,7,0.0152,0.1533,0,,422.775,2959.39,market,@GOLD_Trend_GLD,6e-05,0.07,gold: trend up,0.0,428.070007,data/real/prices/yahoo/GLD.json,428.140015,422.329987,422.779999,545093d31c9d8284e3b5dc66f668a6cb7391d9925b5abdf3e82bcaa71e423b40,12450600,0.0623,,7,sell,0.237,-123.812,0.237,-0.237,0.035,filled,,GLD,0.1335
43.25,False,43.24,43.24,2377.9753,0.0,2026-08-25,43.240002,0.0,-0.2869,0.165,2.152,100.0,55,0.012,0.2248,0,,43.245,2378.2,market,@Kalshi_Attention_Timer,0.00041,0.0001,kalshi: weather/fuel attention elevated,0.0,43.310001,data/real/prices/yahoo/XLU.json,43.48,43.07,43.240002,5dddbd83cab3a8b7cd0814ea8215cbfc7d759602d4557e0cdf34937ba995df5d,13430200,0.0597,,55,sell,0.0,-16.163,0.0,-0.0,0.275,filled,,XLU,0.5117
25.58,False,25.57,25.57,1661.8081,0.0,2026-08-26,25.58,0.0,0.276,0.195,3.706,100.0,65,0.049,0.8919,0,,25.575,1662.05,market,@MLB_Attention_Momo,0.00069,0.65,mlb attention: 94 finals in 7d,0.0,24.780001,data/real/prices/yahoo/DKNG.json,25.76,24.639999,25.58,728eccb3861f5cb322bf539a1926fb53cb11fdf0d1412a8d19111bd3a9ac37ef,9416600,0.0469,,65,sell,3.909,318.805,3.909,-3.909,0.325,filled,,DKNG,0.6159
101.37,False,101.36,101.36,2128.4491,0.0,2026-08-26,101.360001,0.0,-0.1848,0.063,1.39,100.0,21,0.0799,0.111,0,,101.365,2128.56,market,@MLB_Attention_Momo,0.00113,0.0,mlb attention: 94 finals in 7d,0.0,98.059998,data/real/prices/yahoo/FLUT.json,101.849998,97.800003,101.360001,b0ffbb30d24f61202de05dce905e96fb554a730be44b61df2e48712c8bcbabd0,1858000,0.0479,,21,sell,0.0,336.529,0.0,-0.0,0.105,filled,,FLUT,0.2958
168.09,False,168.09,168.08,-1849.023,0.0,2026-08-26,168.080002,0.0,0.0396,0.033,0.559,100.0,11,0.0154,0.143,0,,168.085,1848.99,market,@FDACatalyst_Rider,0.00012,0.11,fda: 30d approvals=71 median=68,0.0,168.389999,data/real/prices/yahoo/XBI.json,169.050003,166.5,168.080002,fe9eeb851e6faba2a7187e008fab271608d8a4d544227ad3543ac3d95d5dd769,8943200,0.0,,11,buy,0.595,-17.816,0.595,0.595,0.055,filled,,XBI,0.1034
43.32,False,43.32,43.31,-2252.796,0.0,2026-08-26,43.310001,0.0,0.2492,0.156,1.894,100.0,52,0.0107,0.6759,0,,43.315,2252.64,market,@Kalshi_Attention_Timer,0.00042,0.5199,kalshi: weather/fuel attention elevated,0.0,43.509998,data/real/prices/yahoo/XLU.json,43.709999,43.279999,43.310001,5dddbd83cab3a8b7cd0814ea8215cbfc7d759602d4557e0cdf34937ba995df5d,12240200,0.0,,52,buy,2.309,-43.668,2.309,2.309,0.26,filled,,XLU,0.4267
420.83,False,420.82,420.82,1262.4244,0.0,2026-08-27,420.820007,0.0,-0.0192,0.009,0.434,100.0,3,0.0042,0.0356,0,,420.825,1262.46,market,@GOLD_Trend_GLD,4e-05,0.0,gold: trend up,0.0,422.600006,data/real/prices/yahoo/GLD.json,423.350006,418.429993,420.820007,545093d31c9d8284e3b5dc66f668a6cb7391d9925b5abdf3e82bcaa71e423b40,7089000,0.0266,,3,sell,0.0,-42.12,0.0,-0.0,0.015,filled,,GLD,0.0548
17.8,False,17.79,17.79,2810.2573,0.0,2026-08-27,17.799999,0.0,0.6449,0.474,5.328,100.0,158,0.145,2.1426,0,,17.795,2810.82,market,@MLB_Attention_Momo,0.00807,1.5798,mlb attention: 94 finals in 7d,0.0,17.33,data/real/prices/yahoo/PENN.json,17.83,17.290001,17.799999,a08c607c0926b67cf07c1d783cb680772c85851bf312595d1e12c5291078fa04,1958800,0.0887,,158,sell,5.617,265.436,5.617,-5.617,0.79,filled,,PENN,1.4977
43.23,False,43.23,43.22,-1383.456,0.0,2026-08-27,43.220001,0.0,0.1547,0.096,1.889,100.0,32,0.0053,0.416,0,,43.225,1383.36,market,@Kalshi_Attention_Timer,0.0002,0.32,kalshi: weather/fuel attention elevated,0.0,43.18,data/real/prices/yahoo/XLU.json,43.330002,42.919998,43.220001,5dddbd83cab3a8b7cd0814ea8215cbfc7d759602d4557e0cdf34937ba995df5d,16033500,0.0,,32,buy,2.314,11.579,2.314,2.314,0.16,filled,,XLU,0.2613
24.29,False,24.27,24.28,78938.2903,0.0,2026-08-28,24.280001,0.0,-0.8721,9.759,5.754,100.0,3253,17.1403,44.553,0,,24.285,78950.31,market,@MLB_Attention_Momo,0.01635,32.5333,mlb attention: schedule cooled,0.0,25.26,data/real/prices/yahoo/DKNG.json,26.58,24.115,24.280001,728eccb3861f5cb322bf539a1926fb53cb11fdf0d1412a8d19111bd3a9ac37ef,19896400,2.2607,,3253,sell,4.119,-391.924,4.119,-4.119,16.265,filled,,DKNG,45.425
95.81,False,95.78,95.8,78631.137,0.0,2026-08-28,95.800003,0.0,-6.4593,2.463,3.449,100.0,821,18.7767,20.6654,0,,95.805,78635.38,market,@MLB_Attention_Momo,0.02722,16.4225,mlb attention: schedule cooled,0.0,101.779999,data/real/prices/yahoo/FLUT.json,102.650002,95.18,95.800003,b0ffbb30d24f61202de05dce905e96fb554a730be44b61df2e48712c8bcbabd0,3016500,1.78,,821,sell,2.088,-589.507,2.088,-2.088,4.105,filled,,FLUT,27.1247
17.42,False,17.41,17.41,78503.0731,0.0,2026-08-28,17.41,0.0,-44.6609,13.53,7.729,100.0,4510,22.1109,16.0269,0,,17.415,78519.1,market,@MLB_Attention_Momo,0.20073,-0.0,mlb attention: schedule cooled,0.0,17.360001,data/real/prices/yahoo/PENN.json,17.860001,17.219999,17.41,a08c607c0926b67cf07c1d783cb680772c85851bf312595d1e12c5291078fa04,2246800,2.4969,,4510,sell,-0.0,28.801,-0.0,0.0,22.55,filled,,PENN,60.6879
166.73,False,166.7,166.72,262375.3659,0.0,2026-08-28,166.720001,0.0,-2.0883,4.722,1.677,100.0,1574,25.6999,41.9157,0,,166.725,262385.8,market,@FDACatalyst_Rider,0.01607,31.4816,fda: approval flow back below median,0.0,162.380005,data/real/prices/yahoo/XBI.json,167.119995,162.160004,166.720001,fe9eeb851e6faba2a7187e008fab271608d8a4d544227ad3543ac3d95d5dd769,9792600,5.7121,,1574,sell,1.2,266.042,1.2,-1.2,7.87,filled,,XBI,44.0039
166.73,False,166.74,166.72,-173412.72,0.0,2026-08-28,166.720001,0.4,1.3959,3.12,1.299,100.0,1040,13.803,23.919,0,,166.725,173409.6,market,@FDA_ClusterFade,0.01062,20.799,fda fade: z=-1.12 long sector,0.0,162.380005,data/real/prices/yahoo/XBI.json,167.119995,162.160004,166.720001,fe9eeb851e6faba2a7187e008fab271608d8a4d544227ad3543ac3d95d5dd769,9792600,0.0,,1040,buy,1.2,268.506,1.2,1.2,5.2,filled,,XBI,22.523
24.83,False,24.84,24.82,-77013.3,0.0,2026-08-31,24.83,26.0,-27.0778,9.3,8.75,100.0,3100,16.5778,40.3,0,,24.825,77004.0,market,@MLB_Attention_Momo,0.02686,31.0,mlb attention: 93 finals in 7d,0.0,24.290001,data/real/prices/yahoo/DKNG.json,24.940001,23.875,24.83,728eccb3861f5cb322bf539a1926fb53cb11fdf0d1412a8d19111bd3a9ac37ef,11540900,0.0,,3100,buy,4.027,226.43,4.027,4.027,15.5,filled,,DKNG,67.3778
101.64,False,101.66,101.63,-76857.228,0.0,2026-08-31,101.639999,0.0,-7.1707,2.268,3.196,100.0,756,18.5115,17.3888,0,,101.635,76854.96,market,@MLB_Attention_Momo,0.01268,15.1208,mlb attention: 93 finals in 7d,0.0,100.18,data/real/prices/yahoo/FLUT.json,103.040001,99.415001,101.639999,b0ffbb30d24f61202de05dce905e96fb554a730be44b61df2e48712c8bcbabd0,5963200,0.0,,756,buy,1.968,147.734,1.968,1.968,3.78,filled,,FLUT,24.5595
407.77,False,407.74,407.76,260946.1796,0.0,2026-08-31,407.76001,0.0,-4.5202,1.92,0.948,100.0,640,14.1266,20.2268,0,,407.765,260953.6,market,@GOLD_Trend_GLD,0.00674,12.8064,gold: trend broke,0.0,408.420013,data/real/prices/yahoo/GLD.json,408.799988,404.899994,407.76001,545093d31c9d8284e3b5dc66f668a6cb7391d9925b5abdf3e82bcaa71e423b40,9490000,5.5004,,640,sell,0.491,-16.65,0.491,-0.491,3.2,filled,,GLD,24.7471
17.31,False,17.33,17.3,-77114.517,0.0,2026-08-31,17.309999,52.98,-7.3193,13.347,14.222,100.0,4449,21.0788,102.3314,0,,17.305,77101.17,market,@MLB_Attention_Momo,0.18187,88.9844,mlb attention: 93 finals in 7d,0.0,16.709999,data/real/prices/yahoo/PENN.json,17.450001,16.620001,17.309999,a08c607c0926b67cf07c1d783cb680772c85851bf312595d1e12c5291078fa04,2446200,0.0,,4449,buy,11.555,371.036,11.555,11.555,22.245,filled,,PENN,109.6508
10.42,False,10.41,10.41,1248.7909,0.0,2026-08-31,10.42,0.0,0.571,0.36,8.311,100.0,120,0.029,1.6091,0,,10.415,1249.2,market,@Kalshi_Attention_Timer,0.00123,1.2,kalshi: weather/fuel attention elevated,0.0,10.54,data/real/prices/yahoo/UNG.json,10.59,10.34,10.42,eb7bcc0769945fb2c40fbcd98753ed7e17e367cf69d2ce2bde9ae60f00a462cc,9753000,0.0491,,120,sell,9.597,-123.34,9.597,-9.597,0.6,filled,,UNG,1.0382
161.01,False,161.0,161.0,2897.8828,0.0,2026-08-31,161.0,0.0,-0.1223,0.054,0.827,100.0,18,0.0323,0.1172,0,,161.005,2898.0,market,@FDA_ClusterFade,0.00024,-0.0,fda fade: z=-1.90 long sector,0.0,162.5,data/real/prices/yahoo/XBI.json,163.220001,159.619995,161.0,fe9eeb851e6faba2a7187e008fab271608d8a4d544227ad3543ac3d95d5dd769,7354700,0.0632,,18,sell,-0.0,-92.308,-0.0,0.0,0.09,filled,,XBI,0.2395
23.88,False,23.87,23.87,1909.3051,0.0,2026-09-01,23.879999,0.0,0.3319,0.24,3.995,100.0,80,0.068,1.0949,0,,23.875,1909.6,market,@MLB_Attention_Momo,0.0009,0.7999,mlb attention: 95 finals in 7d,0.0,23.440001,data/real/prices/yahoo/DKNG.json,24.110001,23.33,23.879999,728eccb3861f5cb322bf539a1926fb53cb11fdf0d1412a8d19111bd3a9ac37ef,8869200,0.0549,,80,sell,4.187,183.447,4.187,-4.187,0.4,filled,,DKNG,0.763
98.16,False,98.15,98.15,2159.1852,0.0,2026-09-01,98.150002,0.0,-0.1979,0.066,1.448,100.0,22,0.088,0.1148,0,,98.155,2159.3,market,@MLB_Attention_Momo,0.0006,0.0,mlb attention: 95 finals in 7d,0.0,97.0,data/real/prices/yahoo/FLUT.json,99.555,96.559998,98.150002,b0ffbb30d24f61202de05dce905e96fb554a730be44b61df2e48712c8bcbabd0,3692500,0.0488,,22,sell,0.0,118.557,0.0,-0.0,0.11,filled,,FLUT,0.3128
16.78,False,16.77,16.77,2481.436,0.0,2026-09-01,16.77,0.0,-0.8704,0.444,5.618,100.0,148,0.1304,0.524,0,,16.775,2481.96,market,@MLB_Attention_Momo,0.00419,-0.0,mlb attention: 95 finals in 7d,0.0,16.4,data/real/prices/yahoo/PENN.json,16.77,16.24,16.77,a08c607c0926b67cf07c1d783cb680772c85851bf312595d1e12c5291078fa04,3535300,0.08,,148,sell,-0.0,225.61,-0.0,0.0,0.74,filled,,PENN,1.3943
707.4,False,707.39,707.39,707.3722,0.0,2026-09-01,707.390015,0.0,-0.0054,0.003,0.328,100.0,1,0.0004,0.0178,0,,707.395,707.39,market,@PinePilot_EMA_Cross,0.0,0.0,pinepilot: EMA(20) > EMA(50),0.0,707.640015,data/real/prices/yahoo/QQQ.json,712.299988,704.659973,707.390015,ae9ec3c0b0b8e0f5cd28ee45eac2dfcff9f95a7c5a1244e170ab0980d85979ed,35236100,0.0148,,1,sell,0.0,-3.533,0.0,-0.0,0.005,filled,,QQQ,0.0232
762.02,False,762.01,762.01,1523.9822,0.0,2026-09-01,762.01001,0.0,-0.0107,0.006,0.318,100.0,2,0.0007,0.0378,0,,762.015,1524.02,market,@PinePilot_EMA_Cross,0.0,0.0,pinepilot: EMA(20) > EMA(50),0.0,761.780029,data/real/prices/yahoo/SPY.json,764.669983,759.47998,762.01001,e0f05aaf67be23da1db20513eaed93274b165898427ebeab80c7cb2eca1d9a2d,41126300,0.0318,,2,sell,0.0,3.019,0.0,-0.0,0.01,filled,,SPY,0.0485
81.89,False,81.88,81.88,1391.877,0.0,2026-09-01,81.889999,0.0,0.0824,0.051,1.226,100.0,17,0.0026,0.253,0,,81.885,1391.96,market,@YieldCurve_Rotator,7e-05,0.17,curve: 21d change -8.0bp,0.0,81.870003,data/real/prices/yahoo/TLT.json,82.349998,81.779999,81.889999,b2914ca7451d1c04fbe97f399361df69871d9a8afcbb0121541ac2bdd13a29f3,25623900,0.032,,17,sell,1.221,1.221,1.221,-1.221,0.085,filled,,TLT,0.1706
42.3,False,42.29,42.29,1057.1483,0.0,2026-09-01,42.299999,0.0,0.1214,0.075,2.178,100.0,25,0.0036,0.3516,0,,42.295,1057.25,market,@Kalshi_Attention_Timer,8e-05,0.25,kalshi: weather/fuel attention elevated,0.0,42.560001,data/real/prices/yahoo/XLU.json,42.610001,42.09,42.299999,5dddbd83cab3a8b7cd0814ea8215cbfc7d759602d4557e0cdf34937ba995df5d,30615800,0.0267,,25,sell,2.364,-63.44,2.364,-2.364,0.125,filled,,XLU,0.2303
164.45,False,164.45,164.44,-1644.53,0.0,2026-09-02,164.449997,0.0,-0.0629,0.03,0.565,100.0,10,0.0129,0.03,0,,164.445,1644.5,market,@FDA_ClusterFade,0.00012,0.0,fda fade: z=-1.36 long sector,0.0,165.369995,data/real/prices/yahoo/XBI.json,168.059998,162.270004,164.449997,fe9eeb851e6faba2a7187e008fab271608d8a4d544227ad3543ac3d95d5dd769,8653700,0.0,,10,buy,0.0,-55.633,0.0,0.0,0.05,filled,,XBI,0.0929
42.41,False,42.41,42.4,-1654.107,0.0,2026-09-02,42.400002,0.0,0.1877,0.117,1.93,100.0,39,0.0073,0.5069,0,,42.405,1653.99,market,@Kalshi_Attention_Timer,0.00013,0.3899,kalshi: weather/fuel attention elevated,0.0,42.669998,data/real/prices/yahoo/XLU.json,42.709999,42.02,42.400002,5dddbd83cab3a8b7cd0814ea8215cbfc7d759602d4557e0cdf34937ba995df5d,29769100,0.0,,39,buy,2.358,-60.932,2.358,2.358,0.195,filled,,XLU,0.3193
24.39,False,24.39,24.38,-2634.444,0.0,2026-09-03,24.389999,0.0,-0.6527,0.324,3.708,100.0,108,0.1128,0.3241,0,,24.385,2634.12,market,@MLB_Attention_Momo,0.00157,0.0001,mlb attention: 95 finals in 7d,0.0,24.190001,data/real/prices/yahoo/DKNG.json,24.82,24.08,24.389999,728eccb3861f5cb322bf539a1926fb53cb11fdf0d1412a8d19111bd3a9ac37ef,6888600,0.0,,108,buy,0.0,82.678,0.0,0.0,0.54,filled,,DKNG,0.9768
17.05,False,17.05,17.04,-2984.275,0.0,2026-09-03,17.049999,0.0,-1.0561,0.525,5.3,100.0,175,0.1813,0.5252,0,,17.045,2983.75,market,@MLB_Attention_Momo,0.00828,0.0002,mlb attention: 95 finals in 7d,0.0,17.200001,data/real/prices/yahoo/PENN.json,17.309999,16.85,17.049999,a08c607c0926b67cf07c1d783cb680772c85851bf312595d1e12c5291078fa04,2114600,0.0,,175,buy,0.001,-87.21,0.001,0.001,0.875,filled,,PENN,1.5813
10.72,False,10.72,10.71,-1147.361,0.0,2026-09-03,10.72,0.0,-0.5576,0.321,7.66,100.0,107,0.0226,0.321,0,,10.715,1147.04,market,@Kalshi_Attention_Timer,0.00048,-0.0,kalshi: weather/fuel attention elevated,0.0,10.49,data/real/prices/yahoo/UNG.json,10.82,10.37,10.72,eb7bcc0769945fb2c40fbcd98753ed7e17e367cf69d2ce2bde9ae60f00a462cc,22245700,0.0,,107,buy,-0.0,219.256,-0.0,0.0,0.535,filled,,UNG,0.8786
293.71,False,293.71,293.7,-881.139,0.0,2026-09-04,293.700012,0.0,0.0141,0.009,0.283,100.0,3,0.0009,0.039,0,,293.705,881.13,market,@PinePilot_EMA_Cross,2e-05,0.03,pinepilot: EMA(20) > EMA(50),0.0,296.01001,data/real/prices/yahoo/IWM.json,296.179993,293.559998,293.700012,4f6191d7931ac8755dec346902f769128dd059359a542aaf947e90ff8f2d344a,13951100,0.0,,3,buy,0.34,-77.7,0.34,0.34,0.015,filled,,IWM,0.0249
17.14,False,17.13,17.13,2175.0594,0.0,2026-09-04,17.139999,0.0,0.5198,0.381,5.519,100.0,127,0.1151,1.7205,0,,17.135,2175.51,market,@MLB_Attention_Momo,0.00574,1.2699,mlb attention: 97 finals in 7d,0.0,17.07,data/real/prices/yahoo/PENN.json,17.450001,17.02,17.139999,a08c607c0926b67cf07c1d783cb680772c85851bf312595d1e12c5291078fa04,2210900,0.0696,,127,sell,5.834,35.149,5.834,-5.834,0.635,filled,,PENN,1.2007
24.02,False,24.01,24.01,1104.2903,0.0,2026-09-08,24.01,0.0,-0.2575,0.138,3.869,100.0,46,0.0275,0.1697,0,,24.015,1104.46,market,@MLB_Attention_Momo,0.00058,-0.0,mlb attention: 96 finals in 7d,0.0,23.870001,data/real/prices/yahoo/DKNG.json,24.093,23.360001,24.01,728eccb3861f5cb322bf539a1926fb53cb11fdf0d1412a8d19111bd3a9ac37ef,7977000,0.0317,,46,sell,-0.0,58.651,-0.0,0.0,0.23,filled,,DKNG,0.4273
403.56,False,403.58,403.55,-253046.541,0.0,2026-09-08,403.559998,2.27,-5.7943,1.881,0.799,100.0,627,12.9305,14.4223,0,,403.555,253044.66,market,@GOLD_Trend_GLD,0.00697,12.5413,gold: trend up,0.0,399.720001,data/real/prices/yahoo/GLD.json,404.279999,399.480011,403.559998,545093d31c9d8284e3b5dc66f668a6cb7391d9925b5abdf3e82bcaa71e423b40,8992200,0.0,,627,buy,0.496,96.568,0.496,0.496,3.135,filled,,GLD,20.2165
160.78,False,160.77,160.77,1768.3984,0.0,2026-09-08,160.770004,0.0,-0.0692,0.033,0.796,100.0,11,0.0142,0.0716,0,,160.775,1768.47,market,@FDA_ClusterFade,0.00013,0.0,fda fade: z=-1.59 long sector,0.0,161.929993,data/real/prices/yahoo/XBI.json,163.429993,158.800003,160.770004,fe9eeb851e6faba2a7187e008fab271608d8a4d544227ad3543ac3d95d5dd769,8518800,0.0386,,11,sell,0.0,-71.635,0.0,-0.0,0.055,filled,,XBI,0.1408
406.11,False,406.11,406.1,-1624.452,0.0,2026-09-09,406.109985,0.0,-0.0265,0.012,0.237,100.0,4,0.0066,0.0121,0,,406.105,1624.44,market,@GOLD_Trend_GLD,5e-05,0.0001,gold: trend up,0.0,403.350006,data/real/prices/yahoo/GLD.json,406.559998,401.179993,406.109985,545093d31c9d8284e3b5dc66f668a6cb7391d9925b5abdf3e82bcaa71e423b40,8188400,0.0,,4,buy,0.0,68.427,0.0,0.0,0.02,filled,,GLD,0.0386
43.41,False,43.4,43.4,2299.9833,0.0,2026-09-09,43.400002,0.0,-0.2767,0.159,2.146,100.0,53,0.0118,0.2168,0,,43.405,2300.2,market,@Kalshi_Attention_Timer,0.00031,0.0001,kalshi: weather/fuel attention elevated,0.0,42.939999,data/real/prices/yahoo/XLU.json,43.529999,42.830002,43.400002,5dddbd83cab3a8b7cd0814ea8215cbfc7d759602d4557e0cdf34937ba995df5d,16901700,0.0577,,53,sell,0.0,107.126,0.0,-0.0,0.265,filled,,XLU,0.4935
399.53,False,399.52,399.52,3595.5772,0.0,2026-09-10,399.529999,0.0,0.0232,0.027,0.472,100.0,9,0.0218,0.1928,0,,399.525,3595.68,market,@GOLD_Trend_GLD,9e-05,0.09,gold: trend up,0.0,396.359985,data/real/prices/yahoo/GLD.json,401.149994,395.450012,399.529999,545093d31c9d8284e3b5dc66f668a6cb7391d9925b5abdf3e82bcaa71e423b40,10202900,0.0758,,9,sell,0.25,79.726,0.25,-0.25,0.045,filled,,GLD,0.1696
707.55,False,707.54,707.54,707.5222,0.0,2026-09-10,707.549988,0.0,0.0047,0.003,0.326,100.0,1,0.0003,0.0278,0,,707.545,707.54,market,@PinePilot_EMA_Cross,0.0,0.01,pinepilot: EMA(20) > EMA(50),0.0,708.690002,data/real/prices/yahoo/QQQ.json,712.059998,706.859985,707.549988,ae9ec3c0b0b8e0f5cd28ee45eac2dfcff9f95a7c5a1244e170ab0980d85979ed,31414400,0.0148,,1,sell,0.141,-16.227,0.141,-0.141,0.005,filled,,QQQ,0.0231
157.59,False,157.58,157.58,1575.7356,0.0,2026-09-10,157.589996,0.0,0.0377,0.03,0.804,100.0,10,0.0123,0.1644,0,,157.585,1575.8,market,@FDA_ClusterFade,0.0001,0.1,fda fade: z=-1.67 long sector,0.0,156.820007,data/real/prices/yahoo/XBI.json,158.720001,155.820007,157.589996,fe9eeb851e6faba2a7187e008fab271608d8a4d544227ad3543ac3d95d5dd769,9706200,0.0344,,10,sell,0.634,48.463,0.634,-0.634,0.05,filled,,XBI,0.1267
43.0,False,42.99,42.99,1289.5776,0.0,2026-09-10,42.990002,0.0,-0.155,0.09,2.151,100.0,30,0.005,0.1225,0,,42.995,1289.7,market,@Kalshi_Attention_Timer,0.00015,0.0001,kalshi: weather/fuel attention elevated,0.0,42.52,data/real/prices/yahoo/XLU.json,43.25,42.509998,42.990002,5dddbd83cab3a8b7cd0814ea8215cbfc7d759602d4557e0cdf34937ba995df5d,20625300,0.0324,,30,sell,0.0,110.536,0.0,-0.0,0.15,filled,,XLU,0.2774
23.79,False,23.78,23.78,73278.6032,0.0,2026-09-11,23.785,0.0,-12.4697,9.246,5.354,100.0,3082,12.4697,26.7668,0,,23.785,73289.96,market,@MLB_Attention_Momo,0.02625,15.41,mlb attention: schedule cooled,0.0,24.74,data/real/prices/yahoo/DKNG.json,24.74,23.469999,23.785,728eccb3861f5cb322bf539a1926fb53cb11fdf0d1412a8d19111bd3a9ac37ef,11740800,2.1108,,3082,sell,2.102,-388.036,2.102,-2.102,15.41,filled,,DKNG,39.2365
99.46,False,99.43,99.45,72977.7714,0.0,2026-09-11,99.459999,0.0,4.3633,2.202,2.947,100.0,734,13.986,25.8678,0,,99.455,72981.62,market,@MLB_Attention_Momo,0.04354,22.0193,mlb attention: schedule cooled,0.0,100.559998,data/real/prices/yahoo/FLUT.json,101.550003,97.82,99.459999,b0ffbb30d24f61202de05dce905e96fb554a730be44b61df2e48712c8bcbabd0,1685900,1.6466,,734,sell,3.016,-112.371,3.016,-3.016,3.67,filled,,FLUT,21.5045
402.53,False,402.5,402.52,250347.8554,0.0,2026-09-11,402.529999,0.0,2.5992,1.866,0.927,100.0,622,12.9501,25.804,0,,402.525,250355.0,market,@GOLD_Trend_GLD,0.00567,18.6594,gold: trend broke,0.0,398.769989,data/real/prices/yahoo/GLD.json,403.649994,398.140015,402.529999,545093d31c9d8284e3b5dc66f668a6cb7391d9925b5abdf3e82bcaa71e423b40,10963000,5.2786,,622,sell,0.745,93.538,0.745,-0.745,3.11,filled,,GLD,23.2047
17.39,False,17.38,17.38,75552.7914,0.0,2026-09-11,17.389999,0.0,4.1527,13.044,7.248,100.0,4348,17.583,58.9242,0,,17.385,75568.24,market,@MLB_Attention_Momo,0.11525,43.4757,mlb attention: schedule cooled,0.0,17.82,data/real/prices/yahoo/PENN.json,17.879999,17.110001,17.389999,a08c607c0926b67cf07c1d783cb680772c85851bf312595d1e12c5291078fa04,3772800,2.4046,,4348,sell,5.75,-246.914,5.75,-5.75,21.74,filled,,PENN,54.7716
42.39,False,42.39,42.38,-1865.292,0.0,2026-09-14,42.380001,0.0,0.2114,0.132,1.933,100.0,44,0.0085,0.572,0,,42.385,1865.16,market,@Kalshi_Attention_Timer,0.00019,0.44,kalshi: weather/fuel attention elevated,0.0,41.82,data/real/prices/yahoo/XLU.json,42.439999,41.75,42.380001,5dddbd83cab3a8b7cd0814ea8215cbfc7d759602d4557e0cdf34937ba995df5d,23581300,0.0,,44,buy,2.359,136.298,2.359,2.359,0.22,filled,,XLU,0.3605
10.56,False,10.55,10.55,1191.7644,0.0,2026-09-15,10.56,0.0,0.5423,0.339,8.164,100.0,113,0.0227,1.5156,0,,10.555,1192.15,market,@Kalshi_Attention_Timer,0.00048,1.13,kalshi: weather/fuel attention elevated,0.0,10.54,data/real/prices/yahoo/UNG.json,10.59,10.4,10.56,eb7bcc0769945fb2c40fbcd98753ed7e17e367cf69d2ce2bde9ae60f00a462cc,23461900,0.0466,,113,sell,9.47,9.488,9.47,-9.47,0.565,filled,,UNG,0.9733
41.92,False,41.92,41.91,-1886.535,0.0,2026-09-15,41.919998,0.0,-0.2338,0.135,1.956,100.0,45,0.0089,0.1351,0,,41.915,1886.4,market,@Kalshi_Attention_Timer,0.00019,0.0001,kalshi: weather/fuel attention elevated,0.0,41.32,data/real/prices/yahoo/XLU.json,41.950001,41.290001,41.919998,5dddbd83cab3a8b7cd0814ea8215cbfc7d759602d4557e0cdf34937ba995df5d,24210500,0.0,,45,buy,0.0,145.208,0.0,0.0,0.225,filled,,XLU,0.3689
24.33,False,24.32,24.32,24.3163,0.0,2026-09-16,24.33,0.0,0.0049,0.003,3.608,100.0,1,0.0001,0.0137,13,,24.325,24.32,market,@MLB_Attention_Momo,1e-05,0.01,end-of-competition forced liquidation,0.0,24.33,data/real/prices/yahoo/DKNG.json,24.860001,23.790001,24.469999,728eccb3861f5cb322bf539a1926fb53cb11fdf0d1412a8d19111bd3a9ac37ef,8935200,0.0007,,1,sell,4.11,-4.11,4.11,-61.299,0.005,filled,,DKNG,0.0088
24.33,False,24.33,24.32,-24.333,0.0,2026-09-16,24.33,0.0,-0.0051,0.003,3.32,100.0,1,0.0001,0.003,13,,24.325,24.33,market,@MLB_Upset_Short,1e-05,0.0,end-of-competition forced liquidation,0.0,24.33,data/real/prices/yahoo/DKNG.json,24.860001,23.790001,24.469999,728eccb3861f5cb322bf539a1926fb53cb11fdf0d1412a8d19111bd3a9ac37ef,8935200,0.0,,1,buy,0.0,0.0,0.0,-57.213,0.005,filled,,DKNG,0.0081
97.56,False,97.55,97.55,97.5448,0.0,2026-09-16,97.559998,0.0,0.0043,0.003,1.116,100.0,1,0.0007,0.0152,13,,97.555,97.55,market,@MLB_Attention_Momo,3e-05,0.01,end-of-competition forced liquidation,0.0,97.559998,data/real/prices/yahoo/FLUT.json,99.779999,97.114998,99.0,b0ffbb30d24f61202de05dce905e96fb554a730be44b61df2e48712c8bcbabd0,3350800,0.0022,,1,sell,1.025,-1.025,1.025,-146.465,0.005,filled,,FLUT,0.0109
391.74,False,391.73,391.73,391.7187,0.0,2026-09-16,391.73999,0.0,0.0042,0.003,0.436,100.0,1,0.0008,0.0213,13,,391.735,391.73,market,@GOLD_Trend_GLD,1e-05,0.01,end-of-competition forced liquidation,0.0,391.73999,data/real/prices/yahoo/GLD.json,400.600006,388.390015,398.910004,545093d31c9d8284e3b5dc66f668a6cb7391d9925b5abdf3e82bcaa71e423b40,15773200,0.0083,,1,sell,0.255,-0.255,0.255,-179.991,0.005,filled,,GLD,0.0171
283.93,False,283.92,283.92,71829.4719,0.0,2026-09-16,283.920013,0.0,-1.9601,0.759,0.592,100.0,253,0.6984,2.2914,13,,283.925,71831.76,market,@PinePilot_EMA_Cross,0.00092,0.0033,end-of-competition forced liquidation,0.0,283.920013,data/real/prices/yahoo/IWM.json,287.040009,281.029999,285.630005,4f6191d7931ac8755dec346902f769128dd059359a542aaf947e90ff8f2d344a,27599400,1.5291,,253,sell,0.0,-0.0,0.0,-59.868,1.265,filled,,IWM,4.2515
17.7,False,17.69,17.69,17.6864,0.0,2026-09-16,17.690001,0.0,-0.0051,0.003,4.88,100.0,1,0.0001,0.0036,13,,17.695,17.69,market,@MLB_Attention_Momo,4e-05,0.0,end-of-competition forced liquidation,0.0,17.690001,data/real/prices/yahoo/PENN.json,17.84,17.42,17.709999,a08c607c0926b67cf07c1d783cb680772c85851bf312595d1e12c5291078fa04,2609800,0.0006,,1,sell,0.001,-0.001,0.001,-11.292,0.005,filled,,PENN,0.0086
704.72,False,704.71,704.71,72583.3057,0.0,2026-09-16,704.719971,0.0,0.1684,0.309,0.37,100.0,103,0.3436,2.8514,13,,704.715,72585.13,market,@PinePilot_EMA_Cross,0.00029,1.027,end-of-competition forced liquidation,0.0,704.719971,data/real/prices/yahoo/QQQ.json,711.880005,700.0,708.0,ae9ec3c0b0b8e0f5cd28ee45eac2dfcff9f95a7c5a1244e170ab0980d85979ed,35688000,1.5153,,103,sell,0.141,-0.141,0.141,-46.469,0.515,filled,,QQQ,2.683
704.72,False,704.7,704.71,257209.0352,0.0,2026-09-16,704.719971,0.0,3.1721,1.095,0.411,100.0,365,2.2924,13.7542,13,,704.715,257215.5,market,@LeapMaxLever_Momentum,0.00102,7.2894,end-of-competition forced liquidation,0.0,704.719971,data/real/prices/yahoo/QQQ.json,711.880005,700.0,708.0,ae9ec3c0b0b8e0f5cd28ee45eac2dfcff9f95a7c5a1244e170ab0980d85979ed,35688000,5.3698,,365,sell,0.283,-0.283,0.283,-46.61,1.825,filled,,QQQ,10.5822
754.05,False,754.04,754.04,72386.0421,0.0,2026-09-16,754.049988,0.0,0.2758,0.288,0.343,100.0,96,0.2031,2.7568,13,,754.045,72387.84,market,@PinePilot_EMA_Cross,0.00016,0.9588,end-of-competition forced liquidation,0.0,754.049988,data/real/prices/yahoo/SPY.json,761.669983,749.599976,759.5,e0f05aaf67be23da1db20513eaed93274b165898427ebeab80c7cb2eca1d9a2d,59217700,1.5099,,96,sell,0.132,-0.132,0.132,-71.889,0.48,filled,,SPY,2.481
80.88,False,80.87,80.87,134963.9171,0.0,2026-09-16,80.879997,0.0,5.924,5.007,1.398,100.0,1669,2.416,24.7979,13,,80.875,134972.03,market,@YieldCurve_Rotator,0.00295,16.685,end-of-competition forced liquidation,0.0,80.879997,data/real/prices/yahoo/TLT.json,81.559998,80.860001,80.940002,b2914ca7451d1c04fbe97f399361df69871d9a8afcbb0121541ac2bdd13a29f3,56481700,3.1059,,1669,sell,1.236,-1.236,1.236,-8.649,8.345,filled,,TLT,18.8739
10.37,False,10.36,10.36,10.3566,0.0,2026-09-16,10.36,0.0,-0.005,0.003,8.134,100.0,1,0.0,0.0034,13,,10.365,10.36,market,@Weather_ColdSnap_Max,0.0,-0.0,end-of-competition forced liquidation,0.0,10.36,data/real/prices/yahoo/UNG.json,10.59,10.32,10.56,eb7bcc0769945fb2c40fbcd98753ed7e17e367cf69d2ce2bde9ae60f00a462cc,21101700,0.0004,,1,sell,-0.0,0.0,-0.0,-189.394,0.005,filled,,UNG,0.0084
10.37,False,10.36,10.36,98905.4496,0.0,2026-09-16,10.36,0.0,-65.2478,28.65,9.885,100.0,9550,17.4978,32.5504,13,,10.365,98938.0,market,@Kalshi_Attention_Timer,0.04526,-0.0,end-of-competition forced liquidation,0.0,10.36,data/real/prices/yahoo/UNG.json,10.59,10.32,10.56,eb7bcc0769945fb2c40fbcd98753ed7e17e367cf69d2ce2bde9ae60f00a462cc,21101700,3.9004,,9550,sell,-0.0,0.0,-0.0,-189.394,47.75,filled,,UNG,97.7981
154.37,False,154.36,154.36,1697.8899,0.0,2026-09-16,154.369995,0.0,0.0407,0.033,0.821,100.0,11,0.0142,0.1801,0,,154.365,1697.96,market,@FDA_ClusterFade,0.00012,0.1099,fda fade: z=-2.06 long sector,0.0,154.179993,data/real/prices/yahoo/XBI.json,156.039993,152.5,154.369995,fe9eeb851e6faba2a7187e008fab271608d8a4d544227ad3543ac3d95d5dd769,8847200,0.0371,,11,sell,0.647,11.675,0.647,-0.647,0.055,filled,,XBI,0.1394
154.18,False,154.16,154.17,154307.7829,0.0,2026-09-16,154.179297,0.0,1.9749,3.003,1.537,100.0,1001,12.3367,25.6937,13,,154.175,154314.16,market,@FDA_ClusterFade,0.01131,19.3166,end-of-competition forced liquidation,0.0,154.179993,data/real/prices/yahoo/XBI.json,156.039993,152.5,154.369995,fe9eeb851e6faba2a7187e008fab271608d8a4d544227ad3543ac3d95d5dd769,8847200,3.3741,,1001,sell,1.252,-1.297,1.252,-13.603,5.005,filled,,XBI,23.7188
41.32,False,41.31,41.31,59604.4916,0.0,2026-09-16,41.32,0.0,5.6176,4.329,2.458,100.0,1443,1.5974,20.2684,13,,41.315,59610.33,market,@Kalshi_Attention_Timer,0.00612,14.43,end-of-competition forced liquidation,0.0,41.32,data/real/prices/yahoo/XLU.json,41.66,41.150002,41.630001,5dddbd83cab3a8b7cd0814ea8215cbfc7d759602d4557e0cdf34937ba995df5d,23577400,1.5094,,1443,sell,2.42,-2.42,2.42,-76.868,7.215,filled,,XLU,14.6507
