trade_id,book,participant,instrument,instrument_name,side,quantity,notional_usd,entry_date,entry_price,entry_kind,entry_source_class,exit_date,exit_price,exit_kind,exit_source_class,holding_days,pnl_usd,return_on_notional_pct,fees_usd,financing_usd,coupon_usd,slippage_bps,participation_pct,price_class,official_execution_price
Season 1:@SpreadHarvester_MM:2025-09-17:NVDA:2025-09-17,Season 1,@SpreadHarvester_MM,NVDA,,long,286,52921.44,2025-09-17,185.04,VENUE-SIMULATED-FILL,MODELLED,2025-09-17,185.07,VENUE-SIMULATED-FILL,MODELLED,0,9.68,0.018291,-1.0965,,,,,MODELLED,False
Season 1:@SpreadHarvester_MM:2025-09-17:SPY:2025-09-17,Season 1,@SpreadHarvester_MM,SPY,,long,60,39323.4,2025-09-17,655.39,VENUE-SIMULATED-FILL,MODELLED,2025-09-17,655.42,VENUE-SIMULATED-FILL,MODELLED,0,2.03,0.005162,-0.23,,,,,MODELLED,False
Season 1:@SpreadHarvester_MM:2025-09-17:TSLA:2025-09-17,Season 1,@SpreadHarvester_MM,TSLA,,long,176,59801.28,2025-09-17,339.78,VENUE-SIMULATED-FILL,MODELLED,2025-09-17,339.82,VENUE-SIMULATED-FILL,MODELLED,0,7.71,0.012893,-0.6748,,,,,MODELLED,False
Season 2:@GOLD_Trend_GLD:2025-09-17:GLD:2025-09-18,Season 2,@GOLD_Trend_GLD,GLD,,long,3,1015.62,2025-09-17,338.54,VENUE-SIMULATED-FILL,MODELLED,2025-09-18,336.22,VENUE-SIMULATED-FILL,MODELLED,1,-6.98,-0.687265,0.0185,,,,,MODELLED,False
Season 1:@GapAndGo_YOLO:2025-09-18:CVNA:2025-09-18,Season 1,@GapAndGo_YOLO,CVNA,,long,133,39745.72,2025-09-18,298.84,VENUE-SIMULATED-FILL,MODELLED,2025-09-18,304.51,VENUE-SIMULATED-FILL,MODELLED,0,753.29,1.895273,0.8201,,,,,MODELLED,False
Season 1:@GapAndGo_YOLO:2025-09-18:RIVN:2025-09-18,Season 1,@GapAndGo_YOLO,RIVN,,long,2382,39993.78,2025-09-18,16.79,VENUE-SIMULATED-FILL,MODELLED,2025-09-18,15.43,VENUE-SIMULATED-FILL,MODELLED,0,-3254.21,-8.13679,14.6874,,,,,MODELLED,False
Season 1:@OvernightCarry_NO:2025-09-17:SPY:2025-09-18,Season 1,@OvernightCarry_NO,SPY,,long,305,200754.05,2025-09-17,658.21,VENUE-SIMULATED-FILL,MODELLED,2025-09-18,656.15,VENUE-SIMULATED-FILL,MODELLED,1,-630.18,-0.313906,1.8806,,,,,MODELLED,False
Season 1:@SpreadHarvester_MM:2025-09-17:NVDA:2025-09-18,Season 1,@SpreadHarvester_MM,NVDA,,short,38,7032.66,2025-09-17,185.07,VENUE-SIMULATED-FILL,MODELLED,2025-09-18,184.76,VENUE-SIMULATED-FILL,MODELLED,1,11.93,0.169637,-0.1457,,,,,MODELLED,False
Season 1:@SpreadHarvester_MM:2025-09-17:SPY:2025-09-18,Season 1,@SpreadHarvester_MM,SPY,,short,31,20318.02,2025-09-17,655.42,VENUE-SIMULATED-FILL,MODELLED,2025-09-18,656.14,VENUE-SIMULATED-FILL,MODELLED,1,-22.2,-0.109263,-0.1189,,,,,MODELLED,False
Season 1:@SpreadHarvester_MM:2025-09-18:NVDA:2025-09-18,Season 1,@SpreadHarvester_MM,NVDA,,long,223,41201.48,2025-09-18,184.76,VENUE-SIMULATED-FILL,MODELLED,2025-09-18,184.79,VENUE-SIMULATED-FILL,MODELLED,0,7.54,0.0183,-0.855,,,,,MODELLED,False
Season 1:@SpreadHarvester_MM:2025-09-18:SPY:2025-09-18,Season 1,@SpreadHarvester_MM,SPY,,long,29,19028.06,2025-09-18,656.14,VENUE-SIMULATED-FILL,MODELLED,2025-09-18,656.17,VENUE-SIMULATED-FILL,MODELLED,0,0.98,0.00515,-0.1112,,,,,MODELLED,False
Season 1:@SpreadHarvester_MM:2025-09-18:TSLA:2025-09-18,Season 1,@SpreadHarvester_MM,TSLA,,long,180,59949.0,2025-09-18,333.05,VENUE-SIMULATED-FILL,MODELLED,2025-09-18,333.09,VENUE-SIMULATED-FILL,MODELLED,0,7.89,0.013161,-0.6901,,,,,MODELLED,False
Season 1:@VIXRegime_Timer:2025-09-17:SPY:2025-09-18,Season 1,@VIXRegime_Timer,SPY,,long,75,49155.75,2025-09-17,655.41,VENUE-SIMULATED-FILL,MODELLED,2025-09-18,656.15,VENUE-SIMULATED-FILL,MODELLED,1,55.04,0.111971,0.4624,,,,,MODELLED,False
Live Book (rehearsal):@GoldVsRealRate_Live:2025-09-18:GLD:2025-09-19,Live Book (rehearsal),@GoldVsRealRate_Live,GLD,,long,40,13449.2,2025-09-18,336.23,VENUE-SIMULATED-FILL,SECONDARY,2025-09-19,336.51,VENUE-SIMULATED-FILL,SECONDARY,1,10.95,0.081417,0.2466,,,0.0,0.00188,SECONDARY,False
Live Book (rehearsal):@KitchenSink_Official:2025-09-18:SPY:2025-09-19,Live Book (rehearsal),@KitchenSink_Official,SPY,,long,120,79428.0,2025-09-18,661.9,VENUE-SIMULATED-FILL,SECONDARY,2025-09-19,662.33,VENUE-SIMULATED-FILL,SECONDARY,1,50.86,0.064033,0.7399,,,0.0,0.00013,SECONDARY,False
Season 1:@OvernightCarry_NO:2025-09-18:SPY:2025-09-19,Season 1,@OvernightCarry_NO,SPY,,short,2,1322.7,2025-09-18,661.35,VENUE-SIMULATED-FILL,MODELLED,2025-09-19,662.35,VENUE-SIMULATED-FILL,MODELLED,1,-2.01,-0.151962,0.0123,,,,,MODELLED,False
Live Book (rehearsal):@SOFRPivot_Rider:2025-09-18:SPY:2025-09-19,Live Book (rehearsal),@SOFRPivot_Rider,SPY,,long,120,79428.0,2025-09-18,661.9,VENUE-SIMULATED-FILL,SECONDARY,2025-09-19,662.33,VENUE-SIMULATED-FILL,SECONDARY,1,50.86,0.064033,0.7399,,,0.0,0.00013,SECONDARY,False
Season 1:@SpreadHarvester_MM:2025-09-18:NVDA:2025-09-19,Season 1,@SpreadHarvester_MM,NVDA,,short,101,18663.79,2025-09-18,184.79,VENUE-SIMULATED-FILL,MODELLED,2025-09-19,191.64,VENUE-SIMULATED-FILL,MODELLED,1,-691.46,-3.704821,-0.3872,,,,,MODELLED,False
Season 1:@SpreadHarvester_MM:2025-09-18:SPY:2025-09-19,Season 1,@SpreadHarvester_MM,SPY,,short,62,40682.54,2025-09-18,656.17,VENUE-SIMULATED-FILL,MODELLED,2025-09-19,662.33,VENUE-SIMULATED-FILL,MODELLED,1,-381.68,-0.938191,-0.2377,,,,,MODELLED,False
Season 1:@SpreadHarvester_MM:2025-09-19:NVDA:2025-09-19,Season 1,@SpreadHarvester_MM,NVDA,,long,208,39861.12,2025-09-19,191.64,VENUE-SIMULATED-FILL,MODELLED,2025-09-19,191.67,VENUE-SIMULATED-FILL,MODELLED,0,7.04,0.017661,-0.7975,,,,,MODELLED,False
Season 1:@SpreadHarvester_MM:2025-09-19:SPY:2025-09-19,Season 1,@SpreadHarvester_MM,SPY,,long,8,5298.64,2025-09-19,662.33,VENUE-SIMULATED-FILL,MODELLED,2025-09-19,662.36,VENUE-SIMULATED-FILL,MODELLED,0,0.27,0.005096,-0.0307,,,,,MODELLED,False
Season 1:@SpreadHarvester_MM:2025-09-19:TSLA:2025-09-19,Season 1,@SpreadHarvester_MM,TSLA,,long,180,59122.8,2025-09-19,328.46,VENUE-SIMULATED-FILL,MODELLED,2025-09-19,328.5,VENUE-SIMULATED-FILL,MODELLED,0,7.89,0.013345,-0.6901,,,,,MODELLED,False
Live Book (rehearsal):@CurveSteepener_MaxBeta:2025-09-18:SPY:2025-09-22,Live Book (rehearsal),@CurveSteepener_MaxBeta,SPY,,long,120,79428.0,2025-09-18,661.9,VENUE-SIMULATED-FILL,SECONDARY,2025-09-22,662.2,VENUE-SIMULATED-FILL,SECONDARY,4,35.26,0.044392,0.7399,,,0.0,0.00013,SECONDARY,False
Season 1:@GapAndGo_YOLO:2025-09-22:CVNA:2025-09-22,Season 1,@GapAndGo_YOLO,CVNA,,long,111,38679.06,2025-09-22,348.46,VENUE-SIMULATED-FILL,MODELLED,2025-09-22,325.57,VENUE-SIMULATED-FILL,MODELLED,0,-2541.47,-6.570661,0.6844,,,,,MODELLED,False
Season 1:@KitchenSink_AllIn:2025-09-17:GOOGL:2025-09-22,Season 1,@KitchenSink_AllIn,GOOGL,,long,19,4659.45,2025-09-17,245.234286,VENUE-SIMULATED-FILL,MODELLED,2025-09-22,242.89,VENUE-SIMULATED-FILL,MODELLED,5,-44.66,-0.958482,0.1172,,,,,MODELLED,False
Season 1:@KitchenSink_AllIn:2025-09-17:IWM:2025-09-22,Season 1,@KitchenSink_AllIn,IWM,,long,17,4120.46,2025-09-17,242.38,VENUE-SIMULATED-FILL,MODELLED,2025-09-22,245.47,VENUE-SIMULATED-FILL,MODELLED,5,52.43,1.272431,0.1048,,,,,MODELLED,False
Season 1:@KitchenSink_AllIn:2025-09-17:JPM:2025-09-22,Season 1,@KitchenSink_AllIn,JPM,,long,16,4566.88,2025-09-17,285.43,VENUE-SIMULATED-FILL,MODELLED,2025-09-22,293.51,VENUE-SIMULATED-FILL,MODELLED,5,129.18,2.828627,0.0987,,,,,MODELLED,False
Season 1:@KitchenSink_AllIn:2025-09-17:NVDA:2025-09-22,Season 1,@KitchenSink_AllIn,NVDA,,long,23,4256.38,2025-09-17,185.06,VENUE-SIMULATED-FILL,MODELLED,2025-09-22,186.78,VENUE-SIMULATED-FILL,MODELLED,5,39.42,0.926139,0.1418,,,,,MODELLED,False
Season 1:@KitchenSink_AllIn:2025-09-17:QQQ:2025-09-22,Season 1,@KitchenSink_AllIn,QQQ,,long,8,4685.13,2025-09-17,585.641379,VENUE-SIMULATED-FILL,MODELLED,2025-09-22,593.36,VENUE-SIMULATED-FILL,MODELLED,5,61.7,1.316932,0.0493,,,,,MODELLED,False
Season 1:@KitchenSink_AllIn:2025-09-17:SPY:2025-09-22,Season 1,@KitchenSink_AllIn,SPY,,long,6,3933.28,2025-09-17,655.546078,VENUE-SIMULATED-FILL,MODELLED,2025-09-22,662.23,VENUE-SIMULATED-FILL,MODELLED,5,40.07,1.018744,0.037,,,,,MODELLED,False
Season 1:@MeanRev_Z2Sigma:2025-09-17:XOM:2025-09-22,Season 1,@MeanRev_Z2Sigma,XOM,,long,254,29860.24,2025-09-17,117.56,VENUE-SIMULATED-FILL,MODELLED,2025-09-22,121.43,VENUE-SIMULATED-FILL,MODELLED,5,981.41,3.286678,1.5662,,,,,MODELLED,False
Live Book (rehearsal):@OilDollar_FadeUNG:2025-09-18:XOM:2025-09-22,Live Book (rehearsal),@OilDollar_FadeUNG,XOM,,long,300,34362.0,2025-09-18,114.54,VENUE-SIMULATED-FILL,SECONDARY,2025-09-22,112.44,VENUE-SIMULATED-FILL,SECONDARY,4,-631.85,-1.838804,1.8498,,,0.889,0.00273,SECONDARY,False
Live Book (rehearsal):@OilDollar_FadeUNG:2025-09-19:UNG:2025-09-22,Live Book (rehearsal),@OilDollar_FadeUNG,UNG,,long,5900,73868.0,2025-09-19,12.52,VENUE-SIMULATED-FILL,SECONDARY,2025-09-22,12.48,VENUE-SIMULATED-FILL,SECONDARY,3,-272.38,-0.368739,36.3794,,,8.006,0.07877,SECONDARY,False
Season 1:@OvernightCarry_NO:2025-09-19:SPY:2025-09-22,Season 1,@OvernightCarry_NO,SPY,,long,301,200041.59,2025-09-19,664.59,VENUE-SIMULATED-FILL,MODELLED,2025-09-22,662.23,VENUE-SIMULATED-FILL,MODELLED,3,-712.22,-0.356036,1.856,,,,,MODELLED,False
Season 1:@SpreadHarvester_MM:2025-09-19:NVDA:2025-09-22,Season 1,@SpreadHarvester_MM,NVDA,,short,101,19358.67,2025-09-19,191.67,VENUE-SIMULATED-FILL,MODELLED,2025-09-22,186.77,VENUE-SIMULATED-FILL,MODELLED,3,495.29,2.558492,-0.3872,,,,,MODELLED,False
Season 1:@SpreadHarvester_MM:2025-09-19:SPY:2025-09-22,Season 1,@SpreadHarvester_MM,SPY,,short,44,29143.84,2025-09-19,662.36,VENUE-SIMULATED-FILL,MODELLED,2025-09-22,662.22,VENUE-SIMULATED-FILL,MODELLED,3,6.33,0.02172,-0.1687,,,,,MODELLED,False
Season 1:@SpreadHarvester_MM:2025-09-22:NVDA:2025-09-22,Season 1,@SpreadHarvester_MM,NVDA,,long,218,40715.86,2025-09-22,186.77,VENUE-SIMULATED-FILL,MODELLED,2025-09-22,186.8,VENUE-SIMULATED-FILL,MODELLED,0,7.38,0.018126,-0.8358,,,,,MODELLED,False
Season 1:@SpreadHarvester_MM:2025-09-22:TSLA:2025-09-22,Season 1,@SpreadHarvester_MM,TSLA,,long,180,59621.4,2025-09-22,331.23,VENUE-SIMULATED-FILL,MODELLED,2025-09-22,331.27,VENUE-SIMULATED-FILL,MODELLED,0,7.89,0.013234,-0.6901,,,,,MODELLED,False
Season 1:@TrendSurfer_GoldenX:2025-09-17:NVDA:2025-09-22,Season 1,@TrendSurfer_GoldenX,NVDA,,long,132,24427.92,2025-09-17,185.06,VENUE-SIMULATED-FILL,MODELLED,2025-09-22,186.78,VENUE-SIMULATED-FILL,MODELLED,5,226.23,0.926112,0.8139,,,,,MODELLED,False
Season 1:@TrendSurfer_GoldenX:2025-09-19:JPM:2025-09-22,Season 1,@TrendSurfer_GoldenX,JPM,,long,87,25400.52,2025-09-19,291.96,VENUE-SIMULATED-FILL,MODELLED,2025-09-22,293.51,VENUE-SIMULATED-FILL,MODELLED,3,134.31,0.528769,0.5364,,,,,MODELLED,False
Official Auction Book:@CurveSteepener_2s10s:2025-09-18:91282CNV9:2025-09-23,Official Auction Book,@CurveSteepener_2s10s,91282CNV9,2-Year,long,2000.0,200202.97,2025-09-18,100.101483,SECONDARY-CURVE,OFFICIAL,2025-09-23,100.17224,SECONDARY-CURVE,OFFICIAL-DERIVED,5,1.42,0.000709,0.0,0.0,0.0,,,OFFICIAL-DERIVED,False
Season 1:@KitchenSink_AllIn:2025-09-17:SPY:2025-09-23,Season 1,@KitchenSink_AllIn,SPY,,long,1,655.55,2025-09-17,655.546078,VENUE-SIMULATED-FILL,MODELLED,2025-09-23,669.41,VENUE-SIMULATED-FILL,MODELLED,6,13.86,2.114268,0.0062,,,,,MODELLED,False
Season 1:@SpreadHarvester_MM:2025-09-22:NVDA:2025-09-23,Season 1,@SpreadHarvester_MM,NVDA,,short,101,18866.8,2025-09-22,186.8,VENUE-SIMULATED-FILL,MODELLED,2025-09-23,181.1,VENUE-SIMULATED-FILL,MODELLED,1,576.09,3.053459,-0.3872,,,,,MODELLED,False
Season 1:@SpreadHarvester_MM:2025-09-23:NVDA:2025-09-23,Season 1,@SpreadHarvester_MM,NVDA,,long,227,41109.7,2025-09-23,181.1,VENUE-SIMULATED-FILL,MODELLED,2025-09-23,181.13,VENUE-SIMULATED-FILL,MODELLED,0,7.68,0.018682,-0.8704,,,,,MODELLED,False
Season 1:@SpreadHarvester_MM:2025-09-23:TSLA:2025-09-23,Season 1,@SpreadHarvester_MM,TSLA,,long,158,53064.3,2025-09-23,335.85,VENUE-SIMULATED-FILL,MODELLED,2025-09-23,335.89,VENUE-SIMULATED-FILL,MODELLED,0,6.93,0.01306,-0.6058,,,,,MODELLED,False
Live Book (rehearsal):@VIXRegime_LiveMax:2025-09-18:QQQ:2025-09-23,Live Book (rehearsal),@VIXRegime_LiveMax,QQQ,,long,160,95361.37,2025-09-18,596.008571,VENUE-SIMULATED-FILL,SECONDARY,2025-09-23,602.36,VENUE-SIMULATED-FILL,SECONDARY,5,1015.24,1.064624,0.9866,,,0.166,0.00026,SECONDARY,False
Season 1:@BetaChaser_3xProxy:2025-09-17:CVNA:2025-09-24,Season 1,@BetaChaser_3xProxy,CVNA,,long,12,3448.2,2025-09-17,287.35,VENUE-SIMULATED-FILL,MODELLED,2025-09-24,341.57,VENUE-SIMULATED-FILL,MODELLED,7,650.57,18.866945,0.074,,,,,MODELLED,False
Official Auction Book:@CurveFlattener_2s10s:2025-09-18:91282CNV9:2025-09-24,Official Auction Book,@CurveFlattener_2s10s,91282CNV9,2-Year,short,3400.0,340345.04,2025-09-18,100.101483,SECONDARY-CURVE,OFFICIAL,2025-09-24,100.097706,SECONDARY-CURVE,OFFICIAL-DERIVED,6,-3.43,-0.001008,0.0,3.55,0.0,,,OFFICIAL-DERIVED,False
Season 1:@KitchenSink_AllIn:2025-09-17:GOOGL:2025-09-24,Season 1,@KitchenSink_AllIn,GOOGL,,long,27,6621.33,2025-09-17,245.234286,VENUE-SIMULATED-FILL,MODELLED,2025-09-24,246.25,VENUE-SIMULATED-FILL,MODELLED,7,27.26,0.4117,0.1665,,,,,MODELLED,False
Season 1:@KitchenSink_AllIn:2025-09-17:IWM:2025-09-24,Season 1,@KitchenSink_AllIn,IWM,,long,26,6301.88,2025-09-17,242.38,VENUE-SIMULATED-FILL,MODELLED,2025-09-24,245.12,VENUE-SIMULATED-FILL,MODELLED,7,71.08,1.127917,0.1603,,,,,MODELLED,False
Season 1:@KitchenSink_AllIn:2025-09-17:JPM:2025-09-24,Season 1,@KitchenSink_AllIn,JPM,,long,21,5994.03,2025-09-17,285.43,VENUE-SIMULATED-FILL,MODELLED,2025-09-24,293.79,VENUE-SIMULATED-FILL,MODELLED,7,175.43,2.926745,0.1295,,,,,MODELLED,False
Season 1:@KitchenSink_AllIn:2025-09-17:NVDA:2025-09-24,Season 1,@KitchenSink_AllIn,NVDA,,long,35,6477.1,2025-09-17,185.06,VENUE-SIMULATED-FILL,MODELLED,2025-09-24,189.36,VENUE-SIMULATED-FILL,MODELLED,7,150.28,2.320174,0.2158,,,,,MODELLED,False
Season 1:@KitchenSink_AllIn:2025-09-17:QQQ:2025-09-24,Season 1,@KitchenSink_AllIn,QQQ,,long,11,6442.06,2025-09-17,585.641379,VENUE-SIMULATED-FILL,MODELLED,2025-09-24,591.55,VENUE-SIMULATED-FILL,MODELLED,7,64.93,1.007908,0.0678,,,,,MODELLED,False
Season 1:@KitchenSink_AllIn:2025-09-17:SPY:2025-09-24,Season 1,@KitchenSink_AllIn,SPY,,long,9,5899.91,2025-09-17,655.546078,VENUE-SIMULATED-FILL,MODELLED,2025-09-24,664.41,VENUE-SIMULATED-FILL,MODELLED,7,79.72,1.351206,0.0555,,,,,MODELLED,False
Season 1:@OvernightCarry_NO:2025-09-23:SPY:2025-09-24,Season 1,@OvernightCarry_NO,SPY,,long,295,195835.75,2025-09-23,663.85,VENUE-SIMULATED-FILL,MODELLED,2025-09-24,664.41,VENUE-SIMULATED-FILL,MODELLED,1,163.38,0.083427,1.819,,,,,MODELLED,False
Season 1:@SectorRotator_AlphaX:2025-09-17:AAPL:2025-09-24,Season 1,@SectorRotator_AlphaX,AAPL,,long,6,1418.64,2025-09-17,236.44,VENUE-SIMULATED-FILL,MODELLED,2025-09-24,246.78,VENUE-SIMULATED-FILL,MODELLED,7,62.0,4.370383,0.037,,,,,MODELLED,False
Season 1:@SpreadHarvester_MM:2025-09-23:NVDA:2025-09-24,Season 1,@SpreadHarvester_MM,NVDA,,short,101,18294.13,2025-09-23,181.13,VENUE-SIMULATED-FILL,MODELLED,2025-09-24,189.35,VENUE-SIMULATED-FILL,MODELLED,1,-829.83,-4.536045,-0.3872,,,,,MODELLED,False
Season 1:@SpreadHarvester_MM:2025-09-23:TSLA:2025-09-24,Season 1,@SpreadHarvester_MM,TSLA,,short,19,6381.91,2025-09-23,335.89,VENUE-SIMULATED-FILL,MODELLED,2025-09-24,342.58,VENUE-SIMULATED-FILL,MODELLED,1,-127.04,-1.990627,-0.0728,,,,,MODELLED,False
Season 1:@SpreadHarvester_MM:2025-09-24:NVDA:2025-09-24,Season 1,@SpreadHarvester_MM,NVDA,,long,211,39952.85,2025-09-24,189.35,VENUE-SIMULATED-FILL,MODELLED,2025-09-24,189.38,VENUE-SIMULATED-FILL,MODELLED,0,7.14,0.017871,-0.809,,,,,MODELLED,False
Season 1:@SpreadHarvester_MM:2025-09-24:TSLA:2025-09-24,Season 1,@SpreadHarvester_MM,TSLA,,long,153,52414.74,2025-09-24,342.58,VENUE-SIMULATED-FILL,MODELLED,2025-09-24,342.62,VENUE-SIMULATED-FILL,MODELLED,0,6.71,0.012802,-0.5866,,,,,MODELLED,False
Live Book (rehearsal):@VolControl_MaxLev:2025-09-18:QQQ:2025-09-24,Live Book (rehearsal),@VolControl_MaxLev,QQQ,,long,80,47680.69,2025-09-18,596.008571,VENUE-SIMULATED-FILL,SECONDARY,2025-09-24,599.58,VENUE-SIMULATED-FILL,SECONDARY,6,285.22,0.598188,0.4933,,,0.0,0.00026,SECONDARY,False
Official Auction Book:@CurveSteepener_2s10s:2025-09-18:91282CNV9:2025-09-25,Official Auction Book,@CurveSteepener_2s10s,91282CNV9,2-Year,long,1300.0,130131.93,2025-09-18,100.101483,SECONDARY-CURVE,OFFICIAL,2025-09-25,99.966079,SECONDARY-CURVE,OFFICIAL-DERIVED,7,-1.76,-0.001352,0.0,0.0,0.0,,,OFFICIAL-DERIVED,False
Season 2:@GOLD_Trend_GLD:2025-09-17:GLD:2025-09-25,Season 2,@GOLD_Trend_GLD,GLD,,long,5,1693.71,2025-09-17,338.741009,VENUE-SIMULATED-FILL,MODELLED,2025-09-25,344.39,VENUE-SIMULATED-FILL,MODELLED,8,28.21,1.665579,0.0308,,,,,MODELLED,False
Season 1:@GapAndGo_YOLO:2025-09-25:CVNA:2025-09-25,Season 1,@GapAndGo_YOLO,CVNA,,long,112,37805.6,2025-09-25,337.55,VENUE-SIMULATED-FILL,MODELLED,2025-09-25,301.89,VENUE-SIMULATED-FILL,MODELLED,0,-3994.61,-10.566186,0.6906,,,,,MODELLED,False
Live Book (rehearsal):@GoldVsRealRate_Live:2025-09-18:GLD:2025-09-25,Live Book (rehearsal),@GoldVsRealRate_Live,GLD,,long,200,67246.0,2025-09-18,336.23,VENUE-SIMULATED-FILL,SECONDARY,2025-09-25,344.39,VENUE-SIMULATED-FILL,SECONDARY,7,1630.77,2.425081,1.2332,,,0.0,0.00188,SECONDARY,False
Season 1:@OvernightCarry_NO:2025-09-23:SPY:2025-09-25,Season 1,@OvernightCarry_NO,SPY,,long,4,2649.73,2025-09-23,662.4325,VENUE-SIMULATED-FILL,MODELLED,2025-09-25,658.2,VENUE-SIMULATED-FILL,MODELLED,2,-16.95,-0.639688,0.0247,,,,,MODELLED,False
Season 1:@SpreadHarvester_MM:2025-09-24:NVDA:2025-09-25,Season 1,@SpreadHarvester_MM,NVDA,,short,101,19127.38,2025-09-24,189.38,VENUE-SIMULATED-FILL,MODELLED,2025-09-25,196.1,VENUE-SIMULATED-FILL,MODELLED,1,-678.33,-3.546382,-0.3872,,,,,MODELLED,False
Season 1:@SpreadHarvester_MM:2025-09-24:TSLA:2025-09-25,Season 1,@SpreadHarvester_MM,TSLA,,short,19,6509.78,2025-09-24,342.62,VENUE-SIMULATED-FILL,MODELLED,2025-09-25,343.4,VENUE-SIMULATED-FILL,MODELLED,1,-14.75,-0.226582,-0.0728,,,,,MODELLED,False
Season 1:@SpreadHarvester_MM:2025-09-25:NVDA:2025-09-25,Season 1,@SpreadHarvester_MM,NVDA,,long,201,39416.1,2025-09-25,196.1,VENUE-SIMULATED-FILL,MODELLED,2025-09-25,196.13,VENUE-SIMULATED-FILL,MODELLED,0,6.8,0.017252,-0.7707,,,,,MODELLED,False
Season 1:@SpreadHarvester_MM:2025-09-25:TSLA:2025-09-25,Season 1,@SpreadHarvester_MM,TSLA,,long,153,52540.2,2025-09-25,343.4,VENUE-SIMULATED-FILL,MODELLED,2025-09-25,343.44,VENUE-SIMULATED-FILL,MODELLED,0,6.71,0.012771,-0.5866,,,,,MODELLED,False
Official Auction Book:@CurveSteepener_2s10s:2025-09-18:91282CNV9:2025-09-26,Official Auction Book,@CurveSteepener_2s10s,91282CNV9,2-Year,long,2300.0,230233.41,2025-09-18,100.101483,SECONDARY-CURVE,OFFICIAL,2025-09-26,99.984989,SECONDARY-CURVE,OFFICIAL-DERIVED,8,-2.68,-0.001164,0.0,0.0,0.0,,,OFFICIAL-DERIVED,False
Season 1:@GapAndGo_YOLO:2025-09-26:TSLA:2025-09-26,Season 1,@GapAndGo_YOLO,TSLA,,long,101,36312.53,2025-09-26,359.53,VENUE-SIMULATED-FILL,MODELLED,2025-09-26,360.98,VENUE-SIMULATED-FILL,MODELLED,0,145.83,0.401597,0.6228,,,,,MODELLED,False
Live Book (rehearsal):@GoldVsRealRate_Live:2025-09-18:GLD:2025-09-26,Live Book (rehearsal),@GoldVsRealRate_Live,GLD,,long,40,13449.2,2025-09-18,336.23,VENUE-SIMULATED-FILL,SECONDARY,2025-09-26,345.82,VENUE-SIMULATED-FILL,SECONDARY,8,383.35,2.850355,0.2466,,,0.289,0.00188,SECONDARY,False
Live Book (rehearsal):@OilDollar_FadeUNG:2025-09-18:XOM:2025-09-26,Live Book (rehearsal),@OilDollar_FadeUNG,XOM,,long,300,34373.25,2025-09-18,114.5775,VENUE-SIMULATED-FILL,SECONDARY,2025-09-26,115.95,VENUE-SIMULATED-FILL,SECONDARY,8,409.9,1.192497,1.8498,,,0.862,0.00273,SECONDARY,False
Live Book (rehearsal):@OilDollar_FadeUNG:2025-09-19:UNG:2025-09-26,Live Book (rehearsal),@OilDollar_FadeUNG,UNG,,long,5700,72428.0,2025-09-19,12.706667,VENUE-SIMULATED-FILL,SECONDARY,2025-09-26,12.39,VENUE-SIMULATED-FILL,SECONDARY,7,-1840.15,-2.540661,35.1462,,,-0.0,0.07877,SECONDARY,False
Season 1:@OvernightCarry_NO:2025-09-25:SPY:2025-09-26,Season 1,@OvernightCarry_NO,SPY,,long,297,195616.08,2025-09-25,658.64,VENUE-SIMULATED-FILL,MODELLED,2025-09-26,655.33,VENUE-SIMULATED-FILL,MODELLED,1,-984.9,-0.503486,1.8313,,,,,MODELLED,False
Season 1:@SpreadHarvester_MM:2025-09-25:NVDA:2025-09-26,Season 1,@SpreadHarvester_MM,NVDA,,short,101,19809.13,2025-09-25,196.13,VENUE-SIMULATED-FILL,MODELLED,2025-09-26,196.53,VENUE-SIMULATED-FILL,MODELLED,1,-40.01,-0.201978,-0.3872,,,,,MODELLED,False
Season 1:@SpreadHarvester_MM:2025-09-25:TSLA:2025-09-26,Season 1,@SpreadHarvester_MM,TSLA,,short,19,6525.36,2025-09-25,343.44,VENUE-SIMULATED-FILL,MODELLED,2025-09-26,359.5,VENUE-SIMULATED-FILL,MODELLED,1,-305.07,-4.675144,-0.0728,,,,,MODELLED,False
Season 1:@SpreadHarvester_MM:2025-09-26:NVDA:2025-09-26,Season 1,@SpreadHarvester_MM,NVDA,,long,200,39306.0,2025-09-26,196.53,VENUE-SIMULATED-FILL,MODELLED,2025-09-26,196.56,VENUE-SIMULATED-FILL,MODELLED,0,6.77,0.017224,-0.7668,,,,,MODELLED,False
Season 1:@SpreadHarvester_MM:2025-09-26:TSLA:2025-09-26,Season 1,@SpreadHarvester_MM,TSLA,,long,146,52487.0,2025-09-26,359.5,VENUE-SIMULATED-FILL,MODELLED,2025-09-26,359.54,VENUE-SIMULATED-FILL,MODELLED,0,6.4,0.012193,-0.5598,,,,,MODELLED,False
Season 1:@SqueezeHunter_TF:2025-09-19:NVDA:2025-09-26,Season 1,@SqueezeHunter_TF,NVDA,,long,260,49831.6,2025-09-19,191.66,VENUE-SIMULATED-FILL,MODELLED,2025-09-26,196.54,VENUE-SIMULATED-FILL,MODELLED,7,1267.2,2.542965,1.6032,,,,,MODELLED,False
Season 1:@TrendSurfer_GoldenX:2025-09-17:NVDA:2025-09-26,Season 1,@TrendSurfer_GoldenX,NVDA,,long,133,25317.94,2025-09-17,190.360453,VENUE-SIMULATED-FILL,MODELLED,2025-09-26,196.54,VENUE-SIMULATED-FILL,MODELLED,9,821.06,3.242997,0.8201,,,,,MODELLED,False
Season 1:@TrendSurfer_GoldenX:2025-09-19:JPM:2025-09-26,Season 1,@TrendSurfer_GoldenX,JPM,,long,84,24601.03,2025-09-19,292.869425,VENUE-SIMULATED-FILL,MODELLED,2025-09-26,289.62,VENUE-SIMULATED-FILL,MODELLED,7,-273.47,-1.11162,0.5179,,,,,MODELLED,False
Season 1:@OvernightCarry_NO:2025-09-26:SPY:2025-09-29,Season 1,@OvernightCarry_NO,SPY,,long,2,1325.06,2025-09-26,662.53,VENUE-SIMULATED-FILL,MODELLED,2025-09-29,663.01,VENUE-SIMULATED-FILL,MODELLED,3,0.95,0.071695,0.0123,,,,,MODELLED,False
Season 1:@SpreadHarvester_MM:2025-09-26:NVDA:2025-09-29,Season 1,@SpreadHarvester_MM,NVDA,,short,86,16904.16,2025-09-26,196.56,VENUE-SIMULATED-FILL,MODELLED,2025-09-29,186.89,VENUE-SIMULATED-FILL,MODELLED,3,831.95,4.92157,-0.3297,,,,,MODELLED,False
Season 1:@SpreadHarvester_MM:2025-09-26:TSLA:2025-09-29,Season 1,@SpreadHarvester_MM,TSLA,,short,19,6831.26,2025-09-26,359.54,VENUE-SIMULATED-FILL,MODELLED,2025-09-29,361.14,VENUE-SIMULATED-FILL,MODELLED,3,-30.33,-0.443988,-0.0728,,,,,MODELLED,False
Season 1:@SpreadHarvester_MM:2025-09-29:NVDA:2025-09-29,Season 1,@SpreadHarvester_MM,NVDA,,long,231,43171.59,2025-09-29,186.89,VENUE-SIMULATED-FILL,MODELLED,2025-09-29,186.92,VENUE-SIMULATED-FILL,MODELLED,0,7.82,0.018114,-0.8857,,,,,MODELLED,False
Season 1:@SpreadHarvester_MM:2025-09-29:TSLA:2025-09-29,Season 1,@SpreadHarvester_MM,TSLA,,long,145,52365.3,2025-09-29,361.14,VENUE-SIMULATED-FILL,MODELLED,2025-09-29,361.18,VENUE-SIMULATED-FILL,MODELLED,0,6.36,0.012145,-0.556,,,,,MODELLED,False
Official Auction Book:@CurveSteepener_2s10s:2025-09-18:91282CNV9:2025-09-30,Official Auction Book,@CurveSteepener_2s10s,91282CNV9,2-Year,long,800.0,80081.19,2025-09-18,100.101483,SECONDARY-CURVE,OFFICIAL,2025-09-30,100.035246,SECONDARY-CURVE,OFFICIAL-DERIVED,12,-0.53,-0.000662,0.0,0.0,0.0,,,OFFICIAL-DERIVED,False
Season 1:@KitchenSink_AllIn:2025-09-17:GOOGL:2025-09-30,Season 1,@KitchenSink_AllIn,GOOGL,,long,11,2697.58,2025-09-17,245.234286,VENUE-SIMULATED-FILL,MODELLED,2025-09-30,254.54,VENUE-SIMULATED-FILL,MODELLED,13,102.3,3.792292,0.0678,,,,,MODELLED,False
Season 1:@KitchenSink_AllIn:2025-09-17:IWM:2025-09-30,Season 1,@KitchenSink_AllIn,IWM,,long,7,1696.66,2025-09-17,242.38,VENUE-SIMULATED-FILL,MODELLED,2025-09-30,242.44,VENUE-SIMULATED-FILL,MODELLED,13,0.38,0.022397,0.0432,,,,,MODELLED,False
Season 1:@KitchenSink_AllIn:2025-09-17:JPM:2025-09-30,Season 1,@KitchenSink_AllIn,JPM,,long,6,1712.58,2025-09-17,285.43,VENUE-SIMULATED-FILL,MODELLED,2025-09-30,290.31,VENUE-SIMULATED-FILL,MODELLED,13,29.24,1.707365,0.037,,,,,MODELLED,False
Season 1:@KitchenSink_AllIn:2025-09-17:QQQ:2025-09-30,Season 1,@KitchenSink_AllIn,QQQ,,long,3,1756.92,2025-09-17,585.641379,VENUE-SIMULATED-FILL,MODELLED,2025-09-30,593.09,VENUE-SIMULATED-FILL,MODELLED,13,22.33,1.270971,0.0185,,,,,MODELLED,False
Season 1:@KitchenSink_AllIn:2025-09-17:SPY:2025-09-30,Season 1,@KitchenSink_AllIn,SPY,,long,3,1966.64,2025-09-17,655.546078,VENUE-SIMULATED-FILL,MODELLED,2025-09-30,664.36,VENUE-SIMULATED-FILL,MODELLED,13,26.42,1.343409,0.0185,,,,,MODELLED,False
Season 1:@KitchenSink_AllIn:2025-09-24:AAPL:2025-09-30,Season 1,@KitchenSink_AllIn,AAPL,,long,11,2714.69,2025-09-24,246.79,VENUE-SIMULATED-FILL,MODELLED,2025-09-30,259.91,VENUE-SIMULATED-FILL,MODELLED,6,144.25,5.313682,0.0678,,,,,MODELLED,False
Season 1:@KitchenSink_AllIn:2025-09-24:AMZN:2025-09-30,Season 1,@KitchenSink_AllIn,AMZN,,long,8,1875.44,2025-09-24,234.43,VENUE-SIMULATED-FILL,MODELLED,2025-09-30,235.89,VENUE-SIMULATED-FILL,MODELLED,6,11.63,0.620121,0.0493,,,,,MODELLED,False
Season 1:@KitchenSink_AllIn:2025-09-24:CAT:2025-09-30,Season 1,@KitchenSink_AllIn,CAT,,long,4,1707.39,2025-09-24,426.847358,VENUE-SIMULATED-FILL,MODELLED,2025-09-30,431.9,VENUE-SIMULATED-FILL,MODELLED,6,20.19,1.182507,0.0247,,,,,MODELLED,False
Live Book (rehearsal):@OilDollar_FadeUNG:2025-09-18:XOM:2025-09-30,Live Book (rehearsal),@OilDollar_FadeUNG,XOM,,long,300,34540.03,2025-09-18,115.133437,VENUE-SIMULATED-FILL,SECONDARY,2025-09-30,113.34,VENUE-SIMULATED-FILL,SECONDARY,12,-539.88,-1.563056,1.8498,,,0.882,0.00273,SECONDARY,False
Live Book (rehearsal):@OilDollar_FadeUNG:2025-09-29:UNG:2025-09-30,Live Book (rehearsal),@OilDollar_FadeUNG,UNG,,long,5400,67608.0,2025-09-29,12.52,VENUE-SIMULATED-FILL,SECONDARY,2025-09-30,13.02,VENUE-SIMULATED-FILL,SECONDARY,1,2666.7,3.944356,33.2964,,,-0.0,0.05061,SECONDARY,False
Season 1:@OvernightCarry_NO:2025-09-26:SPY:2025-09-30,Season 1,@OvernightCarry_NO,SPY,,long,294,195296.57,2025-09-26,664.274048,VENUE-SIMULATED-FILL,MODELLED,2025-09-30,664.36,VENUE-SIMULATED-FILL,MODELLED,4,23.46,0.012012,1.8128,,,,,MODELLED,False
Season 1:@SpreadHarvester_MM:2025-09-29:NVDA:2025-09-30,Season 1,@SpreadHarvester_MM,NVDA,,short,7,1308.44,2025-09-29,186.92,VENUE-SIMULATED-FILL,MODELLED,2025-09-30,185.09,VENUE-SIMULATED-FILL,MODELLED,1,12.84,0.981321,-0.0268,,,,,MODELLED,False
Season 1:@SpreadHarvester_MM:2025-09-29:TSLA:2025-09-30,Season 1,@SpreadHarvester_MM,TSLA,,short,19,6862.42,2025-09-29,361.18,VENUE-SIMULATED-FILL,MODELLED,2025-09-30,377.95,VENUE-SIMULATED-FILL,MODELLED,1,-318.56,-4.642094,-0.0728,,,,,MODELLED,False
Season 1:@SpreadHarvester_MM:2025-09-30:NVDA:2025-09-30,Season 1,@SpreadHarvester_MM,NVDA,,long,311,57562.99,2025-09-30,185.09,VENUE-SIMULATED-FILL,MODELLED,2025-09-30,185.12,VENUE-SIMULATED-FILL,MODELLED,0,10.52,0.018276,-1.1924,,,,,MODELLED,False
Season 1:@SpreadHarvester_MM:2025-09-30:TSLA:2025-09-30,Season 1,@SpreadHarvester_MM,TSLA,,long,137,51779.15,2025-09-30,377.95,VENUE-SIMULATED-FILL,MODELLED,2025-09-30,377.99,VENUE-SIMULATED-FILL,MODELLED,0,6.01,0.011607,-0.5253,,,,,MODELLED,False
Live Book (rehearsal):@VIXRegime_LiveMax:2025-09-18:QQQ:2025-09-30,Live Book (rehearsal),@VIXRegime_LiveMax,QQQ,,long,80,47779.93,2025-09-18,597.249143,VENUE-SIMULATED-FILL,SECONDARY,2025-09-30,598.42,VENUE-SIMULATED-FILL,SECONDARY,12,93.18,0.195019,0.4933,,,0.167,0.00026,SECONDARY,False
Season 1:@BetaChaser_3xProxy:2025-09-17:TSLA:2025-10-01,Season 1,@BetaChaser_3xProxy,TSLA,,long,12,4080.12,2025-09-17,340.01,VENUE-SIMULATED-FILL,MODELLED,2025-10-01,370.69,VENUE-SIMULATED-FILL,MODELLED,14,368.09,9.021548,0.074,,,,,MODELLED,False
Official Auction Book:@ConcessionFade_Notes:2025-09-23:91282CPB1:2025-10-01,Official Auction Book,@ConcessionFade_Notes,91282CPB1,2-Year,long,48000.0,4793477.71,2025-09-23,99.864119,PRIMARY-AUCTION,OFFICIAL,2025-10-01,99.903918,SECONDARY-CURVE,OFFICIAL-DERIVED,8,19.1,0.000398,0.0,0.0,0.0,,,OFFICIAL-DERIVED,False
Live Book (rehearsal):@GoldVsRealRate_Live:2025-09-25:TLT:2025-10-01,Live Book (rehearsal),@GoldVsRealRate_Live,TLT,,long,1300,115603.0,2025-09-25,88.925385,VENUE-SIMULATED-FILL,SECONDARY,2025-10-01,89.44,VENUE-SIMULATED-FILL,SECONDARY,6,660.98,0.571767,8.0158,,,1.118,0.00201,SECONDARY,False
Season 1:@OvernightCarry_NO:2025-09-30:SPY:2025-10-01,Season 1,@OvernightCarry_NO,SPY,,long,2,1333.98,2025-09-30,666.99,VENUE-SIMULATED-FILL,MODELLED,2025-10-01,668.01,VENUE-SIMULATED-FILL,MODELLED,1,2.03,0.152176,0.0123,,,,,MODELLED,False
Season 1:@SpreadHarvester_MM:2025-09-30:NVDA:2025-10-01,Season 1,@SpreadHarvester_MM,NVDA,,short,7,1295.84,2025-09-30,185.12,VENUE-SIMULATED-FILL,MODELLED,2025-10-01,184.06,VENUE-SIMULATED-FILL,MODELLED,1,7.45,0.574917,-0.0268,,,,,MODELLED,False
Season 1:@SpreadHarvester_MM:2025-09-30:TSLA:2025-10-01,Season 1,@SpreadHarvester_MM,TSLA,,short,19,7181.81,2025-09-30,377.99,VENUE-SIMULATED-FILL,MODELLED,2025-10-01,370.68,VENUE-SIMULATED-FILL,MODELLED,1,138.96,1.934888,-0.0728,,,,,MODELLED,False
Season 1:@SpreadHarvester_MM:2025-10-01:NVDA:2025-10-01,Season 1,@SpreadHarvester_MM,NVDA,,long,207,38100.42,2025-10-01,184.06,VENUE-SIMULATED-FILL,MODELLED,2025-10-01,184.09,VENUE-SIMULATED-FILL,MODELLED,0,7.0,0.018373,-0.7936,,,,,MODELLED,False
Season 1:@SpreadHarvester_MM:2025-10-01:TSLA:2025-10-01,Season 1,@SpreadHarvester_MM,TSLA,,long,139,51524.52,2025-10-01,370.68,VENUE-SIMULATED-FILL,MODELLED,2025-10-01,370.72,VENUE-SIMULATED-FILL,MODELLED,0,6.09,0.01182,-0.533,,,,,MODELLED,False
Season 1:@TrendSurfer_GoldenX:2025-09-17:GOOGL:2025-10-01,Season 1,@TrendSurfer_GoldenX,GOOGL,,long,97,24219.15,2025-09-17,249.68199,VENUE-SIMULATED-FILL,MODELLED,2025-10-01,250.5,VENUE-SIMULATED-FILL,MODELLED,14,78.75,0.325156,0.5981,,,,,MODELLED,False
Season 1:@VolCarry_LowHigh:2025-09-17:CVNA:2025-10-01,Season 1,@VolCarry_LowHigh,CVNA,,short,11,3159.75,2025-09-17,287.25,VENUE-SIMULATED-FILL,MODELLED,2025-10-01,319.76,VENUE-SIMULATED-FILL,MODELLED,14,-357.68,-11.319883,0.0678,,,,,MODELLED,False
Live Book (rehearsal):@VolControl_MaxLev:2025-09-18:QQQ:2025-10-01,Live Book (rehearsal),@VolControl_MaxLev,QQQ,,long,80,47743.8,2025-09-18,596.797551,VENUE-SIMULATED-FILL,SECONDARY,2025-10-01,597.16,VENUE-SIMULATED-FILL,SECONDARY,13,28.5,0.059694,0.4933,,,0.167,0.00026,SECONDARY,False
Official Auction Book:@CurveFlattener_2s10s:2025-10-01:91282CPB1:2025-10-02,Official Auction Book,@CurveFlattener_2s10s,91282CPB1,2-Year,short,2200.0,219788.62,2025-10-01,99.903918,SECONDARY-CURVE,OFFICIAL,2025-10-02,99.903551,SECONDARY-CURVE,OFFICIAL-DERIVED,1,-0.38,-0.000173,0.0,0.39,0.0,,,OFFICIAL-DERIVED,False
Season 1:@KitchenSink_AllIn:2025-09-24:AMZN:2025-10-02,Season 1,@KitchenSink_AllIn,AMZN,,long,4,937.72,2025-09-24,234.43,VENUE-SIMULATED-FILL,MODELLED,2025-10-02,253.12,VENUE-SIMULATED-FILL,MODELLED,8,74.74,7.970396,0.0247,,,,,MODELLED,False
Season 1:@OvernightCarry_NO:2025-10-01:SPY:2025-10-02,Season 1,@OvernightCarry_NO,SPY,,long,291,194754.66,2025-10-01,669.26,VENUE-SIMULATED-FILL,MODELLED,2025-10-02,668.49,VENUE-SIMULATED-FILL,MODELLED,1,-225.86,-0.115972,1.7943,,,,,MODELLED,False
Season 1:@SpreadHarvester_MM:2025-10-01:NVDA:2025-10-02,Season 1,@SpreadHarvester_MM,NVDA,,long,319,58619.14,2025-10-01,183.759057,VENUE-SIMULATED-FILL,MODELLED,2025-10-02,183.69,VENUE-SIMULATED-FILL,MODELLED,1,-20.81,-0.0355,-1.223,,,,,MODELLED,False
Season 1:@SpreadHarvester_MM:2025-10-01:TSLA:2025-10-02,Season 1,@SpreadHarvester_MM,TSLA,,short,19,7043.68,2025-10-01,370.72,VENUE-SIMULATED-FILL,MODELLED,2025-10-02,379.15,VENUE-SIMULATED-FILL,MODELLED,1,-160.1,-2.27296,-0.0728,,,,,MODELLED,False
Season 1:@SpreadHarvester_MM:2025-10-02:TSLA:2025-10-02,Season 1,@SpreadHarvester_MM,TSLA,,long,135,51185.25,2025-10-02,379.15,VENUE-SIMULATED-FILL,MODELLED,2025-10-02,379.19,VENUE-SIMULATED-FILL,MODELLED,0,5.92,0.011566,-0.5176,,,,,MODELLED,False
Official Auction Book:@CurveSteepener_2s10s:2025-10-01:91282CPB1:2025-10-03,Official Auction Book,@CurveSteepener_2s10s,91282CPB1,2-Year,long,600.0,59942.35,2025-10-01,99.903918,SECONDARY-CURVE,OFFICIAL,2025-10-03,99.845969,SECONDARY-CURVE,OFFICIAL-DERIVED,2,-0.35,-0.000584,0.0,0.0,0.0,,,OFFICIAL-DERIVED,False
Live Book (rehearsal):@CurveSteepener_MaxBeta:2025-09-22:JPM:2025-10-03,Live Book (rehearsal),@CurveSteepener_MaxBeta,JPM,,long,280,86989.2,2025-09-22,310.675714,VENUE-SIMULATED-FILL,SECONDARY,2025-10-03,308.5,VENUE-SIMULATED-FILL,SECONDARY,11,-610.93,-0.702306,1.7265,,,0.324,0.00213,SECONDARY,False
Live Book (rehearsal):@CurveSteepener_MaxBeta:2025-09-22:XOM:2025-10-03,Live Book (rehearsal),@CurveSteepener_MaxBeta,XOM,,long,800,90044.0,2025-09-22,112.555,VENUE-SIMULATED-FILL,SECONDARY,2025-10-03,111.9,VENUE-SIMULATED-FILL,SECONDARY,11,-528.93,-0.587413,4.9328,,,0.0,0.0032,SECONDARY,False
Season 1:@OvernightCarry_NO:2025-10-01:SPY:2025-10-03,Season 1,@OvernightCarry_NO,SPY,,long,2,1338.93,2025-10-01,669.465,VENUE-SIMULATED-FILL,MODELLED,2025-10-03,669.22,VENUE-SIMULATED-FILL,MODELLED,2,-0.5,-0.037343,0.0123,,,,,MODELLED,False
Season 1:@SpreadHarvester_MM:2025-10-01:NVDA:2025-10-03,Season 1,@SpreadHarvester_MM,NVDA,,long,318,58617.29,2025-10-01,184.331113,VENUE-SIMULATED-FILL,MODELLED,2025-10-03,184.55,VENUE-SIMULATED-FILL,MODELLED,2,70.83,0.120835,-1.2192,,,,,MODELLED,False
Season 1:@SpreadHarvester_MM:2025-10-02:TSLA:2025-10-03,Season 1,@SpreadHarvester_MM,TSLA,,short,19,7204.61,2025-10-02,379.19,VENUE-SIMULATED-FILL,MODELLED,2025-10-03,371.8,VENUE-SIMULATED-FILL,MODELLED,1,140.48,1.949863,-0.0728,,,,,MODELLED,False
Season 1:@SpreadHarvester_MM:2025-10-03:TSLA:2025-10-03,Season 1,@SpreadHarvester_MM,TSLA,,long,138,51308.4,2025-10-03,371.8,VENUE-SIMULATED-FILL,MODELLED,2025-10-03,371.84,VENUE-SIMULATED-FILL,MODELLED,0,6.05,0.011791,-0.5291,,,,,MODELLED,False
Official Auction Book:@CurveSteepener_2s10s:2025-10-01:91282CPB1:2025-10-06,Official Auction Book,@CurveSteepener_2s10s,91282CPB1,2-Year,long,2600.0,259750.19,2025-10-01,99.903918,SECONDARY-CURVE,OFFICIAL,2025-10-06,99.806801,SECONDARY-CURVE,OFFICIAL-DERIVED,5,-2.53,-0.000974,0.0,0.0,0.0,,,OFFICIAL-DERIVED,False
Season 1:@GapAndGo_YOLO:2025-10-06:RIVN:2025-10-06,Season 1,@GapAndGo_YOLO,RIVN,,long,2474,36442.02,2025-10-06,14.73,VENUE-SIMULATED-FILL,MODELLED,2025-10-06,14.44,VENUE-SIMULATED-FILL,MODELLED,0,-732.71,-2.010619,15.2547,,,,,MODELLED,False
Live Book (rehearsal):@GoldVsRealRate_Live:2025-10-01:GLD:2025-10-06,Live Book (rehearsal),@GoldVsRealRate_Live,GLD,,long,160,57122.56,2025-10-01,357.016,VENUE-SIMULATED-FILL,SECONDARY,2025-10-06,362.16,VENUE-SIMULATED-FILL,SECONDARY,5,822.05,1.439099,0.9866,,,0.0,0.00077,SECONDARY,False
Season 1:@KitchenSink_AllIn:2025-09-17:GOOGL:2025-10-06,Season 1,@KitchenSink_AllIn,GOOGL,,long,7,1725.28,2025-09-17,246.469074,VENUE-SIMULATED-FILL,MODELLED,2025-10-06,253.97,VENUE-SIMULATED-FILL,MODELLED,19,52.46,3.04066,0.0432,,,,,MODELLED,False
Season 1:@KitchenSink_AllIn:2025-09-17:IWM:2025-10-06,Season 1,@KitchenSink_AllIn,IWM,,long,9,2183.48,2025-09-17,242.60875,VENUE-SIMULATED-FILL,MODELLED,2025-10-06,244.52,VENUE-SIMULATED-FILL,MODELLED,19,17.15,0.785444,0.0555,,,,,MODELLED,False
Season 1:@KitchenSink_AllIn:2025-09-17:JPM:2025-10-06,Season 1,@KitchenSink_AllIn,JPM,,long,7,2003.68,2025-09-17,286.24025,VENUE-SIMULATED-FILL,MODELLED,2025-10-06,293.28,VENUE-SIMULATED-FILL,MODELLED,19,49.23,2.456977,0.0432,,,,,MODELLED,False
Season 1:@KitchenSink_AllIn:2025-09-17:QQQ:2025-10-06,Season 1,@KitchenSink_AllIn,QQQ,,long,4,2344.89,2025-09-17,586.222241,VENUE-SIMULATED-FILL,MODELLED,2025-10-06,601.75,VENUE-SIMULATED-FILL,MODELLED,19,62.09,2.647887,0.0247,,,,,MODELLED,False
Season 1:@KitchenSink_AllIn:2025-09-17:SPY:2025-10-06,Season 1,@KitchenSink_AllIn,SPY,,long,3,1970.16,2025-09-17,656.718986,VENUE-SIMULATED-FILL,MODELLED,2025-10-06,668.53,VENUE-SIMULATED-FILL,MODELLED,19,35.41,1.797319,0.0185,,,,,MODELLED,False
Season 1:@KitchenSink_AllIn:2025-09-24:AAPL:2025-10-06,Season 1,@KitchenSink_AllIn,AAPL,,long,9,2234.77,2025-09-24,248.307303,VENUE-SIMULATED-FILL,MODELLED,2025-10-06,266.1,VENUE-SIMULATED-FILL,MODELLED,12,160.08,7.163167,0.0555,,,,,MODELLED,False
Season 1:@KitchenSink_AllIn:2025-09-24:AMZN:2025-10-06,Season 1,@KitchenSink_AllIn,AMZN,,long,7,1652.81,2025-09-24,236.115106,VENUE-SIMULATED-FILL,MODELLED,2025-10-06,247.29,VENUE-SIMULATED-FILL,MODELLED,12,78.18,4.730138,0.0432,,,,,MODELLED,False
Season 1:@KitchenSink_AllIn:2025-09-24:CAT:2025-10-06,Season 1,@KitchenSink_AllIn,CAT,,long,5,2130.76,2025-09-24,426.152689,VENUE-SIMULATED-FILL,MODELLED,2025-10-06,419.82,VENUE-SIMULATED-FILL,MODELLED,12,-31.69,-1.48726,0.0308,,,,,MODELLED,False
Season 1:@OvernightCarry_NO:2025-10-03:SPY:2025-10-06,Season 1,@OvernightCarry_NO,SPY,,long,291,194888.52,2025-10-03,669.72,VENUE-SIMULATED-FILL,MODELLED,2025-10-06,668.53,VENUE-SIMULATED-FILL,MODELLED,3,-348.08,-0.178605,1.7943,,,,,MODELLED,False
Season 1:@SpreadHarvester_MM:2025-10-01:NVDA:2025-10-06,Season 1,@SpreadHarvester_MM,NVDA,,long,275,50927.17,2025-10-01,185.189698,VENUE-SIMULATED-FILL,MODELLED,2025-10-06,185.75,VENUE-SIMULATED-FILL,MODELLED,5,155.14,0.304631,-1.0544,,,,,MODELLED,False
Season 1:@SpreadHarvester_MM:2025-10-03:TSLA:2025-10-06,Season 1,@SpreadHarvester_MM,TSLA,,short,19,7064.96,2025-10-03,371.84,VENUE-SIMULATED-FILL,MODELLED,2025-10-06,369.99,VENUE-SIMULATED-FILL,MODELLED,3,35.22,0.498517,-0.0728,,,,,MODELLED,False
Season 1:@SpreadHarvester_MM:2025-10-06:TSLA:2025-10-06,Season 1,@SpreadHarvester_MM,TSLA,,long,140,51798.6,2025-10-06,369.99,VENUE-SIMULATED-FILL,MODELLED,2025-10-06,370.03,VENUE-SIMULATED-FILL,MODELLED,0,6.14,0.011854,-0.5368,,,,,MODELLED,False
Season 1:@TrendSurfer_GoldenX:2025-09-17:GOOGL:2025-10-06,Season 1,@TrendSurfer_GoldenX,GOOGL,,long,104,26084.81,2025-09-17,250.815493,VENUE-SIMULATED-FILL,MODELLED,2025-10-06,253.97,VENUE-SIMULATED-FILL,MODELLED,19,327.43,1.255252,0.6413,,,,,MODELLED,False
Official Auction Book:@CurveSteepener_2s10s:2025-10-01:91282CPB1:2025-10-07,Official Auction Book,@CurveSteepener_2s10s,91282CPB1,2-Year,long,3300.0,329682.93,2025-10-01,99.903918,SECONDARY-CURVE,OFFICIAL,2025-10-07,99.863097,SECONDARY-CURVE,OFFICIAL-DERIVED,6,-1.35,-0.000409,0.0,0.0,0.0,,,OFFICIAL-DERIVED,False
Live Book (rehearsal):@CurveSteepener_MaxBeta:2025-10-06:SPY:2025-10-07,Live Book (rehearsal),@CurveSteepener_MaxBeta,SPY,,long,120,80594.4,2025-10-06,671.62,VENUE-SIMULATED-FILL,SECONDARY,2025-10-07,672.53,VENUE-SIMULATED-FILL,SECONDARY,1,108.46,0.134575,0.7399,,,0.148,0.00022,SECONDARY,False
Live Book (rehearsal):@GoldVsRealRate_Live:2025-10-01:GLD:2025-10-07,Live Book (rehearsal),@GoldVsRealRate_Live,GLD,,long,40,14280.64,2025-10-01,357.016,VENUE-SIMULATED-FILL,SECONDARY,2025-10-07,366.51,VENUE-SIMULATED-FILL,SECONDARY,6,379.51,2.657514,0.2466,,,0.0,0.00077,SECONDARY,False
Season 1:@KitchenSink_AllIn:2025-09-17:NVDA:2025-10-07,Season 1,@KitchenSink_AllIn,NVDA,,long,10,1850.6,2025-09-17,185.06,VENUE-SIMULATED-FILL,MODELLED,2025-10-07,192.89,VENUE-SIMULATED-FILL,MODELLED,20,78.24,4.227818,0.0617,,,,,MODELLED,False
Live Book (rehearsal):@KitchenSink_Official:2025-09-19:QQQ:2025-10-07,Live Book (rehearsal),@KitchenSink_Official,QQQ,,long,280,167594.4,2025-09-19,598.551429,VENUE-SIMULATED-FILL,SECONDARY,2025-10-07,609.02,VENUE-SIMULATED-FILL,SECONDARY,18,2929.47,1.747952,1.7265,,,0.0,0.00014,SECONDARY,False
Season 1:@SpreadHarvester_MM:2025-10-06:NVDA:2025-10-07,Season 1,@SpreadHarvester_MM,NVDA,,short,42,7801.5,2025-10-06,185.75,VENUE-SIMULATED-FILL,MODELLED,2025-10-07,192.88,VENUE-SIMULATED-FILL,MODELLED,1,-299.3,-3.836442,-0.161,,,,,MODELLED,False
Season 1:@SpreadHarvester_MM:2025-10-06:TSLA:2025-10-07,Season 1,@SpreadHarvester_MM,TSLA,,short,19,7030.57,2025-10-06,370.03,VENUE-SIMULATED-FILL,MODELLED,2025-10-07,351.44,VENUE-SIMULATED-FILL,MODELLED,1,353.28,5.024913,-0.0728,,,,,MODELLED,False
Season 1:@SpreadHarvester_MM:2025-10-07:NVDA:2025-10-07,Season 1,@SpreadHarvester_MM,NVDA,,long,261,50341.68,2025-10-07,192.88,VENUE-SIMULATED-FILL,MODELLED,2025-10-07,192.91,VENUE-SIMULATED-FILL,MODELLED,0,8.83,0.01754,-1.0007,,,,,MODELLED,False
Season 1:@SpreadHarvester_MM:2025-10-07:TSLA:2025-10-07,Season 1,@SpreadHarvester_MM,TSLA,,long,147,51661.68,2025-10-07,351.44,VENUE-SIMULATED-FILL,MODELLED,2025-10-07,351.48,VENUE-SIMULATED-FILL,MODELLED,0,6.44,0.012466,-0.5636,,,,,MODELLED,False
Season 1:@BetaChaser_3xProxy:2025-09-17:META:2025-10-08,Season 1,@BetaChaser_3xProxy,META,,long,9,6432.12,2025-09-17,714.680484,VENUE-SIMULATED-FILL,MODELLED,2025-10-08,733.45,VENUE-SIMULATED-FILL,MODELLED,21,168.87,2.625416,0.0555,,,,,MODELLED,False
Season 1:@BetaChaser_3xProxy:2025-09-17:TSLA:2025-10-08,Season 1,@BetaChaser_3xProxy,TSLA,,long,6,2040.06,2025-09-17,340.01,VENUE-SIMULATED-FILL,MODELLED,2025-10-08,359.01,VENUE-SIMULATED-FILL,MODELLED,21,113.96,5.58611,0.037,,,,,MODELLED,False
Official Auction Book:@CurveFlattener_2s10s:2025-10-01:91282CPB1:2025-10-08,Official Auction Book,@CurveFlattener_2s10s,91282CPB1,2-Year,short,2400.0,239769.4,2025-10-01,99.903918,SECONDARY-CURVE,OFFICIAL,2025-10-08,99.843559,SECONDARY-CURVE,OFFICIAL-DERIVED,7,-1.49,-0.000621,0.0,2.94,0.0,,,OFFICIAL-DERIVED,False
Season 2:@FDA_ClusterFade:2025-09-17:XBI:2025-10-08,Season 2,@FDA_ClusterFade,XBI,,long,1675,158052.48,2025-09-17,94.35969,VENUE-SIMULATED-FILL,MODELLED,2025-10-08,104.29,VENUE-SIMULATED-FILL,MODELLED,21,16622.94,10.517355,10.3281,,,,,MODELLED,False
Season 1:@GapAndGo_YOLO:2025-10-08:CVNA:2025-10-08,Season 1,@GapAndGo_YOLO,CVNA,,long,127,36069.27,2025-10-08,284.01,VENUE-SIMULATED-FILL,MODELLED,2025-10-08,280.81,VENUE-SIMULATED-FILL,MODELLED,0,-407.18,-1.128883,0.7831,,,,,MODELLED,False
Season 1:@IlliquidRocket_Degen:2025-09-17:CAT:2025-10-08,Season 1,@IlliquidRocket_Degen,CAT,,long,520,211204.99,2025-09-17,406.163442,VENUE-SIMULATED-FILL,MODELLED,2025-10-08,428.94,VENUE-SIMULATED-FILL,MODELLED,21,11840.6,5.606212,3.2063,,,,,MODELLED,False
Season 1:@KitchenSink_AllIn:2025-09-17:IWM:2025-10-08,Season 1,@KitchenSink_AllIn,IWM,,long,9,2183.48,2025-09-17,242.60875,VENUE-SIMULATED-FILL,MODELLED,2025-10-08,246.05,VENUE-SIMULATED-FILL,MODELLED,21,30.92,1.416089,0.0555,,,,,MODELLED,False
Season 1:@KitchenSink_AllIn:2025-09-17:JPM:2025-10-08,Season 1,@KitchenSink_AllIn,JPM,,long,6,1717.44,2025-09-17,286.24025,VENUE-SIMULATED-FILL,MODELLED,2025-10-08,286.61,VENUE-SIMULATED-FILL,MODELLED,21,2.18,0.126933,0.037,,,,,MODELLED,False
Season 1:@KitchenSink_AllIn:2025-09-17:NVDA:2025-10-08,Season 1,@KitchenSink_AllIn,NVDA,,long,10,1850.6,2025-09-17,185.06,VENUE-SIMULATED-FILL,MODELLED,2025-10-08,188.65,VENUE-SIMULATED-FILL,MODELLED,21,35.84,1.936669,0.0617,,,,,MODELLED,False
Season 1:@KitchenSink_AllIn:2025-09-17:QQQ:2025-10-08,Season 1,@KitchenSink_AllIn,QQQ,,long,4,2344.89,2025-09-17,586.222241,VENUE-SIMULATED-FILL,MODELLED,2025-10-08,598.9,VENUE-SIMULATED-FILL,MODELLED,21,50.69,2.161723,0.0247,,,,,MODELLED,False
Season 1:@KitchenSink_AllIn:2025-09-17:SPY:2025-10-08,Season 1,@KitchenSink_AllIn,SPY,,long,3,1970.16,2025-09-17,656.718986,VENUE-SIMULATED-FILL,MODELLED,2025-10-08,666.35,VENUE-SIMULATED-FILL,MODELLED,21,28.87,1.465365,0.0185,,,,,MODELLED,False
Season 1:@KitchenSink_AllIn:2025-09-24:AAPL:2025-10-08,Season 1,@KitchenSink_AllIn,AAPL,,long,6,1489.84,2025-09-24,248.307303,VENUE-SIMULATED-FILL,MODELLED,2025-10-08,258.01,VENUE-SIMULATED-FILL,MODELLED,14,58.18,3.905107,0.037,,,,,MODELLED,False
Season 1:@KitchenSink_AllIn:2025-09-24:AMZN:2025-10-08,Season 1,@KitchenSink_AllIn,AMZN,,long,8,1888.92,2025-09-24,236.115106,VENUE-SIMULATED-FILL,MODELLED,2025-10-08,243.81,VENUE-SIMULATED-FILL,MODELLED,14,61.51,3.256357,0.0493,,,,,MODELLED,False
Season 1:@KitchenSink_AllIn:2025-09-24:CAT:2025-10-08,Season 1,@KitchenSink_AllIn,CAT,,long,6,2556.92,2025-09-24,426.152689,VENUE-SIMULATED-FILL,MODELLED,2025-10-08,428.97,VENUE-SIMULATED-FILL,MODELLED,14,16.87,0.659779,0.037,,,,,MODELLED,False
Live Book (rehearsal):@OilDollar_FadeUNG:2025-09-18:XOM:2025-10-08,Live Book (rehearsal),@OilDollar_FadeUNG,XOM,,long,400,46053.37,2025-09-18,115.133437,VENUE-SIMULATED-FILL,SECONDARY,2025-10-08,114.37,VENUE-SIMULATED-FILL,SECONDARY,20,-307.84,-0.668442,2.4664,,,0.874,0.00273,SECONDARY,False
Live Book (rehearsal):@OilDollar_FadeUNG:2025-09-29:UNG:2025-10-08,Live Book (rehearsal),@OilDollar_FadeUNG,UNG,,long,100,1252.0,2025-09-29,12.52,VENUE-SIMULATED-FILL,SECONDARY,2025-10-08,13.52,VENUE-SIMULATED-FILL,SECONDARY,9,99.38,7.9377,0.6166,,,7.391,0.05061,SECONDARY,False
Season 1:@OvernightCarry_NO:2025-10-06:SPY:2025-10-08,Season 1,@OvernightCarry_NO,SPY,,long,290,194186.56,2025-10-06,669.608828,VENUE-SIMULATED-FILL,MODELLED,2025-10-08,666.35,VENUE-SIMULATED-FILL,MODELLED,2,-946.85,-0.487598,1.7881,,,,,MODELLED,False
Season 1:@SpreadHarvester_MM:2025-10-07:NVDA:2025-10-08,Season 1,@SpreadHarvester_MM,NVDA,,short,42,8102.22,2025-10-07,192.91,VENUE-SIMULATED-FILL,MODELLED,2025-10-08,188.64,VENUE-SIMULATED-FILL,MODELLED,1,179.5,2.215442,-0.161,,,,,MODELLED,False
Season 1:@SpreadHarvester_MM:2025-10-07:TSLA:2025-10-08,Season 1,@SpreadHarvester_MM,TSLA,,short,19,6678.12,2025-10-07,351.48,VENUE-SIMULATED-FILL,MODELLED,2025-10-08,359.0,VENUE-SIMULATED-FILL,MODELLED,1,-142.81,-2.138476,-0.0728,,,,,MODELLED,False
Season 1:@SpreadHarvester_MM:2025-10-08:NVDA:2025-10-08,Season 1,@SpreadHarvester_MM,NVDA,,long,257,48480.48,2025-10-08,188.64,VENUE-SIMULATED-FILL,MODELLED,2025-10-08,188.67,VENUE-SIMULATED-FILL,MODELLED,0,8.7,0.017945,-0.9853,,,,,MODELLED,False
Season 1:@SpreadHarvester_MM:2025-10-08:TSLA:2025-10-08,Season 1,@SpreadHarvester_MM,TSLA,,long,145,52055.0,2025-10-08,359.0,VENUE-SIMULATED-FILL,MODELLED,2025-10-08,359.04,VENUE-SIMULATED-FILL,MODELLED,0,6.36,0.012218,-0.556,,,,,MODELLED,False
Season 1:@SqueezeHunter_TF:2025-10-07:UNH:2025-10-08,Season 1,@SqueezeHunter_TF,UNH,,long,149,50041.65,2025-10-07,335.85,VENUE-SIMULATED-FILL,MODELLED,2025-10-08,340.9,VENUE-SIMULATED-FILL,MODELLED,1,751.53,1.501809,0.9187,,,,,MODELLED,False
Season 1:@TrendSurfer_GoldenX:2025-09-17:SPY:2025-10-08,Season 1,@TrendSurfer_GoldenX,SPY,,long,39,25940.77,2025-09-17,665.147821,VENUE-SIMULATED-FILL,MODELLED,2025-10-08,666.35,VENUE-SIMULATED-FILL,MODELLED,21,46.64,0.179794,0.2405,,,,,MODELLED,False
Season 1:@TrendSurfer_GoldenX:2025-09-25:QQQ:2025-10-08,Season 1,@TrendSurfer_GoldenX,QQQ,,long,2,1182.56,2025-09-25,591.281556,VENUE-SIMULATED-FILL,MODELLED,2025-10-08,598.9,VENUE-SIMULATED-FILL,MODELLED,13,15.22,1.287035,0.0123,,,,,MODELLED,False
Official Auction Book:@CurveSteepener_2s10s:2025-10-01:91282CPB1:2025-10-09,Official Auction Book,@CurveSteepener_2s10s,91282CPB1,2-Year,long,1200.0,119884.7,2025-10-01,99.903918,SECONDARY-CURVE,OFFICIAL,2025-10-09,99.805859,SECONDARY-CURVE,OFFICIAL-DERIVED,8,-1.18,-0.000984,0.0,0.0,0.0,,,OFFICIAL-DERIVED,False
Live Book (rehearsal):@FDA_Fade_Live:2025-09-18:XBI:2025-10-09,Live Book (rehearsal),@FDA_Fade_Live,XBI,,long,1500,143725.31,2025-09-18,95.816875,VENUE-SIMULATED-FILL,SECONDARY,2025-10-09,105.85,VENUE-SIMULATED-FILL,SECONDARY,21,15040.44,10.464712,9.249,,,0.945,0.01077,SECONDARY,False
Season 1:@GapAndGo_YOLO:2025-10-09:CVNA:2025-10-09,Season 1,@GapAndGo_YOLO,CVNA,,long,124,35818.64,2025-10-09,288.86,VENUE-SIMULATED-FILL,MODELLED,2025-10-09,281.24,VENUE-SIMULATED-FILL,MODELLED,0,-945.64,-2.640078,0.7646,,,,,MODELLED,False
Season 1:@GapAndGo_YOLO:2025-10-09:TSLA:2025-10-09,Season 1,@GapAndGo_YOLO,TSLA,,long,97,35632.95,2025-10-09,367.35,VENUE-SIMULATED-FILL,MODELLED,2025-10-09,356.73,VENUE-SIMULATED-FILL,MODELLED,0,-1030.74,-2.89266,0.5981,,,,,MODELLED,False
Live Book (rehearsal):@OilDollar_FadeUNG:2025-10-08:UNG:2025-10-09,Live Book (rehearsal),@OilDollar_FadeUNG,UNG,,short,7200,97344.0,2025-10-08,13.52,VENUE-SIMULATED-FILL,SECONDARY,2025-10-09,13.25,VENUE-SIMULATED-FILL,SECONDARY,1,1899.6,1.95143,44.3952,,,15.117,0.06002,SECONDARY,False
Season 1:@SpreadHarvester_MM:2025-10-08:NVDA:2025-10-09,Season 1,@SpreadHarvester_MM,NVDA,,long,309,58591.28,2025-10-08,189.615789,VENUE-SIMULATED-FILL,MODELLED,2025-10-09,189.69,VENUE-SIMULATED-FILL,MODELLED,1,24.12,0.041167,-1.1847,,,,,MODELLED,False
Season 1:@SpreadHarvester_MM:2025-10-08:TSLA:2025-10-09,Season 1,@SpreadHarvester_MM,TSLA,,short,19,6821.76,2025-10-08,359.04,VENUE-SIMULATED-FILL,MODELLED,2025-10-09,367.33,VENUE-SIMULATED-FILL,MODELLED,1,-157.44,-2.307909,-0.0728,,,,,MODELLED,False
Season 1:@SpreadHarvester_MM:2025-10-09:TSLA:2025-10-09,Season 1,@SpreadHarvester_MM,TSLA,,long,140,51426.2,2025-10-09,367.33,VENUE-SIMULATED-FILL,MODELLED,2025-10-09,367.36,VENUE-SIMULATED-FILL,MODELLED,0,4.74,0.009217,-0.5368,,,,,MODELLED,False
Season 2:@Weather_ColdSnap_Max:2025-10-06:XLU:2025-10-09,Season 2,@Weather_ColdSnap_Max,XLU,,long,25,1118.0,2025-10-06,44.72,VENUE-SIMULATED-FILL,MODELLED,2025-10-09,45.54,VENUE-SIMULATED-FILL,MODELLED,3,20.35,1.820215,0.1542,,,,,MODELLED,False
Official Auction Book:@CurveSteepener_2s10s:2025-10-01:91282CPB1:2025-10-10,Official Auction Book,@CurveSteepener_2s10s,91282CPB1,2-Year,long,1900.0,189817.44,2025-10-01,99.903918,SECONDARY-CURVE,OFFICIAL,2025-10-10,99.957504,SECONDARY-CURVE,OFFICIAL-DERIVED,9,1.02,0.000537,0.0,0.0,0.0,,,OFFICIAL-DERIVED,False
Season 2:@GOLD_Trend_GLD:2025-09-17:GLD:2025-10-10,Season 2,@GOLD_Trend_GLD,GLD,,long,5,1700.8,2025-09-17,340.160271,VENUE-SIMULATED-FILL,MODELLED,2025-10-10,367.54,VENUE-SIMULATED-FILL,MODELLED,23,136.87,8.047383,0.0308,,,,,MODELLED,False
Live Book (rehearsal):@OilDollar_FadeUNG:2025-09-18:XOM:2025-10-10,Live Book (rehearsal),@OilDollar_FadeUNG,XOM,,long,400,45845.34,2025-09-18,114.613359,VENUE-SIMULATED-FILL,SECONDARY,2025-10-10,112.26,VENUE-SIMULATED-FILL,SECONDARY,22,-943.81,-2.058682,2.4664,,,0.0,0.00273,SECONDARY,False
Season 1:@OvernightCarry_NO:2025-10-09:SPY:2025-10-10,Season 1,@OvernightCarry_NO,SPY,,long,288,193435.2,2025-10-09,671.65,VENUE-SIMULATED-FILL,MODELLED,2025-10-10,665.62,VENUE-SIMULATED-FILL,MODELLED,1,-1738.42,-0.898709,1.7758,,,,,MODELLED,False
Season 1:@OvernightCarry_NO:2025-10-09:SPY:2025-10-10,Season 1,@OvernightCarry_NO,SPY,,long,1,671.65,2025-10-09,671.65,VENUE-SIMULATED-FILL,MODELLED,2025-10-10,653.42,VENUE-SIMULATED-FILL,MODELLED,1,-18.24,-2.7157,0.0062,,,,,MODELLED,False
Season 1:@SpreadHarvester_MM:2025-10-08:NVDA:2025-10-10,Season 1,@SpreadHarvester_MM,NVDA,,long,324,59150.96,2025-10-08,182.564678,VENUE-SIMULATED-FILL,MODELLED,2025-10-10,182.29,VENUE-SIMULATED-FILL,MODELLED,2,-87.75,-0.148349,-1.2422,,,,,MODELLED,False
Season 1:@SpreadHarvester_MM:2025-10-09:TSLA:2025-10-10,Season 1,@SpreadHarvester_MM,TSLA,,short,19,6979.84,2025-10-09,367.36,VENUE-SIMULATED-FILL,MODELLED,2025-10-10,354.35,VENUE-SIMULATED-FILL,MODELLED,1,247.26,3.542488,-0.0728,,,,,MODELLED,False
Season 1:@SpreadHarvester_MM:2025-10-10:TSLA:2025-10-10,Season 1,@SpreadHarvester_MM,TSLA,,long,98,34726.3,2025-10-10,354.35,VENUE-SIMULATED-FILL,MODELLED,2025-10-10,354.39,VENUE-SIMULATED-FILL,MODELLED,0,4.3,0.012383,-0.3757,,,,,MODELLED,False
Season 1:@TrendSurfer_GoldenX:2025-09-17:SPY:2025-10-10,Season 1,@TrendSurfer_GoldenX,SPY,,long,36,24036.42,2025-09-17,667.678467,VENUE-SIMULATED-FILL,MODELLED,2025-10-10,665.62,VENUE-SIMULATED-FILL,MODELLED,23,-74.33,-0.309239,0.222,,,,,MODELLED,False
Season 2:@Weather_ColdSnap_Max:2025-10-06:XLU:2025-10-10,Season 2,@Weather_ColdSnap_Max,XLU,,long,83,3711.76,2025-10-06,44.72,VENUE-SIMULATED-FILL,MODELLED,2025-10-10,45.43,VENUE-SIMULATED-FILL,MODELLED,4,58.42,1.573916,0.5118,,,,,MODELLED,False
Live Book (rehearsal):@CurveSteepener_MaxBeta:2025-10-07:JPM:2025-10-13,Live Book (rehearsal),@CurveSteepener_MaxBeta,JPM,,long,280,86482.8,2025-10-07,308.867143,VENUE-SIMULATED-FILL,SECONDARY,2025-10-13,305.6,VENUE-SIMULATED-FILL,SECONDARY,6,-916.53,-1.059783,1.7265,,,0.0,0.00189,SECONDARY,False
Live Book (rehearsal):@CurveSteepener_MaxBeta:2025-10-07:XOM:2025-10-13,Live Book (rehearsal),@CurveSteepener_MaxBeta,XOM,,long,700,79916.0,2025-10-07,114.165714,VENUE-SIMULATED-FILL,SECONDARY,2025-10-13,111.54,VENUE-SIMULATED-FILL,SECONDARY,6,-1842.32,-2.305321,4.3162,,,0.0,0.00419,SECONDARY,False
Season 1:@GapAndGo_YOLO:2025-10-13:CVNA:2025-10-13,Season 1,@GapAndGo_YOLO,CVNA,,long,121,35064.59,2025-10-13,289.79,VENUE-SIMULATED-FILL,MODELLED,2025-10-13,275.37,VENUE-SIMULATED-FILL,MODELLED,0,-1745.57,-4.978156,0.7461,,,,,MODELLED,False
Live Book (rehearsal):@KitchenSink_Official:2025-10-08:SPY:2025-10-13,Live Book (rehearsal),@KitchenSink_Official,SPY,,long,120,80431.2,2025-10-08,670.26,VENUE-SIMULATED-FILL,SECONDARY,2025-10-13,660.65,VENUE-SIMULATED-FILL,SECONDARY,5,-1153.94,-1.434692,0.7399,,,0.0,0.0002,SECONDARY,False
Season 1:@OvernightCarry_NO:2025-10-10:SPY:2025-10-13,Season 1,@OvernightCarry_NO,SPY,,short,2,1306.84,2025-10-10,653.42,VENUE-SIMULATED-FILL,MODELLED,2025-10-13,653.56,VENUE-SIMULATED-FILL,MODELLED,3,-0.29,-0.022191,0.0123,,,,,MODELLED,False
Season 1:@SpreadHarvester_MM:2025-10-08:NVDA:2025-10-13,Season 1,@SpreadHarvester_MM,NVDA,,long,259,45705.31,2025-10-08,176.468361,VENUE-SIMULATED-FILL,MODELLED,2025-10-13,176.15,VENUE-SIMULATED-FILL,MODELLED,5,-81.46,-0.178229,-0.993,,,,,MODELLED,False
Season 1:@SpreadHarvester_MM:2025-10-10:TSLA:2025-10-13,Season 1,@SpreadHarvester_MM,TSLA,,short,69,24452.91,2025-10-10,354.39,VENUE-SIMULATED-FILL,MODELLED,2025-10-13,352.22,VENUE-SIMULATED-FILL,MODELLED,3,149.99,0.613383,-0.2646,,,,,MODELLED,False
Season 1:@SpreadHarvester_MM:2025-10-13:TSLA:2025-10-13,Season 1,@SpreadHarvester_MM,TSLA,,long,101,35574.22,2025-10-13,352.22,VENUE-SIMULATED-FILL,MODELLED,2025-10-13,352.25,VENUE-SIMULATED-FILL,MODELLED,0,3.42,0.009614,-0.3872,,,,,MODELLED,False
Season 1:@TrendSurfer_GoldenX:2025-09-17:SPY:2025-10-13,Season 1,@TrendSurfer_GoldenX,SPY,,long,2,1335.36,2025-09-17,667.678467,VENUE-SIMULATED-FILL,MODELLED,2025-10-13,653.55,VENUE-SIMULATED-FILL,MODELLED,26,-28.27,-2.117037,0.0123,,,,,MODELLED,False
Live Book (rehearsal):@VolControl_MaxLev:2025-09-18:QQQ:2025-10-13,Live Book (rehearsal),@VolControl_MaxLev,QQQ,,long,200,119359.51,2025-09-18,596.797551,VENUE-SIMULATED-FILL,SECONDARY,2025-10-13,599.67,VENUE-SIMULATED-FILL,SECONDARY,25,573.26,0.48028,1.2332,,,0.167,0.00026,SECONDARY,False
Season 2:@Weather_ColdSnap_Max:2025-10-06:XLU:2025-10-13,Season 2,@Weather_ColdSnap_Max,XLU,,long,44,1967.68,2025-10-06,44.72,VENUE-SIMULATED-FILL,MODELLED,2025-10-13,45.13,VENUE-SIMULATED-FILL,MODELLED,7,17.77,0.903094,0.2713,,,,,MODELLED,False
Official Auction Book:@CurveFlattener_2s10s:2025-10-01:91282CPB1:2025-10-14,Official Auction Book,@CurveFlattener_2s10s,91282CPB1,2-Year,short,6700.0,669356.25,2025-10-01,99.903918,SECONDARY-CURVE,OFFICIAL,2025-10-14,100.030969,SECONDARY-CURVE,OFFICIAL-DERIVED,13,-20.21,-0.003019,0.0,11.7,0.0,,,OFFICIAL-DERIVED,False
Live Book (rehearsal):@KitchenSink_Official:2025-10-13:TLT:2025-10-14,Live Book (rehearsal),@KitchenSink_Official,TLT,,long,500,45140.0,2025-10-13,90.28,VENUE-SIMULATED-FILL,SECONDARY,2025-10-14,90.65,VENUE-SIMULATED-FILL,SECONDARY,1,181.92,0.403013,3.083,,,0.0,0.00214,SECONDARY,False
Season 1:@OvernightCarry_NO:2025-10-13:SPY:2025-10-14,Season 1,@OvernightCarry_NO,SPY,,long,291,193116.33,2025-10-13,663.63,VENUE-SIMULATED-FILL,MODELLED,2025-10-14,666.98,VENUE-SIMULATED-FILL,MODELLED,1,973.06,0.503872,1.7943,,,,,MODELLED,False
Season 2:@PinePilot_EMA_Cross:2025-09-17:IWM:2025-10-14,Season 2,@PinePilot_EMA_Cross,IWM,,long,4,955.65,2025-09-17,238.911641,VENUE-SIMULATED-FILL,MODELLED,2025-10-14,241.22,VENUE-SIMULATED-FILL,MODELLED,27,9.21,0.963745,0.0247,,,,,MODELLED,False
Season 2:@PinePilot_EMA_Cross:2025-09-17:SPY:2025-10-14,Season 2,@PinePilot_EMA_Cross,SPY,,long,1,660.31,2025-09-17,660.311489,VENUE-SIMULATED-FILL,MODELLED,2025-10-14,657.16,VENUE-SIMULATED-FILL,MODELLED,27,-3.16,-0.478562,0.0062,,,,,MODELLED,False
Season 1:@SpreadHarvester_MM:2025-10-13:NVDA:2025-10-14,Season 1,@SpreadHarvester_MM,NVDA,,short,82,14444.3,2025-10-13,176.15,VENUE-SIMULATED-FILL,MODELLED,2025-10-14,179.15,VENUE-SIMULATED-FILL,MODELLED,1,-245.69,-1.700948,-0.3144,,,,,MODELLED,False
Season 1:@SpreadHarvester_MM:2025-10-13:TSLA:2025-10-14,Season 1,@SpreadHarvester_MM,TSLA,,short,69,24305.25,2025-10-13,352.25,VENUE-SIMULATED-FILL,MODELLED,2025-10-14,363.1,VENUE-SIMULATED-FILL,MODELLED,1,-748.39,-3.079129,-0.2646,,,,,MODELLED,False
Season 1:@SpreadHarvester_MM:2025-10-14:NVDA:2025-10-14,Season 1,@SpreadHarvester_MM,NVDA,,long,244,43712.6,2025-10-14,179.15,VENUE-SIMULATED-FILL,MODELLED,2025-10-14,179.18,VENUE-SIMULATED-FILL,MODELLED,0,8.26,0.018896,-0.9355,,,,,MODELLED,False
Season 1:@SpreadHarvester_MM:2025-10-14:TSLA:2025-10-14,Season 1,@SpreadHarvester_MM,TSLA,,long,53,19244.3,2025-10-14,363.1,VENUE-SIMULATED-FILL,MODELLED,2025-10-14,363.14,VENUE-SIMULATED-FILL,MODELLED,0,2.32,0.012056,-0.2032,,,,,MODELLED,False
Official Auction Book:@CurveFlattener_2s10s:2025-10-01:91282CPB1:2025-10-15,Official Auction Book,@CurveFlattener_2s10s,91282CPB1,2-Year,short,3100.0,309702.15,2025-10-01,99.903918,SECONDARY-CURVE,OFFICIAL,2025-10-15,99.991341,SECONDARY-CURVE,OFFICIAL-DERIVED,14,-10.31,-0.003329,0.0,7.6,0.0,,,OFFICIAL-DERIVED,False
Season 1:@IlliquidRocket_Degen:2025-10-09:RIVN:2025-10-15,Season 1,@IlliquidRocket_Degen,RIVN,,long,228,3260.4,2025-10-09,14.3,VENUE-SIMULATED-FILL,MODELLED,2025-10-15,14.12,VENUE-SIMULATED-FILL,MODELLED,6,-42.45,-1.301987,1.4058,,,,,MODELLED,False
Season 1:@MeanRev_Z2Sigma:2025-10-13:NVDA:2025-10-15,Season 1,@MeanRev_Z2Sigma,NVDA,,long,172,30296.08,2025-10-13,176.14,VENUE-SIMULATED-FILL,MODELLED,2025-10-15,192.75,VENUE-SIMULATED-FILL,MODELLED,2,2855.86,9.4265,1.0606,,,,,MODELLED,False
Season 1:@OvernightCarry_NO:2025-10-14:SPY:2025-10-15,Season 1,@OvernightCarry_NO,SPY,,short,2,1325.16,2025-10-14,662.58,VENUE-SIMULATED-FILL,MODELLED,2025-10-15,658.71,VENUE-SIMULATED-FILL,MODELLED,1,7.73,0.583326,0.0123,,,,,MODELLED,False
Season 1:@SpreadHarvester_MM:2025-10-14:NVDA:2025-10-15,Season 1,@SpreadHarvester_MM,NVDA,,short,82,14692.76,2025-10-14,179.18,VENUE-SIMULATED-FILL,MODELLED,2025-10-15,192.74,VENUE-SIMULATED-FILL,MODELLED,1,-1111.61,-7.565699,-0.3144,,,,,MODELLED,False
Season 1:@SpreadHarvester_MM:2025-10-14:TSLA:2025-10-15,Season 1,@SpreadHarvester_MM,TSLA,,short,108,39219.12,2025-10-14,363.14,VENUE-SIMULATED-FILL,MODELLED,2025-10-15,364.31,VENUE-SIMULATED-FILL,MODELLED,1,-125.95,-0.321144,-0.4141,,,,,MODELLED,False
Season 1:@SpreadHarvester_MM:2025-10-15:NVDA:2025-10-15,Season 1,@SpreadHarvester_MM,NVDA,,long,221,42595.54,2025-10-15,192.74,VENUE-SIMULATED-FILL,MODELLED,2025-10-15,192.77,VENUE-SIMULATED-FILL,MODELLED,0,7.48,0.017561,-0.8473,,,,,MODELLED,False
Season 1:@SpreadHarvester_MM:2025-10-15:TSLA:2025-10-15,Season 1,@SpreadHarvester_MM,TSLA,,long,52,18944.12,2025-10-15,364.31,VENUE-SIMULATED-FILL,MODELLED,2025-10-15,364.34,VENUE-SIMULATED-FILL,MODELLED,0,1.76,0.00929,-0.1994,,,,,MODELLED,False
Season 1:@TrendSurfer_GoldenX:2025-09-17:NVDA:2025-10-15,Season 1,@TrendSurfer_GoldenX,NVDA,,long,11,2091.45,2025-09-17,190.132172,VENUE-SIMULATED-FILL,MODELLED,2025-10-15,192.75,VENUE-SIMULATED-FILL,MODELLED,28,28.73,1.373686,0.0678,,,,,MODELLED,False
Season 2:@Weather_ColdSnap_Max:2025-10-06:XLU:2025-10-15,Season 2,@Weather_ColdSnap_Max,XLU,,long,22,983.84,2025-10-06,44.72,VENUE-SIMULATED-FILL,MODELLED,2025-10-15,46.05,VENUE-SIMULATED-FILL,MODELLED,9,29.12,2.959831,0.1357,,,,,MODELLED,False
Official Auction Book:@AuctionStrength_Follow:2025-10-14:912797RN9:2025-10-16,Official Auction Book,@AuctionStrength_Follow,912797RN9,17-Week,long,544100.0,54233920.53,2025-10-14,99.676384,SECONDARY-CURVE,OFFICIAL,2025-10-16,99.69775,SECONDARY-CURVE,OFFICIAL-DERIVED,2,116.25,0.000214,0.0,0.0,0.0,,,OFFICIAL-DERIVED,False
Official Auction Book:@ConcessionFade_Notes:2025-10-07:91282CPC9:2025-10-16,Official Auction Book,@ConcessionFade_Notes,91282CPC9,3-Year,long,18500.0,1846033.86,2025-10-07,99.785614,PRIMARY-AUCTION,OFFICIAL,2025-10-16,100.226267,SECONDARY-CURVE,OFFICIAL-DERIVED,9,81.52,0.004416,0.0,0.0,0.0,,,OFFICIAL-DERIVED,False
Official Auction Book:@CurveSteepener_2s10s:2025-10-01:91282CPB1:2025-10-16,Official Auction Book,@CurveSteepener_2s10s,91282CPB1,2-Year,long,1900.0,189817.44,2025-10-01,99.903918,SECONDARY-CURVE,OFFICIAL,2025-10-16,100.161643,SECONDARY-CURVE,OFFICIAL-DERIVED,15,4.9,0.002581,0.0,0.0,0.0,,,OFFICIAL-DERIVED,False
Season 1:@GapAndGo_YOLO:2025-10-16:NVDA:2025-10-16,Season 1,@GapAndGo_YOLO,NVDA,,long,179,34376.95,2025-10-16,192.05,VENUE-SIMULATED-FILL,MODELLED,2025-10-16,192.07,VENUE-SIMULATED-FILL,MODELLED,0,2.48,0.007214,1.1037,,,,,MODELLED,False
Live Book (rehearsal):@KitchenSink_Official:2025-10-13:TLT:2025-10-16,Live Book (rehearsal),@KitchenSink_Official,TLT,,long,100,9028.0,2025-10-13,90.28,VENUE-SIMULATED-FILL,SECONDARY,2025-10-16,90.51,VENUE-SIMULATED-FILL,SECONDARY,3,22.38,0.247895,0.6166,,,1.104,0.00214,SECONDARY,False
Season 1:@OvernightCarry_NO:2025-10-15:SPY:2025-10-16,Season 1,@OvernightCarry_NO,SPY,,long,290,192925.4,2025-10-15,665.26,VENUE-SIMULATED-FILL,MODELLED,2025-10-16,669.45,VENUE-SIMULATED-FILL,MODELLED,1,1213.31,0.628901,1.7881,,,,,MODELLED,False
Season 1:@SpreadHarvester_MM:2025-10-15:NVDA:2025-10-16,Season 1,@SpreadHarvester_MM,NVDA,,short,82,15807.14,2025-10-15,192.77,VENUE-SIMULATED-FILL,MODELLED,2025-10-16,192.03,VENUE-SIMULATED-FILL,MODELLED,1,60.99,0.385838,-0.3144,,,,,MODELLED,False
Season 1:@SpreadHarvester_MM:2025-10-15:TSLA:2025-10-16,Season 1,@SpreadHarvester_MM,TSLA,,short,108,39348.72,2025-10-15,364.34,VENUE-SIMULATED-FILL,MODELLED,2025-10-16,386.05,VENUE-SIMULATED-FILL,MODELLED,1,-2344.27,-5.957678,-0.414,,,,,MODELLED,False
Season 1:@SpreadHarvester_MM:2025-10-16:NVDA:2025-10-16,Season 1,@SpreadHarvester_MM,NVDA,,long,93,17858.79,2025-10-16,192.03,VENUE-SIMULATED-FILL,MODELLED,2025-10-16,192.06,VENUE-SIMULATED-FILL,MODELLED,0,3.15,0.017638,-0.3566,,,,,MODELLED,False
Season 1:@SpreadHarvester_MM:2025-10-16:TSLA:2025-10-16,Season 1,@SpreadHarvester_MM,TSLA,,long,37,14283.85,2025-10-16,386.05,VENUE-SIMULATED-FILL,MODELLED,2025-10-16,386.09,VENUE-SIMULATED-FILL,MODELLED,0,1.62,0.011341,-0.1419,,,,,MODELLED,False
Official Auction Book:@ConcessionFade_Notes:2025-10-08:91282CNT4:2025-10-17,Official Auction Book,@ConcessionFade_Notes,91282CNT4,10-Year,long,3300.0,333488.85,2025-10-08,101.057226,PRIMARY-AUCTION,OFFICIAL,2025-10-17,101.989087,SECONDARY-CURVE,OFFICIAL-DERIVED,9,30.75,0.009221,0.0,0.0,0.0,,,OFFICIAL-DERIVED,False
Official Auction Book:@CurveFlattener_2s10s:2025-10-01:91282CPB1:2025-10-17,Official Auction Book,@CurveFlattener_2s10s,91282CPB1,2-Year,short,3700.0,369644.5,2025-10-01,99.903918,SECONDARY-CURVE,OFFICIAL,2025-10-17,100.067727,SECONDARY-CURVE,OFFICIAL-DERIVED,16,-16.47,-0.004456,0.0,10.41,0.0,,,OFFICIAL-DERIVED,False
Season 1:@DriftRider_PEAD:2025-09-26:AAPL:2025-10-17,Season 1,@DriftRider_PEAD,AAPL,,long,137,34647.3,2025-09-26,252.9,VENUE-SIMULATED-FILL,MODELLED,2025-10-17,278.47,VENUE-SIMULATED-FILL,MODELLED,21,3502.25,10.108291,0.8447,,,,,MODELLED,False
Season 2:@FDA_ClusterFade:2025-09-17:XBI:2025-10-17,Season 2,@FDA_ClusterFade,XBI,,long,17,1788.87,2025-09-17,105.227593,VENUE-SIMULATED-FILL,MODELLED,2025-10-17,107.5,VENUE-SIMULATED-FILL,MODELLED,30,38.53,2.153875,0.1048,,,,,MODELLED,False
Season 1:@GapAndGo_YOLO:2025-10-17:RIVN:2025-10-17,Season 1,@GapAndGo_YOLO,RIVN,,long,3002,34553.02,2025-10-17,11.51,VENUE-SIMULATED-FILL,MODELLED,2025-10-17,11.86,VENUE-SIMULATED-FILL,MODELLED,0,1032.19,2.987264,18.5103,,,,,MODELLED,False
Season 1:@SpreadHarvester_MM:2025-10-16:NVDA:2025-10-17,Season 1,@SpreadHarvester_MM,NVDA,,short,97,18629.82,2025-10-16,192.06,VENUE-SIMULATED-FILL,MODELLED,2025-10-17,191.58,VENUE-SIMULATED-FILL,MODELLED,1,46.93,0.251908,-0.3719,,,,,MODELLED,False
Season 1:@SpreadHarvester_MM:2025-10-16:TSLA:2025-10-17,Season 1,@SpreadHarvester_MM,TSLA,,short,108,41697.72,2025-10-16,386.09,VENUE-SIMULATED-FILL,MODELLED,2025-10-17,391.42,VENUE-SIMULATED-FILL,MODELLED,1,-575.23,-1.379524,-0.414,,,,,MODELLED,False
Season 1:@SpreadHarvester_MM:2025-10-17:NVDA:2025-10-17,Season 1,@SpreadHarvester_MM,NVDA,,long,57,10920.06,2025-10-17,191.58,VENUE-SIMULATED-FILL,MODELLED,2025-10-17,191.61,VENUE-SIMULATED-FILL,MODELLED,0,1.93,0.017674,-0.2185,,,,,MODELLED,False
Season 1:@SpreadHarvester_MM:2025-10-17:TSLA:2025-10-17,Season 1,@SpreadHarvester_MM,TSLA,,long,37,14482.54,2025-10-17,391.42,VENUE-SIMULATED-FILL,MODELLED,2025-10-17,391.45,VENUE-SIMULATED-FILL,MODELLED,0,1.25,0.008631,-0.1419,,,,,MODELLED,False
Season 1:@TrendSurfer_GoldenX:2025-09-17:GOOGL:2025-10-17,Season 1,@TrendSurfer_GoldenX,GOOGL,,long,4,1001.23,2025-09-17,250.306442,VENUE-SIMULATED-FILL,MODELLED,2025-10-17,240.14,VENUE-SIMULATED-FILL,MODELLED,30,-40.69,-4.064018,0.0247,,,,,MODELLED,False
Season 2:@Weather_ColdSnap_Max:2025-10-06:XLU:2025-10-17,Season 2,@Weather_ColdSnap_Max,XLU,,long,31,1386.32,2025-10-06,44.72,VENUE-SIMULATED-FILL,MODELLED,2025-10-17,46.02,VENUE-SIMULATED-FILL,MODELLED,11,40.11,2.893271,0.1911,,,,,MODELLED,False
Official Auction Book:@DurationTrend_TenX:2025-10-15:91282CNT4:2025-10-20,Official Auction Book,@DurationTrend_TenX,91282CNT4,10-Year,long,18600.0,1892239.68,2025-10-15,101.733316,SECONDARY-CURVE,OFFICIAL,2025-10-20,102.155232,SECONDARY-CURVE,OFFICIAL-DERIVED,5,78.48,0.004147,0.0,0.0,0.0,,,OFFICIAL-DERIVED,False
Season 1:@GapAndGo_YOLO:2025-10-20:TSLA:2025-10-20,Season 1,@GapAndGo_YOLO,TSLA,,long,85,34667.25,2025-10-20,407.85,VENUE-SIMULATED-FILL,MODELLED,2025-10-20,404.19,VENUE-SIMULATED-FILL,MODELLED,0,-311.62,-0.898889,0.5241,,,,,MODELLED,False
Live Book (rehearsal):@OilDollar_FadeUNG:2025-10-10:UNG:2025-10-20,Live Book (rehearsal),@OilDollar_FadeUNG,UNG,,short,400,4944.56,2025-10-10,12.361398,VENUE-SIMULATED-FILL,SECONDARY,2025-10-20,12.58,VENUE-SIMULATED-FILL,SECONDARY,10,-89.91,-1.818362,2.4664,,,7.955,0.05317,SECONDARY,False
Season 1:@OvernightCarry_NO:2025-10-15:SPY:2025-10-20,Season 1,@OvernightCarry_NO,SPY,,long,296,196710.46,2025-10-15,664.562365,VENUE-SIMULATED-FILL,MODELLED,2025-10-20,663.88,VENUE-SIMULATED-FILL,MODELLED,5,-203.81,-0.103609,1.8251,,,,,MODELLED,False
Season 1:@OverreactionFade_LT:2025-10-15:AMZN:2025-10-20,Season 1,@OverreactionFade_LT,AMZN,,long,177,39626.76,2025-10-15,223.88,VENUE-SIMULATED-FILL,MODELLED,2025-10-20,235.06,VENUE-SIMULATED-FILL,MODELLED,5,1977.77,4.990996,1.0914,,,,,MODELLED,False
Official Auction Book:@SOFRPivot_Switch:2025-10-15:91282CNT4:2025-10-20,Official Auction Book,@SOFRPivot_Switch,91282CNT4,10-Year,long,885400.0,90074677.99,2025-10-15,101.733316,SECONDARY-CURVE,OFFICIAL,2025-10-20,102.155232,SECONDARY-CURVE,OFFICIAL-DERIVED,5,3735.64,0.004147,0.0,0.0,0.0,,,OFFICIAL-DERIVED,False
Official Auction Book:@SOFRPivot_Switch:2025-10-17:91282CNT4:2025-10-20,Official Auction Book,@SOFRPivot_Switch,91282CNT4,10-Year,long,19100.0,1947991.56,2025-10-17,101.989087,SECONDARY-CURVE,OFFICIAL,2025-10-20,102.155232,SECONDARY-CURVE,OFFICIAL-DERIVED,3,31.73,0.001629,0.0,0.0,0.0,,,OFFICIAL-DERIVED,False
Season 1:@SpreadHarvester_MM:2025-10-17:NVDA:2025-10-20,Season 1,@SpreadHarvester_MM,NVDA,,short,239,45794.79,2025-10-17,191.61,VENUE-SIMULATED-FILL,MODELLED,2025-10-20,204.24,VENUE-SIMULATED-FILL,MODELLED,3,-3017.65,-6.589505,-0.9164,,,,,MODELLED,False
Season 1:@SpreadHarvester_MM:2025-10-17:TSLA:2025-10-20,Season 1,@SpreadHarvester_MM,TSLA,,short,108,42276.6,2025-10-17,391.45,VENUE-SIMULATED-FILL,MODELLED,2025-10-20,407.83,VENUE-SIMULATED-FILL,MODELLED,3,-1768.63,-4.183473,-0.414,,,,,MODELLED,False
Season 1:@SpreadHarvester_MM:2025-10-20:NVDA:2025-10-20,Season 1,@SpreadHarvester_MM,NVDA,,long,22,4493.28,2025-10-20,204.24,VENUE-SIMULATED-FILL,MODELLED,2025-10-20,204.27,VENUE-SIMULATED-FILL,MODELLED,0,0.74,0.016469,-0.0844,,,,,MODELLED,False
Season 1:@SpreadHarvester_MM:2025-10-20:TSLA:2025-10-20,Season 1,@SpreadHarvester_MM,TSLA,,long,23,9380.09,2025-10-20,407.83,VENUE-SIMULATED-FILL,MODELLED,2025-10-20,407.86,VENUE-SIMULATED-FILL,MODELLED,0,0.78,0.008315,-0.0882,,,,,MODELLED,False
Season 1:@VIXRegime_Timer:2025-09-17:SPY:2025-10-20,Season 1,@VIXRegime_Timer,SPY,,long,74,48507.54,2025-09-17,655.507362,VENUE-SIMULATED-FILL,MODELLED,2025-10-20,663.88,VENUE-SIMULATED-FILL,MODELLED,33,619.12,1.276338,0.4563,,,,,MODELLED,False
Official Auction Book:@BillCarry_TenX:2025-09-18:912797RD1:2025-10-21,Official Auction Book,@BillCarry_TenX,912797RD1,17-Week,long,953100.0,95010515.01,2025-09-18,99.685778,PRIMARY-AUCTION,OFFICIAL,2025-10-21,100.0,MATURITY-REDEMPTION,OFFICIAL,33,2994.85,0.003152,0.0,0.0,0.0,,,OFFICIAL,True
Official Auction Book:@CalendarBarbell_Max:2025-09-18:912797RD1:2025-10-21,Official Auction Book,@CalendarBarbell_Max,912797RD1,17-Week,long,99800.0,9948640.64,2025-09-18,99.685778,PRIMARY-AUCTION,OFFICIAL,2025-10-21,100.0,MATURITY-REDEMPTION,OFFICIAL,33,313.59,0.003152,0.0,0.0,0.0,,,OFFICIAL,True
Official Auction Book:@CurveSteepener_2s10s:2025-10-01:91282CPB1:2025-10-21,Official Auction Book,@CurveSteepener_2s10s,91282CPB1,2-Year,long,2100.0,209798.23,2025-10-01,99.903918,SECONDARY-CURVE,OFFICIAL,2025-10-21,100.083696,SECONDARY-CURVE,OFFICIAL-DERIVED,20,3.78,0.001802,0.0,0.0,0.0,,,OFFICIAL-DERIVED,False
Season 2:@GOLD_Trend_GLD:2025-09-17:GLD:2025-10-21,Season 2,@GOLD_Trend_GLD,GLD,,long,15,5147.37,2025-09-17,343.158086,VENUE-SIMULATED-FILL,MODELLED,2025-10-21,386.54,VENUE-SIMULATED-FILL,MODELLED,34,650.64,12.640238,0.0925,,,,,MODELLED,False
Official Auction Book:@LiquidityWeighted_Participant:2025-09-18:912797RD1:2025-10-21,Official Auction Book,@LiquidityWeighted_Participant,912797RD1,17-Week,long,235500.0,23476000.72,2025-09-18,99.685778,PRIMARY-AUCTION,OFFICIAL,2025-10-21,100.0,SECONDARY-CURVE,OFFICIAL-DERIVED,33,739.99,0.003152,0.0,0.0,0.0,,,OFFICIAL-DERIVED,False
Season 1:@MeanRev_Z2Sigma:2025-10-13:IWM:2025-10-21,Season 1,@MeanRev_Z2Sigma,IWM,,long,127,30276.8,2025-10-13,238.4,VENUE-SIMULATED-FILL,MODELLED,2025-10-21,245.88,VENUE-SIMULATED-FILL,MODELLED,8,949.18,3.135008,0.7831,,,,,MODELLED,False
Season 1:@MeanRev_Z2Sigma:2025-10-15:AMZN:2025-10-21,Season 1,@MeanRev_Z2Sigma,AMZN,,long,140,31343.2,2025-10-15,223.88,VENUE-SIMULATED-FILL,MODELLED,2025-10-21,237.86,VENUE-SIMULATED-FILL,MODELLED,6,1956.34,6.241673,0.8632,,,,,MODELLED,False
Live Book (rehearsal):@OilDollar_FadeUNG:2025-10-10:UNG:2025-10-21,Live Book (rehearsal),@OilDollar_FadeUNG,UNG,,short,1500,18542.1,2025-10-10,12.361398,VENUE-SIMULATED-FILL,SECONDARY,2025-10-21,12.92,VENUE-SIMULATED-FILL,SECONDARY,11,-847.15,-4.568793,9.249,,,7.746,0.05317,SECONDARY,False
Season 1:@OvernightCarry_NO:2025-10-20:SPY:2025-10-21,Season 1,@OvernightCarry_NO,SPY,,short,3,2014.92,2025-10-20,671.64,VENUE-SIMULATED-FILL,MODELLED,2025-10-21,670.51,VENUE-SIMULATED-FILL,MODELLED,1,3.37,0.167252,0.0185,,,,,MODELLED,False
Live Book (rehearsal):@SOFRPivot_Rider:2025-09-19:QQQ:2025-10-21,Live Book (rehearsal),@SOFRPivot_Rider,QQQ,,long,200,119491.33,2025-09-19,597.456667,VENUE-SIMULATED-FILL,SECONDARY,2025-10-21,611.64,VENUE-SIMULATED-FILL,SECONDARY,32,2835.43,2.372917,1.2332,,,0.0,0.00014,SECONDARY,False
Live Book (rehearsal):@SOFRPivot_Rider:2025-09-19:TSLA:2025-10-21,Live Book (rehearsal),@SOFRPivot_Rider,TSLA,,long,40,16873.2,2025-09-19,421.83,VENUE-SIMULATED-FILL,SECONDARY,2025-10-21,445.75,VENUE-SIMULATED-FILL,SECONDARY,32,956.55,5.669049,0.2466,,,0.225,9e-05,SECONDARY,False
Official Auction Book:@SOFRPivot_Switch:2025-09-18:912797RD1:2025-10-21,Official Auction Book,@SOFRPivot_Switch,912797RD1,17-Week,long,99800.0,9948640.64,2025-09-18,99.685778,PRIMARY-AUCTION,OFFICIAL,2025-10-21,100.0,MATURITY-REDEMPTION,OFFICIAL,33,313.59,0.003152,0.0,0.0,0.0,,,OFFICIAL,True
Season 1:@SpreadHarvester_MM:2025-10-20:NVDA:2025-10-21,Season 1,@SpreadHarvester_MM,NVDA,,short,239,48820.53,2025-10-20,204.27,VENUE-SIMULATED-FILL,MODELLED,2025-10-21,206.69,VENUE-SIMULATED-FILL,MODELLED,1,-577.46,-1.182822,-0.9163,,,,,MODELLED,False
Season 1:@SpreadHarvester_MM:2025-10-20:TSLA:2025-10-21,Season 1,@SpreadHarvester_MM,TSLA,,short,108,44048.88,2025-10-20,407.86,VENUE-SIMULATED-FILL,MODELLED,2025-10-21,409.05,VENUE-SIMULATED-FILL,MODELLED,1,-128.11,-0.290836,-0.4141,,,,,MODELLED,False
Season 1:@SpreadHarvester_MM:2025-10-21:NVDA:2025-10-21,Season 1,@SpreadHarvester_MM,NVDA,,long,15,3100.35,2025-10-21,206.69,VENUE-SIMULATED-FILL,MODELLED,2025-10-21,206.72,VENUE-SIMULATED-FILL,MODELLED,0,0.51,0.01645,-0.0575,,,,,MODELLED,False
Season 1:@SpreadHarvester_MM:2025-10-21:TSLA:2025-10-21,Season 1,@SpreadHarvester_MM,TSLA,,long,20,8181.0,2025-10-21,409.05,VENUE-SIMULATED-FILL,MODELLED,2025-10-21,409.08,VENUE-SIMULATED-FILL,MODELLED,0,0.68,0.008312,-0.0767,,,,,MODELLED,False
Official Auction Book:@TBillLadder_MaxRoll:2025-09-18:912797RD1:2025-10-21,Official Auction Book,@TBillLadder_MaxRoll,912797RD1,17-Week,long,99800.0,9948640.64,2025-09-18,99.685778,PRIMARY-AUCTION,OFFICIAL,2025-10-21,100.0,MATURITY-REDEMPTION,OFFICIAL,33,313.59,0.003152,0.0,0.0,0.0,,,OFFICIAL,True
Live Book (rehearsal):@Weather_ColdSnap_Live:2025-10-20:UNG:2025-10-21,Live Book (rehearsal),@Weather_ColdSnap_Live,UNG,,short,600,7542.0,2025-10-20,12.57,VENUE-SIMULATED-FILL,SECONDARY,2025-10-21,12.92,VENUE-SIMULATED-FILL,SECONDARY,1,-213.7,-2.833466,3.6996,,,7.746,0.03265,SECONDARY,False
Season 1:@BetaChaser_3xProxy:2025-09-17:META:2025-10-22,Season 1,@BetaChaser_3xProxy,META,,long,4,2858.72,2025-09-17,714.680484,VENUE-SIMULATED-FILL,MODELLED,2025-10-22,780.16,VENUE-SIMULATED-FILL,MODELLED,35,261.89,9.161087,0.0247,,,,,MODELLED,False
Official Auction Book:@CurveSteepener_2s10s:2025-10-01:91282CPB1:2025-10-22,Official Auction Book,@CurveSteepener_2s10s,91282CPB1,2-Year,long,900.0,89913.53,2025-10-01,99.903918,SECONDARY-CURVE,OFFICIAL,2025-10-22,100.084273,SECONDARY-CURVE,OFFICIAL-DERIVED,21,1.62,0.001802,0.0,0.0,0.0,,,OFFICIAL-DERIVED,False
Season 2:@GOLD_Trend_GLD:2025-09-17:GLD:2025-10-22,Season 2,@GOLD_Trend_GLD,GLD,,long,21,7206.32,2025-09-17,343.158086,VENUE-SIMULATED-FILL,MODELLED,2025-10-22,372.75,VENUE-SIMULATED-FILL,MODELLED,35,621.3,8.621599,0.1295,,,,,MODELLED,False
Live Book (rehearsal):@GoldVsRealRate_Live:2025-10-06:TLT:2025-10-22,Live Book (rehearsal),@GoldVsRealRate_Live,TLT,,long,1400,124383.0,2025-10-06,88.845,VENUE-SIMULATED-FILL,SECONDARY,2025-10-22,91.98,VENUE-SIMULATED-FILL,SECONDARY,16,4380.37,3.521679,8.6324,,,1.087,0.00247,SECONDARY,False
Season 1:@IlliquidRocket_Degen:2025-10-09:RIVN:2025-10-22,Season 1,@IlliquidRocket_Degen,RIVN,,long,1968,28142.4,2025-10-09,14.3,VENUE-SIMULATED-FILL,MODELLED,2025-10-22,12.52,VENUE-SIMULATED-FILL,MODELLED,13,-3515.17,-12.490655,12.1347,,,,,MODELLED,False
Season 1:@MeanRev_Z2Sigma:2025-10-08:RIVN:2025-10-22,Season 1,@MeanRev_Z2Sigma,RIVN,,long,2272,30308.48,2025-10-08,13.34,VENUE-SIMULATED-FILL,MODELLED,2025-10-22,12.52,VENUE-SIMULATED-FILL,MODELLED,14,-1877.05,-6.193151,14.0092,,,,,MODELLED,False
Live Book (rehearsal):@OilDollar_FadeUNG:2025-10-10:UNG:2025-10-22,Live Book (rehearsal),@OilDollar_FadeUNG,UNG,,short,200,2472.28,2025-10-10,12.361398,VENUE-SIMULATED-FILL,SECONDARY,2025-10-22,13.19,VENUE-SIMULATED-FILL,SECONDARY,12,-166.95,-6.752877,1.2332,,,0.0,0.05317,SECONDARY,False
Season 1:@OvernightCarry_NO:2025-10-21:SPY:2025-10-22,Season 1,@OvernightCarry_NO,SPY,,long,288,193440.96,2025-10-21,671.67,VENUE-SIMULATED-FILL,MODELLED,2025-10-22,670.76,VENUE-SIMULATED-FILL,MODELLED,1,-263.86,-0.136403,1.7758,,,,,MODELLED,False
Live Book (rehearsal):@SOFRPivot_Rider:2025-09-19:QQQ:2025-10-22,Live Book (rehearsal),@SOFRPivot_Rider,QQQ,,long,40,23898.27,2025-09-19,597.456667,VENUE-SIMULATED-FILL,SECONDARY,2025-10-22,610.82,VENUE-SIMULATED-FILL,SECONDARY,33,534.29,2.235685,0.2466,,,0.0,0.00014,SECONDARY,False
Live Book (rehearsal):@SOFRPivot_Rider:2025-09-19:TSLA:2025-10-22,Live Book (rehearsal),@SOFRPivot_Rider,TSLA,,long,40,16873.2,2025-09-19,421.83,VENUE-SIMULATED-FILL,SECONDARY,2025-10-22,443.44,VENUE-SIMULATED-FILL,SECONDARY,33,864.15,5.121435,0.2466,,,0.226,9e-05,SECONDARY,False
Season 1:@SpreadHarvester_MM:2025-10-21:NVDA:2025-10-22,Season 1,@SpreadHarvester_MM,NVDA,,short,239,49406.08,2025-10-21,206.72,VENUE-SIMULATED-FILL,MODELLED,2025-10-22,212.25,VENUE-SIMULATED-FILL,MODELLED,1,-1320.75,-2.673254,-0.9163,,,,,MODELLED,False
Season 1:@SpreadHarvester_MM:2025-10-21:TSLA:2025-10-22,Season 1,@SpreadHarvester_MM,TSLA,,short,99,40498.92,2025-10-21,409.08,VENUE-SIMULATED-FILL,MODELLED,2025-10-22,356.28,VENUE-SIMULATED-FILL,MODELLED,1,5227.58,12.907949,-0.3795,,,,,MODELLED,False
Season 1:@SpreadHarvester_MM:2025-10-22:NVDA:2025-10-22,Season 1,@SpreadHarvester_MM,NVDA,,long,19,4032.75,2025-10-22,212.25,VENUE-SIMULATED-FILL,MODELLED,2025-10-22,212.28,VENUE-SIMULATED-FILL,MODELLED,0,0.64,0.01587,-0.0728,,,,,MODELLED,False
Season 1:@SpreadHarvester_MM:2025-10-22:TSLA:2025-10-22,Season 1,@SpreadHarvester_MM,TSLA,,long,55,19595.4,2025-10-22,356.28,VENUE-SIMULATED-FILL,MODELLED,2025-10-22,356.32,VENUE-SIMULATED-FILL,MODELLED,0,2.41,0.012299,-0.2109,,,,,MODELLED,False
Season 1:@VIXRegime_Timer:2025-09-17:SPY:2025-10-22,Season 1,@VIXRegime_Timer,SPY,,long,76,49818.56,2025-09-17,655.507362,VENUE-SIMULATED-FILL,MODELLED,2025-10-22,670.76,VENUE-SIMULATED-FILL,MODELLED,35,1158.73,2.3259,0.4686,,,,,MODELLED,False
Live Book (rehearsal):@Weather_ColdSnap_Live:2025-10-20:UNG:2025-10-22,Live Book (rehearsal),@Weather_ColdSnap_Live,UNG,,short,300,3771.0,2025-10-20,12.57,VENUE-SIMULATED-FILL,SECONDARY,2025-10-22,13.19,VENUE-SIMULATED-FILL,SECONDARY,2,-187.85,-4.981437,1.8498,,,0.0,0.03265,SECONDARY,False
Official Auction Book:@CurveSteepener_2s10s:2025-10-01:91282CPB1:2025-10-23,Official Auction Book,@CurveSteepener_2s10s,91282CPB1,2-Year,long,900.0,89913.53,2025-10-01,99.903918,SECONDARY-CURVE,OFFICIAL,2025-10-23,100.025036,SECONDARY-CURVE,OFFICIAL-DERIVED,22,1.09,0.001212,0.0,0.0,0.0,,,OFFICIAL-DERIVED,False
Season 2:@FDA_ClusterFade:2025-09-17:XBI:2025-10-23,Season 2,@FDA_ClusterFade,XBI,,long,20,2105.51,2025-09-17,105.275527,VENUE-SIMULATED-FILL,MODELLED,2025-10-23,107.37,VENUE-SIMULATED-FILL,MODELLED,36,41.77,1.983842,0.1233,,,,,MODELLED,False
Season 1:@GapAndGo_YOLO:2025-10-23:NVDA:2025-10-23,Season 1,@GapAndGo_YOLO,NVDA,,long,158,34725.24,2025-10-23,219.78,VENUE-SIMULATED-FILL,MODELLED,2025-10-23,213.28,VENUE-SIMULATED-FILL,MODELLED,0,-1027.97,-2.960296,0.9742,,,,,MODELLED,False
Season 1:@MeanRev_Z2Sigma:2025-10-13:GOOGL:2025-10-23,Season 1,@MeanRev_Z2Sigma,GOOGL,,long,129,29859.63,2025-10-13,231.47,VENUE-SIMULATED-FILL,MODELLED,2025-10-23,240.1,VENUE-SIMULATED-FILL,MODELLED,10,1112.47,3.725666,0.7954,,,,,MODELLED,False
Season 1:@SpreadHarvester_MM:2025-10-22:NVDA:2025-10-23,Season 1,@SpreadHarvester_MM,NVDA,,short,239,50734.92,2025-10-22,212.28,VENUE-SIMULATED-FILL,MODELLED,2025-10-23,219.76,VENUE-SIMULATED-FILL,MODELLED,1,-1786.8,-3.521835,-0.9164,,,,,MODELLED,False
Season 1:@SpreadHarvester_MM:2025-10-22:TSLA:2025-10-23,Season 1,@SpreadHarvester_MM,TSLA,,short,99,35275.68,2025-10-22,356.32,VENUE-SIMULATED-FILL,MODELLED,2025-10-23,345.48,VENUE-SIMULATED-FILL,MODELLED,1,1073.54,3.043286,-0.3795,,,,,MODELLED,False
Season 1:@SpreadHarvester_MM:2025-10-23:NVDA:2025-10-23,Season 1,@SpreadHarvester_MM,NVDA,,long,10,2197.6,2025-10-23,219.76,VENUE-SIMULATED-FILL,MODELLED,2025-10-23,219.79,VENUE-SIMULATED-FILL,MODELLED,0,0.34,0.015471,-0.0383,,,,,MODELLED,False
Season 1:@SpreadHarvester_MM:2025-10-23:TSLA:2025-10-23,Season 1,@SpreadHarvester_MM,TSLA,,long,59,20383.32,2025-10-23,345.48,VENUE-SIMULATED-FILL,MODELLED,2025-10-23,345.52,VENUE-SIMULATED-FILL,MODELLED,0,2.59,0.012706,-0.2262,,,,,MODELLED,False
Live Book (rehearsal):@VolControl_MaxLev:2025-10-21:QQQ:2025-10-23,Live Book (rehearsal),@VolControl_MaxLev,QQQ,,long,160,97864.0,2025-10-21,611.65,VENUE-SIMULATED-FILL,SECONDARY,2025-10-23,604.9,VENUE-SIMULATED-FILL,SECONDARY,2,-1080.99,-1.104584,0.9866,,,0.165,0.00036,SECONDARY,False
Season 2:@Weather_ColdSnap_Max:2025-10-06:XLU:2025-10-23,Season 2,@Weather_ColdSnap_Max,XLU,,long,22,987.4,2025-10-06,44.88166,VENUE-SIMULATED-FILL,MODELLED,2025-10-23,45.49,VENUE-SIMULATED-FILL,MODELLED,17,13.25,1.341913,0.1357,,,,,MODELLED,False
Official Auction Book:@CurveSteepener_2s10s:2025-10-01:91282CPB1:2025-10-24,Official Auction Book,@CurveSteepener_2s10s,91282CPB1,2-Year,long,1200.0,119884.7,2025-10-01,99.903918,SECONDARY-CURVE,OFFICIAL,2025-10-24,100.025719,SECONDARY-CURVE,OFFICIAL-DERIVED,23,1.46,0.001218,0.0,0.0,0.0,,,OFFICIAL-DERIVED,False
Season 1:@DriftRider_PEAD:2025-09-26:AAPL:2025-10-24,Season 1,@DriftRider_PEAD,AAPL,,long,124,36919.2,2025-09-26,297.735484,VENUE-SIMULATED-FILL,MODELLED,2025-10-24,300.25,VENUE-SIMULATED-FILL,MODELLED,28,311.04,0.842488,0.7646,,,,,MODELLED,False
Official Auction Book:@DurationTrend_TenX:2025-10-15:91282CNT4:2025-10-24,Official Auction Book,@DurationTrend_TenX,91282CNT4,10-Year,long,25400.0,2584026.23,2025-10-15,101.733316,SECONDARY-CURVE,OFFICIAL,2025-10-24,101.996639,SECONDARY-CURVE,OFFICIAL-DERIVED,9,66.88,0.002588,0.0,0.0,0.0,,,OFFICIAL-DERIVED,False
Season 2:@GOLD_Trend_GLD:2025-09-17:GLD:2025-10-24,Season 2,@GOLD_Trend_GLD,GLD,,long,3,1031.51,2025-09-17,343.836542,VENUE-SIMULATED-FILL,MODELLED,2025-10-24,378.51,VENUE-SIMULATED-FILL,MODELLED,37,104.0,10.08231,0.0185,,,,,MODELLED,False
Season 1:@OvernightCarry_NO:2025-10-21:SPY:2025-10-24,Season 1,@OvernightCarry_NO,SPY,,long,291,195545.87,2025-10-21,671.978935,VENUE-SIMULATED-FILL,MODELLED,2025-10-24,673.83,VENUE-SIMULATED-FILL,MODELLED,3,536.87,0.274549,1.7943,,,,,MODELLED,False
Season 1:@SpreadHarvester_MM:2025-10-23:NVDA:2025-10-24,Season 1,@SpreadHarvester_MM,NVDA,,short,207,45496.53,2025-10-23,219.79,VENUE-SIMULATED-FILL,MODELLED,2025-10-24,213.0,VENUE-SIMULATED-FILL,MODELLED,1,1406.32,3.091049,-0.7937,,,,,MODELLED,False
Season 1:@SpreadHarvester_MM:2025-10-23:TSLA:2025-10-24,Season 1,@SpreadHarvester_MM,TSLA,,short,99,34206.48,2025-10-23,345.52,VENUE-SIMULATED-FILL,MODELLED,2025-10-24,367.25,VENUE-SIMULATED-FILL,MODELLED,1,-2150.89,-6.287961,-0.3796,,,,,MODELLED,False
Season 1:@SpreadHarvester_MM:2025-10-24:NVDA:2025-10-24,Season 1,@SpreadHarvester_MM,NVDA,,long,45,9585.0,2025-10-24,213.0,VENUE-SIMULATED-FILL,MODELLED,2025-10-24,213.03,VENUE-SIMULATED-FILL,MODELLED,0,1.52,0.015858,-0.1725,,,,,MODELLED,False
Season 1:@SpreadHarvester_MM:2025-10-24:TSLA:2025-10-24,Season 1,@SpreadHarvester_MM,TSLA,,long,47,17260.75,2025-10-24,367.25,VENUE-SIMULATED-FILL,MODELLED,2025-10-24,367.29,VENUE-SIMULATED-FILL,MODELLED,0,2.06,0.011935,-0.1802,,,,,MODELLED,False
Season 1:@TrendSurfer_GoldenX:2025-09-17:NVDA:2025-10-24,Season 1,@TrendSurfer_GoldenX,NVDA,,long,7,1333.94,2025-09-17,190.563556,VENUE-SIMULATED-FILL,MODELLED,2025-10-24,213.01,VENUE-SIMULATED-FILL,MODELLED,37,157.08,11.775599,0.0432,,,,,MODELLED,False
Season 1:@VIXRegime_Timer:2025-09-17:SPY:2025-10-24,Season 1,@VIXRegime_Timer,SPY,,long,77,50733.59,2025-09-17,658.877802,VENUE-SIMULATED-FILL,MODELLED,2025-10-24,673.83,VENUE-SIMULATED-FILL,MODELLED,37,1150.84,2.268398,0.4748,,,,,MODELLED,False
Official Auction Book:@DurationTrend_TenX:2025-10-15:91282CNT4:2025-10-27,Official Auction Book,@DurationTrend_TenX,91282CNT4,10-Year,long,6800.0,691786.55,2025-10-15,101.733316,SECONDARY-CURVE,OFFICIAL,2025-10-27,102.079225,SECONDARY-CURVE,OFFICIAL-DERIVED,12,23.52,0.0034,0.0,0.0,0.0,,,OFFICIAL-DERIVED,False
Season 2:@GOLD_Trend_GLD:2025-09-17:GLD:2025-10-27,Season 2,@GOLD_Trend_GLD,GLD,,long,11,3782.2,2025-09-17,343.836542,VENUE-SIMULATED-FILL,MODELLED,2025-10-27,371.13,VENUE-SIMULATED-FILL,MODELLED,40,300.16,7.936118,0.0678,,,,,MODELLED,False
Season 1:@GapAndGo_YOLO:2025-10-27:TSLA:2025-10-27,Season 1,@GapAndGo_YOLO,TSLA,,long,90,34155.9,2025-10-27,379.51,VENUE-SIMULATED-FILL,MODELLED,2025-10-27,357.16,VENUE-SIMULATED-FILL,MODELLED,0,-2012.05,-5.890783,0.5549,,,,,MODELLED,False
Season 1:@MeanRev_Z2Sigma:2025-10-13:JPM:2025-10-27,Season 1,@MeanRev_Z2Sigma,JPM,,long,107,30267.09,2025-10-13,282.87,VENUE-SIMULATED-FILL,MODELLED,2025-10-27,279.9,VENUE-SIMULATED-FILL,MODELLED,14,-318.45,-1.052133,0.6598,,,,,MODELLED,False
Season 1:@OvernightCarry_NO:2025-10-24:SPY:2025-10-27,Season 1,@OvernightCarry_NO,SPY,,short,1,677.28,2025-10-24,677.28,VENUE-SIMULATED-FILL,MODELLED,2025-10-27,685.61,VENUE-SIMULATED-FILL,MODELLED,3,-8.34,-1.231396,0.0062,,,,,MODELLED,False
Season 1:@OverreactionFade_LT:2025-10-22:TSLA:2025-10-27,Season 1,@OverreactionFade_LT,TSLA,,long,114,40619.34,2025-10-22,356.31,VENUE-SIMULATED-FILL,MODELLED,2025-10-27,379.48,VENUE-SIMULATED-FILL,MODELLED,5,2640.68,6.501041,0.7029,,,,,MODELLED,False
Season 1:@SpreadHarvester_MM:2025-10-24:NVDA:2025-10-27,Season 1,@SpreadHarvester_MM,NVDA,,short,207,44097.21,2025-10-24,213.03,VENUE-SIMULATED-FILL,MODELLED,2025-10-27,215.0,VENUE-SIMULATED-FILL,MODELLED,3,-407.0,-0.922961,-0.7937,,,,,MODELLED,False
Season 1:@SpreadHarvester_MM:2025-10-24:TSLA:2025-10-27,Season 1,@SpreadHarvester_MM,TSLA,,short,99,36361.71,2025-10-24,367.29,VENUE-SIMULATED-FILL,MODELLED,2025-10-27,379.48,VENUE-SIMULATED-FILL,MODELLED,3,-1206.43,-3.317858,-0.3796,,,,,MODELLED,False
Season 1:@SpreadHarvester_MM:2025-10-27:NVDA:2025-10-27,Season 1,@SpreadHarvester_MM,NVDA,,long,38,8170.0,2025-10-27,215.0,VENUE-SIMULATED-FILL,MODELLED,2025-10-27,215.03,VENUE-SIMULATED-FILL,MODELLED,0,1.29,0.015789,-0.1457,,,,,MODELLED,False
Season 1:@SpreadHarvester_MM:2025-10-27:TSLA:2025-10-27,Season 1,@SpreadHarvester_MM,TSLA,,long,39,14799.72,2025-10-27,379.48,VENUE-SIMULATED-FILL,MODELLED,2025-10-27,379.52,VENUE-SIMULATED-FILL,MODELLED,0,1.71,0.011554,-0.1495,,,,,MODELLED,False
Live Book (rehearsal):@Weather_ColdSnap_Live:2025-10-20:UNG:2025-10-27,Live Book (rehearsal),@Weather_ColdSnap_Live,UNG,,short,5800,72906.0,2025-10-20,12.57,VENUE-SIMULATED-FILL,SECONDARY,2025-10-27,12.86,VENUE-SIMULATED-FILL,SECONDARY,7,-1717.76,-2.35613,35.7628,,,7.782,0.03265,SECONDARY,False
Official Auction Book:@CurveSteepener_2s10s:2025-10-01:91282CPB1:2025-10-28,Official Auction Book,@CurveSteepener_2s10s,91282CPB1,2-Year,long,2700.0,269740.58,2025-10-01,99.903918,SECONDARY-CURVE,OFFICIAL,2025-10-28,100.039841,SECONDARY-CURVE,OFFICIAL-DERIVED,27,3.67,0.001361,0.0,0.0,0.0,,,OFFICIAL-DERIVED,False
Season 2:@GOLD_Trend_GLD:2025-09-17:GLD:2025-10-28,Season 2,@GOLD_Trend_GLD,GLD,,long,14,4813.71,2025-09-17,343.836542,VENUE-SIMULATED-FILL,MODELLED,2025-10-28,361.8,VENUE-SIMULATED-FILL,MODELLED,41,251.4,5.222581,0.0863,,,,,MODELLED,False
Season 1:@GapAndGo_YOLO:2025-10-28:NVDA:2025-10-28,Season 1,@GapAndGo_YOLO,NVDA,,long,151,33475.19,2025-10-28,221.69,VENUE-SIMULATED-FILL,MODELLED,2025-10-28,217.28,VENUE-SIMULATED-FILL,MODELLED,0,-666.84,-1.992042,0.9311,,,,,MODELLED,False
Season 1:@OvernightCarry_NO:2025-10-27:SPY:2025-10-28,Season 1,@OvernightCarry_NO,SPY,,long,287,196770.07,2025-10-27,685.61,VENUE-SIMULATED-FILL,MODELLED,2025-10-28,684.83,VENUE-SIMULATED-FILL,MODELLED,1,-225.63,-0.114667,1.7696,,,,,MODELLED,False
Season 1:@OvernightCarry_NO:2025-10-27:SPY:2025-10-28,Season 1,@OvernightCarry_NO,SPY,,long,1,685.61,2025-10-27,685.61,VENUE-SIMULATED-FILL,MODELLED,2025-10-28,687.17,VENUE-SIMULATED-FILL,MODELLED,1,1.55,0.226076,0.0062,,,,,MODELLED,False
Season 1:@SpreadHarvester_MM:2025-10-27:NVDA:2025-10-28,Season 1,@SpreadHarvester_MM,NVDA,,short,207,44511.21,2025-10-27,215.03,VENUE-SIMULATED-FILL,MODELLED,2025-10-28,221.67,VENUE-SIMULATED-FILL,MODELLED,1,-1373.69,-3.086166,-0.7936,,,,,MODELLED,False
Season 1:@SpreadHarvester_MM:2025-10-27:TSLA:2025-10-28,Season 1,@SpreadHarvester_MM,TSLA,,short,99,37572.48,2025-10-27,379.52,VENUE-SIMULATED-FILL,MODELLED,2025-10-28,361.8,VENUE-SIMULATED-FILL,MODELLED,1,1754.66,4.670067,-0.3796,,,,,MODELLED,False
Season 1:@SpreadHarvester_MM:2025-10-28:NVDA:2025-10-28,Season 1,@SpreadHarvester_MM,NVDA,,long,28,6206.76,2025-10-28,221.67,VENUE-SIMULATED-FILL,MODELLED,2025-10-28,221.7,VENUE-SIMULATED-FILL,MODELLED,0,0.95,0.015306,-0.1074,,,,,MODELLED,False
Season 1:@SpreadHarvester_MM:2025-10-28:TSLA:2025-10-28,Season 1,@SpreadHarvester_MM,TSLA,,long,45,16281.0,2025-10-28,361.8,VENUE-SIMULATED-FILL,MODELLED,2025-10-28,361.84,VENUE-SIMULATED-FILL,MODELLED,0,1.97,0.0121,-0.1725,,,,,MODELLED,False
Season 2:@Weather_ColdSnap_Max:2025-10-06:XLU:2025-10-28,Season 2,@Weather_ColdSnap_Max,XLU,,long,64,2872.43,2025-10-06,44.88166,VENUE-SIMULATED-FILL,MODELLED,2025-10-28,45.98,VENUE-SIMULATED-FILL,MODELLED,22,69.9,2.433483,0.3946,,,,,MODELLED,False
Official Auction Book:@CurveSteepener_2s10s:2025-10-01:91282CPB1:2025-10-29,Official Auction Book,@CurveSteepener_2s10s,91282CPB1,2-Year,long,800.0,79923.13,2025-10-01,99.903918,SECONDARY-CURVE,OFFICIAL,2025-10-29,99.811094,SECONDARY-CURVE,OFFICIAL-DERIVED,28,-0.74,-0.000926,0.0,0.0,0.0,,,OFFICIAL-DERIVED,False
Season 2:@FDA_ClusterFade:2025-09-17:XBI:2025-10-29,Season 2,@FDA_ClusterFade,XBI,,long,1711,180273.15,2025-09-17,105.36128,VENUE-SIMULATED-FILL,MODELLED,2025-10-29,111.9,VENUE-SIMULATED-FILL,MODELLED,42,11177.2,6.200147,10.55,,,,,MODELLED,False
Season 1:@GapAndGo_YOLO:2025-10-29:CVNA:2025-10-29,Season 1,@GapAndGo_YOLO,CVNA,,long,125,33305.0,2025-10-29,266.44,VENUE-SIMULATED-FILL,MODELLED,2025-10-29,272.28,VENUE-SIMULATED-FILL,MODELLED,0,729.23,2.189551,0.7708,,,,,MODELLED,False
Season 1:@GapAndGo_YOLO:2025-10-29:NVDA:2025-10-29,Season 1,@GapAndGo_YOLO,NVDA,,long,150,33300.0,2025-10-29,222.0,VENUE-SIMULATED-FILL,MODELLED,2025-10-29,219.6,VENUE-SIMULATED-FILL,MODELLED,0,-360.92,-1.083844,0.9249,,,,,MODELLED,False
Season 1:@GapAndGo_YOLO:2025-10-29:TSLA:2025-10-29,Season 1,@GapAndGo_YOLO,TSLA,,long,87,32950.38,2025-10-29,378.74,VENUE-SIMULATED-FILL,MODELLED,2025-10-29,370.84,VENUE-SIMULATED-FILL,MODELLED,0,-687.84,-2.087502,0.5364,,,,,MODELLED,False
Season 1:@IlliquidRocket_Degen:2025-10-09:RIVN:2025-10-29,Season 1,@IlliquidRocket_Degen,RIVN,,long,13472,192649.6,2025-10-09,14.3,VENUE-SIMULATED-FILL,MODELLED,2025-10-29,12.17,VENUE-SIMULATED-FILL,MODELLED,20,-28778.43,-14.938225,83.0684,,,,,MODELLED,False
Season 1:@OneBigBet_Concentra:2025-09-17:GOOGL:2025-10-29,Season 1,@OneBigBet_Concentra,GOOGL,,long,814,199666.06,2025-09-17,245.29,VENUE-SIMULATED-FILL,MODELLED,2025-10-29,244.27,VENUE-SIMULATED-FILL,MODELLED,42,-835.3,-0.418349,5.0191,,,,,MODELLED,False
Season 1:@OvernightCarry_NO:2025-10-28:SPY:2025-10-29,Season 1,@OvernightCarry_NO,SPY,,short,2,1374.34,2025-10-28,687.17,VENUE-SIMULATED-FILL,MODELLED,2025-10-29,688.23,VENUE-SIMULATED-FILL,MODELLED,1,-2.13,-0.154983,0.0123,,,,,MODELLED,False
Season 1:@OvernightCarry_NO:2025-10-28:SPY:2025-10-29,Season 1,@OvernightCarry_NO,SPY,,short,1,687.17,2025-10-28,687.17,VENUE-SIMULATED-FILL,MODELLED,2025-10-29,687.15,VENUE-SIMULATED-FILL,MODELLED,1,0.01,0.001455,0.0062,,,,,MODELLED,False
Season 1:@SectorRotator_AlphaX:2025-09-17:AAPL:2025-10-29,Season 1,@SectorRotator_AlphaX,AAPL,,long,31,7749.82,2025-09-17,249.994118,VENUE-SIMULATED-FILL,MODELLED,2025-10-29,306.75,VENUE-SIMULATED-FILL,MODELLED,42,1759.24,22.700405,0.1911,,,,,MODELLED,False
Season 1:@SectorRotator_AlphaX:2025-09-17:MSFT:2025-10-29,Season 1,@SectorRotator_AlphaX,MSFT,,long,16,8574.86,2025-09-17,535.92901,VENUE-SIMULATED-FILL,MODELLED,2025-10-29,628.32,VENUE-SIMULATED-FILL,MODELLED,42,1478.16,17.238291,0.0987,,,,,MODELLED,False
Season 1:@SpreadHarvester_MM:2025-10-28:NVDA:2025-10-29,Season 1,@SpreadHarvester_MM,NVDA,,short,207,45891.9,2025-10-28,221.7,VENUE-SIMULATED-FILL,MODELLED,2025-10-29,221.98,VENUE-SIMULATED-FILL,MODELLED,1,-57.17,-0.124575,-0.7936,,,,,MODELLED,False
Season 1:@SpreadHarvester_MM:2025-10-28:TSLA:2025-10-29,Season 1,@SpreadHarvester_MM,TSLA,,short,99,35822.16,2025-10-28,361.84,VENUE-SIMULATED-FILL,MODELLED,2025-10-29,378.71,VENUE-SIMULATED-FILL,MODELLED,1,-1669.75,-4.661221,-0.3796,,,,,MODELLED,False
Season 1:@SpreadHarvester_MM:2025-10-29:NVDA:2025-10-29,Season 1,@SpreadHarvester_MM,NVDA,,long,22,4883.56,2025-10-29,221.98,VENUE-SIMULATED-FILL,MODELLED,2025-10-29,222.01,VENUE-SIMULATED-FILL,MODELLED,0,0.74,0.015153,-0.0843,,,,,MODELLED,False
Season 1:@SpreadHarvester_MM:2025-10-29:TSLA:2025-10-29,Season 1,@SpreadHarvester_MM,TSLA,,long,35,13254.85,2025-10-29,378.71,VENUE-SIMULATED-FILL,MODELLED,2025-10-29,378.75,VENUE-SIMULATED-FILL,MODELLED,0,1.53,0.011543,-0.1342,,,,,MODELLED,False
Live Book (rehearsal):@VolControl_MaxLev:2025-10-24:QQQ:2025-10-29,Live Book (rehearsal),@VolControl_MaxLev,QQQ,,long,40,24831.2,2025-10-24,620.78,VENUE-SIMULATED-FILL,SECONDARY,2025-10-29,635.59,VENUE-SIMULATED-FILL,SECONDARY,5,592.15,2.384702,0.2466,,,0.0,0.00034,SECONDARY,False
Season 2:@Weather_ColdSnap_Max:2025-10-06:UNG:2025-10-29,Season 2,@Weather_ColdSnap_Max,UNG,,long,139,1857.49,2025-10-06,13.363239,VENUE-SIMULATED-FILL,MODELLED,2025-10-29,12.19,VENUE-SIMULATED-FILL,MODELLED,23,-163.94,-8.825888,0.8571,,,,,MODELLED,False
Official Auction Book:@CurveSteepener_2s10s:2025-10-01:91282CPB1:2025-10-30,Official Auction Book,@CurveSteepener_2s10s,91282CPB1,2-Year,long,5300.0,529490.77,2025-10-01,99.903918,SECONDARY-CURVE,OFFICIAL,2025-10-30,99.77545,SECONDARY-CURVE,OFFICIAL-DERIVED,29,-6.81,-0.001286,0.0,0.0,0.0,,,OFFICIAL-DERIVED,False
Official Auction Book:@DurationTrend_TenX:2025-10-15:91282CNT4:2025-10-30,Official Auction Book,@DurationTrend_TenX,91282CNT4,10-Year,long,53900.0,5483425.73,2025-10-15,101.733316,SECONDARY-CURVE,OFFICIAL,2025-10-30,101.25482,SECONDARY-CURVE,OFFICIAL-DERIVED,15,-257.91,-0.004703,0.0,0.0,0.0,,,OFFICIAL-DERIVED,False
Live Book (rehearsal):@FDA_Fade_Live:2025-09-18:XBI:2025-10-30,Live Book (rehearsal),@FDA_Fade_Live,XBI,,long,1700,177616.69,2025-09-18,104.480404,VENUE-SIMULATED-FILL,SECONDARY,2025-10-30,110.57,VENUE-SIMULATED-FILL,SECONDARY,42,10341.83,5.822555,10.4822,,,1.808,0.01077,SECONDARY,False
Season 2:@GOLD_Trend_GLD:2025-09-17:GLD:2025-10-30,Season 2,@GOLD_Trend_GLD,GLD,,long,6,2065.59,2025-09-17,344.264626,VENUE-SIMULATED-FILL,MODELLED,2025-10-30,365.08,VENUE-SIMULATED-FILL,MODELLED,43,124.86,6.044769,0.037,,,,,MODELLED,False
Season 1:@GapAndGo_YOLO:2025-10-30:TSLA:2025-10-30,Season 1,@GapAndGo_YOLO,TSLA,,long,87,32947.77,2025-10-30,378.71,VENUE-SIMULATED-FILL,MODELLED,2025-10-30,362.24,VENUE-SIMULATED-FILL,MODELLED,0,-1433.43,-4.350613,0.5364,,,,,MODELLED,False
Season 1:@MeanRev_Z2Sigma:2025-10-23:CVNA:2025-10-30,Season 1,@MeanRev_Z2Sigma,CVNA,,long,143,31604.43,2025-10-23,221.01,VENUE-SIMULATED-FILL,MODELLED,2025-10-30,274.21,VENUE-SIMULATED-FILL,MODELLED,7,7606.72,24.068525,0.8817,,,,,MODELLED,False
Season 1:@OvernightCarry_NO:2025-10-29:SPY:2025-10-30,Season 1,@OvernightCarry_NO,SPY,,long,281,193089.15,2025-10-29,687.15,VENUE-SIMULATED-FILL,MODELLED,2025-10-30,688.55,VENUE-SIMULATED-FILL,MODELLED,1,391.67,0.202844,1.7326,,,,,MODELLED,False
Season 1:@SpreadHarvester_MM:2025-10-29:NVDA:2025-10-30,Season 1,@SpreadHarvester_MM,NVDA,,short,201,44624.01,2025-10-29,222.01,VENUE-SIMULATED-FILL,MODELLED,2025-10-30,219.21,VENUE-SIMULATED-FILL,MODELLED,1,563.57,1.26293,-0.7707,,,,,MODELLED,False
Season 1:@SpreadHarvester_MM:2025-10-29:TSLA:2025-10-30,Season 1,@SpreadHarvester_MM,TSLA,,short,99,37496.25,2025-10-29,378.75,VENUE-SIMULATED-FILL,MODELLED,2025-10-30,378.68,VENUE-SIMULATED-FILL,MODELLED,1,7.31,0.019495,-0.3796,,,,,MODELLED,False
Season 1:@SpreadHarvester_MM:2025-10-30:NVDA:2025-10-30,Season 1,@SpreadHarvester_MM,NVDA,,long,32,7014.72,2025-10-30,219.21,VENUE-SIMULATED-FILL,MODELLED,2025-10-30,219.24,VENUE-SIMULATED-FILL,MODELLED,0,1.08,0.015396,-0.1227,,,,,MODELLED,False
Season 1:@SpreadHarvester_MM:2025-10-30:TSLA:2025-10-30,Season 1,@SpreadHarvester_MM,TSLA,,long,36,13632.48,2025-10-30,378.68,VENUE-SIMULATED-FILL,MODELLED,2025-10-30,378.72,VENUE-SIMULATED-FILL,MODELLED,0,1.58,0.01159,-0.138,,,,,MODELLED,False
Season 1:@SqueezeHunter_TF:2025-10-27:MSFT:2025-10-30,Season 1,@SqueezeHunter_TF,MSFT,,long,80,50795.2,2025-10-27,634.94,VENUE-SIMULATED-FILL,MODELLED,2025-10-30,619.84,VENUE-SIMULATED-FILL,MODELLED,3,-1208.49,-2.379142,0.4933,,,,,MODELLED,False
Live Book (rehearsal):@VIXRegime_LiveMax:2025-09-18:QQQ:2025-10-30,Live Book (rehearsal),@VIXRegime_LiveMax,QQQ,,long,160,98440.4,2025-09-18,615.25249,VENUE-SIMULATED-FILL,SECONDARY,2025-10-30,632.16,VENUE-SIMULATED-FILL,SECONDARY,42,2704.22,2.747063,0.9866,,,0.158,0.00026,SECONDARY,False
Official Auction Book:@CurveSteepener_2s10s:2025-10-01:91282CPB1:2025-10-31,Official Auction Book,@CurveSteepener_2s10s,91282CPB1,2-Year,long,700.0,69932.74,2025-10-01,99.903918,SECONDARY-CURVE,OFFICIAL,2025-10-31,99.792459,SECONDARY-CURVE,OFFICIAL-DERIVED,30,-0.78,-0.001115,0.0,0.0,0.0,,,OFFICIAL-DERIVED,False
Official Auction Book:@DurationTrend_TenX:2025-10-15:91282CNT4:2025-10-31,Official Auction Book,@DurationTrend_TenX,91282CNT4,10-Year,long,18800.0,1912586.34,2025-10-15,101.733316,SECONDARY-CURVE,OFFICIAL,2025-10-31,101.262008,SECONDARY-CURVE,OFFICIAL-DERIVED,16,-88.61,-0.004633,0.0,0.0,0.0,,,OFFICIAL-DERIVED,False
Live Book (rehearsal):@GoldVsRealRate_Live:2025-10-22:GLD:2025-10-31,Live Book (rehearsal),@GoldVsRealRate_Live,GLD,,long,280,105958.77,2025-10-22,378.424167,VENUE-SIMULATED-FILL,SECONDARY,2025-10-31,370.46,VENUE-SIMULATED-FILL,SECONDARY,9,-2231.69,-2.106187,1.7265,,,0.27,0.00026,SECONDARY,False
Live Book (rehearsal):@OilDollar_FadeUNG:2025-10-10:UNG:2025-10-31,Live Book (rehearsal),@OilDollar_FadeUNG,UNG,,short,600,7409.12,2025-10-10,12.348526,VENUE-SIMULATED-FILL,SECONDARY,2025-10-31,13.19,VENUE-SIMULATED-FILL,SECONDARY,21,-508.58,-6.864247,3.6996,,,7.587,0.05317,SECONDARY,False
Live Book (rehearsal):@SOFRPivot_Rider:2025-10-22:TLT:2025-10-31,Live Book (rehearsal),@SOFRPivot_Rider,TLT,,long,1900,174330.7,2025-10-22,91.753,VENUE-SIMULATED-FILL,SECONDARY,2025-10-31,90.55,VENUE-SIMULATED-FILL,SECONDARY,9,-2297.42,-1.317852,11.7154,,,1.104,0.00295,SECONDARY,False
Season 1:@SpreadHarvester_MM:2025-10-30:NVDA:2025-10-31,Season 1,@SpreadHarvester_MM,NVDA,,short,108,23677.92,2025-10-30,219.24,VENUE-SIMULATED-FILL,MODELLED,2025-10-31,215.3,VENUE-SIMULATED-FILL,MODELLED,1,425.93,1.798849,-0.4141,,,,,MODELLED,False
Season 1:@SpreadHarvester_MM:2025-10-30:TSLA:2025-10-31,Season 1,@SpreadHarvester_MM,TSLA,,short,78,29540.16,2025-10-30,378.72,VENUE-SIMULATED-FILL,MODELLED,2025-10-31,356.29,VENUE-SIMULATED-FILL,MODELLED,1,1749.84,5.923597,-0.2991,,,,,MODELLED,False
Season 1:@SpreadHarvester_MM:2025-10-31:NVDA:2025-10-31,Season 1,@SpreadHarvester_MM,NVDA,,long,140,30142.0,2025-10-31,215.3,VENUE-SIMULATED-FILL,MODELLED,2025-10-31,215.33,VENUE-SIMULATED-FILL,MODELLED,0,4.74,0.015726,-0.5367,,,,,MODELLED,False
Official Auction Book:@DurationTrend_TenX:2025-10-15:91282CNT4:2025-11-03,Official Auction Book,@DurationTrend_TenX,91282CNT4,10-Year,long,700.0,71213.32,2025-10-15,101.733316,SECONDARY-CURVE,OFFICIAL,2025-11-03,101.108945,SECONDARY-CURVE,OFFICIAL-DERIVED,19,-4.37,-0.006136,0.0,0.0,0.0,,,OFFICIAL-DERIVED,False
Season 2:@FDACatalyst_Rider:2025-10-30:XBI:2025-11-03,Season 2,@FDACatalyst_Rider,XBI,,long,1355,149863.0,2025-10-30,110.6,VENUE-SIMULATED-FILL,MODELLED,2025-11-03,110.97,VENUE-SIMULATED-FILL,MODELLED,4,493.0,0.328967,8.3549,,,,,MODELLED,False
Season 1:@GapAndGo_YOLO:2025-11-03:NVDA:2025-11-03,Season 1,@GapAndGo_YOLO,NVDA,,long,149,32602.69,2025-11-03,218.81,VENUE-SIMULATED-FILL,MODELLED,2025-11-03,206.86,VENUE-SIMULATED-FILL,MODELLED,0,-1781.47,-5.464181,0.9187,,,,,MODELLED,False
Live Book (rehearsal):@OilDollar_FadeUNG:2025-10-10:UNG:2025-11-03,Live Book (rehearsal),@OilDollar_FadeUNG,UNG,,short,500,6174.26,2025-10-10,12.348526,VENUE-SIMULATED-FILL,SECONDARY,2025-11-03,13.37,VENUE-SIMULATED-FILL,SECONDARY,24,-513.82,-8.321965,3.083,,,7.485,0.05317,SECONDARY,False
Season 1:@OvernightCarry_NO:2025-10-29:SPY:2025-11-03,Season 1,@OvernightCarry_NO,SPY,,long,286,195094.18,2025-10-29,682.147491,VENUE-SIMULATED-FILL,MODELLED,2025-11-03,682.03,VENUE-SIMULATED-FILL,MODELLED,5,-35.37,-0.01813,1.7635,,,,,MODELLED,False
Live Book (rehearsal):@SOFRPivot_Rider:2025-10-22:TLT:2025-11-03,Live Book (rehearsal),@SOFRPivot_Rider,TLT,,long,100,9175.3,2025-10-22,91.753,VENUE-SIMULATED-FILL,SECONDARY,2025-11-03,89.62,VENUE-SIMULATED-FILL,SECONDARY,12,-213.92,-2.331477,0.6166,,,0.0,0.00295,SECONDARY,False
Official Auction Book:@SOFRPivot_Switch:2025-10-31:91282CNT4:2025-11-03,Official Auction Book,@SOFRPivot_Switch,91282CNT4,10-Year,long,921500.0,93312940.37,2025-10-31,101.262008,SECONDARY-CURVE,OFFICIAL,2025-11-03,101.108945,SECONDARY-CURVE,OFFICIAL-DERIVED,3,-1410.48,-0.001512,0.0,0.0,0.0,,,OFFICIAL-DERIVED,False
Season 1:@SpreadHarvester_MM:2025-10-31:NVDA:2025-11-03,Season 1,@SpreadHarvester_MM,NVDA,,short,108,23255.64,2025-10-31,215.33,VENUE-SIMULATED-FILL,MODELLED,2025-11-03,218.79,VENUE-SIMULATED-FILL,MODELLED,3,-373.27,-1.605073,-0.4141,,,,,MODELLED,False
Season 1:@SpreadHarvester_MM:2025-11-03:NVDA:2025-11-03,Season 1,@SpreadHarvester_MM,NVDA,,long,107,23410.53,2025-11-03,218.79,VENUE-SIMULATED-FILL,MODELLED,2025-11-03,218.82,VENUE-SIMULATED-FILL,MODELLED,0,3.62,0.015463,-0.4102,,,,,MODELLED,False
Season 1:@VolCarry_LowHigh:2025-09-17:IWM:2025-11-03,Season 1,@VolCarry_LowHigh,IWM,,long,8,1939.04,2025-09-17,242.38,VENUE-SIMULATED-FILL,MODELLED,2025-11-03,249.47,VENUE-SIMULATED-FILL,MODELLED,47,56.67,2.92258,0.0493,,,,,MODELLED,False
Season 1:@VolCarry_LowHigh:2025-09-17:NVDA:2025-11-03,Season 1,@VolCarry_LowHigh,NVDA,,short,33,6106.65,2025-09-17,185.05,VENUE-SIMULATED-FILL,MODELLED,2025-11-03,218.81,VENUE-SIMULATED-FILL,MODELLED,47,-1114.28,-18.246993,0.2035,,,,,MODELLED,False
Season 1:@VolCarry_LowHigh:2025-09-17:QQQ:2025-11-03,Season 1,@VolCarry_LowHigh,QQQ,,long,3,1756.77,2025-09-17,585.59,VENUE-SIMULATED-FILL,MODELLED,2025-11-03,612.52,VENUE-SIMULATED-FILL,MODELLED,47,80.77,4.597642,0.0185,,,,,MODELLED,False
Season 1:@VolCarry_LowHigh:2025-09-17:SPY:2025-11-03,Season 1,@VolCarry_LowHigh,SPY,,long,3,1966.23,2025-09-17,655.41,VENUE-SIMULATED-FILL,MODELLED,2025-11-03,682.03,VENUE-SIMULATED-FILL,MODELLED,47,79.84,4.060563,0.0185,,,,,MODELLED,False
Official Auction Book:@CalendarBarbell_Max:2025-10-02:912797RM1:2025-11-04,Official Auction Book,@CalendarBarbell_Max,912797RM1,17-Week,long,301200.0,30024887.67,2025-10-02,99.684222,PRIMARY-AUCTION,OFFICIAL,2025-11-04,100.0,MATURITY-REDEMPTION,OFFICIAL,33,951.12,0.003168,0.0,0.0,0.0,,,OFFICIAL,True
Official Auction Book:@DurationTrend_TenX:2025-10-15:91282CNT4:2025-11-04,Official Auction Book,@DurationTrend_TenX,91282CNT4,10-Year,long,13600.0,1383573.1,2025-10-15,101.733316,SECONDARY-CURVE,OFFICIAL,2025-11-04,101.350635,SECONDARY-CURVE,OFFICIAL-DERIVED,20,-52.04,-0.003761,0.0,0.0,0.0,,,OFFICIAL-DERIVED,False
Live Book (rehearsal):@FDA_PDUFA_Drifter:2025-10-30:IBB:2025-11-04,Live Book (rehearsal),@FDA_PDUFA_Drifter,IBB,,long,100,15654.0,2025-10-30,156.54,VENUE-SIMULATED-FILL,SECONDARY,2025-11-04,155.8,VENUE-SIMULATED-FILL,SECONDARY,5,-74.62,-0.476683,0.6166,,,0.642,0.00776,SECONDARY,False
Live Book (rehearsal):@FDA_PDUFA_Drifter:2025-10-30:XBI:2025-11-04,Live Book (rehearsal),@FDA_PDUFA_Drifter,XBI,,long,1300,144200.0,2025-10-30,110.923077,VENUE-SIMULATED-FILL,SECONDARY,2025-11-04,108.32,VENUE-SIMULATED-FILL,SECONDARY,5,-3392.02,-2.352302,8.0158,,,0.923,0.00965,SECONDARY,False
Season 2:@GOLD_Trend_GLD:2025-09-17:GLD:2025-11-04,Season 2,@GOLD_Trend_GLD,GLD,,long,10,3445.68,2025-09-17,344.568446,VENUE-SIMULATED-FILL,MODELLED,2025-11-04,363.48,VENUE-SIMULATED-FILL,MODELLED,48,189.05,5.486573,0.0617,,,,,MODELLED,False
Live Book (rehearsal):@GoldVsRealRate_Live:2025-10-22:GLD:2025-11-04,Live Book (rehearsal),@GoldVsRealRate_Live,GLD,,long,160,60547.87,2025-10-22,378.424167,VENUE-SIMULATED-FILL,SECONDARY,2025-11-04,363.47,VENUE-SIMULATED-FILL,SECONDARY,13,-2393.65,-3.953318,0.9866,,,0.275,0.00026,SECONDARY,False
Live Book (rehearsal):@OilDollar_FadeUNG:2025-10-10:UNG:2025-11-04,Live Book (rehearsal),@OilDollar_FadeUNG,UNG,,short,7000,86439.68,2025-10-10,12.348526,VENUE-SIMULATED-FILL,SECONDARY,2025-11-04,13.68,VENUE-SIMULATED-FILL,SECONDARY,25,-9363.48,-10.832386,43.162,,,14.641,0.05317,SECONDARY,False
Season 2:@PinePilot_EMA_Cross:2025-09-17:QQQ:2025-11-04,Season 2,@PinePilot_EMA_Cross,QQQ,,long,2,1183.3,2025-09-17,591.648365,VENUE-SIMULATED-FILL,MODELLED,2025-11-04,623.28,VENUE-SIMULATED-FILL,MODELLED,48,63.25,5.345236,0.0123,,,,,MODELLED,False
Live Book (rehearsal):@SOFRPivot_Rider:2025-11-03:SPY:2025-11-04,Live Book (rehearsal),@SOFRPivot_Rider,SPY,,long,80,54853.6,2025-11-03,685.67,VENUE-SIMULATED-FILL,SECONDARY,2025-11-04,676.1,VENUE-SIMULATED-FILL,SECONDARY,1,-766.09,-1.396608,0.4933,,,0.148,0.00014,SECONDARY,False
Season 1:@SpreadHarvester_MM:2025-11-03:NVDA:2025-11-04,Season 1,@SpreadHarvester_MM,NVDA,,short,100,21882.0,2025-11-03,218.82,VENUE-SIMULATED-FILL,MODELLED,2025-11-04,203.49,VENUE-SIMULATED-FILL,MODELLED,1,1533.38,7.007495,-0.3834,,,,,MODELLED,False
Season 1:@SpreadHarvester_MM:2025-11-04:NVDA:2025-11-04,Season 1,@SpreadHarvester_MM,NVDA,,long,99,20145.51,2025-11-04,203.49,VENUE-SIMULATED-FILL,MODELLED,2025-11-04,203.52,VENUE-SIMULATED-FILL,MODELLED,0,3.35,0.016629,-0.3796,,,,,MODELLED,False
Season 1:@SqueezeHunter_TF:2025-10-31:RIVN:2025-11-04,Season 1,@SqueezeHunter_TF,RIVN,,long,3346,50424.22,2025-10-31,15.07,VENUE-SIMULATED-FILL,MODELLED,2025-11-04,16.26,VENUE-SIMULATED-FILL,MODELLED,4,3961.11,7.85557,20.6314,,,,,MODELLED,False
Season 1:@TrendSurfer_GoldenX:2025-10-20:MSFT:2025-11-04,Season 1,@TrendSurfer_GoldenX,MSFT,,long,2,1159.85,2025-10-20,579.922667,VENUE-SIMULATED-FILL,MODELLED,2025-11-04,623.56,VENUE-SIMULATED-FILL,MODELLED,15,87.26,7.523417,0.0123,,,,,MODELLED,False
Season 1:@BetaChaser_3xProxy:2025-09-17:CVNA:2025-11-05,Season 1,@BetaChaser_3xProxy,CVNA,,long,5,1415.5,2025-09-17,283.099551,VENUE-SIMULATED-FILL,MODELLED,2025-11-05,303.39,VENUE-SIMULATED-FILL,MODELLED,49,101.42,7.164971,0.0308,,,,,MODELLED,False
Live Book (rehearsal):@GoldVsRealRate_Live:2025-10-22:GLD:2025-11-05,Live Book (rehearsal),@GoldVsRealRate_Live,GLD,,long,40,15136.97,2025-10-22,378.424167,VENUE-SIMULATED-FILL,SECONDARY,2025-11-05,366.39,VENUE-SIMULATED-FILL,SECONDARY,14,-481.61,-3.181681,0.2466,,,0.0,0.00026,SECONDARY,False
Live Book (rehearsal):@OilDollar_FadeUNG:2025-11-04:XOM:2025-11-05,Live Book (rehearsal),@OilDollar_FadeUNG,XOM,,long,200,22676.0,2025-11-04,113.38,VENUE-SIMULATED-FILL,SECONDARY,2025-11-05,114.08,VENUE-SIMULATED-FILL,SECONDARY,1,138.77,0.611969,1.2332,,,0.876,0.00178,SECONDARY,False
Season 1:@OvernightCarry_NO:2025-10-29:SPY:2025-11-05,Season 1,@OvernightCarry_NO,SPY,,long,284,191786.36,2025-10-29,675.304096,VENUE-SIMULATED-FILL,MODELLED,2025-11-05,677.98,VENUE-SIMULATED-FILL,MODELLED,7,758.21,0.395341,1.7511,,,,,MODELLED,False
Season 2:@PinePilot_EMA_Cross:2025-09-17:SPY:2025-11-05,Season 2,@PinePilot_EMA_Cross,SPY,,long,1,660.62,2025-09-17,660.61609,VENUE-SIMULATED-FILL,MODELLED,2025-11-05,674.97,VENUE-SIMULATED-FILL,MODELLED,49,14.35,2.172215,0.0062,,,,,MODELLED,False
Season 1:@SpreadHarvester_MM:2025-11-04:NVDA:2025-11-05,Season 1,@SpreadHarvester_MM,NVDA,,short,98,19944.96,2025-11-04,203.52,VENUE-SIMULATED-FILL,MODELLED,2025-11-05,203.12,VENUE-SIMULATED-FILL,MODELLED,1,39.58,0.198446,-0.3757,,,,,MODELLED,False
Season 1:@SpreadHarvester_MM:2025-11-05:NVDA:2025-11-05,Season 1,@SpreadHarvester_MM,NVDA,,long,173,35139.76,2025-11-05,203.12,VENUE-SIMULATED-FILL,MODELLED,2025-11-05,203.15,VENUE-SIMULATED-FILL,MODELLED,0,5.85,0.016648,-0.6633,,,,,MODELLED,False
Live Book (rehearsal):@VolControl_MaxLev:2025-10-24:QQQ:2025-11-05,Live Book (rehearsal),@VolControl_MaxLev,QQQ,,long,200,124156.0,2025-10-24,620.78,VENUE-SIMULATED-FILL,SECONDARY,2025-11-05,618.47,VENUE-SIMULATED-FILL,SECONDARY,12,-463.23,-0.373103,1.2332,,,0.323,0.00034,SECONDARY,False
Official Auction Book:@BillCarry_TenX:2025-09-23:912797QP5:2025-11-06,Official Auction Book,@BillCarry_TenX,912797QP5,26-Week,long,43000.0,4279883.18,2025-09-23,99.532167,PRIMARY-AUCTION,OFFICIAL,2025-11-06,100.0,MATURITY-REDEMPTION,OFFICIAL,44,201.17,0.0047,0.0,0.0,0.0,,,OFFICIAL,True
Live Book (rehearsal):@CurveSteepener_MaxBeta:2025-10-14:SPY:2025-11-06,Live Book (rehearsal),@CurveSteepener_MaxBeta,SPY,,long,80,52573.6,2025-10-14,657.17,VENUE-SIMULATED-FILL,SECONDARY,2025-11-06,676.46,VENUE-SIMULATED-FILL,SECONDARY,23,1542.71,2.934382,0.4933,,,0.147,0.00014,SECONDARY,False
Official Auction Book:@DurationTrend_TenX:2025-10-15:91282CNT4:2025-11-06,Official Auction Book,@DurationTrend_TenX,91282CNT4,10-Year,long,749500.0,76249120.34,2025-10-15,101.733316,SECONDARY-CURVE,OFFICIAL,2025-11-06,101.284025,SECONDARY-CURVE,OFFICIAL-DERIVED,22,-3367.44,-0.004416,0.0,0.0,0.0,,,OFFICIAL-DERIVED,False
Official Auction Book:@DurationTrend_TenX:2025-10-17:91282CNT4:2025-11-06,Official Auction Book,@DurationTrend_TenX,91282CNT4,10-Year,long,34100.0,3477827.87,2025-10-17,101.989087,SECONDARY-CURVE,OFFICIAL,2025-11-06,101.284025,SECONDARY-CURVE,OFFICIAL-DERIVED,20,-240.43,-0.006913,0.0,0.0,0.0,,,OFFICIAL-DERIVED,False
Official Auction Book:@DurationTrend_TenX:2025-10-21:91282CNT4:2025-11-06,Official Auction Book,@DurationTrend_TenX,91282CNT4,10-Year,long,8100.0,828854.89,2025-10-21,102.327764,SECONDARY-CURVE,OFFICIAL,2025-11-06,101.284025,SECONDARY-CURVE,OFFICIAL-DERIVED,16,-84.54,-0.0102,0.0,0.0,0.0,,,OFFICIAL-DERIVED,False
Official Auction Book:@DurationTrend_TenX:2025-10-22:91282CNT4:2025-11-06,Official Auction Book,@DurationTrend_TenX,91282CNT4,10-Year,long,10900.0,1116243.2,2025-10-22,102.407633,SECONDARY-CURVE,OFFICIAL,2025-11-06,101.284025,SECONDARY-CURVE,OFFICIAL-DERIVED,15,-122.47,-0.010972,0.0,0.0,0.0,,,OFFICIAL-DERIVED,False
Official Auction Book:@DurationTrend_TenX:2025-10-23:91282CNT4:2025-11-06,Official Auction Book,@DurationTrend_TenX,91282CNT4,10-Year,long,4300.0,438912.06,2025-10-23,102.072573,SECONDARY-CURVE,OFFICIAL,2025-11-06,101.284025,SECONDARY-CURVE,OFFICIAL-DERIVED,14,-33.91,-0.007726,0.0,0.0,0.0,,,OFFICIAL-DERIVED,False
Official Auction Book:@DurationTrend_TenX:2025-10-28:91282CNT4:2025-11-06,Official Auction Book,@DurationTrend_TenX,91282CNT4,10-Year,long,1900.0,194268.55,2025-10-28,102.246605,SECONDARY-CURVE,OFFICIAL,2025-11-06,101.284025,SECONDARY-CURVE,OFFICIAL-DERIVED,9,-18.29,-0.009415,0.0,0.0,0.0,,,OFFICIAL-DERIVED,False
Official Auction Book:@DurationTrend_TenX:2025-10-29:91282CNT4:2025-11-06,Official Auction Book,@DurationTrend_TenX,91282CNT4,10-Year,long,10400.0,1055595.34,2025-10-29,101.499552,SECONDARY-CURVE,OFFICIAL,2025-11-06,101.284025,SECONDARY-CURVE,OFFICIAL-DERIVED,8,-22.41,-0.002123,0.0,0.0,0.0,,,OFFICIAL-DERIVED,False
Official Auction Book:@DurationTrend_TenX:2025-11-05:91282CNT4:2025-11-06,Official Auction Book,@DurationTrend_TenX,91282CNT4,10-Year,long,14800.0,1491539.01,2025-11-05,100.779663,SECONDARY-CURVE,OFFICIAL,2025-11-06,101.284025,SECONDARY-CURVE,OFFICIAL-DERIVED,1,74.65,0.005005,0.0,0.0,0.0,,,OFFICIAL-DERIVED,False
Season 1:@GapAndGo_YOLO:2025-11-06:RIVN:2025-11-06,Season 1,@GapAndGo_YOLO,RIVN,,long,1903,31894.28,2025-11-06,16.76,VENUE-SIMULATED-FILL,MODELLED,2025-11-06,16.36,VENUE-SIMULATED-FILL,MODELLED,0,-772.93,-2.423413,11.7339,,,,,MODELLED,False
Season 1:@OvernightCarry_NO:2025-10-29:SPY:2025-11-06,Season 1,@OvernightCarry_NO,SPY,,long,5,3386.26,2025-10-29,677.252819,VENUE-SIMULATED-FILL,MODELLED,2025-11-06,678.88,VENUE-SIMULATED-FILL,MODELLED,8,8.11,0.239497,0.0308,,,,,MODELLED,False
Official Auction Book:@SOFRPivot_Switch:2025-11-04:91282CNT4:2025-11-06,Official Auction Book,@SOFRPivot_Switch,91282CNT4,10-Year,long,42000.0,4256726.67,2025-11-04,101.350635,SECONDARY-CURVE,OFFICIAL,2025-11-06,101.284025,SECONDARY-CURVE,OFFICIAL-DERIVED,2,-27.98,-0.000657,0.0,0.0,0.0,,,OFFICIAL-DERIVED,False
Season 1:@SpreadHarvester_MM:2025-11-05:NVDA:2025-11-06,Season 1,@SpreadHarvester_MM,NVDA,,short,98,19908.7,2025-11-05,203.15,VENUE-SIMULATED-FILL,MODELLED,2025-11-06,200.74,VENUE-SIMULATED-FILL,MODELLED,1,236.56,1.188224,-0.3757,,,,,MODELLED,False
Season 1:@SpreadHarvester_MM:2025-11-06:NVDA:2025-11-06,Season 1,@SpreadHarvester_MM,NVDA,,long,174,34928.76,2025-11-06,200.74,VENUE-SIMULATED-FILL,MODELLED,2025-11-06,200.77,VENUE-SIMULATED-FILL,MODELLED,0,5.89,0.016863,-0.6671,,,,,MODELLED,False
Live Book (rehearsal):@CurveSteepener_MaxBeta:2025-11-06:JPM:2025-11-07,Live Book (rehearsal),@CurveSteepener_MaxBeta,JPM,,long,120,37320.0,2025-11-06,311.0,VENUE-SIMULATED-FILL,SECONDARY,2025-11-07,311.88,VENUE-SIMULATED-FILL,SECONDARY,1,104.86,0.280975,0.7399,,,0.321,0.00222,SECONDARY,False
Live Book (rehearsal):@CurveSteepener_MaxBeta:2025-11-06:XOM:2025-11-07,Live Book (rehearsal),@CurveSteepener_MaxBeta,XOM,,long,500,56820.0,2025-11-06,113.64,VENUE-SIMULATED-FILL,SECONDARY,2025-11-07,115.2,VENUE-SIMULATED-FILL,SECONDARY,1,776.92,1.367335,3.083,,,0.868,0.00352,SECONDARY,False
Official Auction Book:@DurationTrend_TenX:2025-11-06:91282CNT4:2025-11-07,Official Auction Book,@DurationTrend_TenX,91282CNT4,10-Year,short,87400.0,8852223.79,2025-11-06,101.284025,SECONDARY-CURVE,OFFICIAL,2025-11-07,101.285823,SECONDARY-CURVE,OFFICIAL-DERIVED,1,-16.22,-0.000183,0.0,14.65,0.0,,,OFFICIAL-DERIVED,False
Season 1:@GapAndGo_YOLO:2025-11-07:CVNA:2025-11-07,Season 1,@GapAndGo_YOLO,CVNA,,long,94,31537.0,2025-11-07,335.5,VENUE-SIMULATED-FILL,MODELLED,2025-11-07,328.78,VENUE-SIMULATED-FILL,MODELLED,0,-632.26,-2.00482,0.5796,,,,,MODELLED,False
Live Book (rehearsal):@OilDollar_FadeUNG:2025-11-04:XOM:2025-11-07,Live Book (rehearsal),@OilDollar_FadeUNG,XOM,,long,100,11338.0,2025-11-04,113.38,VENUE-SIMULATED-FILL,SECONDARY,2025-11-07,115.2,VENUE-SIMULATED-FILL,SECONDARY,3,181.38,1.599753,0.6166,,,0.868,0.00178,SECONDARY,False
Live Book (rehearsal):@OilDollar_FadeUNG:2025-11-05:UNG:2025-11-07,Live Book (rehearsal),@OilDollar_FadeUNG,UNG,,short,400,5528.24,2025-11-05,13.820606,VENUE-SIMULATED-FILL,SECONDARY,2025-11-07,13.99,VENUE-SIMULATED-FILL,SECONDARY,2,-70.22,-1.270205,2.4664,,,7.153,0.0512,SECONDARY,False
Season 1:@OvernightCarry_NO:2025-11-06:SPY:2025-11-07,Season 1,@OvernightCarry_NO,SPY,,long,283,189660.94,2025-11-06,670.18,VENUE-SIMULATED-FILL,MODELLED,2025-11-07,671.78,VENUE-SIMULATED-FILL,MODELLED,1,451.06,0.237824,1.745,,,,,MODELLED,False
Season 2:@PinePilot_EMA_Cross:2025-09-17:IWM:2025-11-07,Season 2,@PinePilot_EMA_Cross,IWM,,long,5,1196.52,2025-09-17,239.303321,VENUE-SIMULATED-FILL,MODELLED,2025-11-07,238.41,VENUE-SIMULATED-FILL,MODELLED,51,-4.5,-0.376092,0.0308,,,,,MODELLED,False
Season 2:@PinePilot_EMA_Cross:2025-09-17:SPY:2025-11-07,Season 2,@PinePilot_EMA_Cross,SPY,,long,1,660.62,2025-09-17,660.61609,VENUE-SIMULATED-FILL,MODELLED,2025-11-07,667.9,VENUE-SIMULATED-FILL,MODELLED,51,7.28,1.102002,0.0062,,,,,MODELLED,False
Season 1:@SpreadHarvester_MM:2025-11-06:NVDA:2025-11-07,Season 1,@SpreadHarvester_MM,NVDA,,short,98,19675.46,2025-11-06,200.77,VENUE-SIMULATED-FILL,MODELLED,2025-11-07,188.69,VENUE-SIMULATED-FILL,MODELLED,1,1184.22,6.018767,-0.3757,,,,,MODELLED,False
Season 1:@SpreadHarvester_MM:2025-11-07:NVDA:2025-11-07,Season 1,@SpreadHarvester_MM,NVDA,,long,201,37926.69,2025-11-07,188.69,VENUE-SIMULATED-FILL,MODELLED,2025-11-07,188.72,VENUE-SIMULATED-FILL,MODELLED,0,6.8,0.017929,-0.7707,,,,,MODELLED,False
Live Book (rehearsal):@VolControl_MaxLev:2025-11-06:QQQ:2025-11-07,Live Book (rehearsal),@VolControl_MaxLev,QQQ,,long,120,74616.0,2025-11-06,621.8,VENUE-SIMULATED-FILL,SECONDARY,2025-11-07,608.3,VENUE-SIMULATED-FILL,SECONDARY,1,-1620.74,-2.172108,0.7399,,,0.164,0.00022,SECONDARY,False
Live Book (rehearsal):@DowNasdaq_SpreadMax:2025-09-18:QQQ:2025-11-10,Live Book (rehearsal),@DowNasdaq_SpreadMax,QQQ,,long,120,71521.03,2025-09-18,596.008571,VENUE-SIMULATED-FILL,SECONDARY,2025-11-10,618.91,VENUE-SIMULATED-FILL,SECONDARY,53,2747.43,3.84143,0.7399,,,0.161,0.00026,SECONDARY,False
Season 1:@DriftRider_PEAD:2025-10-20:NVDA:2025-11-10,Season 1,@DriftRider_PEAD,NVDA,,long,177,36154.02,2025-10-20,204.26,VENUE-SIMULATED-FILL,MODELLED,2025-11-10,191.64,VENUE-SIMULATED-FILL,MODELLED,21,-2234.83,-6.181415,1.0914,,,,,MODELLED,False
Official Auction Book:@DurationTrend_TenX:2025-11-07:91282CNT4:2025-11-10,Official Auction Book,@DurationTrend_TenX,91282CNT4,10-Year,long,1000.0,101285.82,2025-11-07,101.285823,SECONDARY-CURVE,OFFICIAL,2025-11-10,101.120979,SECONDARY-CURVE,OFFICIAL-DERIVED,3,-1.65,-0.001629,0.0,0.0,0.0,,,OFFICIAL-DERIVED,False
Season 1:@GapAndGo_YOLO:2025-11-10:RIVN:2025-11-10,Season 1,@GapAndGo_YOLO,RIVN,,long,1702,31333.82,2025-11-10,18.41,VENUE-SIMULATED-FILL,MODELLED,2025-11-10,18.39,VENUE-SIMULATED-FILL,MODELLED,0,-44.53,-0.142115,10.4945,,,,,MODELLED,False
Season 1:@MeanRev_Z2Sigma:2025-10-31:UNH:2025-11-10,Season 1,@MeanRev_Z2Sigma,UNH,,long,121,33550.88,2025-10-31,277.28,VENUE-SIMULATED-FILL,MODELLED,2025-11-10,309.61,VENUE-SIMULATED-FILL,MODELLED,10,3911.18,11.657459,0.7461,,,,,MODELLED,False
Season 1:@OvernightCarry_NO:2025-11-06:SPY:2025-11-10,Season 1,@OvernightCarry_NO,SPY,,long,11,7380.28,2025-11-06,670.934545,VENUE-SIMULATED-FILL,MODELLED,2025-11-10,672.44,VENUE-SIMULATED-FILL,MODELLED,4,16.49,0.223433,0.0678,,,,,MODELLED,False
Season 1:@OverreactionFade_LT:2025-11-05:TSLA:2025-11-10,Season 1,@OverreactionFade_LT,TSLA,,long,120,41784.0,2025-11-05,348.2,VENUE-SIMULATED-FILL,MODELLED,2025-11-10,344.89,VENUE-SIMULATED-FILL,MODELLED,5,-397.94,-0.952374,0.7399,,,,,MODELLED,False
Season 1:@SpreadHarvester_MM:2025-11-07:NVDA:2025-11-10,Season 1,@SpreadHarvester_MM,NVDA,,short,98,18494.56,2025-11-07,188.72,VENUE-SIMULATED-FILL,MODELLED,2025-11-10,191.63,VENUE-SIMULATED-FILL,MODELLED,3,-284.8,-1.539912,-0.3757,,,,,MODELLED,False
Season 1:@SpreadHarvester_MM:2025-11-10:NVDA:2025-11-10,Season 1,@SpreadHarvester_MM,NVDA,,long,197,37751.11,2025-11-10,191.63,VENUE-SIMULATED-FILL,MODELLED,2025-11-10,191.66,VENUE-SIMULATED-FILL,MODELLED,0,6.67,0.017668,-0.7553,,,,,MODELLED,False
Live Book (rehearsal):@VolControl_MaxLev:2025-11-06:QQQ:2025-11-10,Live Book (rehearsal),@VolControl_MaxLev,QQQ,,long,40,24872.0,2025-11-06,621.8,VENUE-SIMULATED-FILL,SECONDARY,2025-11-10,618.91,VENUE-SIMULATED-FILL,SECONDARY,4,-115.85,-0.465785,0.2466,,,0.161,0.00022,SECONDARY,False
Season 1:@GapAndGo_YOLO:2025-11-11:TSLA:2025-11-11,Season 1,@GapAndGo_YOLO,TSLA,,long,81,31068.36,2025-11-11,383.56,VENUE-SIMULATED-FILL,MODELLED,2025-11-11,383.8,VENUE-SIMULATED-FILL,MODELLED,0,18.94,0.060962,0.4994,,,,,MODELLED,False
Season 1:@GapAndGo_YOLO:2025-11-11:UNH:2025-11-11,Season 1,@GapAndGo_YOLO,UNH,,long,100,31300.0,2025-11-11,313.0,VENUE-SIMULATED-FILL,MODELLED,2025-11-11,305.65,VENUE-SIMULATED-FILL,MODELLED,0,-735.62,-2.350224,0.6166,,,,,MODELLED,False
Season 1:@KitchenSink_AllIn:2025-09-17:QQQ:2025-11-11,Season 1,@KitchenSink_AllIn,QQQ,,long,3,1764.65,2025-09-17,588.217884,VENUE-SIMULATED-FILL,MODELLED,2025-11-11,609.89,VENUE-SIMULATED-FILL,MODELLED,55,65.0,3.683442,0.0185,,,,,MODELLED,False
Season 1:@KitchenSink_AllIn:2025-09-17:SPY:2025-11-11,Season 1,@KitchenSink_AllIn,SPY,,long,1,657.8,2025-09-17,657.799394,VENUE-SIMULATED-FILL,MODELLED,2025-11-11,680.43,VENUE-SIMULATED-FILL,MODELLED,55,22.62,3.438738,0.0062,,,,,MODELLED,False
Season 1:@KitchenSink_AllIn:2025-09-24:AAPL:2025-11-11,Season 1,@KitchenSink_AllIn,AAPL,,long,15,3819.37,2025-09-24,254.624945,VENUE-SIMULATED-FILL,MODELLED,2025-11-11,302.99,VENUE-SIMULATED-FILL,MODELLED,48,725.38,18.992117,0.0925,,,,,MODELLED,False
Live Book (rehearsal):@KitchenSink_Official:2025-10-14:SPY:2025-11-11,Live Book (rehearsal),@KitchenSink_Official,SPY,,long,120,79246.8,2025-10-14,660.39,VENUE-SIMULATED-FILL,SECONDARY,2025-11-11,679.95,VENUE-SIMULATED-FILL,SECONDARY,28,2346.46,2.960952,0.7399,,,0.0,9e-05,SECONDARY,False
Season 1:@OvernightCarry_NO:2025-11-10:SPY:2025-11-11,Season 1,@OvernightCarry_NO,SPY,,long,281,191462.16,2025-11-10,681.36,VENUE-SIMULATED-FILL,MODELLED,2025-11-11,680.43,VENUE-SIMULATED-FILL,MODELLED,1,-263.06,-0.137395,1.7326,,,,,MODELLED,False
Season 1:@SpreadHarvester_MM:2025-11-10:NVDA:2025-11-11,Season 1,@SpreadHarvester_MM,NVDA,,short,98,18782.68,2025-11-10,191.66,VENUE-SIMULATED-FILL,MODELLED,2025-11-11,197.32,VENUE-SIMULATED-FILL,MODELLED,1,-554.3,-2.951123,-0.3757,,,,,MODELLED,False
Season 1:@SpreadHarvester_MM:2025-11-11:NVDA:2025-11-11,Season 1,@SpreadHarvester_MM,NVDA,,long,91,17956.12,2025-11-11,197.32,VENUE-SIMULATED-FILL,MODELLED,2025-11-11,197.35,VENUE-SIMULATED-FILL,MODELLED,0,3.08,0.017153,-0.3489,,,,,MODELLED,False
Season 1:@SqueezeHunter_TF:2025-10-07:UNH:2025-11-11,Season 1,@SqueezeHunter_TF,UNH,,long,169,52360.41,2025-10-07,309.824911,VENUE-SIMULATED-FILL,MODELLED,2025-11-11,312.94,VENUE-SIMULATED-FILL,MODELLED,35,525.41,1.003449,1.0421,,,,,MODELLED,False
Season 1:@SqueezeHunter_TF:2025-11-10:RIVN:2025-11-11,Season 1,@SqueezeHunter_TF,RIVN,,long,2845,52404.9,2025-11-10,18.42,VENUE-SIMULATED-FILL,MODELLED,2025-11-11,18.01,VENUE-SIMULATED-FILL,MODELLED,1,-1183.99,-2.259312,17.5423,,,,,MODELLED,False
Season 1:@VIXRegime_Timer:2025-09-17:SPY:2025-11-11,Season 1,@VIXRegime_Timer,SPY,,long,77,51222.31,2025-09-17,665.224745,VENUE-SIMULATED-FILL,MODELLED,2025-11-11,680.43,VENUE-SIMULATED-FILL,MODELLED,55,1170.33,2.284805,0.4748,,,,,MODELLED,False
Live Book (rehearsal):@CurveSteepener_MaxBeta:2025-11-06:JPM:2025-11-12,Live Book (rehearsal),@CurveSteepener_MaxBeta,JPM,,long,40,12440.0,2025-11-06,311.0,VENUE-SIMULATED-FILL,SECONDARY,2025-11-12,316.26,VENUE-SIMULATED-FILL,SECONDARY,6,210.15,1.689309,0.2466,,,0.0,0.00222,SECONDARY,False
Official Auction Book:@DurationTrend_TenX:2025-11-07:91282CNT4:2025-11-12,Official Auction Book,@DurationTrend_TenX,91282CNT4,10-Year,long,828300.0,83895047.19,2025-11-07,101.285823,SECONDARY-CURVE,OFFICIAL,2025-11-12,101.528165,SECONDARY-CURVE,OFFICIAL-DERIVED,5,2007.32,0.002393,0.0,0.0,0.0,,,OFFICIAL-DERIVED,False
Season 1:@GapAndGo_YOLO:2025-11-12:CVNA:2025-11-12,Season 1,@GapAndGo_YOLO,CVNA,,long,93,30782.07,2025-11-12,330.99,VENUE-SIMULATED-FILL,MODELLED,2025-11-12,284.17,VENUE-SIMULATED-FILL,MODELLED,0,-4354.83,-14.147294,0.5734,,,,,MODELLED,False
Live Book (rehearsal):@OilDollar_FadeUNG:2025-11-05:UNG:2025-11-12,Live Book (rehearsal),@OilDollar_FadeUNG,UNG,,short,300,4146.18,2025-11-05,13.820606,VENUE-SIMULATED-FILL,SECONDARY,2025-11-12,14.62,VENUE-SIMULATED-FILL,SECONDARY,7,-241.67,-5.828736,1.8498,,,0.0,0.0512,SECONDARY,False
Season 1:@OvernightCarry_NO:2025-11-10:SPY:2025-11-12,Season 1,@OvernightCarry_NO,SPY,,long,8,5460.68,2025-11-10,682.585,VENUE-SIMULATED-FILL,MODELLED,2025-11-12,683.59,VENUE-SIMULATED-FILL,MODELLED,2,7.99,0.146319,0.0493,,,,,MODELLED,False
Season 1:@OverreactionFade_LT:2025-11-07:NVDA:2025-11-12,Season 1,@OverreactionFade_LT,NVDA,,long,220,41516.2,2025-11-07,188.71,VENUE-SIMULATED-FILL,MODELLED,2025-11-12,200.27,VENUE-SIMULATED-FILL,MODELLED,5,2541.84,6.122526,1.3565,,,,,MODELLED,False
Official Auction Book:@SOFRPivot_Switch:2025-11-04:91282CNT4:2025-11-12,Official Auction Book,@SOFRPivot_Switch,91282CNT4,10-Year,long,14200.0,1439179.02,2025-11-04,101.350635,SECONDARY-CURVE,OFFICIAL,2025-11-12,101.528165,SECONDARY-CURVE,OFFICIAL-DERIVED,8,25.21,0.001752,0.0,0.0,0.0,,,OFFICIAL-DERIVED,False
Season 1:@SectorRotator_AlphaX:2025-09-17:AAPL:2025-11-12,Season 1,@SectorRotator_AlphaX,AAPL,,long,80,20638.14,2025-09-17,257.97676,VENUE-SIMULATED-FILL,MODELLED,2025-11-12,306.9,VENUE-SIMULATED-FILL,MODELLED,56,3913.37,18.961834,0.4933,,,,,MODELLED,False
Season 1:@SectorRotator_AlphaX:2025-09-17:MSFT:2025-11-12,Season 1,@SectorRotator_AlphaX,MSFT,,long,33,17867.75,2025-09-17,541.446911,VENUE-SIMULATED-FILL,MODELLED,2025-11-12,646.27,VENUE-SIMULATED-FILL,MODELLED,56,3458.96,19.358679,0.2035,,,,,MODELLED,False
Season 1:@SectorRotator_AlphaX:2025-09-17:NVDA:2025-11-12,Season 1,@SectorRotator_AlphaX,NVDA,,long,52,9807.04,2025-09-17,188.596833,VENUE-SIMULATED-FILL,MODELLED,2025-11-12,200.27,VENUE-SIMULATED-FILL,MODELLED,56,606.68,6.186171,0.3206,,,,,MODELLED,False
Season 1:@SpreadHarvester_MM:2025-11-11:NVDA:2025-11-12,Season 1,@SpreadHarvester_MM,NVDA,,short,102,20129.7,2025-11-11,197.35,VENUE-SIMULATED-FILL,MODELLED,2025-11-12,200.26,VENUE-SIMULATED-FILL,MODELLED,1,-296.43,-1.4726,-0.3911,,,,,MODELLED,False
Season 1:@SpreadHarvester_MM:2025-11-12:NVDA:2025-11-12,Season 1,@SpreadHarvester_MM,NVDA,,long,101,20226.26,2025-11-12,200.26,VENUE-SIMULATED-FILL,MODELLED,2025-11-12,200.29,VENUE-SIMULATED-FILL,MODELLED,0,3.42,0.016909,-0.3872,,,,,MODELLED,False
Live Book (rehearsal):@DowNasdaq_SpreadMax:2025-09-18:QQQ:2025-11-13,Live Book (rehearsal),@DowNasdaq_SpreadMax,QQQ,,long,120,72857.9,2025-09-18,607.149184,VENUE-SIMULATED-FILL,SECONDARY,2025-11-13,617.53,VENUE-SIMULATED-FILL,SECONDARY,56,1244.96,1.708751,0.7399,,,0.162,0.00026,SECONDARY,False
Official Auction Book:@DurationTrend_TenX:2025-11-12:91282CNT4:2025-11-13,Official Auction Book,@DurationTrend_TenX,91282CNT4,10-Year,short,105800.0,10741679.86,2025-11-12,101.528165,SECONDARY-CURVE,OFFICIAL,2025-11-13,101.283426,SECONDARY-CURVE,OFFICIAL-DERIVED,1,222.87,0.002075,0.0,36.06,0.0,,,OFFICIAL-DERIVED,False
Season 1:@GapAndGo_YOLO:2025-11-13:TSLA:2025-11-13,Season 1,@GapAndGo_YOLO,TSLA,,long,76,29177.92,2025-11-13,383.92,VENUE-SIMULATED-FILL,MODELLED,2025-11-13,354.23,VENUE-SIMULATED-FILL,MODELLED,0,-2256.91,-7.734993,0.4686,,,,,MODELLED,False
Live Book (rehearsal):@OilDollar_FadeUNG:2025-11-05:UNG:2025-11-13,Live Book (rehearsal),@OilDollar_FadeUNG,UNG,,short,5800,80159.51,2025-11-05,13.820606,VENUE-SIMULATED-FILL,SECONDARY,2025-11-13,14.73,VENUE-SIMULATED-FILL,SECONDARY,8,-5310.25,-6.624603,35.7628,,,13.596,0.0512,SECONDARY,False
Season 1:@OvernightCarry_NO:2025-11-12:SPY:2025-11-13,Season 1,@OvernightCarry_NO,SPY,,long,279,190610.01,2025-11-12,683.19,VENUE-SIMULATED-FILL,MODELLED,2025-11-13,685.58,VENUE-SIMULATED-FILL,MODELLED,1,665.09,0.348927,1.7203,,,,,MODELLED,False
Season 1:@SpreadHarvester_MM:2025-11-12:NVDA:2025-11-13,Season 1,@SpreadHarvester_MM,NVDA,,short,88,17625.52,2025-11-12,200.29,VENUE-SIMULATED-FILL,MODELLED,2025-11-13,196.95,VENUE-SIMULATED-FILL,MODELLED,1,294.26,1.669511,-0.3374,,,,,MODELLED,False
Season 1:@SqueezeHunter_TF:2025-11-11:META:2025-11-13,Season 1,@SqueezeHunter_TF,META,,long,62,51509.6,2025-11-11,830.8,VENUE-SIMULATED-FILL,MODELLED,2025-11-13,858.13,VENUE-SIMULATED-FILL,MODELLED,2,1694.08,3.288863,0.3823,,,,,MODELLED,False
Live Book (rehearsal):@CurveSteepener_MaxBeta:2025-10-14:SPY:2025-11-14,Live Book (rehearsal),@CurveSteepener_MaxBeta,SPY,,long,80,53395.2,2025-10-14,667.44,VENUE-SIMULATED-FILL,SECONDARY,2025-11-14,665.38,VENUE-SIMULATED-FILL,SECONDARY,31,-165.29,-0.30956,0.4933,,,0.0,0.00014,SECONDARY,False
Season 2:@FDACatalyst_Rider:2025-10-30:XBI:2025-11-14,Season 2,@FDACatalyst_Rider,XBI,,long,16,1723.72,2025-10-30,107.732578,VENUE-SIMULATED-FILL,MODELLED,2025-11-14,111.18,VENUE-SIMULATED-FILL,MODELLED,15,55.06,3.194252,0.0987,,,,,MODELLED,False
Season 2:@GOLD_Trend_GLD:2025-09-17:GLD:2025-11-14,Season 2,@GOLD_Trend_GLD,GLD,,long,21,7275.32,2025-09-17,346.44361,VENUE-SIMULATED-FILL,MODELLED,2025-11-14,372.86,VENUE-SIMULATED-FILL,MODELLED,58,554.61,7.623174,0.1295,,,,,MODELLED,False
Season 1:@GapAndGo_YOLO:2025-11-14:CVNA:2025-11-14,Season 1,@GapAndGo_YOLO,CVNA,,long,106,28196.0,2025-11-14,266.0,VENUE-SIMULATED-FILL,MODELLED,2025-11-14,241.14,VENUE-SIMULATED-FILL,MODELLED,0,-2635.81,-9.34817,0.6536,,,,,MODELLED,False
Season 1:@GapAndGo_YOLO:2025-11-14:TSLA:2025-11-14,Season 1,@GapAndGo_YOLO,TSLA,,long,77,28051.87,2025-11-14,364.31,VENUE-SIMULATED-FILL,MODELLED,2025-11-14,355.95,VENUE-SIMULATED-FILL,MODELLED,0,-644.19,-2.296424,0.4748,,,,,MODELLED,False
Live Book (rehearsal):@OilDollar_FadeUNG:2025-11-05:UNG:2025-11-14,Live Book (rehearsal),@OilDollar_FadeUNG,UNG,,short,100,1382.06,2025-11-05,13.820606,VENUE-SIMULATED-FILL,SECONDARY,2025-11-14,14.5,VENUE-SIMULATED-FILL,SECONDARY,9,-68.56,-4.960709,0.6166,,,6.901,0.0512,SECONDARY,False
Season 1:@OvernightCarry_NO:2025-11-12:SPY:2025-11-14,Season 1,@OvernightCarry_NO,SPY,,long,9,6057.1,2025-11-12,673.011,VENUE-SIMULATED-FILL,MODELLED,2025-11-14,671.09,VENUE-SIMULATED-FILL,MODELLED,2,-17.34,-0.286276,0.0555,,,,,MODELLED,False
Season 2:@PinePilot_EMA_Cross:2025-09-17:IWM:2025-11-14,Season 2,@PinePilot_EMA_Cross,IWM,,long,5,1197.04,2025-09-17,239.408581,VENUE-SIMULATED-FILL,MODELLED,2025-11-14,233.33,VENUE-SIMULATED-FILL,MODELLED,58,-30.42,-2.541262,0.0308,,,,,MODELLED,False
Season 2:@PinePilot_EMA_Cross:2025-09-17:QQQ:2025-11-14,Season 2,@PinePilot_EMA_Cross,QQQ,,long,1,591.65,2025-09-17,591.648365,VENUE-SIMULATED-FILL,MODELLED,2025-11-14,599.54,VENUE-SIMULATED-FILL,MODELLED,58,7.89,1.333562,0.0062,,,,,MODELLED,False
Season 2:@PinePilot_EMA_Cross:2025-09-17:SPY:2025-11-14,Season 2,@PinePilot_EMA_Cross,SPY,,long,2,1321.23,2025-09-17,660.61609,VENUE-SIMULATED-FILL,MODELLED,2025-11-14,665.38,VENUE-SIMULATED-FILL,MODELLED,58,9.52,0.72054,0.0123,,,,,MODELLED,False
Season 1:@SpreadHarvester_MM:2025-11-12:NVDA:2025-11-14,Season 1,@SpreadHarvester_MM,NVDA,,short,92,18161.88,2025-11-12,197.411739,VENUE-SIMULATED-FILL,MODELLED,2025-11-14,223.81,VENUE-SIMULATED-FILL,MODELLED,2,-2428.29,-13.370257,-0.3527,,,,,MODELLED,False
Season 1:@SpreadHarvester_MM:2025-11-14:NVDA:2025-11-14,Season 1,@SpreadHarvester_MM,NVDA,,long,14,3133.34,2025-11-14,223.81,VENUE-SIMULATED-FILL,MODELLED,2025-11-14,223.84,VENUE-SIMULATED-FILL,MODELLED,0,0.47,0.015,-0.0537,,,,,MODELLED,False
Live Book (rehearsal):@VolControl_MaxLev:2025-11-11:QQQ:2025-11-14,Live Book (rehearsal),@VolControl_MaxLev,QQQ,,long,80,49646.4,2025-11-11,620.58,VENUE-SIMULATED-FILL,SECONDARY,2025-11-14,599.54,VENUE-SIMULATED-FILL,SECONDARY,3,-1683.69,-3.391364,0.4933,,,0.167,0.00027,SECONDARY,False
Season 1:@DriftRider_PEAD:2025-10-27:MSFT:2025-11-17,Season 1,@DriftRider_PEAD,MSFT,,long,58,36826.52,2025-10-27,634.94,VENUE-SIMULATED-FILL,MODELLED,2025-11-17,614.4,VENUE-SIMULATED-FILL,MODELLED,21,-1191.68,-3.235929,0.3576,,,,,MODELLED,False
Official Auction Book:@DurationTrend_TenX:2025-11-13:91282CNT4:2025-11-17,Official Auction Book,@DurationTrend_TenX,91282CNT4,10-Year,long,833400.0,84409607.23,2025-11-13,101.283426,SECONDARY-CURVE,OFFICIAL,2025-11-17,101.086641,SECONDARY-CURVE,OFFICIAL-DERIVED,4,-1640.01,-0.001943,0.0,0.0,0.0,,,OFFICIAL-DERIVED,False
Official Auction Book:@DurationTrend_TenX:2025-11-14:91282CNT4:2025-11-17,Official Auction Book,@DurationTrend_TenX,91282CNT4,10-Year,long,10800.0,1091225.38,2025-11-14,101.039387,SECONDARY-CURVE,OFFICIAL,2025-11-17,101.086641,SECONDARY-CURVE,OFFICIAL-DERIVED,3,5.1,0.000467,0.0,0.0,0.0,,,OFFICIAL-DERIVED,False
Season 1:@GapAndGo_YOLO:2025-11-17:CVNA:2025-11-17,Season 1,@GapAndGo_YOLO,CVNA,,long,108,26848.8,2025-11-17,248.6,VENUE-SIMULATED-FILL,MODELLED,2025-11-17,246.33,VENUE-SIMULATED-FILL,MODELLED,0,-245.83,-0.915609,0.6659,,,,,MODELLED,False
Season 1:@KitchenSink_AllIn:2025-09-17:NVDA:2025-11-17,Season 1,@KitchenSink_AllIn,NVDA,,long,20,3764.07,2025-09-17,188.203514,VENUE-SIMULATED-FILL,MODELLED,2025-11-17,229.08,VENUE-SIMULATED-FILL,MODELLED,61,817.41,21.716119,0.1233,,,,,MODELLED,False
Live Book (rehearsal):@OilDollar_FadeUNG:2025-11-13:XOM:2025-11-17,Live Book (rehearsal),@OilDollar_FadeUNG,XOM,,long,300,35558.14,2025-11-13,118.527143,VENUE-SIMULATED-FILL,SECONDARY,2025-11-17,118.97,VENUE-SIMULATED-FILL,SECONDARY,4,131.01,0.368439,1.8498,,,0.0,0.00173,SECONDARY,False
Live Book (rehearsal):@OilDollar_FadeUNG:2025-11-14:UNG:2025-11-17,Live Book (rehearsal),@OilDollar_FadeUNG,UNG,,long,4400,63800.0,2025-11-14,14.5,VENUE-SIMULATED-FILL,SECONDARY,2025-11-17,14.5,VENUE-SIMULATED-FILL,SECONDARY,3,-27.13,-0.042524,27.1304,,,-0.0,0.03617,SECONDARY,False
Season 1:@OvernightCarry_NO:2025-11-12:SPY:2025-11-17,Season 1,@OvernightCarry_NO,SPY,,long,286,192064.76,2025-11-12,671.555108,VENUE-SIMULATED-FILL,MODELLED,2025-11-17,674.14,VENUE-SIMULATED-FILL,MODELLED,5,737.52,0.383995,1.7635,,,,,MODELLED,False
Official Auction Book:@SOFRPivot_Switch:2025-11-04:91282CNT4:2025-11-17,Official Auction Book,@SOFRPivot_Switch,91282CNT4,10-Year,long,16200.0,1641880.29,2025-11-04,101.350635,SECONDARY-CURVE,OFFICIAL,2025-11-17,101.086641,SECONDARY-CURVE,OFFICIAL-DERIVED,13,-42.77,-0.002605,0.0,0.0,0.0,,,OFFICIAL-DERIVED,False
Season 1:@SpreadHarvester_MM:2025-11-14:NVDA:2025-11-17,Season 1,@SpreadHarvester_MM,NVDA,,short,128,28651.52,2025-11-14,223.84,VENUE-SIMULATED-FILL,MODELLED,2025-11-17,229.07,VENUE-SIMULATED-FILL,MODELLED,3,-668.95,-2.33478,-0.4907,,,,,MODELLED,False
Season 1:@SpreadHarvester_MM:2025-11-17:NVDA:2025-11-17,Season 1,@SpreadHarvester_MM,NVDA,,long,103,23594.21,2025-11-17,229.07,VENUE-SIMULATED-FILL,MODELLED,2025-11-17,229.1,VENUE-SIMULATED-FILL,MODELLED,0,3.48,0.014749,-0.3949,,,,,MODELLED,False
Season 1:@SqueezeHunter_TF:2025-11-14:NVDA:2025-11-17,Season 1,@SqueezeHunter_TF,NVDA,,long,236,52823.88,2025-11-14,223.83,VENUE-SIMULATED-FILL,MODELLED,2025-11-17,229.08,VENUE-SIMULATED-FILL,MODELLED,3,1237.54,2.342766,1.4552,,,,,MODELLED,False
Live Book (rehearsal):@VolControl_MaxLev:2025-11-11:QQQ:2025-11-17,Live Book (rehearsal),@VolControl_MaxLev,QQQ,,long,40,24823.2,2025-11-11,620.58,VENUE-SIMULATED-FILL,SECONDARY,2025-11-17,606.29,VENUE-SIMULATED-FILL,SECONDARY,6,-571.85,-2.303692,0.2466,,,0.165,0.00027,SECONDARY,False
Live Book (rehearsal):@DowNasdaq_SpreadMax:2025-11-14:SPY:2025-11-18,Live Book (rehearsal),@DowNasdaq_SpreadMax,SPY,,long,120,80019.6,2025-11-14,666.83,VENUE-SIMULATED-FILL,SECONDARY,2025-11-18,662.09,VENUE-SIMULATED-FILL,SECONDARY,4,-569.54,-0.711751,0.7399,,,0.151,8e-05,SECONDARY,False
Season 2:@FDA_ClusterFade:2025-11-14:XBI:2025-11-18,Season 2,@FDA_ClusterFade,XBI,,short,55,6114.35,2025-11-14,111.17,VENUE-SIMULATED-FILL,MODELLED,2025-11-18,113.94,VENUE-SIMULATED-FILL,MODELLED,4,-152.69,-2.49724,0.3391,,,,,MODELLED,False
Season 1:@KitchenSink_AllIn:2025-09-17:GOOGL:2025-11-18,Season 1,@KitchenSink_AllIn,GOOGL,,long,83,20456.93,2025-09-17,246.469074,VENUE-SIMULATED-FILL,MODELLED,2025-11-18,223.04,VENUE-SIMULATED-FILL,MODELLED,62,-1945.12,-9.508366,0.5118,,,,,MODELLED,False
Season 1:@KitchenSink_AllIn:2025-09-17:IWM:2025-11-18,Season 1,@KitchenSink_AllIn,IWM,,long,83,20164.04,2025-09-17,242.940268,VENUE-SIMULATED-FILL,MODELLED,2025-11-18,241.97,VENUE-SIMULATED-FILL,MODELLED,62,-81.04,-0.401904,0.5118,,,,,MODELLED,False
Season 1:@KitchenSink_AllIn:2025-09-17:JPM:2025-11-18,Season 1,@KitchenSink_AllIn,JPM,,long,73,20898.77,2025-09-17,286.284476,VENUE-SIMULATED-FILL,MODELLED,2025-11-18,281.88,VENUE-SIMULATED-FILL,MODELLED,62,-321.98,-1.540665,0.4501,,,,,MODELLED,False
Season 1:@KitchenSink_AllIn:2025-09-17:NVDA:2025-11-18,Season 1,@KitchenSink_AllIn,NVDA,,long,91,17126.52,2025-09-17,188.203514,VENUE-SIMULATED-FILL,MODELLED,2025-11-18,235.23,VENUE-SIMULATED-FILL,MODELLED,62,4278.85,24.983768,0.5611,,,,,MODELLED,False
Season 1:@KitchenSink_AllIn:2025-09-17:QQQ:2025-11-18,Season 1,@KitchenSink_AllIn,QQQ,,long,34,19999.41,2025-09-17,588.217884,VENUE-SIMULATED-FILL,MODELLED,2025-11-18,592.49,VENUE-SIMULATED-FILL,MODELLED,62,145.04,0.725221,0.2096,,,,,MODELLED,False
Season 1:@KitchenSink_AllIn:2025-09-17:SPY:2025-11-18,Season 1,@KitchenSink_AllIn,SPY,,long,31,20391.78,2025-09-17,657.799394,VENUE-SIMULATED-FILL,MODELLED,2025-11-18,664.51,VENUE-SIMULATED-FILL,MODELLED,62,207.84,1.019234,0.1911,,,,,MODELLED,False
Season 1:@KitchenSink_AllIn:2025-09-24:AAPL:2025-11-18,Season 1,@KitchenSink_AllIn,AAPL,,long,68,17314.5,2025-09-24,254.624945,VENUE-SIMULATED-FILL,MODELLED,2025-11-18,307.67,VENUE-SIMULATED-FILL,MODELLED,55,3606.64,20.830176,0.4193,,,,,MODELLED,False
Season 1:@KitchenSink_AllIn:2025-09-24:AMZN:2025-11-18,Season 1,@KitchenSink_AllIn,AMZN,,long,78,18416.98,2025-09-24,236.115106,VENUE-SIMULATED-FILL,MODELLED,2025-11-18,248.57,VENUE-SIMULATED-FILL,MODELLED,55,971.0,5.272309,0.4809,,,,,MODELLED,False
Season 1:@KitchenSink_AllIn:2025-09-24:CAT:2025-11-18,Season 1,@KitchenSink_AllIn,CAT,,long,48,20492.76,2025-09-24,426.932521,VENUE-SIMULATED-FILL,MODELLED,2025-11-18,442.18,VENUE-SIMULATED-FILL,MODELLED,55,731.58,3.569944,0.296,,,,,MODELLED,False
Season 1:@KitchenSink_AllIn:2025-10-08:MSFT:2025-11-18,Season 1,@KitchenSink_AllIn,MSFT,,long,32,18640.32,2025-10-08,582.51,VENUE-SIMULATED-FILL,MODELLED,2025-11-18,605.34,VENUE-SIMULATED-FILL,MODELLED,41,730.36,3.918173,0.1973,,,,,MODELLED,False
Season 1:@KitchenSink_AllIn:2025-10-08:TSLA:2025-11-18,Season 1,@KitchenSink_AllIn,TSLA,,long,47,16874.41,2025-10-08,359.03,VENUE-SIMULATED-FILL,MODELLED,2025-11-18,358.5,VENUE-SIMULATED-FILL,MODELLED,41,-25.2,-0.149339,0.2898,,,,,MODELLED,False
Live Book (rehearsal):@KitchenSink_Official:2025-11-11:QQQ:2025-11-18,Live Book (rehearsal),@KitchenSink_Official,QQQ,,long,280,173312.0,2025-11-11,618.971429,VENUE-SIMULATED-FILL,SECONDARY,2025-11-18,599.6,VENUE-SIMULATED-FILL,SECONDARY,7,-5425.73,-3.130614,1.7265,,,0.333,0.00018,SECONDARY,False
Season 1:@OvernightCarry_NO:2025-11-17:SPY:2025-11-18,Season 1,@OvernightCarry_NO,SPY,,long,10,6653.9,2025-11-17,665.39,VENUE-SIMULATED-FILL,MODELLED,2025-11-18,664.51,VENUE-SIMULATED-FILL,MODELLED,1,-8.86,-0.133155,0.0617,,,,,MODELLED,False
Season 1:@OverreactionFade_LT:2025-11-13:CVNA:2025-11-18,Season 1,@OverreactionFade_LT,CVNA,,long,153,42481.98,2025-11-13,277.66,VENUE-SIMULATED-FILL,MODELLED,2025-11-18,245.7,VENUE-SIMULATED-FILL,MODELLED,5,-4890.82,-11.512693,0.9434,,,,,MODELLED,False
Season 2:@PinePilot_EMA_Cross:2025-09-17:QQQ:2025-11-18,Season 2,@PinePilot_EMA_Cross,QQQ,,long,1,591.65,2025-09-17,591.648365,VENUE-SIMULATED-FILL,MODELLED,2025-11-18,599.61,VENUE-SIMULATED-FILL,MODELLED,62,7.96,1.345394,0.0062,,,,,MODELLED,False
Live Book (rehearsal):@PinePilot_EMA_Live:2025-09-18:QQQ:2025-11-18,Live Book (rehearsal),@PinePilot_EMA_Live,QQQ,,long,240,142972.8,2025-09-18,595.72,VENUE-SIMULATED-FILL,SECONDARY,2025-11-18,599.6,VENUE-SIMULATED-FILL,SECONDARY,61,929.72,0.650278,1.4798,,,0.333,0.00026,SECONDARY,False
Season 1:@SpreadHarvester_MM:2025-11-17:NVDA:2025-11-18,Season 1,@SpreadHarvester_MM,NVDA,,short,128,29324.8,2025-11-17,229.1,VENUE-SIMULATED-FILL,MODELLED,2025-11-18,235.22,VENUE-SIMULATED-FILL,MODELLED,1,-782.87,-2.669652,-0.4908,,,,,MODELLED,False
Season 1:@SpreadHarvester_MM:2025-11-18:NVDA:2025-11-18,Season 1,@SpreadHarvester_MM,NVDA,,long,97,22816.34,2025-11-18,235.22,VENUE-SIMULATED-FILL,MODELLED,2025-11-18,235.25,VENUE-SIMULATED-FILL,MODELLED,0,3.28,0.014376,-0.3719,,,,,MODELLED,False
Live Book (rehearsal):@VIXRegime_LiveMax:2025-09-18:QQQ:2025-11-18,Live Book (rehearsal),@VIXRegime_LiveMax,QQQ,,long,120,73830.3,2025-09-18,615.25249,VENUE-SIMULATED-FILL,SECONDARY,2025-11-18,599.6,VENUE-SIMULATED-FILL,SECONDARY,61,-1879.04,-2.54508,0.7399,,,0.333,0.00026,SECONDARY,False
Season 2:@Weather_ColdSnap_Max:2025-10-06:XLU:2025-11-18,Season 2,@Weather_ColdSnap_Max,XLU,,long,63,2825.38,2025-10-06,44.847247,VENUE-SIMULATED-FILL,MODELLED,2025-11-18,44.81,VENUE-SIMULATED-FILL,MODELLED,43,-2.74,-0.096978,0.3885,,,,,MODELLED,False
Season 1:@BetaChaser_3xProxy:2025-09-17:META:2025-11-19,Season 1,@BetaChaser_3xProxy,META,,long,8,5846.67,2025-09-17,730.834062,VENUE-SIMULATED-FILL,MODELLED,2025-11-19,828.0,VENUE-SIMULATED-FILL,MODELLED,63,777.28,13.2944,0.0493,,,,,MODELLED,False
Season 1:@BetaChaser_3xProxy:2025-09-17:RIVN:2025-11-19,Season 1,@BetaChaser_3xProxy,RIVN,,long,291,4776.7,2025-09-17,16.414776,VENUE-SIMULATED-FILL,MODELLED,2025-11-19,16.81,VENUE-SIMULATED-FILL,MODELLED,63,113.22,2.370256,1.7943,,,,,MODELLED,False
Season 1:@BetaChaser_3xProxy:2025-09-17:TSLA:2025-11-19,Season 1,@BetaChaser_3xProxy,TSLA,,long,9,3091.98,2025-09-17,343.553478,VENUE-SIMULATED-FILL,MODELLED,2025-11-19,333.16,VENUE-SIMULATED-FILL,MODELLED,63,-93.6,-3.027185,0.0555,,,,,MODELLED,False
Live Book (rehearsal):@CurveSteepener_MaxBeta:2025-10-14:SPY:2025-11-19,Live Book (rehearsal),@CurveSteepener_MaxBeta,SPY,,long,40,26697.6,2025-10-14,667.44,VENUE-SIMULATED-FILL,SECONDARY,2025-11-19,660.78,VENUE-SIMULATED-FILL,SECONDARY,36,-266.65,-0.998779,0.2466,,,0.0,0.00014,SECONDARY,False
Season 2:@FDA_ClusterFade:2025-11-14:XBI:2025-11-19,Season 2,@FDA_ClusterFade,XBI,,short,16,1778.72,2025-11-14,111.17,VENUE-SIMULATED-FILL,MODELLED,2025-11-19,114.81,VENUE-SIMULATED-FILL,MODELLED,5,-58.34,-3.279887,0.0987,,,,,MODELLED,False
Season 1:@GapAndGo_YOLO:2025-11-19:RIVN:2025-11-19,Season 1,@GapAndGo_YOLO,RIVN,,long,1603,26962.46,2025-11-19,16.82,VENUE-SIMULATED-FILL,MODELLED,2025-11-19,16.73,VENUE-SIMULATED-FILL,MODELLED,0,-154.15,-0.571721,9.8841,,,,,MODELLED,False
Season 1:@IlliquidRocket_Degen:2025-10-09:RIVN:2025-11-19,Season 1,@IlliquidRocket_Degen,RIVN,,long,1199,20339.82,2025-10-09,16.963986,VENUE-SIMULATED-FILL,MODELLED,2025-11-19,16.81,VENUE-SIMULATED-FILL,MODELLED,41,-192.02,-0.94406,7.393,,,,,MODELLED,False
Season 1:@OvernightCarry_NO:2025-11-18:SPY:2025-11-19,Season 1,@OvernightCarry_NO,SPY,,long,289,190711.1,2025-11-18,659.9,VENUE-SIMULATED-FILL,MODELLED,2025-11-19,655.96,VENUE-SIMULATED-FILL,MODELLED,1,-1140.44,-0.597994,1.782,,,,,MODELLED,False
Season 1:@OverreactionFade_LT:2025-11-14:RIVN:2025-11-19,Season 1,@OverreactionFade_LT,RIVN,,long,2292,42058.2,2025-11-14,18.35,VENUE-SIMULATED-FILL,MODELLED,2025-11-19,16.81,VENUE-SIMULATED-FILL,MODELLED,5,-3543.81,-8.425967,14.1325,,,,,MODELLED,False
Season 1:@OverreactionFade_LT:2025-11-14:TSLA:2025-11-19,Season 1,@OverreactionFade_LT,TSLA,,long,114,41531.34,2025-11-14,364.31,VENUE-SIMULATED-FILL,MODELLED,2025-11-19,333.15,VENUE-SIMULATED-FILL,MODELLED,5,-3552.94,-8.554841,0.7029,,,,,MODELLED,False
Season 1:@SpreadHarvester_MM:2025-10-30:TSLA:2025-11-19,Season 1,@SpreadHarvester_MM,TSLA,,short,171,61402.62,2025-10-30,359.079649,VENUE-SIMULATED-FILL,MODELLED,2025-11-19,333.15,VENUE-SIMULATED-FILL,MODELLED,20,4434.63,7.222216,-0.6556,,,,,MODELLED,False
Season 1:@SpreadHarvester_MM:2025-11-18:NVDA:2025-11-19,Season 1,@SpreadHarvester_MM,NVDA,,short,128,30112.0,2025-11-18,235.25,VENUE-SIMULATED-FILL,MODELLED,2025-11-19,224.53,VENUE-SIMULATED-FILL,MODELLED,1,1372.65,4.558482,-0.4907,,,,,MODELLED,False
Season 1:@SpreadHarvester_MM:2025-11-19:NVDA:2025-11-19,Season 1,@SpreadHarvester_MM,NVDA,,long,126,28290.78,2025-11-19,224.53,VENUE-SIMULATED-FILL,MODELLED,2025-11-19,224.56,VENUE-SIMULATED-FILL,MODELLED,0,4.26,0.015058,-0.4831,,,,,MODELLED,False
Season 1:@TrendSurfer_GoldenX:2025-09-17:NVDA:2025-11-19,Season 1,@TrendSurfer_GoldenX,NVDA,,long,18,3438.95,2025-09-17,191.052948,VENUE-SIMULATED-FILL,MODELLED,2025-11-19,224.54,VENUE-SIMULATED-FILL,MODELLED,63,602.66,17.524519,0.111,,,,,MODELLED,False
Season 2:@FDA_ClusterFade:2025-11-14:XBI:2025-11-20,Season 2,@FDA_ClusterFade,XBI,,short,25,2779.25,2025-11-14,111.17,VENUE-SIMULATED-FILL,MODELLED,2025-11-20,116.16,VENUE-SIMULATED-FILL,MODELLED,6,-124.9,-4.494018,0.1542,,,,,MODELLED,False
Season 2:@GOLD_Trend_GLD:2025-09-17:GLD:2025-11-20,Season 2,@GOLD_Trend_GLD,GLD,,long,3,1040.25,2025-09-17,346.750328,VENUE-SIMULATED-FILL,MODELLED,2025-11-20,375.29,VENUE-SIMULATED-FILL,MODELLED,64,85.6,8.228783,0.0185,,,,,MODELLED,False
Season 1:@GapAndGo_YOLO:2025-11-20:CVNA:2025-11-20,Season 1,@GapAndGo_YOLO,CVNA,,long,111,26769.87,2025-11-20,241.17,VENUE-SIMULATED-FILL,MODELLED,2025-11-20,214.4,VENUE-SIMULATED-FILL,MODELLED,0,-2972.15,-11.102594,0.6844,,,,,MODELLED,False
Season 1:@GapAndGo_YOLO:2025-11-20:RIVN:2025-11-20,Season 1,@GapAndGo_YOLO,RIVN,,long,1579,26906.16,2025-11-20,17.04,VENUE-SIMULATED-FILL,MODELLED,2025-11-20,17.03,VENUE-SIMULATED-FILL,MODELLED,0,-25.53,-0.094885,9.7361,,,,,MODELLED,False
Season 1:@OvernightCarry_NO:2025-11-18:SPY:2025-11-20,Season 1,@OvernightCarry_NO,SPY,,long,12,7945.97,2025-11-18,662.164167,VENUE-SIMULATED-FILL,MODELLED,2025-11-20,657.96,VENUE-SIMULATED-FILL,MODELLED,2,-50.52,-0.635794,0.074,,,,,MODELLED,False
Season 1:@SpreadHarvester_MM:2025-11-19:NVDA:2025-11-20,Season 1,@SpreadHarvester_MM,NVDA,,short,128,28743.68,2025-11-19,224.56,VENUE-SIMULATED-FILL,MODELLED,2025-11-20,229.85,VENUE-SIMULATED-FILL,MODELLED,1,-676.63,-2.354013,-0.4907,,,,,MODELLED,False
Season 1:@SpreadHarvester_MM:2025-11-20:NVDA:2025-11-20,Season 1,@SpreadHarvester_MM,NVDA,,long,107,24593.95,2025-11-20,229.85,VENUE-SIMULATED-FILL,MODELLED,2025-11-20,229.89,VENUE-SIMULATED-FILL,MODELLED,0,4.69,0.01907,-0.4103,,,,,MODELLED,False
Season 1:@TrendSurfer_GoldenX:2025-09-17:NVDA:2025-11-20,Season 1,@TrendSurfer_GoldenX,NVDA,,long,4,764.21,2025-09-17,191.052948,VENUE-SIMULATED-FILL,MODELLED,2025-11-20,229.86,VENUE-SIMULATED-FILL,MODELLED,64,155.2,20.308506,0.0247,,,,,MODELLED,False
Season 1:@VIXRegime_Timer:2025-09-17:SPY:2025-11-20,Season 1,@VIXRegime_Timer,SPY,,long,76,50497.82,2025-09-17,664.445031,VENUE-SIMULATED-FILL,MODELLED,2025-11-20,657.96,VENUE-SIMULATED-FILL,MODELLED,64,-493.33,-0.976933,0.4686,,,,,MODELLED,False
Season 1:@DriftRider_PEAD:2025-10-31:RIVN:2025-11-21,Season 1,@DriftRider_PEAD,RIVN,,long,2434,36680.38,2025-10-31,15.07,VENUE-SIMULATED-FILL,MODELLED,2025-11-21,17.39,VENUE-SIMULATED-FILL,MODELLED,21,5631.87,15.353903,15.008,,,,,MODELLED,False
Season 2:@FDACatalyst_Rider:2025-10-30:XBI:2025-11-21,Season 2,@FDACatalyst_Rider,XBI,,long,22,2373.39,2025-10-30,107.881142,VENUE-SIMULATED-FILL,MODELLED,2025-11-21,113.82,VENUE-SIMULATED-FILL,MODELLED,22,130.52,5.499318,0.1357,,,,,MODELLED,False
Season 1:@GapAndGo_YOLO:2025-11-21:RIVN:2025-11-21,Season 1,@GapAndGo_YOLO,RIVN,,long,1478,25717.2,2025-11-21,17.4,VENUE-SIMULATED-FILL,MODELLED,2025-11-21,16.16,VENUE-SIMULATED-FILL,MODELLED,0,-1841.83,-7.161861,9.1133,,,,,MODELLED,False
Season 1:@OvernightCarry_NO:2025-11-20:SPY:2025-11-21,Season 1,@OvernightCarry_NO,SPY,,long,288,187793.28,2025-11-20,652.06,VENUE-SIMULATED-FILL,MODELLED,2025-11-21,651.98,VENUE-SIMULATED-FILL,MODELLED,1,-24.82,-0.013217,1.7758,,,,,MODELLED,False
Season 2:@PinePilot_EMA_Cross:2025-09-17:SPY:2025-11-21,Season 2,@PinePilot_EMA_Cross,SPY,,long,2,1321.23,2025-09-17,660.61609,VENUE-SIMULATED-FILL,MODELLED,2025-11-21,655.04,VENUE-SIMULATED-FILL,MODELLED,65,-11.16,-0.844666,0.0123,,,,,MODELLED,False
Season 1:@SpreadHarvester_MM:2025-11-20:NVDA:2025-11-21,Season 1,@SpreadHarvester_MM,NVDA,,short,74,17011.86,2025-11-20,229.89,VENUE-SIMULATED-FILL,MODELLED,2025-11-21,222.74,VENUE-SIMULATED-FILL,MODELLED,1,529.38,3.111829,-0.2837,,,,,MODELLED,False
Season 1:@SpreadHarvester_MM:2025-11-21:NVDA:2025-11-21,Season 1,@SpreadHarvester_MM,NVDA,,long,163,36306.62,2025-11-21,222.74,VENUE-SIMULATED-FILL,MODELLED,2025-11-21,222.77,VENUE-SIMULATED-FILL,MODELLED,0,5.51,0.015176,-0.6249,,,,,MODELLED,False
Season 1:@TrendSurfer_GoldenX:2025-10-20:MSFT:2025-11-21,Season 1,@TrendSurfer_GoldenX,MSFT,,long,1,580.06,2025-10-20,580.064879,VENUE-SIMULATED-FILL,MODELLED,2025-11-21,598.37,VENUE-SIMULATED-FILL,MODELLED,32,18.3,3.15482,0.0062,,,,,MODELLED,False
Live Book (rehearsal):@OilDollar_FadeUNG:2025-11-13:XOM:2025-11-24,Live Book (rehearsal),@OilDollar_FadeUNG,XOM,,long,300,35558.14,2025-11-13,118.527143,VENUE-SIMULATED-FILL,SECONDARY,2025-11-24,117.19,VENUE-SIMULATED-FILL,SECONDARY,11,-402.99,-1.133327,1.8498,,,0.853,0.00173,SECONDARY,False
Live Book (rehearsal):@OilDollar_FadeUNG:2025-11-14:UNG:2025-11-24,Live Book (rehearsal),@OilDollar_FadeUNG,UNG,,long,100,1450.0,2025-11-14,14.5,VENUE-SIMULATED-FILL,SECONDARY,2025-11-24,14.3,VENUE-SIMULATED-FILL,SECONDARY,10,-20.62,-1.422069,0.6166,,,6.988,0.03617,SECONDARY,False
Season 1:@OvernightCarry_NO:2025-11-21:SPY:2025-11-24,Season 1,@OvernightCarry_NO,SPY,,long,14,9218.58,2025-11-21,658.47,VENUE-SIMULATED-FILL,MODELLED,2025-11-24,660.45,VENUE-SIMULATED-FILL,MODELLED,3,27.63,0.299721,0.0863,,,,,MODELLED,False
Season 1:@OverreactionFade_LT:2025-10-15:AMZN:2025-11-24,Season 1,@OverreactionFade_LT,AMZN,,long,168,37697.01,2025-10-15,224.386982,VENUE-SIMULATED-FILL,MODELLED,2025-11-24,224.48,VENUE-SIMULATED-FILL,MODELLED,40,14.59,0.038703,1.0359,,,,,MODELLED,False
Season 1:@SpreadHarvester_MM:2025-11-21:NVDA:2025-11-24,Season 1,@SpreadHarvester_MM,NVDA,,short,81,18044.37,2025-11-21,222.77,VENUE-SIMULATED-FILL,MODELLED,2025-11-24,224.34,VENUE-SIMULATED-FILL,MODELLED,3,-126.86,-0.703045,-0.3106,,,,,MODELLED,False
Season 1:@SpreadHarvester_MM:2025-11-24:NVDA:2025-11-24,Season 1,@SpreadHarvester_MM,NVDA,,long,129,28939.86,2025-11-24,224.34,VENUE-SIMULATED-FILL,MODELLED,2025-11-24,224.37,VENUE-SIMULATED-FILL,MODELLED,0,4.36,0.015066,-0.4946,,,,,MODELLED,False
Season 1:@VIXRegime_Timer:2025-09-17:SPY:2025-11-24,Season 1,@VIXRegime_Timer,SPY,,long,74,48942.97,2025-09-17,661.39154,VENUE-SIMULATED-FILL,MODELLED,2025-11-24,660.45,VENUE-SIMULATED-FILL,MODELLED,68,-70.13,-0.143289,0.4563,,,,,MODELLED,False
Season 2:@Weather_ColdSnap_Max:2025-10-06:XLU:2025-11-24,Season 2,@Weather_ColdSnap_Max,XLU,,long,31,1389.98,2025-10-06,44.837937,VENUE-SIMULATED-FILL,MODELLED,2025-11-24,44.13,VENUE-SIMULATED-FILL,MODELLED,49,-22.14,-1.592833,0.1911,,,,,MODELLED,False
Official Auction Book:@BillCarry_TenX:2025-10-23:912797RQ2:2025-11-25,Official Auction Book,@BillCarry_TenX,912797RQ2,17-Week,long,934000.0,93113417.98,2025-10-23,99.693167,PRIMARY-AUCTION,OFFICIAL,2025-11-25,100.0,MATURITY-REDEMPTION,OFFICIAL,33,2865.82,0.003078,0.0,0.0,0.0,,,OFFICIAL,True
Season 2:@FDA_ClusterFade:2025-11-14:XBI:2025-11-25,Season 2,@FDA_ClusterFade,XBI,,short,109,12128.6,2025-11-14,111.271551,VENUE-SIMULATED-FILL,MODELLED,2025-11-25,119.84,VENUE-SIMULATED-FILL,MODELLED,11,-934.63,-7.706001,0.6721,,,,,MODELLED,False
Season 1:@GapAndGo_YOLO:2025-11-25:NVDA:2025-11-25,Season 1,@GapAndGo_YOLO,NVDA,,long,102,24968.58,2025-11-25,244.79,VENUE-SIMULATED-FILL,MODELLED,2025-11-25,250.39,VENUE-SIMULATED-FILL,MODELLED,0,570.57,2.285152,0.6289,,,,,MODELLED,False
Season 1:@GapAndGo_YOLO:2025-11-25:TSLA:2025-11-25,Season 1,@GapAndGo_YOLO,TSLA,,long,62,24653.06,2025-11-25,397.63,VENUE-SIMULATED-FILL,MODELLED,2025-11-25,402.78,VENUE-SIMULATED-FILL,MODELLED,0,318.92,1.293633,0.3823,,,,,MODELLED,False
Season 1:@MeanRev_Z2Sigma:2025-11-21:AAPL:2025-11-25,Season 1,@MeanRev_Z2Sigma,AAPL,,long,118,34309.68,2025-11-21,290.76,VENUE-SIMULATED-FILL,MODELLED,2025-11-25,308.19,VENUE-SIMULATED-FILL,MODELLED,4,2056.01,5.992507,0.7276,,,,,MODELLED,False
Season 1:@OvernightCarry_NO:2025-11-24:SPY:2025-11-25,Season 1,@OvernightCarry_NO,SPY,,long,283,189227.95,2025-11-24,668.65,VENUE-SIMULATED-FILL,MODELLED,2025-11-25,667.22,VENUE-SIMULATED-FILL,MODELLED,1,-406.44,-0.214789,1.745,,,,,MODELLED,False
Official Auction Book:@SOFRPivot_Switch:2025-10-23:912797RQ2:2025-11-25,Official Auction Book,@SOFRPivot_Switch,912797RQ2,17-Week,long,99600.0,9929439.43,2025-10-23,99.693167,PRIMARY-AUCTION,OFFICIAL,2025-11-25,100.0,MATURITY-REDEMPTION,OFFICIAL,33,305.61,0.003078,0.0,0.0,0.0,,,OFFICIAL,True
Season 1:@SpreadHarvester_MM:2025-11-24:NVDA:2025-11-25,Season 1,@SpreadHarvester_MM,NVDA,,short,106,23783.22,2025-11-24,224.37,VENUE-SIMULATED-FILL,MODELLED,2025-11-25,244.76,VENUE-SIMULATED-FILL,MODELLED,1,-2160.93,-9.085944,-0.4064,,,,,MODELLED,False
Season 1:@SpreadHarvester_MM:2025-11-25:NVDA:2025-11-25,Season 1,@SpreadHarvester_MM,NVDA,,long,91,22273.16,2025-11-25,244.76,VENUE-SIMULATED-FILL,MODELLED,2025-11-25,244.8,VENUE-SIMULATED-FILL,MODELLED,0,3.99,0.017914,-0.3489,,,,,MODELLED,False
Official Auction Book:@TBillLadder_MaxRoll:2025-10-23:912797RQ2:2025-11-25,Official Auction Book,@TBillLadder_MaxRoll,912797RQ2,17-Week,long,100100.0,9979286.02,2025-10-23,99.693167,PRIMARY-AUCTION,OFFICIAL,2025-11-25,100.0,MATURITY-REDEMPTION,OFFICIAL,33,307.14,0.003078,0.0,0.0,0.0,,,OFFICIAL,True
Live Book (rehearsal):@VIXRegime_LiveMax:2025-11-18:QQQ:2025-11-25,Live Book (rehearsal),@VIXRegime_LiveMax,QQQ,,short,160,95936.0,2025-11-18,599.6,VENUE-SIMULATED-FILL,SECONDARY,2025-11-25,603.53,VENUE-SIMULATED-FILL,SECONDARY,7,-629.79,-0.656469,0.9866,,,0.331,0.00034,SECONDARY,False
Season 2:@Weather_ColdSnap_Max:2025-10-06:XLU:2025-11-25,Season 2,@Weather_ColdSnap_Max,XLU,,long,80,3587.03,2025-10-06,44.837937,VENUE-SIMULATED-FILL,MODELLED,2025-11-25,44.68,VENUE-SIMULATED-FILL,MODELLED,50,-13.13,-0.36604,0.4933,,,,,MODELLED,False
Live Book (rehearsal):@CurveSteepener_MaxBeta:2025-11-14:JPM:2025-11-26,Live Book (rehearsal),@CurveSteepener_MaxBeta,JPM,,long,280,85687.2,2025-11-14,306.025714,VENUE-SIMULATED-FILL,SECONDARY,2025-11-26,304.99,VENUE-SIMULATED-FILL,SECONDARY,12,-291.73,-0.340459,1.7265,,,0.328,0.00155,SECONDARY,False
Live Book (rehearsal):@CurveSteepener_MaxBeta:2025-11-14:XOM:2025-11-26,Live Book (rehearsal),@CurveSteepener_MaxBeta,XOM,,long,600,71206.29,2025-11-14,118.677143,VENUE-SIMULATED-FILL,SECONDARY,2025-11-26,114.41,VENUE-SIMULATED-FILL,SECONDARY,12,-2563.99,-3.600792,3.6996,,,0.0,0.00234,SECONDARY,False
Season 2:@FDA_ClusterFade:2025-11-14:XBI:2025-11-26,Season 2,@FDA_ClusterFade,XBI,,short,28,3115.6,2025-11-14,111.271551,VENUE-SIMULATED-FILL,MODELLED,2025-11-26,121.56,VENUE-SIMULATED-FILL,MODELLED,12,-288.25,-9.251819,0.1726,,,,,MODELLED,False
Season 1:@GapAndGo_YOLO:2025-11-26:RIVN:2025-11-26,Season 1,@GapAndGo_YOLO,RIVN,,long,1424,25332.96,2025-11-26,17.79,VENUE-SIMULATED-FILL,MODELLED,2025-11-26,18.37,VENUE-SIMULATED-FILL,MODELLED,0,817.14,3.2256,8.7804,,,,,MODELLED,False
Season 1:@MeanRev_Z2Sigma:2025-11-18:IWM:2025-11-26,Season 1,@MeanRev_Z2Sigma,IWM,,long,145,35087.1,2025-11-18,241.98,VENUE-SIMULATED-FILL,MODELLED,2025-11-26,245.38,VENUE-SIMULATED-FILL,MODELLED,8,492.11,1.402538,0.8941,,,,,MODELLED,False
Season 1:@MeanRev_Z2Sigma:2025-11-19:QQQ:2025-11-26,Season 1,@MeanRev_Z2Sigma,QQQ,,long,58,34314.54,2025-11-19,591.63,VENUE-SIMULATED-FILL,MODELLED,2025-11-26,604.01,VENUE-SIMULATED-FILL,MODELLED,7,717.68,2.091475,0.3576,,,,,MODELLED,False
Season 1:@MeanRev_Z2Sigma:2025-11-19:SPY:2025-11-26,Season 1,@MeanRev_Z2Sigma,SPY,,long,53,34766.41,2025-11-19,655.97,VENUE-SIMULATED-FILL,MODELLED,2025-11-26,675.69,VENUE-SIMULATED-FILL,MODELLED,7,1044.83,3.005286,0.3268,,,,,MODELLED,False
Season 1:@MeanRev_Z2Sigma:2025-11-21:CAT:2025-11-26,Season 1,@MeanRev_Z2Sigma,CAT,,long,81,34075.08,2025-11-21,420.68,VENUE-SIMULATED-FILL,MODELLED,2025-11-26,444.75,VENUE-SIMULATED-FILL,MODELLED,5,1949.17,5.720221,0.4994,,,,,MODELLED,False
Live Book (rehearsal):@OilDollar_FadeUNG:2025-11-13:XOM:2025-11-26,Live Book (rehearsal),@OilDollar_FadeUNG,XOM,,long,100,11852.71,2025-11-13,118.527143,VENUE-SIMULATED-FILL,SECONDARY,2025-11-26,114.41,VENUE-SIMULATED-FILL,SECONDARY,13,-412.33,-3.478781,0.6166,,,0.0,0.00173,SECONDARY,False
Season 1:@OvernightCarry_NO:2025-11-24:SPY:2025-11-26,Season 1,@OvernightCarry_NO,SPY,,long,10,6741.59,2025-11-24,674.159091,VENUE-SIMULATED-FILL,MODELLED,2025-11-26,675.69,VENUE-SIMULATED-FILL,MODELLED,2,15.25,0.226208,0.0617,,,,,MODELLED,False
Season 1:@OverreactionFade_LT:2025-11-24:RIVN:2025-11-26,Season 1,@OverreactionFade_LT,RIVN,,long,2389,37937.32,2025-11-24,15.88,VENUE-SIMULATED-FILL,MODELLED,2025-11-26,17.78,VENUE-SIMULATED-FILL,MODELLED,2,4524.37,11.925908,14.7306,,,,,MODELLED,False
Season 1:@SectorRotator_AlphaX:2025-09-17:META:2025-11-26,Season 1,@SectorRotator_AlphaX,META,,long,4,2872.88,2025-09-17,718.22,VENUE-SIMULATED-FILL,MODELLED,2025-11-26,942.74,VENUE-SIMULATED-FILL,MODELLED,70,898.06,31.25992,0.0247,,,,,MODELLED,False
Season 1:@SpreadHarvester_MM:2025-11-25:NVDA:2025-11-26,Season 1,@SpreadHarvester_MM,NVDA,,short,90,22032.0,2025-11-25,244.8,VENUE-SIMULATED-FILL,MODELLED,2025-11-26,249.99,VENUE-SIMULATED-FILL,MODELLED,1,-466.75,-2.118509,-0.3451,,,,,MODELLED,False
Season 1:@SpreadHarvester_MM:2025-11-26:NVDA:2025-11-26,Season 1,@SpreadHarvester_MM,NVDA,,long,89,22249.11,2025-11-26,249.99,VENUE-SIMULATED-FILL,MODELLED,2025-11-26,250.03,VENUE-SIMULATED-FILL,MODELLED,0,3.9,0.017529,-0.3412,,,,,MODELLED,False
Official Auction Book:@ConcessionFade_Notes:2025-09-18:91282CNS6:2025-11-28,Official Auction Book,@ConcessionFade_Notes,91282CNS6,10-Year,long,706800.0,72003374.15,2025-09-18,101.872346,PRIMARY-AUCTION,OFFICIAL,2025-11-28,101.054399,SECONDARY-CURVE,OFFICIAL-DERIVED,71,-5781.25,-0.008029,0.0,0.0,0.0,,,OFFICIAL-DERIVED,False
Season 2:@FDA_ClusterFade:2025-11-14:XBI:2025-11-28,Season 2,@FDA_ClusterFade,XBI,,short,959,106709.42,2025-11-14,111.271551,VENUE-SIMULATED-FILL,MODELLED,2025-11-28,123.04,VENUE-SIMULATED-FILL,MODELLED,14,-11291.86,-10.581878,5.9132,,,,,MODELLED,False
Season 1:@KitchenSink_AllIn:2025-11-26:JPM:2025-11-28,Season 1,@KitchenSink_AllIn,JPM,,long,36,10667.16,2025-11-26,296.31,VENUE-SIMULATED-FILL,MODELLED,2025-11-28,296.5,VENUE-SIMULATED-FILL,MODELLED,2,6.62,0.06206,0.222,,,,,MODELLED,False
Season 1:@KitchenSink_AllIn:2025-11-26:META:2025-11-28,Season 1,@KitchenSink_AllIn,META,,long,11,10370.47,2025-11-26,942.77,VENUE-SIMULATED-FILL,MODELLED,2025-11-28,942.14,VENUE-SIMULATED-FILL,MODELLED,2,-7.0,-0.067499,0.0678,,,,,MODELLED,False
Season 1:@KitchenSink_AllIn:2025-11-26:NVDA:2025-11-28,Season 1,@KitchenSink_AllIn,NVDA,,long,45,11250.9,2025-11-26,250.02,VENUE-SIMULATED-FILL,MODELLED,2025-11-28,253.16,VENUE-SIMULATED-FILL,MODELLED,2,141.02,1.253411,0.2775,,,,,MODELLED,False
Season 1:@KitchenSink_AllIn:2025-11-26:TSLA:2025-11-28,Season 1,@KitchenSink_AllIn,TSLA,,long,27,10834.29,2025-11-26,401.27,VENUE-SIMULATED-FILL,MODELLED,2025-11-28,399.95,VENUE-SIMULATED-FILL,MODELLED,2,-35.81,-0.330525,0.1665,,,,,MODELLED,False
Live Book (rehearsal):@OilDollar_FadeUNG:2025-11-24:UNG:2025-11-28,Live Book (rehearsal),@OilDollar_FadeUNG,UNG,,short,300,4286.61,2025-11-24,14.28871,VENUE-SIMULATED-FILL,SECONDARY,2025-11-28,14.62,VENUE-SIMULATED-FILL,SECONDARY,4,-101.24,-2.361771,1.8498,,,0.0,0.0748,SECONDARY,False
Season 1:@OvernightCarry_NO:2025-11-24:SPY:2025-11-28,Season 1,@OvernightCarry_NO,SPY,,long,280,190218.39,2025-11-24,679.35139,VENUE-SIMULATED-FILL,MODELLED,2025-11-28,683.33,VENUE-SIMULATED-FILL,MODELLED,4,1112.28,0.584738,1.7265,,,,,MODELLED,False
Season 1:@SpreadHarvester_MM:2025-11-26:NVDA:2025-11-28,Season 1,@SpreadHarvester_MM,NVDA,,short,88,22002.64,2025-11-26,250.03,VENUE-SIMULATED-FILL,MODELLED,2025-11-28,253.15,VENUE-SIMULATED-FILL,MODELLED,2,-274.22,-1.246305,-0.3374,,,,,MODELLED,False
Season 1:@SpreadHarvester_MM:2025-11-28:NVDA:2025-11-28,Season 1,@SpreadHarvester_MM,NVDA,,long,87,22024.05,2025-11-28,253.15,VENUE-SIMULATED-FILL,MODELLED,2025-11-28,253.19,VENUE-SIMULATED-FILL,MODELLED,0,3.81,0.017299,-0.3336,,,,,MODELLED,False
Season 1:@SqueezeHunter_TF:2025-11-26:NVDA:2025-11-28,Season 1,@SqueezeHunter_TF,NVDA,,long,214,53504.28,2025-11-26,250.02,VENUE-SIMULATED-FILL,MODELLED,2025-11-28,253.16,VENUE-SIMULATED-FILL,MODELLED,2,670.64,1.253432,1.3195,,,,,MODELLED,False
Season 1:@VIXRegime_Timer:2025-09-17:SPY:2025-11-28,Season 1,@VIXRegime_Timer,SPY,,long,78,51597.92,2025-09-17,661.511779,VENUE-SIMULATED-FILL,MODELLED,2025-11-28,683.33,VENUE-SIMULATED-FILL,MODELLED,72,1701.34,3.297304,0.4809,,,,,MODELLED,False
Live Book (rehearsal):@CurveSteepener_MaxBeta:2025-11-14:XOM:2025-12-01,Live Book (rehearsal),@CurveSteepener_MaxBeta,XOM,,long,100,11867.71,2025-11-14,118.677143,VENUE-SIMULATED-FILL,SECONDARY,2025-12-01,116.09,VENUE-SIMULATED-FILL,SECONDARY,17,-259.33,-2.185172,0.6166,,,0.861,0.00234,SECONDARY,False
Season 2:@FDACatalyst_Rider:2025-10-30:XBI:2025-12-01,Season 2,@FDACatalyst_Rider,XBI,,long,1518,164810.82,2025-10-30,108.571029,VENUE-SIMULATED-FILL,MODELLED,2025-12-01,121.83,VENUE-SIMULATED-FILL,MODELLED,32,20117.76,12.206577,9.36,,,,,MODELLED,False
Season 2:@FDACatalyst_Rider:2025-11-20:IBB:2025-12-01,Season 2,@FDACatalyst_Rider,IBB,,long,282,47117.86,2025-11-20,167.08461,VENUE-SIMULATED-FILL,MODELLED,2025-12-01,172.54,VENUE-SIMULATED-FILL,MODELLED,11,1536.68,3.261354,1.7388,,,,,MODELLED,False
Live Book (rehearsal):@FDA_Fade_Live:2025-11-17:XBI:2025-12-01,Live Book (rehearsal),@FDA_Fade_Live,XBI,,short,1000,113500.0,2025-11-17,113.5,VENUE-SIMULATED-FILL,SECONDARY,2025-12-01,121.86,VENUE-SIMULATED-FILL,SECONDARY,14,-8366.17,-7.371075,6.166,,,0.821,0.00806,SECONDARY,False
Season 1:@GapAndGo_YOLO:2025-12-01:NVDA:2025-12-01,Season 1,@GapAndGo_YOLO,NVDA,,long,101,25654.0,2025-12-01,254.0,VENUE-SIMULATED-FILL,MODELLED,2025-12-01,248.33,VENUE-SIMULATED-FILL,MODELLED,0,-573.29,-2.2347,0.6228,,,,,MODELLED,False
Season 1:@KitchenSink_AllIn:2025-11-26:JPM:2025-12-01,Season 1,@KitchenSink_AllIn,JPM,,long,27,8000.37,2025-11-26,296.31,VENUE-SIMULATED-FILL,MODELLED,2025-12-01,303.36,VENUE-SIMULATED-FILL,MODELLED,5,190.18,2.37714,0.1665,,,,,MODELLED,False
Season 1:@KitchenSink_AllIn:2025-11-26:META:2025-12-01,Season 1,@KitchenSink_AllIn,META,,long,7,6599.39,2025-11-26,942.77,VENUE-SIMULATED-FILL,MODELLED,2025-12-01,949.4,VENUE-SIMULATED-FILL,MODELLED,5,46.37,0.702641,0.0432,,,,,MODELLED,False
Season 1:@KitchenSink_AllIn:2025-11-26:NVDA:2025-12-01,Season 1,@KitchenSink_AllIn,NVDA,,long,28,7000.56,2025-11-26,250.02,VENUE-SIMULATED-FILL,MODELLED,2025-12-01,253.98,VENUE-SIMULATED-FILL,MODELLED,5,110.71,1.581445,0.1726,,,,,MODELLED,False
Season 1:@KitchenSink_AllIn:2025-11-26:TSLA:2025-12-01,Season 1,@KitchenSink_AllIn,TSLA,,long,17,6821.59,2025-11-26,401.27,VENUE-SIMULATED-FILL,MODELLED,2025-12-01,400.26,VENUE-SIMULATED-FILL,MODELLED,5,-17.27,-0.253167,0.1048,,,,,MODELLED,False
Live Book (rehearsal):@KitchenSink_Official:2025-11-19:TLT:2025-12-01,Live Book (rehearsal),@KitchenSink_Official,TLT,,long,1500,133742.81,2025-11-19,89.161875,VENUE-SIMULATED-FILL,SECONDARY,2025-12-01,88.84,VENUE-SIMULATED-FILL,SECONDARY,12,-492.06,-0.367915,9.249,,,1.125,0.00427,SECONDARY,False
Season 1:@MomentumMax_12x1:2025-09-17:NVDA:2025-12-01,Season 1,@MomentumMax_12x1,NVDA,,long,17,3144.3,2025-09-17,184.95907,VENUE-SIMULATED-FILL,MODELLED,2025-12-01,253.98,VENUE-SIMULATED-FILL,MODELLED,75,1173.25,37.313502,0.1048,,,,,MODELLED,False
Live Book (rehearsal):@OilDollar_FadeUNG:2025-11-24:UNG:2025-12-01,Live Book (rehearsal),@OilDollar_FadeUNG,UNG,,short,300,4286.61,2025-11-24,14.28871,VENUE-SIMULATED-FILL,SECONDARY,2025-12-01,15.03,VENUE-SIMULATED-FILL,SECONDARY,7,-224.24,-5.23117,1.8498,,,6.658,0.0748,SECONDARY,False
Season 1:@OvernightCarry_NO:2025-11-28:SPY:2025-12-01,Season 1,@OvernightCarry_NO,SPY,,long,10,6830.1,2025-11-28,683.01,VENUE-SIMULATED-FILL,MODELLED,2025-12-01,683.59,VENUE-SIMULATED-FILL,MODELLED,3,5.74,0.08404,0.0617,,,,,MODELLED,False
Season 1:@SpreadHarvester_MM:2025-11-28:NVDA:2025-12-01,Season 1,@SpreadHarvester_MM,NVDA,,short,86,21774.34,2025-11-28,253.19,VENUE-SIMULATED-FILL,MODELLED,2025-12-01,253.97,VENUE-SIMULATED-FILL,MODELLED,3,-66.75,-0.306553,-0.3297,,,,,MODELLED,False
Season 1:@SpreadHarvester_MM:2025-12-01:NVDA:2025-12-01,Season 1,@SpreadHarvester_MM,NVDA,,long,85,21587.45,2025-12-01,253.97,VENUE-SIMULATED-FILL,MODELLED,2025-12-01,254.01,VENUE-SIMULATED-FILL,MODELLED,0,3.73,0.017279,-0.3259,,,,,MODELLED,False
Season 1:@VolCarry_LowHigh:2025-09-17:IWM:2025-12-01,Season 1,@VolCarry_LowHigh,IWM,,long,4,969.52,2025-09-17,242.38,VENUE-SIMULATED-FILL,MODELLED,2025-12-01,247.8,VENUE-SIMULATED-FILL,MODELLED,75,21.66,2.234095,0.0247,,,,,MODELLED,False
Season 1:@VolCarry_LowHigh:2025-09-17:QQQ:2025-12-01,Season 1,@VolCarry_LowHigh,QQQ,,long,2,1171.18,2025-09-17,585.59,VENUE-SIMULATED-FILL,MODELLED,2025-12-01,613.44,VENUE-SIMULATED-FILL,MODELLED,75,55.69,4.755033,0.0123,,,,,MODELLED,False
Season 1:@VolCarry_LowHigh:2025-09-17:RIVN:2025-12-01,Season 1,@VolCarry_LowHigh,RIVN,,short,360,5871.6,2025-09-17,16.31,VENUE-SIMULATED-FILL,MODELLED,2025-12-01,18.38,VENUE-SIMULATED-FILL,MODELLED,75,-747.42,-12.729409,2.2198,,,,,MODELLED,False
Season 1:@VolCarry_LowHigh:2025-09-17:SPY:2025-12-01,Season 1,@VolCarry_LowHigh,SPY,,long,1,655.41,2025-09-17,655.41,VENUE-SIMULATED-FILL,MODELLED,2025-12-01,683.59,VENUE-SIMULATED-FILL,MODELLED,75,28.17,4.298073,0.0062,,,,,MODELLED,False
Live Book (rehearsal):@Weather_ColdSnap_Live:2025-10-20:UNG:2025-12-01,Live Book (rehearsal),@Weather_ColdSnap_Live,UNG,,short,300,4086.06,2025-10-20,13.620185,VENUE-SIMULATED-FILL,SECONDARY,2025-12-01,15.03,VENUE-SIMULATED-FILL,SECONDARY,42,-424.79,-10.39609,1.8498,,,6.658,0.03265,SECONDARY,False
Live Book (rehearsal):@CurveSteepener_MaxBeta:2025-11-28:SPY:2025-12-02,Live Book (rehearsal),@CurveSteepener_MaxBeta,SPY,,long,120,81703.2,2025-11-28,680.86,VENUE-SIMULATED-FILL,SECONDARY,2025-12-02,681.91,VENUE-SIMULATED-FILL,SECONDARY,4,125.26,0.153311,0.7399,,,0.146,0.00024,SECONDARY,False
Season 1:@DriftRider_PEAD:2025-11-10:UNH:2025-12-02,Season 1,@DriftRider_PEAD,UNH,,long,122,37779.74,2025-11-10,309.67,VENUE-SIMULATED-FILL,MODELLED,2025-12-02,319.28,VENUE-SIMULATED-FILL,MODELLED,22,1171.67,3.101318,0.7523,,,,,MODELLED,False
Live Book (rehearsal):@FDA_PDUFA_Drifter:2025-10-30:IBB:2025-12-02,Live Book (rehearsal),@FDA_PDUFA_Drifter,IBB,,long,200,31422.0,2025-10-30,157.11,VENUE-SIMULATED-FILL,SECONDARY,2025-12-02,170.15,VENUE-SIMULATED-FILL,SECONDARY,33,2606.77,8.296003,1.2332,,,0.588,0.00776,SECONDARY,False
Live Book (rehearsal):@FDA_PDUFA_Drifter:2025-11-06:XBI:2025-12-02,Live Book (rehearsal),@FDA_PDUFA_Drifter,XBI,,long,1400,153926.0,2025-11-06,109.947143,VENUE-SIMULATED-FILL,SECONDARY,2025-12-02,119.79,VENUE-SIMULATED-FILL,SECONDARY,26,13771.37,8.946747,8.6324,,,0.835,0.00705,SECONDARY,False
Season 1:@GapAndGo_YOLO:2025-12-02:CVNA:2025-12-02,Season 1,@GapAndGo_YOLO,CVNA,,long,111,25329.09,2025-12-02,228.19,VENUE-SIMULATED-FILL,MODELLED,2025-12-02,232.06,VENUE-SIMULATED-FILL,MODELLED,0,428.89,1.69327,0.6844,,,,,MODELLED,False
Season 1:@GapAndGo_YOLO:2025-12-02:TSLA:2025-12-02,Season 1,@GapAndGo_YOLO,TSLA,,long,59,25329.88,2025-12-02,429.32,VENUE-SIMULATED-FILL,MODELLED,2025-12-02,407.36,VENUE-SIMULATED-FILL,MODELLED,0,-1296.0,-5.116487,0.3638,,,,,MODELLED,False
Season 1:@GapAndGo_YOLO:2025-12-02:UNH:2025-12-02,Season 1,@GapAndGo_YOLO,UNH,,long,79,25227.86,2025-12-02,319.34,VENUE-SIMULATED-FILL,MODELLED,2025-12-02,299.81,VENUE-SIMULATED-FILL,MODELLED,0,-1543.36,-6.117681,0.4871,,,,,MODELLED,False
Season 1:@KitchenSink_AllIn:2025-11-26:TSLA:2025-12-02,Season 1,@KitchenSink_AllIn,TSLA,,long,7,2808.89,2025-11-26,401.27,VENUE-SIMULATED-FILL,MODELLED,2025-12-02,429.29,VENUE-SIMULATED-FILL,MODELLED,6,196.1,6.981405,0.0432,,,,,MODELLED,False
Official Auction Book:@LiquidityWeighted_Participant:2025-10-21:912797QS9:2025-12-02,Official Auction Book,@LiquidityWeighted_Participant,912797QS9,26-Week,long,235200.0,23411886.32,2025-10-21,99.540333,PRIMARY-AUCTION,OFFICIAL,2025-12-02,99.979,SECONDARY-CURVE,OFFICIAL-DERIVED,42,1031.74,0.004407,0.0,0.0,0.0,,,OFFICIAL-DERIVED,False
Live Book (rehearsal):@OilDollar_FadeUNG:2025-11-24:UNG:2025-12-02,Live Book (rehearsal),@OilDollar_FadeUNG,UNG,,short,400,5715.48,2025-11-24,14.28871,VENUE-SIMULATED-FILL,SECONDARY,2025-12-02,15.24,VENUE-SIMULATED-FILL,SECONDARY,8,-382.98,-6.700745,2.4664,,,0.0,0.0748,SECONDARY,False
Season 1:@OvernightCarry_NO:2025-12-01:SPY:2025-12-02,Season 1,@OvernightCarry_NO,SPY,,long,279,189549.81,2025-12-01,679.39,VENUE-SIMULATED-FILL,MODELLED,2025-12-02,678.55,VENUE-SIMULATED-FILL,MODELLED,1,-236.08,-0.124548,1.7203,,,,,MODELLED,False
Live Book (rehearsal):@PinePilot_EMA_Live:2025-11-18:QQQ:2025-12-02,Live Book (rehearsal),@PinePilot_EMA_Live,QQQ,,short,160,95936.0,2025-11-18,599.6,VENUE-SIMULATED-FILL,SECONDARY,2025-12-02,619.48,VENUE-SIMULATED-FILL,SECONDARY,14,-3181.79,-3.316576,0.9866,,,0.323,0.00048,SECONDARY,False
Season 1:@SpreadHarvester_MM:2025-12-01:NVDA:2025-12-02,Season 1,@SpreadHarvester_MM,NVDA,,short,84,21336.84,2025-12-01,254.01,VENUE-SIMULATED-FILL,MODELLED,2025-12-02,250.2,VENUE-SIMULATED-FILL,MODELLED,1,320.36,1.501441,-0.322,,,,,MODELLED,False
Season 1:@SpreadHarvester_MM:2025-12-02:NVDA:2025-12-02,Season 1,@SpreadHarvester_MM,NVDA,,long,72,18014.4,2025-12-02,250.2,VENUE-SIMULATED-FILL,MODELLED,2025-12-02,250.24,VENUE-SIMULATED-FILL,MODELLED,0,3.16,0.017542,-0.2761,,,,,MODELLED,False
Live Book (rehearsal):@VolControl_MaxLev:2025-11-26:QQQ:2025-12-02,Live Book (rehearsal),@VolControl_MaxLev,QQQ,,long,40,24518.72,2025-11-26,612.968,VENUE-SIMULATED-FILL,SECONDARY,2025-12-02,619.46,VENUE-SIMULATED-FILL,SECONDARY,6,259.43,1.058089,0.2466,,,0.0,0.00028,SECONDARY,False
Live Book (rehearsal):@Weather_ColdSnap_Live:2025-10-20:UNG:2025-12-02,Live Book (rehearsal),@Weather_ColdSnap_Live,UNG,,short,400,5448.07,2025-10-20,13.620185,VENUE-SIMULATED-FILL,SECONDARY,2025-12-02,15.24,VENUE-SIMULATED-FILL,SECONDARY,43,-650.39,-11.93798,2.4664,,,0.0,0.03265,SECONDARY,False
Season 1:@KitchenSink_AllIn:2025-11-26:JPM:2025-12-03,Season 1,@KitchenSink_AllIn,JPM,,long,29,8592.99,2025-11-26,296.31,VENUE-SIMULATED-FILL,MODELLED,2025-12-03,295.44,VENUE-SIMULATED-FILL,MODELLED,7,-25.41,-0.295706,0.1788,,,,,MODELLED,False
Season 1:@KitchenSink_AllIn:2025-11-26:META:2025-12-03,Season 1,@KitchenSink_AllIn,META,,long,11,10370.47,2025-11-26,942.77,VENUE-SIMULATED-FILL,MODELLED,2025-12-03,966.56,VENUE-SIMULATED-FILL,MODELLED,7,261.62,2.52274,0.0678,,,,,MODELLED,False
Season 1:@KitchenSink_AllIn:2025-11-26:NVDA:2025-12-03,Season 1,@KitchenSink_AllIn,NVDA,,long,37,9250.74,2025-11-26,250.02,VENUE-SIMULATED-FILL,MODELLED,2025-12-03,253.03,VENUE-SIMULATED-FILL,MODELLED,7,111.14,1.201417,0.2281,,,,,MODELLED,False
Season 1:@KitchenSink_AllIn:2025-11-26:TSLA:2025-12-03,Season 1,@KitchenSink_AllIn,TSLA,,long,18,7222.86,2025-11-26,401.27,VENUE-SIMULATED-FILL,MODELLED,2025-12-03,404.36,VENUE-SIMULATED-FILL,MODELLED,7,55.51,0.768532,0.111,,,,,MODELLED,False
Season 1:@KitchenSink_AllIn:2025-12-01:AAPL:2025-12-03,Season 1,@KitchenSink_AllIn,AAPL,,long,29,9087.73,2025-12-01,313.37,VENUE-SIMULATED-FILL,MODELLED,2025-12-03,311.35,VENUE-SIMULATED-FILL,MODELLED,2,-58.76,-0.646586,0.1788,,,,,MODELLED,False
Season 1:@KitchenSink_AllIn:2025-12-01:CAT:2025-12-03,Season 1,@KitchenSink_AllIn,CAT,,long,16,7207.68,2025-12-01,450.48,VENUE-SIMULATED-FILL,MODELLED,2025-12-03,451.44,VENUE-SIMULATED-FILL,MODELLED,2,15.26,0.211719,0.0987,,,,,MODELLED,False
Live Book (rehearsal):@KitchenSink_Official:2025-11-19:TLT:2025-12-03,Live Book (rehearsal),@KitchenSink_Official,TLT,,long,900,79782.47,2025-11-19,88.647188,VENUE-SIMULATED-FILL,SECONDARY,2025-12-03,88.91,VENUE-SIMULATED-FILL,SECONDARY,14,230.98,0.289512,5.5494,,,1.124,0.00427,SECONDARY,False
Live Book (rehearsal):@OilDollar_FadeUNG:2025-11-24:UNG:2025-12-03,Live Book (rehearsal),@OilDollar_FadeUNG,UNG,,short,5100,72872.42,2025-11-24,14.28871,VENUE-SIMULATED-FILL,SECONDARY,2025-12-03,15.34,VENUE-SIMULATED-FILL,SECONDARY,9,-5393.03,-7.400646,31.4466,,,6.523,0.0748,SECONDARY,False
Season 1:@OvernightCarry_NO:2025-12-01:SPY:2025-12-03,Season 1,@OvernightCarry_NO,SPY,,long,13,8851.87,2025-12-01,680.913077,VENUE-SIMULATED-FILL,MODELLED,2025-12-03,681.95,VENUE-SIMULATED-FILL,MODELLED,2,13.4,0.15138,0.0802,,,,,MODELLED,False
Season 1:@SpreadHarvester_MM:2025-12-02:NVDA:2025-12-03,Season 1,@SpreadHarvester_MM,NVDA,,short,71,17767.04,2025-12-02,250.24,VENUE-SIMULATED-FILL,MODELLED,2025-12-03,253.02,VENUE-SIMULATED-FILL,MODELLED,1,-197.11,-1.109414,-0.2722,,,,,MODELLED,False
Season 1:@SpreadHarvester_MM:2025-12-03:NVDA:2025-12-03,Season 1,@SpreadHarvester_MM,NVDA,,long,70,17711.4,2025-12-03,253.02,VENUE-SIMULATED-FILL,MODELLED,2025-12-03,253.06,VENUE-SIMULATED-FILL,MODELLED,0,3.07,0.017333,-0.2684,,,,,MODELLED,False
Season 2:@Weather_ColdSnap_Max:2025-10-06:UNG:2025-12-03,Season 2,@Weather_ColdSnap_Max,UNG,,long,101,1351.69,2025-10-06,13.383094,VENUE-SIMULATED-FILL,MODELLED,2025-12-03,15.32,VENUE-SIMULATED-FILL,MODELLED,58,195.0,14.426358,0.6228,,,,,MODELLED,False
Season 1:@BetaChaser_3xProxy:2025-09-17:RIVN:2025-12-04,Season 1,@BetaChaser_3xProxy,RIVN,,long,132,2191.98,2025-09-17,16.605909,VENUE-SIMULATED-FILL,MODELLED,2025-12-04,20.35,VENUE-SIMULATED-FILL,MODELLED,78,493.41,22.509786,0.8139,,,,,MODELLED,False
Season 2:@GOLD_Trend_GLD:2025-09-17:GLD:2025-12-04,Season 2,@GOLD_Trend_GLD,GLD,,long,4,1392.18,2025-09-17,348.045785,VENUE-SIMULATED-FILL,MODELLED,2025-12-04,386.92,VENUE-SIMULATED-FILL,MODELLED,78,155.47,11.167353,0.0247,,,,,MODELLED,False
Season 1:@GapAndGo_YOLO:2025-12-04:CVNA:2025-12-04,Season 1,@GapAndGo_YOLO,CVNA,,long,105,24400.95,2025-12-04,232.39,VENUE-SIMULATED-FILL,MODELLED,2025-12-04,242.59,VENUE-SIMULATED-FILL,MODELLED,0,1070.35,4.38651,0.6474,,,,,MODELLED,False
Season 1:@GapAndGo_YOLO:2025-12-04:UNH:2025-12-04,Season 1,@GapAndGo_YOLO,UNH,,long,79,24395.2,2025-12-04,308.8,VENUE-SIMULATED-FILL,MODELLED,2025-12-04,298.37,VENUE-SIMULATED-FILL,MODELLED,0,-824.46,-3.379599,0.4871,,,,,MODELLED,False
Live Book (rehearsal):@GoldVsRealRate_Live:2025-11-04:TLT:2025-12-04,Live Book (rehearsal),@GoldVsRealRate_Live,TLT,,long,1300,116558.0,2025-11-04,89.66,VENUE-SIMULATED-FILL,SECONDARY,2025-12-04,88.91,VENUE-SIMULATED-FILL,SECONDARY,30,-983.02,-0.843374,8.0158,,,0.0,0.00265,SECONDARY,False
Live Book (rehearsal):@KitchenSink_Official:2025-11-19:TLT:2025-12-04,Live Book (rehearsal),@KitchenSink_Official,TLT,,long,100,8864.72,2025-11-19,88.647188,VENUE-SIMULATED-FILL,SECONDARY,2025-12-04,88.91,VENUE-SIMULATED-FILL,SECONDARY,15,25.66,0.289462,0.6166,,,0.0,0.00427,SECONDARY,False
Season 1:@OvernightCarry_NO:2025-12-03:SPY:2025-12-04,Season 1,@OvernightCarry_NO,SPY,,long,276,188527.32,2025-12-03,683.07,VENUE-SIMULATED-FILL,MODELLED,2025-12-04,684.73,VENUE-SIMULATED-FILL,MODELLED,1,456.46,0.242119,1.7018,,,,,MODELLED,False
Official Auction Book:@SOFRPivot_Switch:2025-10-21:912797QS9:2025-12-04,Official Auction Book,@SOFRPivot_Switch,912797QS9,26-Week,long,3800.0,378253.27,2025-10-21,99.540333,PRIMARY-AUCTION,OFFICIAL,2025-12-04,100.0,MATURITY-REDEMPTION,OFFICIAL,44,17.47,0.004619,0.0,0.0,0.0,,,OFFICIAL,True
Season 1:@SpreadHarvester_MM:2025-12-03:NVDA:2025-12-04,Season 1,@SpreadHarvester_MM,NVDA,,short,69,17461.14,2025-12-03,253.06,VENUE-SIMULATED-FILL,MODELLED,2025-12-04,248.32,VENUE-SIMULATED-FILL,MODELLED,1,327.32,1.874563,-0.2645,,,,,MODELLED,False
Season 1:@SpreadHarvester_MM:2025-12-04:NVDA:2025-12-04,Season 1,@SpreadHarvester_MM,NVDA,,long,68,16885.76,2025-12-04,248.32,VENUE-SIMULATED-FILL,MODELLED,2025-12-04,248.35,VENUE-SIMULATED-FILL,MODELLED,0,2.3,0.013621,-0.2607,,,,,MODELLED,False
Live Book (rehearsal):@Weather_ColdSnap_Live:2025-10-07:XLU:2025-12-04,Live Book (rehearsal),@Weather_ColdSnap_Live,XLU,,long,100,4507.0,2025-10-07,45.07,VENUE-SIMULATED-FILL,SECONDARY,2025-12-04,43.77,VENUE-SIMULATED-FILL,SECONDARY,58,-130.62,-2.898158,0.6166,,,1.143,0.00395,SECONDARY,False
Live Book (rehearsal):@Weather_ColdSnap_Live:2025-10-20:UNG:2025-12-04,Live Book (rehearsal),@Weather_ColdSnap_Live,UNG,,short,100,1362.02,2025-10-20,13.620185,VENUE-SIMULATED-FILL,SECONDARY,2025-12-04,15.29,VENUE-SIMULATED-FILL,SECONDARY,45,-167.6,-12.305266,0.6166,,,0.0,0.03265,SECONDARY,False
Season 1:@GapAndGo_YOLO:2025-12-05:RIVN:2025-12-05,Season 1,@GapAndGo_YOLO,RIVN,,long,1201,24560.45,2025-12-05,20.45,VENUE-SIMULATED-FILL,MODELLED,2025-12-05,21.17,VENUE-SIMULATED-FILL,MODELLED,0,857.31,3.490612,7.4054,,,,,MODELLED,False
Live Book (rehearsal):@GoldVsRealRate_Live:2025-12-04:GLD:2025-12-05,Live Book (rehearsal),@GoldVsRealRate_Live,GLD,,long,80,30954.4,2025-12-04,386.93,VENUE-SIMULATED-FILL,SECONDARY,2025-12-05,389.11,VENUE-SIMULATED-FILL,SECONDARY,1,173.91,0.561826,0.4933,,,0.257,0.00118,SECONDARY,False
Season 1:@KitchenSink_AllIn:2025-11-26:JPM:2025-12-05,Season 1,@KitchenSink_AllIn,JPM,,long,33,9771.41,2025-11-26,296.103274,VENUE-SIMULATED-FILL,MODELLED,2025-12-05,290.93,VENUE-SIMULATED-FILL,MODELLED,9,-170.92,-1.749185,0.2035,,,,,MODELLED,False
Season 1:@KitchenSink_AllIn:2025-11-26:META:2025-12-05,Season 1,@KitchenSink_AllIn,META,,long,9,8527.08,2025-11-26,947.453636,VENUE-SIMULATED-FILL,MODELLED,2025-12-05,998.69,VENUE-SIMULATED-FILL,MODELLED,9,461.07,5.407125,0.0555,,,,,MODELLED,False
Season 1:@KitchenSink_AllIn:2025-11-26:TSLA:2025-12-05,Season 1,@KitchenSink_AllIn,TSLA,,long,24,9688.6,2025-11-26,403.691818,VENUE-SIMULATED-FILL,MODELLED,2025-12-05,438.91,VENUE-SIMULATED-FILL,MODELLED,9,845.09,8.722516,0.148,,,,,MODELLED,False
Season 1:@KitchenSink_AllIn:2025-12-01:AAPL:2025-12-05,Season 1,@KitchenSink_AllIn,AAPL,,long,33,10331.77,2025-12-01,313.084019,VENUE-SIMULATED-FILL,MODELLED,2025-12-05,315.12,VENUE-SIMULATED-FILL,MODELLED,4,66.98,0.648291,0.2035,,,,,MODELLED,False
Season 1:@KitchenSink_AllIn:2025-12-01:CAT:2025-12-05,Season 1,@KitchenSink_AllIn,CAT,,long,12,5405.76,2025-12-01,450.48,VENUE-SIMULATED-FILL,MODELLED,2025-12-05,452.99,VENUE-SIMULATED-FILL,MODELLED,4,30.05,0.555889,0.074,,,,,MODELLED,False
Season 1:@KitchenSink_AllIn:2025-12-04:MSFT:2025-12-05,Season 1,@KitchenSink_AllIn,MSFT,,long,15,9429.75,2025-12-04,628.65,VENUE-SIMULATED-FILL,MODELLED,2025-12-05,624.29,VENUE-SIMULATED-FILL,MODELLED,1,-65.49,-0.694504,0.0925,,,,,MODELLED,False
Live Book (rehearsal):@KitchenSink_Official:2025-12-01:SPY:2025-12-05,Live Book (rehearsal),@KitchenSink_Official,SPY,,long,80,54375.6,2025-12-01,679.695,VENUE-SIMULATED-FILL,SECONDARY,2025-12-05,685.46,VENUE-SIMULATED-FILL,SECONDARY,4,460.71,0.847273,0.4933,,,0.145,7e-05,SECONDARY,False
Season 1:@OvernightCarry_NO:2025-12-03:SPY:2025-12-05,Season 1,@OvernightCarry_NO,SPY,,long,15,10256.41,2025-12-03,683.760667,VENUE-SIMULATED-FILL,MODELLED,2025-12-05,686.6,VENUE-SIMULATED-FILL,MODELLED,2,42.5,0.414375,0.0925,,,,,MODELLED,False
Season 1:@SpreadHarvester_MM:2025-12-04:NVDA:2025-12-05,Season 1,@SpreadHarvester_MM,NVDA,,short,67,16639.45,2025-12-04,248.35,VENUE-SIMULATED-FILL,MODELLED,2025-12-05,240.47,VENUE-SIMULATED-FILL,MODELLED,1,528.22,3.174504,-0.2569,,,,,MODELLED,False
Season 1:@SpreadHarvester_MM:2025-12-05:NVDA:2025-12-05,Season 1,@SpreadHarvester_MM,NVDA,,long,66,15871.02,2025-12-05,240.47,VENUE-SIMULATED-FILL,MODELLED,2025-12-05,240.5,VENUE-SIMULATED-FILL,MODELLED,0,2.23,0.014051,-0.2531,,,,,MODELLED,False
Season 1:@SqueezeHunter_TF:2025-12-04:RIVN:2025-12-05,Season 1,@SqueezeHunter_TF,RIVN,,long,2645,53878.65,2025-12-04,20.37,VENUE-SIMULATED-FILL,MODELLED,2025-12-05,20.44,VENUE-SIMULATED-FILL,MODELLED,1,168.84,0.313371,16.3091,,,,,MODELLED,False
Live Book (rehearsal):@Weather_ColdSnap_Live:2025-10-20:UNG:2025-12-05,Live Book (rehearsal),@Weather_ColdSnap_Live,UNG,,short,200,2724.04,2025-10-20,13.620185,VENUE-SIMULATED-FILL,SECONDARY,2025-12-05,16.38,VENUE-SIMULATED-FILL,SECONDARY,46,-553.2,-20.308094,1.2332,,,6.108,0.03265,SECONDARY,False
Season 1:@DriftRider_PEAD:2025-11-14:NVDA:2025-12-08,Season 1,@DriftRider_PEAD,NVDA,,long,167,37379.61,2025-11-14,223.83,VENUE-SIMULATED-FILL,MODELLED,2025-12-08,242.01,VENUE-SIMULATED-FILL,MODELLED,24,3035.03,8.11948,1.0297,,,,,MODELLED,False
Season 1:@GapAndGo_YOLO:2025-12-08:CVNA:2025-12-08,Season 1,@GapAndGo_YOLO,CVNA,,long,96,24672.96,2025-12-08,257.01,VENUE-SIMULATED-FILL,MODELLED,2025-12-08,248.61,VENUE-SIMULATED-FILL,MODELLED,0,-806.99,-3.270747,0.5919,,,,,MODELLED,False
Season 1:@GapAndGo_YOLO:2025-12-08:RIVN:2025-12-08,Season 1,@GapAndGo_YOLO,RIVN,,long,1133,24892.01,2025-12-08,21.97,VENUE-SIMULATED-FILL,MODELLED,2025-12-08,19.15,VENUE-SIMULATED-FILL,MODELLED,0,-3202.05,-12.863766,6.9861,,,,,MODELLED,False
Season 1:@MeanRev_Z2Sigma:2025-11-21:WMT:2025-12-08,Season 1,@MeanRev_Z2Sigma,WMT,,long,378,34481.16,2025-11-21,91.22,VENUE-SIMULATED-FILL,MODELLED,2025-12-08,93.0,VENUE-SIMULATED-FILL,MODELLED,17,670.51,1.944569,2.3307,,,,,MODELLED,False
Season 1:@OvernightCarry_NO:2025-12-05:SPY:2025-12-08,Season 1,@OvernightCarry_NO,SPY,,long,274,187728.36,2025-12-05,685.14,VENUE-SIMULATED-FILL,MODELLED,2025-12-08,685.27,VENUE-SIMULATED-FILL,MODELLED,3,33.93,0.018074,1.6895,,,,,MODELLED,False
Season 1:@SpreadHarvester_MM:2025-12-05:NVDA:2025-12-08,Season 1,@SpreadHarvester_MM,NVDA,,short,65,15632.5,2025-12-05,240.5,VENUE-SIMULATED-FILL,MODELLED,2025-12-08,242.0,VENUE-SIMULATED-FILL,MODELLED,3,-97.25,-0.622101,-0.2492,,,,,MODELLED,False
Season 1:@SpreadHarvester_MM:2025-12-08:NVDA:2025-12-08,Season 1,@SpreadHarvester_MM,NVDA,,long,64,15488.0,2025-12-08,242.0,VENUE-SIMULATED-FILL,MODELLED,2025-12-08,242.03,VENUE-SIMULATED-FILL,MODELLED,0,2.17,0.014011,-0.2454,,,,,MODELLED,False
Live Book (rehearsal):@Weather_ColdSnap_Live:2025-10-20:UNG:2025-12-08,Live Book (rehearsal),@Weather_ColdSnap_Live,UNG,,short,300,4086.06,2025-10-20,13.620185,VENUE-SIMULATED-FILL,SECONDARY,2025-12-08,15.49,VENUE-SIMULATED-FILL,SECONDARY,49,-562.79,-13.77343,1.8498,,,0.0,0.03265,SECONDARY,False
Season 2:@Weather_ColdSnap_Max:2025-10-06:XLU:2025-12-08,Season 2,@Weather_ColdSnap_Max,XLU,,long,94,4206.12,2025-10-06,44.745915,VENUE-SIMULATED-FILL,MODELLED,2025-12-08,43.38,VENUE-SIMULATED-FILL,MODELLED,63,-128.98,-3.066487,0.5796,,,,,MODELLED,False
Official Auction Book:@AuctionStrength_Follow:2025-12-08:912797A72:2025-12-09,Official Auction Book,@AuctionStrength_Follow,912797A72,2-Day,long,545400.0,54528879.84,2025-12-08,99.979611,SECONDARY-CURVE,OFFICIAL,2025-12-09,99.989833,SECONDARY-CURVE,OFFICIAL-DERIVED,1,55.75,0.000102,0.0,0.0,0.0,,,OFFICIAL-DERIVED,False
Season 2:@GOLD_Trend_GLD:2025-09-17:GLD:2025-12-09,Season 2,@GOLD_Trend_GLD,GLD,,long,4,1392.71,2025-09-17,348.176387,VENUE-SIMULATED-FILL,MODELLED,2025-12-09,385.61,VENUE-SIMULATED-FILL,MODELLED,83,149.71,10.74958,0.0247,,,,,MODELLED,False
Season 1:@GapAndGo_YOLO:2025-12-09:UNH:2025-12-09,Season 1,@GapAndGo_YOLO,UNH,,long,74,23224.16,2025-12-09,313.84,VENUE-SIMULATED-FILL,MODELLED,2025-12-09,302.21,VENUE-SIMULATED-FILL,MODELLED,0,-861.08,-3.707691,0.4563,,,,,MODELLED,False
Season 1:@OvernightCarry_NO:2025-12-05:SPY:2025-12-09,Season 1,@OvernightCarry_NO,SPY,,long,17,11609.14,2025-12-05,682.890588,VENUE-SIMULATED-FILL,MODELLED,2025-12-09,679.12,VENUE-SIMULATED-FILL,MODELLED,4,-64.2,-0.553013,0.1048,,,,,MODELLED,False
Live Book (rehearsal):@SOFRPivot_Rider:2025-11-04:QQQ:2025-12-09,Live Book (rehearsal),@SOFRPivot_Rider,QQQ,,long,160,99371.2,2025-11-04,621.07,VENUE-SIMULATED-FILL,SECONDARY,2025-12-09,623.01,VENUE-SIMULATED-FILL,SECONDARY,35,309.41,0.311368,0.9866,,,0.0,0.00013,SECONDARY,False
Live Book (rehearsal):@SOFRPivot_Rider:2025-11-04:TSLA:2025-12-09,Live Book (rehearsal),@SOFRPivot_Rider,TSLA,,long,40,18178.8,2025-11-04,454.47,VENUE-SIMULATED-FILL,SECONDARY,2025-12-09,437.53,VENUE-SIMULATED-FILL,SECONDARY,35,-677.85,-3.728794,0.2466,,,0.229,9e-05,SECONDARY,False
Season 1:@SpreadHarvester_MM:2025-12-08:NVDA:2025-12-09,Season 1,@SpreadHarvester_MM,NVDA,,short,63,15247.89,2025-12-08,242.03,VENUE-SIMULATED-FILL,MODELLED,2025-12-09,240.97,VENUE-SIMULATED-FILL,MODELLED,1,67.02,0.439536,-0.2415,,,,,MODELLED,False
Season 1:@SpreadHarvester_MM:2025-12-09:NVDA:2025-12-09,Season 1,@SpreadHarvester_MM,NVDA,,long,62,14940.14,2025-12-09,240.97,VENUE-SIMULATED-FILL,MODELLED,2025-12-09,241.0,VENUE-SIMULATED-FILL,MODELLED,0,2.1,0.014056,-0.2377,,,,,MODELLED,False
Live Book (rehearsal):@VolControl_MaxLev:2025-11-26:QQQ:2025-12-09,Live Book (rehearsal),@VolControl_MaxLev,QQQ,,long,80,49349.23,2025-11-26,616.865333,VENUE-SIMULATED-FILL,SECONDARY,2025-12-09,623.01,VENUE-SIMULATED-FILL,SECONDARY,13,491.08,0.995112,0.4933,,,0.0,0.00028,SECONDARY,False
Season 2:@Weather_ColdSnap_Max:2025-10-06:UNG:2025-12-09,Season 2,@Weather_ColdSnap_Max,UNG,,long,167,2234.98,2025-10-06,13.383094,VENUE-SIMULATED-FILL,MODELLED,2025-12-09,14.59,VENUE-SIMULATED-FILL,MODELLED,64,200.52,8.971906,1.0297,,,,,MODELLED,False
Season 2:@Weather_ColdSnap_Max:2025-10-06:XLU:2025-12-09,Season 2,@Weather_ColdSnap_Max,XLU,,long,96,4295.61,2025-10-06,44.745915,VENUE-SIMULATED-FILL,MODELLED,2025-12-09,42.95,VENUE-SIMULATED-FILL,MODELLED,64,-173.0,-4.02737,0.5919,,,,,MODELLED,False
Season 2:@FDA_ClusterFade:2025-12-05:XBI:2025-12-10,Season 2,@FDA_ClusterFade,XBI,,long,14,1732.92,2025-12-05,123.78,VENUE-SIMULATED-FILL,MODELLED,2025-12-10,121.23,VENUE-SIMULATED-FILL,MODELLED,5,-35.79,-2.0653,0.0863,,,,,MODELLED,False
Live Book (rehearsal):@GoldVsRealRate_Live:2025-12-05:TLT:2025-12-10,Live Book (rehearsal),@GoldVsRealRate_Live,TLT,,long,1200,106139.08,2025-12-05,88.449231,VENUE-SIMULATED-FILL,SECONDARY,2025-12-10,88.0,VENUE-SIMULATED-FILL,SECONDARY,5,-546.48,-0.514872,7.3992,,,-0.0,0.00274,SECONDARY,False
Live Book (rehearsal):@KitchenSink_Official:2025-12-05:QQQ:2025-12-10,Live Book (rehearsal),@KitchenSink_Official,QQQ,,long,200,125049.6,2025-12-05,625.248,VENUE-SIMULATED-FILL,SECONDARY,2025-12-10,623.84,VENUE-SIMULATED-FILL,SECONDARY,5,-282.83,-0.226174,1.2332,,,0.16,0.00015,SECONDARY,False
Season 1:@OvernightCarry_NO:2025-12-09:SPY:2025-12-10,Season 1,@OvernightCarry_NO,SPY,,long,276,188276.16,2025-12-09,682.16,VENUE-SIMULATED-FILL,MODELLED,2025-12-10,683.26,VENUE-SIMULATED-FILL,MODELLED,1,301.9,0.16035,1.7018,,,,,MODELLED,False
Season 1:@OverreactionFade_LT:2025-11-24:RIVN:2025-12-10,Season 1,@OverreactionFade_LT,RIVN,,long,2079,39747.24,2025-11-24,19.118442,VENUE-SIMULATED-FILL,MODELLED,2025-12-10,18.36,VENUE-SIMULATED-FILL,MODELLED,16,-1589.62,-3.999322,12.8191,,,,,MODELLED,False
Live Book (rehearsal):@SOFRPivot_Rider:2025-11-04:TSLA:2025-12-10,Live Book (rehearsal),@SOFRPivot_Rider,TSLA,,long,40,18178.8,2025-11-04,454.47,VENUE-SIMULATED-FILL,SECONDARY,2025-12-10,446.06,VENUE-SIMULATED-FILL,SECONDARY,36,-336.65,-1.851882,0.2466,,,0.224,9e-05,SECONDARY,False
Season 1:@SpreadHarvester_MM:2025-12-09:NVDA:2025-12-10,Season 1,@SpreadHarvester_MM,NVDA,,short,61,14701.0,2025-12-09,241.0,VENUE-SIMULATED-FILL,MODELLED,2025-12-10,242.25,VENUE-SIMULATED-FILL,MODELLED,1,-76.02,-0.517108,-0.2339,,,,,MODELLED,False
Season 1:@SpreadHarvester_MM:2025-12-10:NVDA:2025-12-10,Season 1,@SpreadHarvester_MM,NVDA,,long,60,14535.0,2025-12-10,242.25,VENUE-SIMULATED-FILL,MODELLED,2025-12-10,242.28,VENUE-SIMULATED-FILL,MODELLED,0,2.03,0.013966,-0.23,,,,,MODELLED,False
Season 2:@Weather_ColdSnap_Max:2025-10-06:XLU:2025-12-10,Season 2,@Weather_ColdSnap_Max,XLU,,long,32,1431.87,2025-10-06,44.745915,VENUE-SIMULATED-FILL,MODELLED,2025-12-10,42.79,VENUE-SIMULATED-FILL,MODELLED,65,-62.79,-4.385177,0.1973,,,,,MODELLED,False
Season 1:@BetaChaser_3xProxy:2025-09-17:CVNA:2025-12-11,Season 1,@BetaChaser_3xProxy,CVNA,,long,10,2690.41,2025-09-17,269.041229,VENUE-SIMULATED-FILL,MODELLED,2025-12-11,235.55,VENUE-SIMULATED-FILL,MODELLED,85,-334.97,-12.450508,0.0617,,,,,MODELLED,False
Season 1:@BetaChaser_3xProxy:2025-09-17:TSLA:2025-12-11,Season 1,@BetaChaser_3xProxy,TSLA,,long,4,1382.29,2025-09-17,345.571581,VENUE-SIMULATED-FILL,MODELLED,2025-12-11,436.09,VENUE-SIMULATED-FILL,MODELLED,85,362.05,26.192113,0.0247,,,,,MODELLED,False
Live Book (rehearsal):@GoldVsRealRate_Live:2025-12-05:TLT:2025-12-11,Live Book (rehearsal),@GoldVsRealRate_Live,TLT,,long,100,8844.92,2025-12-05,88.449231,VENUE-SIMULATED-FILL,SECONDARY,2025-12-11,88.69,VENUE-SIMULATED-FILL,SECONDARY,6,23.46,0.265237,0.6166,,,0.0,0.00274,SECONDARY,False
Season 1:@IlliquidRocket_Degen:2025-10-09:RIVN:2025-12-11,Season 1,@IlliquidRocket_Degen,RIVN,,long,11005,191296.16,2025-10-09,17.382659,VENUE-SIMULATED-FILL,MODELLED,2025-12-11,18.52,VENUE-SIMULATED-FILL,MODELLED,63,12448.59,6.507496,67.8568,,,,,MODELLED,False
Live Book (rehearsal):@KitchenSink_Official:2025-12-10:SPY:2025-12-11,Live Book (rehearsal),@KitchenSink_Official,SPY,,long,40,27302.4,2025-12-10,682.56,VENUE-SIMULATED-FILL,SECONDARY,2025-12-11,685.14,VENUE-SIMULATED-FILL,SECONDARY,1,102.95,0.377073,0.2466,,,0.0,5e-05,SECONDARY,False
Season 1:@OvernightCarry_NO:2025-12-10:SPY:2025-12-11,Season 1,@OvernightCarry_NO,SPY,,long,16,10988.16,2025-12-10,686.76,VENUE-SIMULATED-FILL,MODELLED,2025-12-11,683.86,VENUE-SIMULATED-FILL,MODELLED,1,-46.5,-0.423183,0.0987,,,,,MODELLED,False
Live Book (rehearsal):@SOFRPivot_Rider:2025-12-10:SPY:2025-12-11,Live Book (rehearsal),@SOFRPivot_Rider,SPY,,long,80,54604.8,2025-12-10,682.56,VENUE-SIMULATED-FILL,SECONDARY,2025-12-11,685.14,VENUE-SIMULATED-FILL,SECONDARY,1,205.91,0.377091,0.4933,,,0.0,9e-05,SECONDARY,False
Official Auction Book:@SOFRPivot_Switch:2025-10-28:912797QY6:2025-12-11,Official Auction Book,@SOFRPivot_Switch,912797QY6,26-Week,long,500.0,49773.67,2025-10-28,99.547333,PRIMARY-AUCTION,OFFICIAL,2025-12-11,100.0,MATURITY-REDEMPTION,OFFICIAL,44,2.26,0.004541,0.0,0.0,0.0,,,OFFICIAL,True
Season 1:@SectorRotator_AlphaX:2025-09-17:AAPL:2025-12-11,Season 1,@SectorRotator_AlphaX,AAPL,,long,18,4960.33,2025-09-17,275.573682,VENUE-SIMULATED-FILL,MODELLED,2025-12-11,312.54,VENUE-SIMULATED-FILL,MODELLED,85,665.28,13.412021,0.111,,,,,MODELLED,False
Season 1:@SectorRotator_AlphaX:2025-09-17:MSFT:2025-12-11,Season 1,@SectorRotator_AlphaX,MSFT,,long,10,5619.71,2025-09-17,561.971264,VENUE-SIMULATED-FILL,MODELLED,2025-12-11,623.96,VENUE-SIMULATED-FILL,MODELLED,85,619.83,11.029568,0.0617,,,,,MODELLED,False
Season 1:@SpreadHarvester_MM:2025-12-10:NVDA:2025-12-11,Season 1,@SpreadHarvester_MM,NVDA,,short,59,14294.52,2025-12-10,242.28,VENUE-SIMULATED-FILL,MODELLED,2025-12-11,239.78,VENUE-SIMULATED-FILL,MODELLED,1,147.73,1.033473,-0.2262,,,,,MODELLED,False
Season 2:@Weather_ColdSnap_Max:2025-10-06:UNG:2025-12-11,Season 2,@Weather_ColdSnap_Max,UNG,,long,102,1365.08,2025-10-06,13.383094,VENUE-SIMULATED-FILL,MODELLED,2025-12-11,13.5,VENUE-SIMULATED-FILL,MODELLED,66,11.3,0.827793,0.6289,,,,,MODELLED,False
Season 2:@Weather_ColdSnap_Max:2025-10-06:XLU:2025-12-11,Season 2,@Weather_ColdSnap_Max,XLU,,long,89,3982.39,2025-10-06,44.745915,VENUE-SIMULATED-FILL,MODELLED,2025-12-11,42.65,VENUE-SIMULATED-FILL,MODELLED,66,-187.09,-4.697937,0.5488,,,,,MODELLED,False
Live Book (rehearsal):@DowNasdaq_SpreadMax:2025-09-18:QQQ:2025-12-12,Live Book (rehearsal),@DowNasdaq_SpreadMax,QQQ,,long,120,72589.32,2025-09-18,604.910962,VENUE-SIMULATED-FILL,SECONDARY,2025-12-12,622.08,VENUE-SIMULATED-FILL,SECONDARY,85,2059.54,2.83725,0.7399,,,0.0,0.00026,SECONDARY,False
Season 1:@DriftRider_PEAD:2025-11-20:AMZN:2025-12-12,Season 1,@DriftRider_PEAD,AMZN,,short,154,36664.32,2025-11-20,238.08,VENUE-SIMULATED-FILL,MODELLED,2025-12-12,241.54,VENUE-SIMULATED-FILL,MODELLED,22,-533.79,-1.455884,0.9495,,,,,MODELLED,False
Season 1:@GapAndGo_YOLO:2025-12-12:NVDA:2025-12-12,Season 1,@GapAndGo_YOLO,NVDA,,long,93,22953.33,2025-12-12,246.81,VENUE-SIMULATED-FILL,MODELLED,2025-12-12,233.79,VENUE-SIMULATED-FILL,MODELLED,0,-1211.43,-5.277796,0.5734,,,,,MODELLED,False
Season 1:@GapAndGo_YOLO:2025-12-12:TSLA:2025-12-12,Season 1,@GapAndGo_YOLO,TSLA,,long,53,22839.82,2025-12-12,430.94,VENUE-SIMULATED-FILL,MODELLED,2025-12-12,413.03,VENUE-SIMULATED-FILL,MODELLED,0,-949.56,-4.157476,0.3268,,,,,MODELLED,False
Live Book (rehearsal):@GoldVsRealRate_Live:2025-12-10:GLD:2025-12-12,Live Book (rehearsal),@GoldVsRealRate_Live,GLD,,long,160,61998.4,2025-12-10,387.49,VENUE-SIMULATED-FILL,SECONDARY,2025-12-12,399.16,VENUE-SIMULATED-FILL,SECONDARY,2,1866.21,3.010094,0.9866,,,0.0,0.00088,SECONDARY,False
Season 1:@OvernightCarry_NO:2025-12-11:SPY:2025-12-12,Season 1,@OvernightCarry_NO,SPY,,long,276,189940.44,2025-12-11,688.19,VENUE-SIMULATED-FILL,MODELLED,2025-12-12,694.1,VENUE-SIMULATED-FILL,MODELLED,1,1629.46,0.857879,1.7018,,,,,MODELLED,False
Season 2:@Weather_ColdSnap_Max:2025-10-06:XLU:2025-12-12,Season 2,@Weather_ColdSnap_Max,XLU,,long,93,4161.37,2025-10-06,44.745915,VENUE-SIMULATED-FILL,MODELLED,2025-12-12,43.16,VENUE-SIMULATED-FILL,MODELLED,67,-148.06,-3.557963,0.5734,,,,,MODELLED,False
Live Book (rehearsal):@DowNasdaq_SpreadMax:2025-09-18:QQQ:2025-12-15,Live Book (rehearsal),@DowNasdaq_SpreadMax,QQQ,,long,160,96785.75,2025-09-18,604.910962,VENUE-SIMULATED-FILL,SECONDARY,2025-12-15,618.36,VENUE-SIMULATED-FILL,SECONDARY,88,2150.86,2.22229,0.9866,,,0.162,0.00026,SECONDARY,False
Season 1:@GapAndGo_YOLO:2025-12-15:RIVN:2025-12-15,Season 1,@GapAndGo_YOLO,RIVN,,long,1168,22086.88,2025-12-15,18.91,VENUE-SIMULATED-FILL,MODELLED,2025-12-15,18.29,VENUE-SIMULATED-FILL,MODELLED,0,-731.36,-3.311287,7.2019,,,,,MODELLED,False
Live Book (rehearsal):@KitchenSink_Official:2025-12-11:QQQ:2025-12-15,Live Book (rehearsal),@KitchenSink_Official,QQQ,,long,200,124626.8,2025-12-11,623.134,VENUE-SIMULATED-FILL,SECONDARY,2025-12-15,618.36,VENUE-SIMULATED-FILL,SECONDARY,4,-956.03,-0.767114,1.2332,,,0.162,0.00021,SECONDARY,False
Season 1:@OvernightCarry_NO:2025-12-12:SPY:2025-12-15,Season 1,@OvernightCarry_NO,SPY,,long,16,10893.6,2025-12-12,680.85,VENUE-SIMULATED-FILL,MODELLED,2025-12-15,682.5,VENUE-SIMULATED-FILL,MODELLED,3,26.3,0.241426,0.0987,,,,,MODELLED,False
Official Auction Book:@ConcessionFade_Notes:2025-12-08:91282CPP0:2025-12-16,Official Auction Book,@ConcessionFade_Notes,91282CPP0,3-Year,long,621800.0,61980170.89,2025-12-08,99.678628,PRIMARY-AUCTION,OFFICIAL,2025-12-16,99.943529,SECONDARY-CURVE,OFFICIAL-DERIVED,8,1647.15,0.002658,0.0,0.0,0.0,,,OFFICIAL-DERIVED,False
Live Book (rehearsal):@KitchenSink_Official:2025-12-15:SPY:2025-12-16,Live Book (rehearsal),@KitchenSink_Official,SPY,,long,40,27429.6,2025-12-15,685.74,VENUE-SIMULATED-FILL,SECONDARY,2025-12-16,679.22,VENUE-SIMULATED-FILL,SECONDARY,1,-261.05,-0.951709,0.2466,,,0.147,4e-05,SECONDARY,False
Season 1:@OvernightCarry_NO:2025-12-15:SPY:2025-12-16,Season 1,@OvernightCarry_NO,SPY,,long,281,191012.56,2025-12-15,679.76,VENUE-SIMULATED-FILL,MODELLED,2025-12-16,677.53,VENUE-SIMULATED-FILL,MODELLED,1,-628.36,-0.328963,1.7326,,,,,MODELLED,False
Season 2:@PinePilot_EMA_Cross:2025-09-17:SPY:2025-12-16,Season 2,@PinePilot_EMA_Cross,SPY,,long,2,1323.69,2025-09-17,661.846271,VENUE-SIMULATED-FILL,MODELLED,2025-12-16,679.22,VENUE-SIMULATED-FILL,MODELLED,90,34.74,2.624477,0.0123,,,,,MODELLED,False
Season 1:@SpreadHarvester_MM:2025-12-16:NVDA:2025-12-16,Season 1,@SpreadHarvester_MM,NVDA,,long,22,5284.18,2025-12-16,240.19,VENUE-SIMULATED-FILL,MODELLED,2025-12-16,240.22,VENUE-SIMULATED-FILL,MODELLED,0,0.74,0.014004,-0.0843,,,,,MODELLED,False
Live Book (rehearsal):@VolControl_MaxLev:2025-11-26:QQQ:2025-12-16,Live Book (rehearsal),@VolControl_MaxLev,QQQ,,long,80,49511.75,2025-11-26,618.896889,VENUE-SIMULATED-FILL,SECONDARY,2025-12-16,608.26,VENUE-SIMULATED-FILL,SECONDARY,20,-851.44,-1.719673,0.4933,,,0.0,0.00028,SECONDARY,False
Season 2:@Weather_ColdSnap_Max:2025-10-06:XLU:2025-12-16,Season 2,@Weather_ColdSnap_Max,XLU,,long,77,3445.44,2025-10-06,44.745915,VENUE-SIMULATED-FILL,MODELLED,2025-12-16,43.2,VENUE-SIMULATED-FILL,MODELLED,71,-119.51,-3.468647,0.4748,,,,,MODELLED,False
Season 1:@DriftRider_PEAD:2025-12-04:RIVN:2025-12-17,Season 1,@DriftRider_PEAD,RIVN,,long,1932,39335.52,2025-12-04,20.36,VENUE-SIMULATED-FILL,MODELLED,2025-12-17,17.67,VENUE-SIMULATED-FILL,MODELLED,13,-5208.99,-13.242459,11.9127,,,,,MODELLED,False
Season 1:@OvernightCarry_NO:2025-12-16:SPY:2025-12-17,Season 1,@OvernightCarry_NO,SPY,,long,17,11528.38,2025-12-16,678.14,VENUE-SIMULATED-FILL,MODELLED,2025-12-17,681.92,VENUE-SIMULATED-FILL,MODELLED,1,64.16,0.55654,0.1048,,,,,MODELLED,False
Season 1:@OverreactionFade_LT:2025-11-14:TSLA:2025-12-17,Season 1,@OverreactionFade_LT,TSLA,,long,97,38385.43,2025-11-14,395.726122,VENUE-SIMULATED-FILL,MODELLED,2025-12-17,374.0,VENUE-SIMULATED-FILL,MODELLED,33,-2108.03,-5.491745,0.5981,,,,,MODELLED,False
Season 1:@SpreadHarvester_MM:2025-12-16:NVDA:2025-12-17,Season 1,@SpreadHarvester_MM,NVDA,,short,22,5284.84,2025-12-16,240.22,VENUE-SIMULATED-FILL,MODELLED,2025-12-17,231.57,VENUE-SIMULATED-FILL,MODELLED,1,190.38,3.60238,-0.0843,,,,,MODELLED,False
Season 1:@SpreadHarvester_MM:2025-12-17:NVDA:2025-12-17,Season 1,@SpreadHarvester_MM,NVDA,,long,66,15283.62,2025-12-17,231.57,VENUE-SIMULATED-FILL,MODELLED,2025-12-17,231.6,VENUE-SIMULATED-FILL,MODELLED,0,2.23,0.014591,-0.253,,,,,MODELLED,False
Season 1:@BetaChaser_3xProxy:2025-09-17:CVNA:2025-12-18,Season 1,@BetaChaser_3xProxy,CVNA,,long,25,6726.03,2025-09-17,269.041229,VENUE-SIMULATED-FILL,MODELLED,2025-12-18,240.58,VENUE-SIMULATED-FILL,MODELLED,92,-711.68,-10.580981,0.1542,,,,,MODELLED,False
Official Auction Book:@CalendarBarbell_Max:2025-11-04:912797QZ3:2025-12-18,Official Auction Book,@CalendarBarbell_Max,912797QZ3,26-Week,long,96700.0,9626001.5,2025-11-04,99.545,PRIMARY-AUCTION,OFFICIAL,2025-12-18,100.0,MATURITY-REDEMPTION,OFFICIAL,44,439.98,0.004571,0.0,0.0,0.0,,,OFFICIAL,True
Live Book (rehearsal):@DowNasdaq_SpreadMax:2025-12-17:QQQ:2025-12-18,Live Book (rehearsal),@DowNasdaq_SpreadMax,QQQ,,long,40,24522.4,2025-12-17,613.06,VENUE-SIMULATED-FILL,SECONDARY,2025-12-18,609.79,VENUE-SIMULATED-FILL,SECONDARY,1,-131.05,-0.534409,0.2466,,,0.164,0.00011,SECONDARY,False
Season 1:@KitchenSink_AllIn:2025-09-17:IWM:2025-12-18,Season 1,@KitchenSink_AllIn,IWM,,long,32,7902.24,2025-09-17,246.944857,VENUE-SIMULATED-FILL,MODELLED,2025-12-18,241.32,VENUE-SIMULATED-FILL,MODELLED,92,-180.19,-2.280241,0.1973,,,,,MODELLED,False
Season 1:@KitchenSink_AllIn:2025-11-26:JPM:2025-12-18,Season 1,@KitchenSink_AllIn,JPM,,long,79,23392.16,2025-11-26,296.103274,VENUE-SIMULATED-FILL,MODELLED,2025-12-18,294.47,VENUE-SIMULATED-FILL,MODELLED,22,-129.52,-0.55369,0.4871,,,,,MODELLED,False
Season 1:@KitchenSink_AllIn:2025-11-26:META:2025-12-18,Season 1,@KitchenSink_AllIn,META,,long,24,22738.89,2025-11-26,947.453636,VENUE-SIMULATED-FILL,MODELLED,2025-12-18,1047.18,VENUE-SIMULATED-FILL,MODELLED,22,2393.28,10.525053,0.148,,,,,MODELLED,False
Season 1:@KitchenSink_AllIn:2025-11-26:NVDA:2025-12-18,Season 1,@KitchenSink_AllIn,NVDA,,long,134,33469.08,2025-11-26,249.769254,VENUE-SIMULATED-FILL,MODELLED,2025-12-18,226.23,VENUE-SIMULATED-FILL,MODELLED,22,-3155.09,-9.42688,0.8262,,,,,MODELLED,False
Season 1:@KitchenSink_AllIn:2025-11-26:TSLA:2025-12-18,Season 1,@KitchenSink_AllIn,TSLA,,long,53,21395.67,2025-11-26,403.691818,VENUE-SIMULATED-FILL,MODELLED,2025-12-18,362.31,VENUE-SIMULATED-FILL,MODELLED,22,-2193.56,-10.252357,0.3268,,,,,MODELLED,False
Season 1:@KitchenSink_AllIn:2025-12-01:AAPL:2025-12-18,Season 1,@KitchenSink_AllIn,AAPL,,long,73,22855.13,2025-12-01,313.084019,VENUE-SIMULATED-FILL,MODELLED,2025-12-18,312.85,VENUE-SIMULATED-FILL,MODELLED,17,-17.53,-0.0767,0.4501,,,,,MODELLED,False
Season 1:@KitchenSink_AllIn:2025-12-01:CAT:2025-12-18,Season 1,@KitchenSink_AllIn,CAT,,long,52,23424.96,2025-12-01,450.48,VENUE-SIMULATED-FILL,MODELLED,2025-12-18,448.19,VENUE-SIMULATED-FILL,MODELLED,17,-119.4,-0.509713,0.3206,,,,,MODELLED,False
Season 1:@KitchenSink_AllIn:2025-12-04:MSFT:2025-12-18,Season 1,@KitchenSink_AllIn,MSFT,,long,37,23260.05,2025-12-04,628.65,VENUE-SIMULATED-FILL,MODELLED,2025-12-18,614.03,VENUE-SIMULATED-FILL,MODELLED,14,-541.17,-2.326607,0.2281,,,,,MODELLED,False
Season 1:@KitchenSink_AllIn:2025-12-04:RIVN:2025-12-18,Season 1,@KitchenSink_AllIn,RIVN,,long,226,4617.46,2025-12-04,20.431239,VENUE-SIMULATED-FILL,MODELLED,2025-12-18,17.6,VENUE-SIMULATED-FILL,MODELLED,14,-641.25,-13.887505,1.3935,,,,,MODELLED,False
Season 1:@KitchenSink_AllIn:2025-12-08:QQQ:2025-12-18,Season 1,@KitchenSink_AllIn,QQQ,,long,37,22788.67,2025-12-08,615.91,VENUE-SIMULATED-FILL,MODELLED,2025-12-18,597.9,VENUE-SIMULATED-FILL,MODELLED,10,-666.6,-2.925138,0.2281,,,,,MODELLED,False
Season 1:@KitchenSink_AllIn:2025-12-08:SPY:2025-12-18,Season 1,@KitchenSink_AllIn,SPY,,long,34,23299.52,2025-12-08,685.28,VENUE-SIMULATED-FILL,MODELLED,2025-12-18,674.12,VENUE-SIMULATED-FILL,MODELLED,10,-379.65,-1.629433,0.2096,,,,,MODELLED,False
Live Book (rehearsal):@KitchenSink_Official:2025-12-16:QQQ:2025-12-18,Live Book (rehearsal),@KitchenSink_Official,QQQ,,long,160,97629.76,2025-12-16,610.186,VENUE-SIMULATED-FILL,SECONDARY,2025-12-18,609.79,VENUE-SIMULATED-FILL,SECONDARY,2,-64.35,-0.065912,0.9866,,,0.164,0.00022,SECONDARY,False
Season 1:@OvernightCarry_NO:2025-12-17:SPY:2025-12-18,Season 1,@OvernightCarry_NO,SPY,,long,278,186337.84,2025-12-17,670.28,VENUE-SIMULATED-FILL,MODELLED,2025-12-18,674.12,VENUE-SIMULATED-FILL,MODELLED,1,1065.81,0.571977,1.7141,,,,,MODELLED,False
Season 1:@OverreactionFade_LT:2025-11-14:TSLA:2025-12-18,Season 1,@OverreactionFade_LT,TSLA,,long,5,1891.85,2025-11-14,378.369224,VENUE-SIMULATED-FILL,MODELLED,2025-12-18,362.31,VENUE-SIMULATED-FILL,MODELLED,34,-80.33,-4.246117,0.0308,,,,,MODELLED,False
Live Book (rehearsal):@PinePilot_EMA_Live:2025-12-02:QQQ:2025-12-18,Live Book (rehearsal),@PinePilot_EMA_Live,QQQ,,long,200,123907.2,2025-12-02,619.536,VENUE-SIMULATED-FILL,SECONDARY,2025-12-18,609.78,VENUE-SIMULATED-FILL,SECONDARY,16,-1952.43,-1.57572,1.2332,,,0.328,0.00051,SECONDARY,False
Season 1:@SpreadHarvester_MM:2025-12-17:NVDA:2025-12-18,Season 1,@SpreadHarvester_MM,NVDA,,short,66,15285.6,2025-12-17,231.6,VENUE-SIMULATED-FILL,MODELLED,2025-12-18,226.22,VENUE-SIMULATED-FILL,MODELLED,1,355.33,2.324606,-0.253,,,,,MODELLED,False
Season 1:@SpreadHarvester_MM:2025-12-18:NVDA:2025-12-18,Season 1,@SpreadHarvester_MM,NVDA,,long,110,24884.2,2025-12-18,226.22,VENUE-SIMULATED-FILL,MODELLED,2025-12-18,226.25,VENUE-SIMULATED-FILL,MODELLED,0,3.72,0.014949,-0.4217,,,,,MODELLED,False
Season 1:@TrendSurfer_GoldenX:2025-10-20:MSFT:2025-12-18,Season 1,@TrendSurfer_GoldenX,MSFT,,long,1,581.55,2025-10-20,581.549995,VENUE-SIMULATED-FILL,MODELLED,2025-12-18,614.03,VENUE-SIMULATED-FILL,MODELLED,59,32.47,5.583355,0.0062,,,,,MODELLED,False
Live Book (rehearsal):@Weather_ColdSnap_Live:2025-10-20:UNG:2025-12-18,Live Book (rehearsal),@Weather_ColdSnap_Live,UNG,,short,500,6734.91,2025-10-20,13.469818,VENUE-SIMULATED-FILL,SECONDARY,2025-12-18,12.69,VENUE-SIMULATED-FILL,SECONDARY,59,386.83,5.743656,3.083,,,0.0,0.03265,SECONDARY,False
Live Book (rehearsal):@DowNasdaq_SpreadMax:2025-12-17:QQQ:2025-12-19,Live Book (rehearsal),@DowNasdaq_SpreadMax,QQQ,,long,40,24522.4,2025-12-17,613.06,VENUE-SIMULATED-FILL,SECONDARY,2025-12-19,611.95,VENUE-SIMULATED-FILL,SECONDARY,2,-44.65,-0.182078,0.2466,,,0.0,0.00011,SECONDARY,False
Live Book (rehearsal):@KitchenSink_Official:2025-12-18:SPY:2025-12-19,Live Book (rehearsal),@KitchenSink_Official,SPY,,long,40,27104.0,2025-12-18,677.6,VENUE-SIMULATED-FILL,SECONDARY,2025-12-19,676.59,VENUE-SIMULATED-FILL,SECONDARY,1,-40.65,-0.149978,0.2466,,,0.0,4e-05,SECONDARY,False
Season 1:@OvernightCarry_NO:2025-12-17:SPY:2025-12-19,Season 1,@OvernightCarry_NO,SPY,,long,24,16209.08,2025-12-17,675.378333,VENUE-SIMULATED-FILL,MODELLED,2025-12-19,675.41,VENUE-SIMULATED-FILL,MODELLED,2,0.61,0.003763,0.148,,,,,MODELLED,False
Season 1:@SpreadHarvester_MM:2025-12-18:NVDA:2025-12-19,Season 1,@SpreadHarvester_MM,NVDA,,short,110,24887.5,2025-12-18,226.25,VENUE-SIMULATED-FILL,MODELLED,2025-12-19,228.82,VENUE-SIMULATED-FILL,MODELLED,1,-282.28,-1.134224,-0.4218,,,,,MODELLED,False
Season 1:@SpreadHarvester_MM:2025-12-19:NVDA:2025-12-19,Season 1,@SpreadHarvester_MM,NVDA,,long,109,24941.38,2025-12-19,228.82,VENUE-SIMULATED-FILL,MODELLED,2025-12-19,228.85,VENUE-SIMULATED-FILL,MODELLED,0,3.69,0.014795,-0.4179,,,,,MODELLED,False
Season 2:@Weather_ColdSnap_Max:2025-10-06:XLU:2025-12-19,Season 2,@Weather_ColdSnap_Max,XLU,,long,67,2991.43,2025-10-06,44.64821,VENUE-SIMULATED-FILL,MODELLED,2025-12-19,43.11,VENUE-SIMULATED-FILL,MODELLED,74,-103.47,-3.458881,0.4131,,,,,MODELLED,False
Season 1:@GapAndGo_YOLO:2025-12-22:RIVN:2025-12-22,Season 1,@GapAndGo_YOLO,RIVN,,long,1100,21780.0,2025-12-22,19.8,VENUE-SIMULATED-FILL,MODELLED,2025-12-22,19.92,VENUE-SIMULATED-FILL,MODELLED,0,125.22,0.574931,6.7826,,,,,MODELLED,False
Season 1:@OneBigBet_Concentra:2025-11-19:AAPL:2025-12-22,Season 1,@OneBigBet_Concentra,AAPL,,long,661,197711.71,2025-11-19,299.11,VENUE-SIMULATED-FILL,MODELLED,2025-12-22,308.53,VENUE-SIMULATED-FILL,MODELLED,33,6222.54,3.147279,4.0757,,,,,MODELLED,False
Season 1:@OvernightCarry_NO:2025-12-19:SPY:2025-12-22,Season 1,@OvernightCarry_NO,SPY,,long,278,189473.68,2025-12-19,681.56,VENUE-SIMULATED-FILL,MODELLED,2025-12-22,681.7,VENUE-SIMULATED-FILL,MODELLED,3,37.21,0.019639,1.7141,,,,,MODELLED,False
Season 1:@SpreadHarvester_MM:2025-12-19:NVDA:2025-12-22,Season 1,@SpreadHarvester_MM,NVDA,,short,108,24715.8,2025-12-19,228.85,VENUE-SIMULATED-FILL,MODELLED,2025-12-22,230.89,VENUE-SIMULATED-FILL,MODELLED,3,-219.91,-0.889755,-0.4141,,,,,MODELLED,False
Season 1:@SpreadHarvester_MM:2025-12-22:NVDA:2025-12-22,Season 1,@SpreadHarvester_MM,NVDA,,long,106,24474.34,2025-12-22,230.89,VENUE-SIMULATED-FILL,MODELLED,2025-12-22,230.92,VENUE-SIMULATED-FILL,MODELLED,0,3.59,0.014668,-0.4064,,,,,MODELLED,False
Season 2:@Weather_ColdSnap_Max:2025-10-06:UNG:2025-12-22,Season 2,@Weather_ColdSnap_Max,UNG,,long,151,2020.85,2025-10-06,13.383094,VENUE-SIMULATED-FILL,MODELLED,2025-12-22,11.75,VENUE-SIMULATED-FILL,MODELLED,77,-247.53,-12.248823,0.9311,,,,,MODELLED,False
Season 2:@Weather_ColdSnap_Max:2025-10-06:XLU:2025-12-22,Season 2,@Weather_ColdSnap_Max,XLU,,long,28,1250.15,2025-10-06,44.64821,VENUE-SIMULATED-FILL,MODELLED,2025-12-22,42.29,VENUE-SIMULATED-FILL,MODELLED,77,-66.2,-5.295365,0.1726,,,,,MODELLED,False
Live Book (rehearsal):@CrowdFade_Live:2025-10-02:MU:2025-12-23,Live Book (rehearsal),@CrowdFade_Live,MU,,short,40,7398.0,2025-10-02,184.95,VENUE-SIMULATED-FILL,SECONDARY,2025-12-23,275.94,VENUE-SIMULATED-FILL,SECONDARY,82,-3639.85,-49.20046,0.2466,,,0.724,0.0008,SECONDARY,False
Live Book (rehearsal):@DowNasdaq_SpreadMax:2025-12-15:SPY:2025-12-23,Live Book (rehearsal),@DowNasdaq_SpreadMax,SPY,,long,80,54539.87,2025-12-15,681.748333,VENUE-SIMULATED-FILL,SECONDARY,2025-12-23,683.91,VENUE-SIMULATED-FILL,SECONDARY,8,172.44,0.316172,0.4933,,,0.146,9e-05,SECONDARY,False
Season 1:@KitchenSink_AllIn:2025-09-17:IWM:2025-12-23,Season 1,@KitchenSink_AllIn,IWM,,long,11,2671.43,2025-09-17,242.856829,VENUE-SIMULATED-FILL,MODELLED,2025-12-23,248.44,VENUE-SIMULATED-FILL,MODELLED,97,61.35,2.296527,0.0678,,,,,MODELLED,False
Season 1:@KitchenSink_AllIn:2025-11-26:JPM:2025-12-23,Season 1,@KitchenSink_AllIn,JPM,,long,8,2352.9,2025-11-26,294.111883,VENUE-SIMULATED-FILL,MODELLED,2025-12-23,296.68,VENUE-SIMULATED-FILL,MODELLED,27,20.5,0.871267,0.0493,,,,,MODELLED,False
Season 1:@KitchenSink_AllIn:2025-12-01:AAPL:2025-12-23,Season 1,@KitchenSink_AllIn,AAPL,,long,4,1230.06,2025-12-01,307.514023,VENUE-SIMULATED-FILL,MODELLED,2025-12-23,298.3,VENUE-SIMULATED-FILL,MODELLED,22,-36.88,-2.998237,0.0247,,,,,MODELLED,False
Season 1:@KitchenSink_AllIn:2025-12-04:MSFT:2025-12-23,Season 1,@KitchenSink_AllIn,MSFT,,long,3,1861.19,2025-12-04,620.396512,VENUE-SIMULATED-FILL,MODELLED,2025-12-23,630.4,VENUE-SIMULATED-FILL,MODELLED,19,29.99,1.611335,0.0185,,,,,MODELLED,False
Season 1:@KitchenSink_AllIn:2025-12-19:CAT:2025-12-23,Season 1,@KitchenSink_AllIn,CAT,,long,5,2240.8,2025-12-19,448.16,VENUE-SIMULATED-FILL,MODELLED,2025-12-23,459.08,VENUE-SIMULATED-FILL,MODELLED,4,54.57,2.435291,0.0308,,,,,MODELLED,False
Season 1:@KitchenSink_AllIn:2025-12-19:META:2025-12-23,Season 1,@KitchenSink_AllIn,META,,long,3,3060.59,2025-12-19,1020.196296,VENUE-SIMULATED-FILL,MODELLED,2025-12-23,1047.57,VENUE-SIMULATED-FILL,MODELLED,4,82.1,2.68249,0.0185,,,,,MODELLED,False
Season 1:@KitchenSink_AllIn:2025-12-19:QQQ:2025-12-23,Season 1,@KitchenSink_AllIn,QQQ,,long,4,2408.12,2025-12-19,602.03,VENUE-SIMULATED-FILL,MODELLED,2025-12-23,614.04,VENUE-SIMULATED-FILL,MODELLED,4,48.02,1.994087,0.0247,,,,,MODELLED,False
Season 1:@KitchenSink_AllIn:2025-12-19:SPY:2025-12-23,Season 1,@KitchenSink_AllIn,SPY,,long,3,2026.26,2025-12-19,675.42,VENUE-SIMULATED-FILL,MODELLED,2025-12-23,688.15,VENUE-SIMULATED-FILL,MODELLED,4,38.17,1.883766,0.0185,,,,,MODELLED,False
Season 1:@OvernightCarry_NO:2025-12-22:SPY:2025-12-23,Season 1,@OvernightCarry_NO,SPY,,long,21,14404.74,2025-12-22,685.94,VENUE-SIMULATED-FILL,MODELLED,2025-12-23,688.15,VENUE-SIMULATED-FILL,MODELLED,1,46.28,0.321283,0.1295,,,,,MODELLED,False
Season 1:@SpreadHarvester_MM:2025-12-22:NVDA:2025-12-23,Season 1,@SpreadHarvester_MM,NVDA,,short,64,14778.88,2025-12-22,230.92,VENUE-SIMULATED-FILL,MODELLED,2025-12-23,227.61,VENUE-SIMULATED-FILL,MODELLED,1,212.09,1.435088,-0.2454,,,,,MODELLED,False
Season 1:@SpreadHarvester_MM:2025-12-23:NVDA:2025-12-23,Season 1,@SpreadHarvester_MM,NVDA,,long,41,9332.01,2025-12-23,227.61,VENUE-SIMULATED-FILL,MODELLED,2025-12-23,227.64,VENUE-SIMULATED-FILL,MODELLED,0,1.39,0.014895,-0.1572,,,,,MODELLED,False
Live Book (rehearsal):@Weather_ColdSnap_Live:2025-10-20:UNG:2025-12-23,Live Book (rehearsal),@Weather_ColdSnap_Live,UNG,,short,6800,90894.85,2025-10-20,13.36689,VENUE-SIMULATED-FILL,SECONDARY,2025-12-23,12.16,VENUE-SIMULATED-FILL,SECONDARY,64,8164.92,8.982819,41.9288,,,8.23,0.03265,SECONDARY,False
Season 2:@FDA_ClusterFade:2025-12-05:XBI:2025-12-24,Season 2,@FDA_ClusterFade,XBI,,long,1390,172050.24,2025-12-05,123.777153,VENUE-SIMULATED-FILL,MODELLED,2025-12-24,125.43,VENUE-SIMULATED-FILL,MODELLED,19,2288.89,1.330361,8.5707,,,,,MODELLED,False
Official Auction Book:@LiquidityWeighted_Participant:2025-09-22:912797NU7:2025-12-24,Official Auction Book,@LiquidityWeighted_Participant,912797NU7,52-Week,long,65700.0,6505190.63,2025-09-22,99.013556,PRIMARY-AUCTION,OFFICIAL,2025-12-24,99.980111,SECONDARY-CURVE,OFFICIAL-DERIVED,93,635.03,0.009762,0.0,0.0,0.0,,,OFFICIAL-DERIVED,False
Season 1:@OvernightCarry_NO:2025-12-23:SPY:2025-12-24,Season 1,@OvernightCarry_NO,SPY,,long,276,190180.56,2025-12-23,689.06,VENUE-SIMULATED-FILL,MODELLED,2025-12-24,690.13,VENUE-SIMULATED-FILL,MODELLED,1,293.62,0.15439,1.7018,,,,,MODELLED,False
Live Book (rehearsal):@PinePilot_EMA_Live:2025-12-18:QQQ:2025-12-24,Live Book (rehearsal),@PinePilot_EMA_Live,QQQ,,short,120,73173.6,2025-12-18,609.78,VENUE-SIMULATED-FILL,SECONDARY,2025-12-24,621.99,VENUE-SIMULATED-FILL,SECONDARY,6,-1465.94,-2.003373,0.7399,,,0.0,0.00041,SECONDARY,False
Season 1:@SpreadHarvester_MM:2025-12-23:NVDA:2025-12-24,Season 1,@SpreadHarvester_MM,NVDA,,short,40,9105.6,2025-12-23,227.64,VENUE-SIMULATED-FILL,MODELLED,2025-12-24,235.98,VENUE-SIMULATED-FILL,MODELLED,1,-333.45,-3.662032,-0.1534,,,,,MODELLED,False
Season 1:@SpreadHarvester_MM:2025-12-24:NVDA:2025-12-24,Season 1,@SpreadHarvester_MM,NVDA,,long,39,9203.22,2025-12-24,235.98,VENUE-SIMULATED-FILL,MODELLED,2025-12-24,236.01,VENUE-SIMULATED-FILL,MODELLED,0,1.32,0.014343,-0.1495,,,,,MODELLED,False
Official Auction Book:@BillCarry_TenX:2025-11-10:912797NU7:2025-12-26,Official Auction Book,@BillCarry_TenX,912797NU7,52-Week,long,37700.0,3752483.11,2025-11-10,99.535361,PRIMARY-AUCTION,OFFICIAL,2025-12-26,100.0,MATURITY-REDEMPTION,OFFICIAL,46,175.17,0.004668,0.0,0.0,0.0,,,OFFICIAL,True
Live Book (rehearsal):@FDA_Fade_Live:2025-12-08:XBI:2025-12-26,Live Book (rehearsal),@FDA_Fade_Live,XBI,,long,1300,161655.93,2025-12-08,124.350714,VENUE-SIMULATED-FILL,SECONDARY,2025-12-26,125.87,VENUE-SIMULATED-FILL,SECONDARY,18,1967.06,1.216819,8.0158,,,1.589,0.00931,SECONDARY,False
Season 1:@IlliquidRocket_Degen:2025-12-18:CVNA:2025-12-26,Season 1,@IlliquidRocket_Degen,CVNA,,long,761,183149.87,2025-12-18,240.67,VENUE-SIMULATED-FILL,MODELLED,2025-12-26,267.48,VENUE-SIMULATED-FILL,MODELLED,8,20397.72,11.137174,4.6923,,,,,MODELLED,False
Season 1:@OvernightCarry_NO:2025-12-24:SPY:2025-12-26,Season 1,@OvernightCarry_NO,SPY,,long,21,14516.88,2025-12-24,691.28,VENUE-SIMULATED-FILL,MODELLED,2025-12-26,690.74,VENUE-SIMULATED-FILL,MODELLED,2,-11.47,-0.079011,0.1295,,,,,MODELLED,False
Season 1:@SectorRotator_AlphaX:2025-09-17:GOOGL:2025-12-26,Season 1,@SectorRotator_AlphaX,GOOGL,,long,38,9210.78,2025-09-17,242.388826,VENUE-SIMULATED-FILL,MODELLED,2025-12-26,250.0,VENUE-SIMULATED-FILL,MODELLED,100,288.99,3.137521,0.2343,,,,,MODELLED,False
Season 1:@SectorRotator_AlphaX:2025-09-17:META:2025-12-26,Season 1,@SectorRotator_AlphaX,META,,long,10,7624.81,2025-09-17,762.4805,VENUE-SIMULATED-FILL,MODELLED,2025-12-26,1060.11,VENUE-SIMULATED-FILL,MODELLED,100,2976.23,39.033523,0.0617,,,,,MODELLED,False
Season 1:@SpreadHarvester_MM:2025-12-24:NVDA:2025-12-26,Season 1,@SpreadHarvester_MM,NVDA,,short,38,8968.38,2025-12-24,236.01,VENUE-SIMULATED-FILL,MODELLED,2025-12-26,236.6,VENUE-SIMULATED-FILL,MODELLED,2,-22.27,-0.248317,-0.1457,,,,,MODELLED,False
Season 1:@SpreadHarvester_MM:2025-12-26:NVDA:2025-12-26,Season 1,@SpreadHarvester_MM,NVDA,,long,36,8517.6,2025-12-26,236.6,VENUE-SIMULATED-FILL,MODELLED,2025-12-26,236.63,VENUE-SIMULATED-FILL,MODELLED,0,1.22,0.014323,-0.138,,,,,MODELLED,False
Season 2:@GOLD_Trend_GLD:2025-09-17:GLD:2025-12-29,Season 2,@GOLD_Trend_GLD,GLD,,long,18,6332.84,2025-09-17,351.824568,VENUE-SIMULATED-FILL,MODELLED,2025-12-29,403.66,VENUE-SIMULATED-FILL,MODELLED,103,932.93,14.731616,0.111,,,,,MODELLED,False
Season 1:@GapAndGo_YOLO:2025-12-29:NVDA:2025-12-29,Season 1,@GapAndGo_YOLO,NVDA,,long,92,21725.8,2025-12-29,236.15,VENUE-SIMULATED-FILL,MODELLED,2025-12-29,230.76,VENUE-SIMULATED-FILL,MODELLED,0,-496.45,-2.285071,0.5673,,,,,MODELLED,False
Season 1:@GapAndGo_YOLO:2025-12-29:TSLA:2025-12-29,Season 1,@GapAndGo_YOLO,TSLA,,long,54,21562.74,2025-12-29,399.31,VENUE-SIMULATED-FILL,MODELLED,2025-12-29,391.33,VENUE-SIMULATED-FILL,MODELLED,0,-431.25,-1.999978,0.333,,,,,MODELLED,False
Season 1:@KitchenSink_AllIn:2025-09-17:IWM:2025-12-29,Season 1,@KitchenSink_AllIn,IWM,,long,21,5117.17,2025-09-17,243.674822,VENUE-SIMULATED-FILL,MODELLED,2025-12-29,250.53,VENUE-SIMULATED-FILL,MODELLED,103,143.83,2.810733,0.1295,,,,,MODELLED,False
Season 1:@KitchenSink_AllIn:2025-11-26:JPM:2025-12-29,Season 1,@KitchenSink_AllIn,JPM,,long,17,5008.5,2025-11-26,294.617665,VENUE-SIMULATED-FILL,MODELLED,2025-12-29,298.91,VENUE-SIMULATED-FILL,MODELLED,33,72.86,1.454727,0.1048,,,,,MODELLED,False
Season 1:@KitchenSink_AllIn:2025-12-04:MSFT:2025-12-29,Season 1,@KitchenSink_AllIn,MSFT,,long,8,4984.03,2025-12-04,623.004101,VENUE-SIMULATED-FILL,MODELLED,2025-12-29,644.04,VENUE-SIMULATED-FILL,MODELLED,25,168.24,3.37558,0.0493,,,,,MODELLED,False
Season 1:@KitchenSink_AllIn:2025-12-19:CAT:2025-12-29,Season 1,@KitchenSink_AllIn,CAT,,long,11,4949.33,2025-12-19,449.939344,VENUE-SIMULATED-FILL,MODELLED,2025-12-29,462.65,VENUE-SIMULATED-FILL,MODELLED,10,139.75,2.823613,0.0678,,,,,MODELLED,False
Season 1:@KitchenSink_AllIn:2025-12-19:META:2025-12-29,Season 1,@KitchenSink_AllIn,META,,long,4,4093.08,2025-12-19,1023.268889,VENUE-SIMULATED-FILL,MODELLED,2025-12-29,1097.78,VENUE-SIMULATED-FILL,MODELLED,10,298.02,7.281077,0.0247,,,,,MODELLED,False
Season 1:@KitchenSink_AllIn:2025-12-19:QQQ:2025-12-29,Season 1,@KitchenSink_AllIn,QQQ,,long,8,4831.22,2025-12-19,603.902826,VENUE-SIMULATED-FILL,MODELLED,2025-12-29,622.74,VENUE-SIMULATED-FILL,MODELLED,10,150.65,3.118258,0.0493,,,,,MODELLED,False
Season 1:@KitchenSink_AllIn:2025-12-19:SPY:2025-12-29,Season 1,@KitchenSink_AllIn,SPY,,long,7,4738.41,2025-12-19,676.91561,VENUE-SIMULATED-FILL,MODELLED,2025-12-29,690.8,VENUE-SIMULATED-FILL,MODELLED,10,97.15,2.050266,0.0432,,,,,MODELLED,False
Season 1:@OneBigBet_Concentra:2025-12-26:META:2025-12-29,Season 1,@OneBigBet_Concentra,META,,long,197,208851.52,2025-12-26,1060.16,VENUE-SIMULATED-FILL,MODELLED,2025-12-29,1097.76,VENUE-SIMULATED-FILL,MODELLED,3,7405.99,3.546055,1.2147,,,,,MODELLED,False
Season 1:@OvernightCarry_NO:2025-12-26:SPY:2025-12-29,Season 1,@OvernightCarry_NO,SPY,,long,275,190044.25,2025-12-26,691.07,VENUE-SIMULATED-FILL,MODELLED,2025-12-29,690.8,VENUE-SIMULATED-FILL,MODELLED,3,-75.95,-0.039964,1.6956,,,,,MODELLED,False
Official Auction Book:@BillCarry_TenX:2025-11-26:912797RZ2:2025-12-30,Official Auction Book,@BillCarry_TenX,912797RZ2,17-Week,long,915700.0,91291881.76,2025-11-26,99.696278,PRIMARY-AUCTION,OFFICIAL,2025-12-30,100.0,MATURITY-REDEMPTION,OFFICIAL,34,2781.18,0.003046,0.0,0.0,0.0,,,OFFICIAL,True
Season 1:@OneBigBet_Concentra:2025-12-26:META:2025-12-30,Season 1,@OneBigBet_Concentra,META,,long,8,8744.69,2025-12-26,1093.08625,VENUE-SIMULATED-FILL,MODELLED,2025-12-30,1082.43,VENUE-SIMULATED-FILL,MODELLED,4,-85.3,-0.975449,0.0493,,,,,MODELLED,False
Season 1:@OvernightCarry_NO:2025-12-29:SPY:2025-12-30,Season 1,@OvernightCarry_NO,SPY,,long,21,14461.86,2025-12-29,688.66,VENUE-SIMULATED-FILL,MODELLED,2025-12-30,690.59,VENUE-SIMULATED-FILL,MODELLED,1,40.4,0.279355,0.1295,,,,,MODELLED,False
Season 1:@SpreadHarvester_MM:2025-12-26:NVDA:2025-12-30,Season 1,@SpreadHarvester_MM,NVDA,,long,16,3700.25,2025-12-26,231.265625,VENUE-SIMULATED-FILL,MODELLED,2025-12-30,230.94,VENUE-SIMULATED-FILL,MODELLED,4,-5.15,-0.13918,-0.0614,,,,,MODELLED,False
Official Auction Book:@TBillLadder_MaxRoll:2025-11-26:912797RZ2:2025-12-30,Official Auction Book,@TBillLadder_MaxRoll,912797RZ2,17-Week,long,100400.0,10009506.31,2025-11-26,99.696278,PRIMARY-AUCTION,OFFICIAL,2025-12-30,100.0,MATURITY-REDEMPTION,OFFICIAL,34,304.94,0.003047,0.0,0.0,0.0,,,OFFICIAL,True
Official Auction Book:@ConcessionFade_Notes:2025-10-23:91282CPH8:2025-12-31,Official Auction Book,@ConcessionFade_Notes,91282CPH8,5-Year,long,40700.0,4064860.73,2025-10-23,99.873728,PRIMARY-AUCTION,OFFICIAL,2025-12-31,98.342731,SECONDARY-CURVE,OFFICIAL-DERIVED,69,-623.12,-0.015329,0.0,0.0,0.0,,,OFFICIAL-DERIVED,False
Official Auction Book:@ConcessionFade_Notes:2025-12-22:91282CPS4:2025-12-31,Official Auction Book,@ConcessionFade_Notes,91282CPS4,2-Year,long,626000.0,62451311.85,2025-12-22,99.762479,PRIMARY-AUCTION,OFFICIAL,2025-12-31,99.817964,SECONDARY-CURVE,OFFICIAL-DERIVED,9,347.34,0.000556,0.0,0.0,0.0,,,OFFICIAL-DERIVED,False
Season 2:@GOLD_Trend_GLD:2025-09-17:GLD:2025-12-31,Season 2,@GOLD_Trend_GLD,GLD,,long,8,2814.6,2025-09-17,351.824568,VENUE-SIMULATED-FILL,MODELLED,2025-12-31,398.6,VENUE-SIMULATED-FILL,MODELLED,105,374.15,13.293202,0.0493,,,,,MODELLED,False
Season 1:@GapAndGo_YOLO:2025-12-31:CVNA:2025-12-31,Season 1,@GapAndGo_YOLO,CVNA,,long,77,21247.38,2025-12-31,275.94,VENUE-SIMULATED-FILL,MODELLED,2025-12-31,261.79,VENUE-SIMULATED-FILL,MODELLED,0,-1090.02,-5.130138,0.4748,,,,,MODELLED,False
Season 1:@GapAndGo_YOLO:2025-12-31:UNH:2025-12-31,Season 1,@GapAndGo_YOLO,UNH,,long,66,21384.0,2025-12-31,324.0,VENUE-SIMULATED-FILL,MODELLED,2025-12-31,314.75,VENUE-SIMULATED-FILL,MODELLED,0,-610.91,-2.856856,0.407,,,,,MODELLED,False
Season 1:@KitchenSink_AllIn:2025-09-17:IWM:2025-12-31,Season 1,@KitchenSink_AllIn,IWM,,long,13,3180.39,2025-09-17,244.645726,VENUE-SIMULATED-FILL,MODELLED,2025-12-31,247.54,VENUE-SIMULATED-FILL,MODELLED,105,37.55,1.180671,0.0802,,,,,MODELLED,False
Season 1:@KitchenSink_AllIn:2025-12-04:MSFT:2025-12-31,Season 1,@KitchenSink_AllIn,MSFT,,long,4,2510.86,2025-12-04,627.716224,VENUE-SIMULATED-FILL,MODELLED,2025-12-31,651.97,VENUE-SIMULATED-FILL,MODELLED,27,96.99,3.862812,0.0247,,,,,MODELLED,False
Season 1:@KitchenSink_AllIn:2025-12-19:QQQ:2025-12-31,Season 1,@KitchenSink_AllIn,QQQ,,long,5,3031.27,2025-12-19,606.253639,VENUE-SIMULATED-FILL,MODELLED,2025-12-31,621.99,VENUE-SIMULATED-FILL,MODELLED,12,78.65,2.594624,0.0308,,,,,MODELLED,False
Season 1:@KitchenSink_AllIn:2025-12-19:SPY:2025-12-31,Season 1,@KitchenSink_AllIn,SPY,,long,4,2717.01,2025-12-19,679.251969,VENUE-SIMULATED-FILL,MODELLED,2025-12-31,687.4,VENUE-SIMULATED-FILL,MODELLED,12,32.57,1.198745,0.0247,,,,,MODELLED,False
Season 1:@OvernightCarry_NO:2025-12-30:SPY:2025-12-31,Season 1,@OvernightCarry_NO,SPY,,long,275,189120.25,2025-12-30,687.71,VENUE-SIMULATED-FILL,MODELLED,2025-12-31,687.4,VENUE-SIMULATED-FILL,MODELLED,1,-86.95,-0.045976,1.6956,,,,,MODELLED,False
Season 1:@SpreadHarvester_MM:2025-12-30:NVDA:2025-12-31,Season 1,@SpreadHarvester_MM,NVDA,,short,16,3695.04,2025-12-30,230.94,VENUE-SIMULATED-FILL,MODELLED,2025-12-31,231.41,VENUE-SIMULATED-FILL,MODELLED,1,-7.46,-0.201892,-0.0614,,,,,MODELLED,False
Season 1:@SpreadHarvester_MM:2025-12-31:NVDA:2025-12-31,Season 1,@SpreadHarvester_MM,NVDA,,long,15,3471.15,2025-12-31,231.41,VENUE-SIMULATED-FILL,MODELLED,2025-12-31,231.44,VENUE-SIMULATED-FILL,MODELLED,0,0.51,0.014693,-0.0575,,,,,MODELLED,False
Season 2:@Weather_ColdSnap_Max:2025-10-06:XLU:2025-12-31,Season 2,@Weather_ColdSnap_Max,XLU,,long,121,5367.4,2025-10-06,44.358679,VENUE-SIMULATED-FILL,MODELLED,2025-12-31,42.97,VENUE-SIMULATED-FILL,MODELLED,86,-168.78,-3.144539,0.7461,,,,,MODELLED,False
Official Auction Book:@ConcessionFade_Notes:2025-12-23:91282CPG0:2026-01-02,Official Auction Book,@ConcessionFade_Notes,91282CPG0,2-Year,long,3100.0,310277.57,2025-12-23,100.089539,PRIMARY-AUCTION,OFFICIAL,2026-01-02,93.350886,SECONDARY-CURVE,OFFICIAL-DERIVED,10,-208.9,-0.067327,0.0,0.0,0.0,,,OFFICIAL-DERIVED,False
Live Book (rehearsal):@DowNasdaq_SpreadMax:2025-12-23:QQQ:2026-01-02,Live Book (rehearsal),@DowNasdaq_SpreadMax,QQQ,,long,80,49729.6,2025-12-23,621.62,VENUE-SIMULATED-FILL,SECONDARY,2026-01-02,620.05,VENUE-SIMULATED-FILL,SECONDARY,10,-126.1,-0.253571,0.4956,,,0.161,0.0001,SECONDARY,False
Live Book (rehearsal):@KitchenSink_Official:2025-12-16:QQQ:2026-01-02,Live Book (rehearsal),@KitchenSink_Official,QQQ,,long,200,123167.2,2025-12-16,615.836,VENUE-SIMULATED-FILL,SECONDARY,2026-01-02,620.05,VENUE-SIMULATED-FILL,SECONDARY,17,841.56,0.683266,1.239,,,0.161,0.00022,SECONDARY,False
Season 2:@LeapMaxLever_Momentum:2025-09-17:QQQ:2026-01-02,Season 2,@LeapMaxLever_Momentum,QQQ,,long,6,3560.15,2025-09-17,593.358626,VENUE-SIMULATED-FILL,MODELLED,2026-01-02,620.05,VENUE-SIMULATED-FILL,MODELLED,107,160.11,4.49728,0.0372,,,,,MODELLED,False
Season 1:@OvernightCarry_NO:2025-12-31:SPY:2026-01-02,Season 1,@OvernightCarry_NO,SPY,,long,22,15018.3,2025-12-31,682.65,VENUE-SIMULATED-FILL,MODELLED,2026-01-02,682.15,VENUE-SIMULATED-FILL,MODELLED,2,-11.14,-0.074176,0.1363,,,,,MODELLED,False
Season 1:@SpreadHarvester_MM:2025-12-31:NVDA:2026-01-02,Season 1,@SpreadHarvester_MM,NVDA,,short,14,3240.16,2025-12-31,231.44,VENUE-SIMULATED-FILL,MODELLED,2026-01-02,235.74,VENUE-SIMULATED-FILL,MODELLED,2,-60.15,-1.85639,-0.0537,,,,,MODELLED,False
Season 1:@SpreadHarvester_MM:2026-01-02:NVDA:2026-01-02,Season 1,@SpreadHarvester_MM,NVDA,,long,15,3536.1,2026-01-02,235.74,VENUE-SIMULATED-FILL,MODELLED,2026-01-02,235.77,VENUE-SIMULATED-FILL,MODELLED,0,0.51,0.014423,-0.057,,,,,MODELLED,False
Season 1:@VolCarry_LowHigh:2025-09-17:IWM:2026-01-02,Season 1,@VolCarry_LowHigh,IWM,,long,4,969.52,2025-09-17,242.38,VENUE-SIMULATED-FILL,MODELLED,2026-01-02,245.9,VENUE-SIMULATED-FILL,MODELLED,107,14.06,1.450202,0.0248,,,,,MODELLED,False
Season 1:@VolCarry_LowHigh:2025-09-17:QQQ:2026-01-02,Season 1,@VolCarry_LowHigh,QQQ,,long,2,1171.18,2025-09-17,585.59,VENUE-SIMULATED-FILL,MODELLED,2026-01-02,609.49,VENUE-SIMULATED-FILL,MODELLED,107,47.79,4.0805,0.0124,,,,,MODELLED,False
Season 1:@VolCarry_LowHigh:2025-09-17:RIVN:2026-01-02,Season 1,@VolCarry_LowHigh,RIVN,,short,222,3620.82,2025-09-17,16.31,VENUE-SIMULATED-FILL,MODELLED,2026-01-02,20.33,VENUE-SIMULATED-FILL,MODELLED,107,-893.81,-24.685292,1.3689,,,,,MODELLED,False
Season 1:@VolCarry_LowHigh:2025-09-17:SPY:2026-01-02,Season 1,@VolCarry_LowHigh,SPY,,long,2,1310.82,2025-09-17,655.41,VENUE-SIMULATED-FILL,MODELLED,2026-01-02,682.15,VENUE-SIMULATED-FILL,MODELLED,107,53.47,4.079126,0.0124,,,,,MODELLED,False
Season 2:@Weather_ColdSnap_Max:2025-10-06:UNG:2026-01-02,Season 2,@Weather_ColdSnap_Max,UNG,,long,118,1578.13,2025-10-06,13.373964,VENUE-SIMULATED-FILL,MODELLED,2026-01-02,11.87,VENUE-SIMULATED-FILL,MODELLED,88,-178.2,-11.291861,0.731,,,,,MODELLED,False
Season 2:@Weather_ColdSnap_Max:2025-10-06:XLU:2026-01-02,Season 2,@Weather_ColdSnap_Max,XLU,,long,79,3504.34,2025-10-06,44.358679,VENUE-SIMULATED-FILL,MODELLED,2026-01-02,42.88,VENUE-SIMULATED-FILL,MODELLED,88,-117.31,-3.347567,0.4894,,,,,MODELLED,False
Live Book (rehearsal):@DowNasdaq_SpreadMax:2025-12-23:QQQ:2026-01-05,Live Book (rehearsal),@DowNasdaq_SpreadMax,QQQ,,long,40,24864.8,2025-12-23,621.62,VENUE-SIMULATED-FILL,SECONDARY,2026-01-05,619.32,VENUE-SIMULATED-FILL,SECONDARY,13,-92.25,-0.371006,0.2478,,,0.0,0.0001,SECONDARY,False
Season 2:@FDA_ClusterFade:2025-12-05:XBI:2026-01-05,Season 2,@FDA_ClusterFade,XBI,,long,15,1860.6,2025-12-05,124.039816,VENUE-SIMULATED-FILL,MODELLED,2026-01-05,121.33,VENUE-SIMULATED-FILL,MODELLED,31,-40.74,-2.18962,0.0929,,,,,MODELLED,False
Season 1:@GapAndGo_YOLO:2026-01-05:TSLA:2026-01-05,Season 1,@GapAndGo_YOLO,TSLA,,long,51,20574.42,2026-01-05,403.42,VENUE-SIMULATED-FILL,MODELLED,2026-01-05,411.27,VENUE-SIMULATED-FILL,MODELLED,0,400.03,1.944308,0.3159,,,,,MODELLED,False
Live Book (rehearsal):@KitchenSink_Official:2025-12-16:QQQ:2026-01-05,Live Book (rehearsal),@KitchenSink_Official,QQQ,,long,40,24633.44,2025-12-16,615.836,VENUE-SIMULATED-FILL,SECONDARY,2026-01-05,619.32,VENUE-SIMULATED-FILL,SECONDARY,20,139.11,0.56472,0.2478,,,0.0,0.00022,SECONDARY,False
Season 1:@OneBigBet_Concentra:2026-01-02:META:2026-01-05,Season 1,@OneBigBet_Concentra,META,,long,214,223540.12,2026-01-02,1044.58,VENUE-SIMULATED-FILL,MODELLED,2026-01-05,1044.08,VENUE-SIMULATED-FILL,MODELLED,3,-108.33,-0.048461,1.3257,,,,,MODELLED,False
Season 1:@OvernightCarry_NO:2026-01-02:SPY:2026-01-05,Season 1,@OvernightCarry_NO,SPY,,long,278,190138.1,2026-01-02,683.95,VENUE-SIMULATED-FILL,MODELLED,2026-01-05,683.83,VENUE-SIMULATED-FILL,MODELLED,3,-35.08,-0.01845,1.7222,,,,,MODELLED,False
Season 1:@SpreadHarvester_MM:2026-01-02:NVDA:2026-01-05,Season 1,@SpreadHarvester_MM,NVDA,,short,15,3536.55,2026-01-02,235.77,VENUE-SIMULATED-FILL,MODELLED,2026-01-05,237.31,VENUE-SIMULATED-FILL,MODELLED,3,-23.04,-0.651482,-0.057,,,,,MODELLED,False
Season 1:@SpreadHarvester_MM:2026-01-05:NVDA:2026-01-05,Season 1,@SpreadHarvester_MM,NVDA,,long,10,2373.1,2026-01-05,237.31,VENUE-SIMULATED-FILL,MODELLED,2026-01-05,237.34,VENUE-SIMULATED-FILL,MODELLED,0,0.34,0.014327,-0.0381,,,,,MODELLED,False
Season 2:@Weather_ColdSnap_Max:2025-10-06:XLU:2026-01-05,Season 2,@Weather_ColdSnap_Max,XLU,,long,74,3282.54,2025-10-06,44.358679,VENUE-SIMULATED-FILL,MODELLED,2026-01-05,43.18,VENUE-SIMULATED-FILL,MODELLED,91,-87.68,-2.6711,0.4584,,,,,MODELLED,False
Season 1:@GapAndGo_YOLO:2026-01-06:NVDA:2026-01-06,Season 1,@GapAndGo_YOLO,NVDA,,long,85,20755.3,2026-01-06,244.18,VENUE-SIMULATED-FILL,MODELLED,2026-01-06,217.06,VENUE-SIMULATED-FILL,MODELLED,0,-2305.73,-11.109114,0.5266,,,,,MODELLED,False
Season 1:@OneBigBet_Concentra:2026-01-02:META:2026-01-06,Season 1,@OneBigBet_Concentra,META,,long,1,1044.58,2026-01-02,1044.58,VENUE-SIMULATED-FILL,MODELLED,2026-01-06,1055.76,VENUE-SIMULATED-FILL,MODELLED,4,11.17,1.069329,0.0062,,,,,MODELLED,False
Season 1:@OvernightCarry_NO:2026-01-05:SPY:2026-01-06,Season 1,@OvernightCarry_NO,SPY,,long,21,14454.09,2026-01-05,688.29,VENUE-SIMULATED-FILL,MODELLED,2026-01-06,692.31,VENUE-SIMULATED-FILL,MODELLED,1,84.29,0.583157,0.1301,,,,,MODELLED,False
Season 1:@SpreadHarvester_MM:2026-01-05:NVDA:2026-01-06,Season 1,@SpreadHarvester_MM,NVDA,,short,9,2136.06,2026-01-05,237.34,VENUE-SIMULATED-FILL,MODELLED,2026-01-06,244.16,VENUE-SIMULATED-FILL,MODELLED,1,-61.35,-2.87211,-0.0342,,,,,MODELLED,False
Season 1:@SpreadHarvester_MM:2026-01-06:NVDA:2026-01-06,Season 1,@SpreadHarvester_MM,NVDA,,long,8,1953.28,2026-01-06,244.16,VENUE-SIMULATED-FILL,MODELLED,2026-01-06,244.19,VENUE-SIMULATED-FILL,MODELLED,0,0.27,0.013823,-0.0305,,,,,MODELLED,False
Season 2:@GOLD_Trend_GLD:2025-09-17:GLD:2026-01-07,Season 2,@GOLD_Trend_GLD,GLD,,long,2,706.48,2025-09-17,353.242387,VENUE-SIMULATED-FILL,MODELLED,2026-01-07,408.63,VENUE-SIMULATED-FILL,MODELLED,112,110.76,15.67762,0.0124,,,,,MODELLED,False
Season 1:@GapAndGo_YOLO:2026-01-07:TSLA:2026-01-07,Season 1,@GapAndGo_YOLO,TSLA,,long,46,19629.12,2026-01-07,426.72,VENUE-SIMULATED-FILL,MODELLED,2026-01-07,417.35,VENUE-SIMULATED-FILL,MODELLED,0,-431.31,-2.197297,0.285,,,,,MODELLED,False
Season 1:@KitchenSink_AllIn:2025-09-17:IWM:2026-01-07,Season 1,@KitchenSink_AllIn,IWM,,long,11,2692.46,2025-09-17,244.768797,VENUE-SIMULATED-FILL,MODELLED,2026-01-07,250.97,VENUE-SIMULATED-FILL,MODELLED,112,68.15,2.531146,0.0681,,,,,MODELLED,False
Season 1:@KitchenSink_AllIn:2025-12-04:MSFT:2026-01-07,Season 1,@KitchenSink_AllIn,MSFT,,long,2,1258.69,2025-12-04,629.34714,VENUE-SIMULATED-FILL,MODELLED,2026-01-07,671.78,VENUE-SIMULATED-FILL,MODELLED,34,84.85,6.741113,0.0124,,,,,MODELLED,False
Season 1:@KitchenSink_AllIn:2025-12-19:QQQ:2026-01-07,Season 1,@KitchenSink_AllIn,QQQ,,long,3,1819.63,2025-12-19,606.542204,VENUE-SIMULATED-FILL,MODELLED,2026-01-07,620.38,VENUE-SIMULATED-FILL,MODELLED,19,41.49,2.280138,0.0186,,,,,MODELLED,False
Season 1:@KitchenSink_AllIn:2025-12-19:SPY:2026-01-07,Season 1,@KitchenSink_AllIn,SPY,,long,3,2038.41,2025-12-19,679.470071,VENUE-SIMULATED-FILL,MODELLED,2026-01-07,695.17,VENUE-SIMULATED-FILL,MODELLED,19,47.08,2.309643,0.0186,,,,,MODELLED,False
Live Book (rehearsal):@KitchenSink_Official:2026-01-05:SPY:2026-01-07,Live Book (rehearsal),@KitchenSink_Official,SPY,,long,40,27461.6,2026-01-05,686.54,VENUE-SIMULATED-FILL,SECONDARY,2026-01-07,692.19,VENUE-SIMULATED-FILL,SECONDARY,2,225.75,0.822057,0.2478,,,0.0,0.00011,SECONDARY,False
Season 1:@MeanRev_Z2Sigma:2025-12-23:AAPL:2026-01-07,Season 1,@MeanRev_Z2Sigma,AAPL,,long,124,36990.44,2025-12-23,298.31,VENUE-SIMULATED-FILL,MODELLED,2026-01-07,299.75,VENUE-SIMULATED-FILL,MODELLED,15,177.79,0.480638,0.7682,,,,,MODELLED,False
Season 1:@OvernightCarry_NO:2026-01-06:SPY:2026-01-07,Season 1,@OvernightCarry_NO,SPY,,long,274,189761.44,2026-01-06,692.56,VENUE-SIMULATED-FILL,MODELLED,2026-01-07,695.17,VENUE-SIMULATED-FILL,MODELLED,1,713.44,0.375967,1.6974,,,,,MODELLED,False
Season 1:@SpreadHarvester_MM:2026-01-06:NVDA:2026-01-07,Season 1,@SpreadHarvester_MM,NVDA,,short,7,1709.33,2026-01-06,244.19,VENUE-SIMULATED-FILL,MODELLED,2026-01-07,214.03,VENUE-SIMULATED-FILL,MODELLED,1,211.15,12.352793,-0.0266,,,,,MODELLED,False
Season 1:@SpreadHarvester_MM:2026-01-07:NVDA:2026-01-07,Season 1,@SpreadHarvester_MM,NVDA,,long,6,1284.18,2026-01-07,214.03,VENUE-SIMULATED-FILL,MODELLED,2026-01-07,214.06,VENUE-SIMULATED-FILL,MODELLED,0,0.2,0.015574,-0.0229,,,,,MODELLED,False
Season 2:@GOLD_Trend_GLD:2025-09-17:GLD:2026-01-08,Season 2,@GOLD_Trend_GLD,GLD,,long,3,1059.73,2025-09-17,353.242387,VENUE-SIMULATED-FILL,MODELLED,2026-01-08,406.97,VENUE-SIMULATED-FILL,MODELLED,113,161.16,15.207688,0.0186,,,,,MODELLED,False
Live Book (rehearsal):@KitchenSink_Official:2026-01-05:SPY:2026-01-08,Live Book (rehearsal),@KitchenSink_Official,SPY,,long,40,27461.6,2026-01-05,686.54,VENUE-SIMULATED-FILL,SECONDARY,2026-01-08,688.82,VENUE-SIMULATED-FILL,SECONDARY,3,90.95,0.33119,0.2478,,,0.0,0.00011,SECONDARY,False
Season 1:@OvernightCarry_NO:2026-01-07:SPY:2026-01-08,Season 1,@OvernightCarry_NO,SPY,,long,21,14493.57,2026-01-07,690.17,VENUE-SIMULATED-FILL,MODELLED,2026-01-08,693.03,VENUE-SIMULATED-FILL,MODELLED,1,59.93,0.413494,0.1301,,,,,MODELLED,False
Season 1:@OverreactionFade_LT:2025-11-07:NVDA:2026-01-08,Season 1,@OverreactionFade_LT,NVDA,,long,177,37861.65,2025-11-07,213.90764,VENUE-SIMULATED-FILL,MODELLED,2026-01-08,216.98,VENUE-SIMULATED-FILL,MODELLED,62,542.71,1.433403,1.0965,,,,,MODELLED,False
Season 1:@SpreadHarvester_MM:2026-01-07:NVDA:2026-01-08,Season 1,@SpreadHarvester_MM,NVDA,,short,5,1070.3,2026-01-07,214.06,VENUE-SIMULATED-FILL,MODELLED,2026-01-08,216.97,VENUE-SIMULATED-FILL,MODELLED,1,-14.53,-1.357563,-0.019,,,,,MODELLED,False
Season 1:@SpreadHarvester_MM:2026-01-08:NVDA:2026-01-08,Season 1,@SpreadHarvester_MM,NVDA,,long,4,867.88,2026-01-08,216.97,VENUE-SIMULATED-FILL,MODELLED,2026-01-08,217.0,VENUE-SIMULATED-FILL,MODELLED,0,0.14,0.016131,-0.0152,,,,,MODELLED,False
Season 1:@TrendSurfer_GoldenX:2025-10-20:MSFT:2026-01-08,Season 1,@TrendSurfer_GoldenX,MSFT,,long,2,1163.1,2025-10-20,581.549995,VENUE-SIMULATED-FILL,MODELLED,2026-01-08,670.41,VENUE-SIMULATED-FILL,MODELLED,80,177.71,15.278996,0.0124,,,,,MODELLED,False
Season 2:@Weather_ColdSnap_Max:2025-10-06:UNG:2026-01-08,Season 2,@Weather_ColdSnap_Max,UNG,,long,144,1925.85,2025-10-06,13.373964,VENUE-SIMULATED-FILL,MODELLED,2026-01-08,11.48,VENUE-SIMULATED-FILL,MODELLED,94,-273.62,-14.207746,0.8921,,,,,MODELLED,False
Season 2:@FDA_ClusterFade:2025-12-05:XBI:2026-01-09,Season 2,@FDA_ClusterFade,XBI,,long,1410,174896.14,2025-12-05,124.039816,VENUE-SIMULATED-FILL,MODELLED,2026-01-09,125.18,VENUE-SIMULATED-FILL,MODELLED,35,1598.93,0.914217,8.7349,,,,,MODELLED,False
Season 1:@KitchenSink_AllIn:2025-09-17:IWM:2026-01-09,Season 1,@KitchenSink_AllIn,IWM,,long,10,2447.69,2025-09-17,244.768797,VENUE-SIMULATED-FILL,MODELLED,2026-01-09,248.4,VENUE-SIMULATED-FILL,MODELLED,114,36.25,1.480989,0.0619,,,,,MODELLED,False
Season 1:@KitchenSink_AllIn:2025-09-24:AMZN:2026-01-09,Season 1,@KitchenSink_AllIn,AMZN,,long,12,2998.89,2025-09-24,249.907795,VENUE-SIMULATED-FILL,MODELLED,2026-01-09,253.93,VENUE-SIMULATED-FILL,MODELLED,107,48.19,1.606926,0.0743,,,,,MODELLED,False
Season 1:@KitchenSink_AllIn:2025-12-04:MSFT:2026-01-09,Season 1,@KitchenSink_AllIn,MSFT,,long,4,2517.39,2025-12-04,629.34714,VENUE-SIMULATED-FILL,MODELLED,2026-01-09,660.3,VENUE-SIMULATED-FILL,MODELLED,36,123.79,4.917397,0.0248,,,,,MODELLED,False
Season 1:@KitchenSink_AllIn:2025-12-19:CAT:2026-01-09,Season 1,@KitchenSink_AllIn,CAT,,long,6,2705.54,2025-12-19,450.923949,VENUE-SIMULATED-FILL,MODELLED,2026-01-09,468.09,VENUE-SIMULATED-FILL,MODELLED,21,102.96,3.80552,0.0372,,,,,MODELLED,False
Season 1:@KitchenSink_AllIn:2025-12-19:META:2026-01-09,Season 1,@KitchenSink_AllIn,META,,long,2,2050.51,2025-12-19,1025.257315,VENUE-SIMULATED-FILL,MODELLED,2026-01-09,1075.23,VENUE-SIMULATED-FILL,MODELLED,21,99.93,4.873411,0.0124,,,,,MODELLED,False
Season 1:@KitchenSink_AllIn:2025-12-19:QQQ:2026-01-09,Season 1,@KitchenSink_AllIn,QQQ,,long,5,3032.71,2025-12-19,606.542204,VENUE-SIMULATED-FILL,MODELLED,2026-01-09,622.0,VENUE-SIMULATED-FILL,MODELLED,21,77.26,2.547556,0.031,,,,,MODELLED,False
Season 1:@KitchenSink_AllIn:2025-12-19:SPY:2026-01-09,Season 1,@KitchenSink_AllIn,SPY,,long,3,2038.41,2025-12-19,679.470071,VENUE-SIMULATED-FILL,MODELLED,2026-01-09,689.46,VENUE-SIMULATED-FILL,MODELLED,21,29.95,1.469282,0.0186,,,,,MODELLED,False
Live Book (rehearsal):@KitchenSink_Official:2026-01-07:QQQ:2026-01-09,Live Book (rehearsal),@KitchenSink_Official,QQQ,,long,160,99686.4,2026-01-07,623.04,VENUE-SIMULATED-FILL,SECONDARY,2026-01-09,621.4,VENUE-SIMULATED-FILL,SECONDARY,2,-263.39,-0.264219,0.9912,,,0.16,0.00018,SECONDARY,False
Season 1:@OneBigBet_Concentra:2026-01-08:META:2026-01-09,Season 1,@OneBigBet_Concentra,META,,long,216,224387.28,2026-01-08,1038.83,VENUE-SIMULATED-FILL,MODELLED,2026-01-09,1075.2,VENUE-SIMULATED-FILL,MODELLED,1,7854.58,3.500457,1.3381,,,,,MODELLED,False
Season 1:@OvernightCarry_NO:2026-01-07:SPY:2026-01-09,Season 1,@OvernightCarry_NO,SPY,,long,276,190503.42,2026-01-07,690.229783,VENUE-SIMULATED-FILL,MODELLED,2026-01-09,689.46,VENUE-SIMULATED-FILL,MODELLED,2,-214.17,-0.112423,1.7098,,,,,MODELLED,False
Season 1:@SpreadHarvester_MM:2026-01-08:NVDA:2026-01-09,Season 1,@SpreadHarvester_MM,NVDA,,short,3,651.0,2026-01-08,217.0,VENUE-SIMULATED-FILL,MODELLED,2026-01-09,207.23,VENUE-SIMULATED-FILL,MODELLED,1,29.32,4.50384,-0.0114,,,,,MODELLED,False
Season 1:@SpreadHarvester_MM:2026-01-09:NVDA:2026-01-09,Season 1,@SpreadHarvester_MM,NVDA,,long,2,414.46,2026-01-09,207.23,VENUE-SIMULATED-FILL,MODELLED,2026-01-09,207.26,VENUE-SIMULATED-FILL,MODELLED,0,0.07,0.016889,-0.0076,,,,,MODELLED,False
Season 1:@TrendSurfer_GoldenX:2025-09-19:JPM:2026-01-09,Season 1,@TrendSurfer_GoldenX,JPM,,long,3,877.87,2025-09-19,292.624003,VENUE-SIMULATED-FILL,MODELLED,2026-01-09,286.46,VENUE-SIMULATED-FILL,MODELLED,112,-18.51,-2.108508,0.0186,,,,,MODELLED,False
Season 2:@Weather_ColdSnap_Max:2025-10-06:XLU:2026-01-09,Season 2,@Weather_ColdSnap_Max,XLU,,long,48,2127.19,2025-10-06,44.316405,VENUE-SIMULATED-FILL,MODELLED,2026-01-09,42.51,VENUE-SIMULATED-FILL,MODELLED,95,-87.0,-4.089908,0.2974,,,,,MODELLED,False
Season 1:@BetaChaser_3xProxy:2025-09-17:RIVN:2026-01-12,Season 1,@BetaChaser_3xProxy,RIVN,,long,103,1724.62,2025-09-17,16.743906,VENUE-SIMULATED-FILL,MODELLED,2026-01-12,23.95,VENUE-SIMULATED-FILL,MODELLED,117,741.59,43.000139,0.6381,,,,,MODELLED,False
Live Book (rehearsal):@FDA_Fade_Live:2025-12-08:XBI:2026-01-12,Live Book (rehearsal),@FDA_Fade_Live,XBI,,long,1400,171266.07,2025-12-08,122.332908,VENUE-SIMULATED-FILL,SECONDARY,2026-01-12,123.97,VENUE-SIMULATED-FILL,SECONDARY,35,2283.26,1.333165,8.673,,,0.807,0.00931,SECONDARY,False
Season 1:@GapAndGo_YOLO:2026-01-12:RIVN:2026-01-12,Season 1,@GapAndGo_YOLO,RIVN,,long,829,19862.84,2026-01-12,23.96,VENUE-SIMULATED-FILL,MODELLED,2026-01-12,24.87,VENUE-SIMULATED-FILL,MODELLED,0,749.25,3.772119,5.1357,,,,,MODELLED,False
Season 1:@KitchenSink_AllIn:2025-09-17:IWM:2026-01-12,Season 1,@KitchenSink_AllIn,IWM,,long,7,1713.38,2025-09-17,244.768797,VENUE-SIMULATED-FILL,MODELLED,2026-01-12,250.04,VENUE-SIMULATED-FILL,MODELLED,117,36.85,2.150718,0.0434,,,,,MODELLED,False
Season 1:@KitchenSink_AllIn:2025-09-24:AMZN:2026-01-12,Season 1,@KitchenSink_AllIn,AMZN,,long,6,1499.45,2025-09-24,249.907795,VENUE-SIMULATED-FILL,MODELLED,2026-01-12,252.14,VENUE-SIMULATED-FILL,MODELLED,110,13.36,0.890995,0.0372,,,,,MODELLED,False
Season 1:@KitchenSink_AllIn:2025-12-04:MSFT:2026-01-12,Season 1,@KitchenSink_AllIn,MSFT,,long,3,1888.04,2025-12-04,629.34714,VENUE-SIMULATED-FILL,MODELLED,2026-01-12,663.72,VENUE-SIMULATED-FILL,MODELLED,39,103.1,5.460685,0.0186,,,,,MODELLED,False
Season 1:@KitchenSink_AllIn:2025-12-19:CAT:2026-01-12,Season 1,@KitchenSink_AllIn,CAT,,long,4,1803.7,2025-12-19,450.923949,VENUE-SIMULATED-FILL,MODELLED,2026-01-12,473.49,VENUE-SIMULATED-FILL,MODELLED,24,90.24,5.003061,0.0248,,,,,MODELLED,False
Season 1:@KitchenSink_AllIn:2025-12-19:META:2026-01-12,Season 1,@KitchenSink_AllIn,META,,long,3,3075.77,2025-12-19,1025.257315,VENUE-SIMULATED-FILL,MODELLED,2026-01-12,1111.94,VENUE-SIMULATED-FILL,MODELLED,24,260.03,8.454138,0.0186,,,,,MODELLED,False
Season 1:@KitchenSink_AllIn:2025-12-19:QQQ:2026-01-12,Season 1,@KitchenSink_AllIn,QQQ,,long,3,1819.63,2025-12-19,606.542204,VENUE-SIMULATED-FILL,MODELLED,2026-01-12,620.76,VENUE-SIMULATED-FILL,MODELLED,24,42.63,2.342788,0.0186,,,,,MODELLED,False
Season 1:@KitchenSink_AllIn:2025-12-19:SPY:2026-01-12,Season 1,@KitchenSink_AllIn,SPY,,long,3,2038.41,2025-12-19,679.470071,VENUE-SIMULATED-FILL,MODELLED,2026-01-12,694.15,VENUE-SIMULATED-FILL,MODELLED,24,44.02,2.159526,0.0186,,,,,MODELLED,False
Live Book (rehearsal):@KitchenSink_Official:2026-01-09:SPY:2026-01-12,Live Book (rehearsal),@KitchenSink_Official,SPY,,long,40,27625.6,2026-01-09,690.64,VENUE-SIMULATED-FILL,SECONDARY,2026-01-12,690.67,VENUE-SIMULATED-FILL,SECONDARY,3,0.95,0.003439,0.2478,,,0.145,5e-05,SECONDARY,False
Live Book (rehearsal):@OilDollar_FadeUNG:2025-11-24:UNG:2026-01-12,Live Book (rehearsal),@OilDollar_FadeUNG,UNG,,short,100,1428.87,2025-11-24,14.28871,VENUE-SIMULATED-FILL,SECONDARY,2026-01-12,10.7,VENUE-SIMULATED-FILL,SECONDARY,49,358.25,25.072242,0.6166,,,18.727,0.0748,SECONDARY,False
Season 1:@OvernightCarry_NO:2026-01-09:SPY:2026-01-12,Season 1,@OvernightCarry_NO,SPY,,long,21,14588.7,2026-01-09,694.7,VENUE-SIMULATED-FILL,MODELLED,2026-01-12,694.15,VENUE-SIMULATED-FILL,MODELLED,3,-11.68,-0.080062,0.1301,,,,,MODELLED,False
Season 2:@Weather_ColdSnap_Max:2025-10-06:XLU:2026-01-12,Season 2,@Weather_ColdSnap_Max,XLU,,long,40,1772.66,2025-10-06,44.316405,VENUE-SIMULATED-FILL,MODELLED,2026-01-12,42.38,VENUE-SIMULATED-FILL,MODELLED,98,-77.7,-4.383253,0.2478,,,,,MODELLED,False
Live Book (rehearsal):@CurveSteepener_MaxBeta:2025-12-02:JPM:2026-01-13,Live Book (rehearsal),@CurveSteepener_MaxBeta,JPM,,long,280,86507.6,2025-12-02,308.955714,VENUE-SIMULATED-FILL,SECONDARY,2026-01-13,324.28,VENUE-SIMULATED-FILL,SECONDARY,42,4289.07,4.958027,1.7346,,,0.616,0.00221,SECONDARY,False
Live Book (rehearsal):@CurveSteepener_MaxBeta:2025-12-02:XOM:2026-01-13,Live Book (rehearsal),@CurveSteepener_MaxBeta,XOM,,long,600,69741.43,2025-12-02,116.235714,VENUE-SIMULATED-FILL,SECONDARY,2026-01-13,125.0,VENUE-SIMULATED-FILL,SECONDARY,42,5254.85,7.534761,3.717,,,-0.0,0.00274,SECONDARY,False
Season 1:@GapAndGo_YOLO:2026-01-13:RIVN:2026-01-13,Season 1,@GapAndGo_YOLO,RIVN,,long,791,20162.59,2026-01-13,25.49,VENUE-SIMULATED-FILL,MODELLED,2026-01-13,24.53,VENUE-SIMULATED-FILL,MODELLED,0,-764.26,-3.790485,4.9002,,,,,MODELLED,False
Season 1:@GapAndGo_YOLO:2026-01-13:TSLA:2026-01-13,Season 1,@GapAndGo_YOLO,TSLA,,long,46,19964.0,2026-01-13,434.0,VENUE-SIMULATED-FILL,MODELLED,2026-01-13,431.11,VENUE-SIMULATED-FILL,MODELLED,0,-133.22,-0.667301,0.285,,,,,MODELLED,False
Official Auction Book:@LiquidityWeighted_Participant:2025-12-02:912797RJ8:2026-01-13,Official Auction Book,@LiquidityWeighted_Participant,912797RJ8,26-Week,long,234500.0,23348774.09,2025-12-02,99.568333,PRIMARY-AUCTION,OFFICIAL,2026-01-13,99.980167,SECONDARY-CURVE,OFFICIAL-DERIVED,42,965.75,0.004136,0.0,0.0,0.0,,,OFFICIAL-DERIVED,False
Season 1:@OneBigBet_Concentra:2026-01-12:META:2026-01-13,Season 1,@OneBigBet_Concentra,META,,long,215,239077.85,2026-01-12,1111.99,VENUE-SIMULATED-FILL,MODELLED,2026-01-13,1092.16,VENUE-SIMULATED-FILL,MODELLED,1,-4264.78,-1.783846,1.3319,,,,,MODELLED,False
Season 1:@OneBigBet_Concentra:2026-01-12:META:2026-01-13,Season 1,@OneBigBet_Concentra,META,,long,1,1111.99,2026-01-12,1111.99,VENUE-SIMULATED-FILL,MODELLED,2026-01-13,1092.17,VENUE-SIMULATED-FILL,MODELLED,1,-19.83,-1.783289,0.0062,,,,,MODELLED,False
Season 1:@OvernightCarry_NO:2026-01-09:SPY:2026-01-13,Season 1,@OvernightCarry_NO,SPY,,long,275,191341.16,2026-01-09,695.786036,VENUE-SIMULATED-FILL,MODELLED,2026-01-13,694.09,VENUE-SIMULATED-FILL,MODELLED,4,-468.11,-0.244647,1.7036,,,,,MODELLED,False
Live Book (rehearsal):@CurveSteepener_MaxBeta:2025-12-02:XOM:2026-01-14,Live Book (rehearsal),@CurveSteepener_MaxBeta,XOM,,long,100,11623.57,2025-12-02,116.235714,VENUE-SIMULATED-FILL,SECONDARY,2026-01-14,127.34,VENUE-SIMULATED-FILL,SECONDARY,43,1109.81,9.547926,0.6195,,,0.785,0.00274,SECONDARY,False
Season 1:@GapAndGo_YOLO:2026-01-14:CVNA:2026-01-14,Season 1,@GapAndGo_YOLO,CVNA,,long,57,19553.85,2026-01-14,343.05,VENUE-SIMULATED-FILL,MODELLED,2026-01-14,328.58,VENUE-SIMULATED-FILL,MODELLED,0,-825.14,-4.219834,0.3531,,,,,MODELLED,False
Season 1:@GapAndGo_YOLO:2026-01-14:UNH:2026-01-14,Season 1,@GapAndGo_YOLO,UNH,,long,57,19760.19,2026-01-14,346.67,VENUE-SIMULATED-FILL,MODELLED,2026-01-14,340.64,VENUE-SIMULATED-FILL,MODELLED,0,-344.06,-1.741178,0.3531,,,,,MODELLED,False
Season 1:@KitchenSink_AllIn:2025-09-17:GOOGL:2026-01-14,Season 1,@KitchenSink_AllIn,GOOGL,,long,6,1514.86,2025-09-17,252.476736,VENUE-SIMULATED-FILL,MODELLED,2026-01-14,252.77,VENUE-SIMULATED-FILL,MODELLED,119,1.72,0.113542,0.0372,,,,,MODELLED,False
Season 1:@KitchenSink_AllIn:2025-09-17:IWM:2026-01-14,Season 1,@KitchenSink_AllIn,IWM,,long,7,1713.38,2025-09-17,244.768797,VENUE-SIMULATED-FILL,MODELLED,2026-01-14,248.99,VENUE-SIMULATED-FILL,MODELLED,119,29.5,1.721741,0.0434,,,,,MODELLED,False
Season 1:@KitchenSink_AllIn:2025-09-24:AMZN:2026-01-14,Season 1,@KitchenSink_AllIn,AMZN,,long,9,2249.17,2025-09-24,249.907795,VENUE-SIMULATED-FILL,MODELLED,2026-01-14,258.6,VENUE-SIMULATED-FILL,MODELLED,112,78.17,3.475504,0.0558,,,,,MODELLED,False
Season 1:@KitchenSink_AllIn:2025-12-04:MSFT:2026-01-14,Season 1,@KitchenSink_AllIn,MSFT,,long,1,629.35,2025-12-04,629.34714,VENUE-SIMULATED-FILL,MODELLED,2026-01-14,641.83,VENUE-SIMULATED-FILL,MODELLED,41,12.48,1.983007,0.0062,,,,,MODELLED,False
Season 1:@KitchenSink_AllIn:2025-12-19:CAT:2026-01-14,Season 1,@KitchenSink_AllIn,CAT,,long,4,1803.7,2025-12-19,450.923949,VENUE-SIMULATED-FILL,MODELLED,2026-01-14,479.33,VENUE-SIMULATED-FILL,MODELLED,26,113.6,6.29818,0.0248,,,,,MODELLED,False
Season 1:@KitchenSink_AllIn:2025-12-19:META:2026-01-14,Season 1,@KitchenSink_AllIn,META,,long,1,1025.26,2025-12-19,1025.257315,VENUE-SIMULATED-FILL,MODELLED,2026-01-14,1088.17,VENUE-SIMULATED-FILL,MODELLED,26,62.91,6.136021,0.0062,,,,,MODELLED,False
Season 1:@KitchenSink_AllIn:2025-12-19:QQQ:2026-01-14,Season 1,@KitchenSink_AllIn,QQQ,,long,3,1819.63,2025-12-19,606.542204,VENUE-SIMULATED-FILL,MODELLED,2026-01-14,623.95,VENUE-SIMULATED-FILL,MODELLED,26,52.2,2.86872,0.0186,,,,,MODELLED,False
Season 1:@KitchenSink_AllIn:2025-12-19:SPY:2026-01-14,Season 1,@KitchenSink_AllIn,SPY,,long,3,2038.41,2025-12-19,679.470071,VENUE-SIMULATED-FILL,MODELLED,2026-01-14,697.3,VENUE-SIMULATED-FILL,MODELLED,26,53.47,2.623123,0.0186,,,,,MODELLED,False
Live Book (rehearsal):@KitchenSink_Official:2026-01-12:QQQ:2026-01-14,Live Book (rehearsal),@KitchenSink_Official,QQQ,,long,200,124859.6,2026-01-12,624.298,VENUE-SIMULATED-FILL,SECONDARY,2026-01-14,622.23,VENUE-SIMULATED-FILL,SECONDARY,2,-414.84,-0.332245,1.239,,,0.161,0.00032,SECONDARY,False
Live Book (rehearsal):@OilDollar_FadeUNG:2025-12-03:XOM:2026-01-14,Live Book (rehearsal),@OilDollar_FadeUNG,XOM,,long,200,24041.0,2025-12-03,120.205,VENUE-SIMULATED-FILL,SECONDARY,2026-01-14,127.34,VENUE-SIMULATED-FILL,SECONDARY,42,1425.76,5.930535,1.239,,,0.785,0.00178,SECONDARY,False
Live Book (rehearsal):@OilDollar_FadeUNG:2026-01-12:UNG:2026-01-14,Live Book (rehearsal),@OilDollar_FadeUNG,UNG,,long,5800,62060.0,2026-01-12,10.7,VENUE-SIMULATED-FILL,SECONDARY,2026-01-14,10.57,VENUE-SIMULATED-FILL,SECONDARY,2,-789.93,-1.272849,35.931,,,-0.0,0.0215,SECONDARY,False
Season 1:@OneBigBet_Concentra:2026-01-13:META:2026-01-14,Season 1,@OneBigBet_Concentra,META,,short,2,2184.34,2026-01-13,1092.17,VENUE-SIMULATED-FILL,MODELLED,2026-01-14,1088.19,VENUE-SIMULATED-FILL,MODELLED,1,7.95,0.363954,0.0124,,,,,MODELLED,False
Season 1:@OvernightCarry_NO:2026-01-13:SPY:2026-01-14,Season 1,@OvernightCarry_NO,SPY,,long,20,13888.8,2026-01-13,694.44,VENUE-SIMULATED-FILL,MODELLED,2026-01-14,697.3,VENUE-SIMULATED-FILL,MODELLED,1,57.08,0.410979,0.1239,,,,,MODELLED,False
Live Book (rehearsal):@SOFRPivot_Rider:2025-11-04:QQQ:2026-01-14,Live Book (rehearsal),@SOFRPivot_Rider,QQQ,,long,200,124367.6,2025-11-04,621.838,VENUE-SIMULATED-FILL,SECONDARY,2026-01-14,622.23,VENUE-SIMULATED-FILL,SECONDARY,71,77.16,0.062042,1.239,,,0.161,0.00013,SECONDARY,False
Live Book (rehearsal):@SOFRPivot_Rider:2025-12-11:TSLA:2026-01-14,Live Book (rehearsal),@SOFRPivot_Rider,TSLA,,long,80,35916.8,2025-12-11,448.96,VENUE-SIMULATED-FILL,SECONDARY,2026-01-14,442.8,VENUE-SIMULATED-FILL,SECONDARY,34,-493.3,-1.373452,0.4956,,,0.226,0.00014,SECONDARY,False
Season 2:@Weather_ColdSnap_Max:2025-10-06:XLU:2026-01-14,Season 2,@Weather_ColdSnap_Max,XLU,,long,63,2787.44,2025-10-06,44.245025,VENUE-SIMULATED-FILL,MODELLED,2026-01-14,42.81,VENUE-SIMULATED-FILL,MODELLED,100,-90.8,-3.257473,0.3903,,,,,MODELLED,False
Official Auction Book:@BillCarry_TenX:2025-12-02:912797RJ8:2026-01-15,Official Auction Book,@BillCarry_TenX,912797RJ8,26-Week,long,2700.0,268834.5,2025-12-02,99.568333,PRIMARY-AUCTION,OFFICIAL,2026-01-15,100.0,MATURITY-REDEMPTION,OFFICIAL,44,11.66,0.004337,0.0,0.0,0.0,,,OFFICIAL,True
Official Auction Book:@CalendarBarbell_Max:2025-12-02:912797RJ8:2026-01-15,Official Auction Book,@CalendarBarbell_Max,912797RJ8,26-Week,long,216900.0,21596371.43,2025-12-02,99.568333,PRIMARY-AUCTION,OFFICIAL,2026-01-15,100.0,MATURITY-REDEMPTION,OFFICIAL,44,936.29,0.004335,0.0,0.0,0.0,,,OFFICIAL,True
Official Auction Book:@ConcessionFade_Notes:2025-12-09:91282CPJ4:2026-01-15,Official Auction Book,@ConcessionFade_Notes,91282CPJ4,10-Year,long,24700.0,2435049.82,2025-12-09,98.585013,PRIMARY-AUCTION,OFFICIAL,2026-01-15,98.712516,SECONDARY-CURVE,OFFICIAL-DERIVED,37,31.49,0.001293,0.0,0.0,0.0,,,OFFICIAL-DERIVED,False
Season 2:@GOLD_Trend_GLD:2025-09-17:GLD:2026-01-15,Season 2,@GOLD_Trend_GLD,GLD,,long,3,1067.36,2025-09-17,355.786795,VENUE-SIMULATED-FILL,MODELLED,2026-01-15,423.01,VENUE-SIMULATED-FILL,MODELLED,120,201.65,18.892401,0.0186,,,,,MODELLED,False
Season 1:@GapAndGo_YOLO:2026-01-15:RIVN:2026-01-15,Season 1,@GapAndGo_YOLO,RIVN,,long,713,19329.43,2026-01-15,27.11,VENUE-SIMULATED-FILL,MODELLED,2026-01-15,25.2,VENUE-SIMULATED-FILL,MODELLED,0,-1366.25,-7.068237,4.417,,,,,MODELLED,False
Live Book (rehearsal):@GoldVsRealRate_Live:2025-12-12:TLT:2026-01-15,Live Book (rehearsal),@GoldVsRealRate_Live,TLT,,long,1300,113789.0,2025-12-12,87.53,VENUE-SIMULATED-FILL,SECONDARY,2026-01-15,88.63,VENUE-SIMULATED-FILL,SECONDARY,34,1421.95,1.249637,8.0535,,,1.128,0.0017,SECONDARY,False
Live Book (rehearsal):@KitchenSink_Official:2026-01-14:SPY:2026-01-15,Live Book (rehearsal),@KitchenSink_Official,SPY,,long,40,27640.4,2026-01-14,691.01,VENUE-SIMULATED-FILL,SECONDARY,2026-01-15,694.57,VENUE-SIMULATED-FILL,SECONDARY,1,142.15,0.514283,0.2478,,,0.0,4e-05,SECONDARY,False
Season 1:@OneBigBet_Concentra:2026-01-14:META:2026-01-15,Season 1,@OneBigBet_Concentra,META,,long,212,230702.64,2026-01-14,1088.22,VENUE-SIMULATED-FILL,MODELLED,2026-01-15,1104.04,VENUE-SIMULATED-FILL,MODELLED,1,3352.53,1.453182,1.3133,,,,,MODELLED,False
Season 1:@OvernightCarry_NO:2026-01-14:SPY:2026-01-15,Season 1,@OvernightCarry_NO,SPY,,long,273,188572.02,2026-01-14,690.74,VENUE-SIMULATED-FILL,MODELLED,2026-01-15,689.85,VENUE-SIMULATED-FILL,MODELLED,1,-244.66,-0.129744,1.6912,,,,,MODELLED,False
Live Book (rehearsal):@VolControl_MaxLev:2025-11-26:QQQ:2026-01-15,Live Book (rehearsal),@VolControl_MaxLev,QQQ,,long,80,49535.3,2025-11-26,619.191259,VENUE-SIMULATED-FILL,SECONDARY,2026-01-15,626.59,VENUE-SIMULATED-FILL,SECONDARY,50,591.4,1.193896,0.4956,,,0.159,0.00028,SECONDARY,False
Season 2:@Weather_ColdSnap_Max:2025-10-06:XLU:2026-01-15,Season 2,@Weather_ColdSnap_Max,XLU,,long,45,1991.03,2025-10-06,44.245025,VENUE-SIMULATED-FILL,MODELLED,2026-01-15,43.31,VENUE-SIMULATED-FILL,MODELLED,101,-42.35,-2.127044,0.2788,,,,,MODELLED,False
Live Book (rehearsal):@GoldVsRealRate_Live:2025-12-12:TLT:2026-01-16,Live Book (rehearsal),@GoldVsRealRate_Live,TLT,,long,100,8753.0,2025-12-12,87.53,VENUE-SIMULATED-FILL,SECONDARY,2026-01-16,88.12,VENUE-SIMULATED-FILL,SECONDARY,35,58.38,0.666971,0.6195,,,1.134,0.0017,SECONDARY,False
Season 1:@KitchenSink_AllIn:2025-09-17:IWM:2026-01-16,Season 1,@KitchenSink_AllIn,IWM,,long,7,1718.17,2025-09-17,245.453254,VENUE-SIMULATED-FILL,MODELLED,2026-01-16,249.66,VENUE-SIMULATED-FILL,MODELLED,121,29.4,1.71112,0.0434,,,,,MODELLED,False
Season 1:@KitchenSink_AllIn:2025-12-19:QQQ:2026-01-16,Season 1,@KitchenSink_AllIn,QQQ,,long,2,1216.92,2025-12-19,608.459954,VENUE-SIMULATED-FILL,MODELLED,2026-01-16,621.8,VENUE-SIMULATED-FILL,MODELLED,28,26.67,2.191599,0.0124,,,,,MODELLED,False
Season 1:@KitchenSink_AllIn:2025-12-19:SPY:2026-01-16,Season 1,@KitchenSink_AllIn,SPY,,long,2,1362.09,2025-12-19,681.044303,VENUE-SIMULATED-FILL,MODELLED,2026-01-16,691.72,VENUE-SIMULATED-FILL,MODELLED,28,21.34,1.566712,0.0124,,,,,MODELLED,False
Season 1:@MeanRev_Z2Sigma:2026-01-07:NVDA:2026-01-16,Season 1,@MeanRev_Z2Sigma,NVDA,,long,174,37244.7,2026-01-07,214.05,VENUE-SIMULATED-FILL,MODELLED,2026-01-16,220.43,VENUE-SIMULATED-FILL,MODELLED,9,1109.04,2.977712,1.0779,,,,,MODELLED,False
Live Book (rehearsal):@OilDollar_FadeUNG:2025-12-03:XOM:2026-01-16,Live Book (rehearsal),@OilDollar_FadeUNG,XOM,,long,200,24636.67,2025-12-03,123.183333,VENUE-SIMULATED-FILL,SECONDARY,2026-01-16,128.91,VENUE-SIMULATED-FILL,SECONDARY,44,1144.09,4.643851,1.239,,,0.0,0.00178,SECONDARY,False
Live Book (rehearsal):@OilDollar_FadeUNG:2026-01-12:UNG:2026-01-16,Live Book (rehearsal),@OilDollar_FadeUNG,UNG,,long,5600,57225.0,2026-01-12,10.21875,VENUE-SIMULATED-FILL,SECONDARY,2026-01-16,10.23,VENUE-SIMULATED-FILL,SECONDARY,4,28.31,0.049471,34.692,,,-0.0,0.0215,SECONDARY,False
Season 1:@OneBigBet_Concentra:2026-01-14:META:2026-01-16,Season 1,@OneBigBet_Concentra,META,,long,4,4400.43,2026-01-14,1100.1075,VENUE-SIMULATED-FILL,MODELLED,2026-01-16,1096.7,VENUE-SIMULATED-FILL,MODELLED,2,-13.65,-0.310197,0.0248,,,,,MODELLED,False
Season 1:@OvernightCarry_NO:2026-01-14:SPY:2026-01-16,Season 1,@OvernightCarry_NO,SPY,,long,22,15233.74,2026-01-14,692.442609,VENUE-SIMULATED-FILL,MODELLED,2026-01-16,691.72,VENUE-SIMULATED-FILL,MODELLED,2,-16.03,-0.105227,0.1363,,,,,MODELLED,False
Live Book (rehearsal):@SOFRPivot_Rider:2026-01-15:SPY:2026-01-16,Live Book (rehearsal),@SOFRPivot_Rider,SPY,,long,80,55566.4,2026-01-15,694.58,VENUE-SIMULATED-FILL,SECONDARY,2026-01-16,693.65,VENUE-SIMULATED-FILL,SECONDARY,1,-74.9,-0.134794,0.4956,,,0.144,0.0001,SECONDARY,False
Season 2:@FDA_ClusterFade:2026-01-12:XBI:2026-01-20,Season 2,@FDA_ClusterFade,XBI,,long,8,992.0,2026-01-12,124.0,VENUE-SIMULATED-FILL,MODELLED,2026-01-20,122.41,VENUE-SIMULATED-FILL,MODELLED,8,-12.77,-1.287298,0.0496,,,,,MODELLED,False
Season 1:@GapAndGo_YOLO:2026-01-20:CVNA:2026-01-20,Season 1,@GapAndGo_YOLO,CVNA,,long,55,18487.15,2026-01-20,336.13,VENUE-SIMULATED-FILL,MODELLED,2026-01-20,290.1,VENUE-SIMULATED-FILL,MODELLED,0,-2531.99,-13.695946,0.3407,,,,,MODELLED,False
Live Book (rehearsal):@GoldVsRealRate_Live:2026-01-15:GLD:2026-01-20,Live Book (rehearsal),@GoldVsRealRate_Live,GLD,,long,160,67667.2,2026-01-15,422.92,VENUE-SIMULATED-FILL,SECONDARY,2026-01-20,436.68,VENUE-SIMULATED-FILL,SECONDARY,5,2200.61,3.252107,0.9912,,,0.229,0.00056,SECONDARY,False
Season 1:@IlliquidRocket_Degen:2025-12-18:CVNA:2026-01-20,Season 1,@IlliquidRocket_Degen,CVNA,,long,713,224164.67,2025-12-18,314.396452,VENUE-SIMULATED-FILL,MODELLED,2026-01-20,336.01,VENUE-SIMULATED-FILL,MODELLED,33,15406.04,6.872644,4.417,,,,,MODELLED,False
Season 1:@OneBigBet_Concentra:2026-01-16:META:2026-01-20,Season 1,@OneBigBet_Concentra,META,,long,212,232511.0,2026-01-16,1096.75,VENUE-SIMULATED-FILL,MODELLED,2026-01-20,1120.78,VENUE-SIMULATED-FILL,MODELLED,4,5093.05,2.190456,1.3133,,,,,MODELLED,False
Season 1:@OvernightCarry_NO:2026-01-14:SPY:2026-01-20,Season 1,@OvernightCarry_NO,SPY,,long,273,188938.2,2026-01-14,692.081328,VENUE-SIMULATED-FILL,MODELLED,2026-01-20,691.65,VENUE-SIMULATED-FILL,MODELLED,6,-119.44,-0.063216,1.6912,,,,,MODELLED,False
Season 2:@PinePilot_EMA_Cross:2025-09-17:IWM:2026-01-20,Season 2,@PinePilot_EMA_Cross,IWM,,long,8,1916.48,2025-09-17,239.560092,VENUE-SIMULATED-FILL,MODELLED,2026-01-20,261.14,VENUE-SIMULATED-FILL,MODELLED,125,172.59,9.005569,0.0496,,,,,MODELLED,False
Season 2:@Weather_ColdSnap_Max:2025-10-06:UNG:2026-01-20,Season 2,@Weather_ColdSnap_Max,UNG,,long,7774,103969.2,2025-10-06,13.373964,VENUE-SIMULATED-FILL,MODELLED,2026-01-20,12.32,VENUE-SIMULATED-FILL,MODELLED,106,-8241.68,-7.92704,48.1599,,,,,MODELLED,False
Season 2:@Weather_ColdSnap_Max:2025-10-06:XLU:2026-01-20,Season 2,@Weather_ColdSnap_Max,XLU,,long,1009,44643.23,2025-10-06,44.245025,VENUE-SIMULATED-FILL,MODELLED,2026-01-20,43.11,VENUE-SIMULATED-FILL,MODELLED,106,-1151.49,-2.579316,6.2508,,,,,MODELLED,False
Official Auction Book:@AuctionStrength_Follow:2026-01-20:912797SR9:2026-01-21,Official Auction Book,@AuctionStrength_Follow,912797SR9,17-Week,long,549100.0,54755824.8,2026-01-20,99.719222,SECONDARY-CURVE,OFFICIAL,2026-01-21,99.7285,SECONDARY-CURVE,OFFICIAL-DERIVED,1,50.95,9.3e-05,0.0,0.0,0.0,,,OFFICIAL-DERIVED,False
Season 1:@KitchenSink_AllIn:2025-09-17:GOOGL:2026-01-21,Season 1,@KitchenSink_AllIn,GOOGL,,long,86,21690.26,2025-09-17,252.21231,VENUE-SIMULATED-FILL,MODELLED,2026-01-21,243.98,VENUE-SIMULATED-FILL,MODELLED,126,-708.51,-3.266489,0.5328,,,,,MODELLED,False
Season 1:@KitchenSink_AllIn:2025-09-17:IWM:2026-01-21,Season 1,@KitchenSink_AllIn,IWM,,long,83,20372.62,2025-09-17,245.453254,VENUE-SIMULATED-FILL,MODELLED,2026-01-21,242.94,VENUE-SIMULATED-FILL,MODELLED,126,-209.11,-1.026427,0.5142,,,,,MODELLED,False
Season 1:@KitchenSink_AllIn:2025-09-24:AMZN:2026-01-21,Season 1,@KitchenSink_AllIn,AMZN,,long,79,19804.44,2025-09-24,250.689173,VENUE-SIMULATED-FILL,MODELLED,2026-01-21,253.08,VENUE-SIMULATED-FILL,MODELLED,119,188.39,0.951251,0.4894,,,,,MODELLED,False
Season 1:@KitchenSink_AllIn:2025-11-26:JPM:2026-01-21,Season 1,@KitchenSink_AllIn,JPM,,long,77,22685.56,2025-11-26,294.617665,VENUE-SIMULATED-FILL,MODELLED,2026-01-21,273.93,VENUE-SIMULATED-FILL,MODELLED,56,-1593.43,-7.023983,0.477,,,,,MODELLED,False
Season 1:@KitchenSink_AllIn:2025-12-01:AAPL:2026-01-21,Season 1,@KitchenSink_AllIn,AAPL,,long,84,25831.18,2025-12-01,307.514023,VENUE-SIMULATED-FILL,MODELLED,2026-01-21,290.08,VENUE-SIMULATED-FILL,MODELLED,51,-1464.98,-5.671364,0.5204,,,,,MODELLED,False
Season 1:@KitchenSink_AllIn:2025-12-04:MSFT:2026-01-21,Season 1,@KitchenSink_AllIn,MSFT,,long,30,18880.41,2025-12-04,629.34714,VENUE-SIMULATED-FILL,MODELLED,2026-01-21,627.43,VENUE-SIMULATED-FILL,MODELLED,48,-57.7,-0.305608,0.1859,,,,,MODELLED,False
Season 1:@KitchenSink_AllIn:2025-12-19:CAT:2026-01-21,Season 1,@KitchenSink_AllIn,CAT,,long,43,19453.75,2025-12-19,452.412771,VENUE-SIMULATED-FILL,MODELLED,2026-01-21,452.37,VENUE-SIMULATED-FILL,MODELLED,33,-2.11,-0.010846,0.2664,,,,,MODELLED,False
Season 1:@KitchenSink_AllIn:2025-12-19:META:2026-01-21,Season 1,@KitchenSink_AllIn,META,,long,18,18454.63,2025-12-19,1025.257315,VENUE-SIMULATED-FILL,MODELLED,2026-01-21,1090.35,VENUE-SIMULATED-FILL,MODELLED,33,1171.56,6.348325,0.1115,,,,,MODELLED,False
Season 1:@KitchenSink_AllIn:2025-12-19:QQQ:2026-01-21,Season 1,@KitchenSink_AllIn,QQQ,,long,33,20079.18,2025-12-19,608.459954,VENUE-SIMULATED-FILL,MODELLED,2026-01-21,610.67,VENUE-SIMULATED-FILL,MODELLED,33,72.73,0.362216,0.2044,,,,,MODELLED,False
Season 1:@KitchenSink_AllIn:2025-12-19:SPY:2026-01-21,Season 1,@KitchenSink_AllIn,SPY,,long,30,20431.33,2025-12-19,681.044303,VENUE-SIMULATED-FILL,MODELLED,2026-01-21,679.05,VENUE-SIMULATED-FILL,MODELLED,33,-60.02,-0.293765,0.1859,,,,,MODELLED,False
Season 1:@KitchenSink_AllIn:2026-01-12:TSLA:2026-01-21,Season 1,@KitchenSink_AllIn,TSLA,,long,32,14035.2,2026-01-12,438.6,VENUE-SIMULATED-FILL,MODELLED,2026-01-21,402.63,VENUE-SIMULATED-FILL,MODELLED,9,-1151.24,-8.202519,0.1982,,,,,MODELLED,False
Season 1:@OneBigBet_Concentra:2026-01-16:META:2026-01-21,Season 1,@OneBigBet_Concentra,META,,long,1,1096.75,2026-01-16,1096.75,VENUE-SIMULATED-FILL,MODELLED,2026-01-21,1090.36,VENUE-SIMULATED-FILL,MODELLED,5,-6.4,-0.583542,0.0062,,,,,MODELLED,False
Season 1:@OvernightCarry_NO:2026-01-20:SPY:2026-01-21,Season 1,@OvernightCarry_NO,SPY,,long,22,14911.6,2026-01-20,677.8,VENUE-SIMULATED-FILL,MODELLED,2026-01-21,679.05,VENUE-SIMULATED-FILL,MODELLED,1,27.36,0.183481,0.1363,,,,,MODELLED,False
Live Book (rehearsal):@PinePilot_EMA_Live:2025-12-24:QQQ:2026-01-21,Live Book (rehearsal),@PinePilot_EMA_Live,QQQ,,long,200,124611.6,2025-12-24,623.058,VENUE-SIMULATED-FILL,SECONDARY,2026-01-21,609.46,VENUE-SIMULATED-FILL,SECONDARY,28,-2720.84,-2.183456,1.239,,,0.164,0.0013,SECONDARY,False
Season 1:@SpreadHarvester_MM:2026-01-21:NVDA:2026-01-21,Season 1,@SpreadHarvester_MM,NVDA,,long,3,673.74,2026-01-21,224.58,VENUE-SIMULATED-FILL,MODELLED,2026-01-21,224.61,VENUE-SIMULATED-FILL,MODELLED,0,0.1,0.014843,-0.0114,,,,,MODELLED,False
Season 1:@TrendSurfer_GoldenX:2025-10-20:MSFT:2026-01-21,Season 1,@TrendSurfer_GoldenX,MSFT,,long,1,584.9,2025-10-20,584.895865,VENUE-SIMULATED-FILL,MODELLED,2026-01-21,627.43,VENUE-SIMULATED-FILL,MODELLED,93,42.53,7.27138,0.0062,,,,,MODELLED,False
Live Book (rehearsal):@VIXRegime_LiveMax:2025-11-25:QQQ:2026-01-21,Live Book (rehearsal),@VIXRegime_LiveMax,QQQ,,long,160,98022.86,2025-11-25,612.642857,VENUE-SIMULATED-FILL,SECONDARY,2026-01-21,609.46,VENUE-SIMULATED-FILL,SECONDARY,57,-510.25,-0.520542,0.9912,,,0.164,0.00042,SECONDARY,False
Live Book (rehearsal):@VolControl_MaxLev:2025-11-26:QQQ:2026-01-21,Live Book (rehearsal),@VolControl_MaxLev,QQQ,,long,200,123760.5,2025-11-26,618.802506,VENUE-SIMULATED-FILL,SECONDARY,2026-01-21,609.46,VENUE-SIMULATED-FILL,SECONDARY,56,-1869.74,-1.510773,1.239,,,0.164,0.00028,SECONDARY,False
Official Auction Book:@DurationTrend_TenX:2026-01-15:91282CPJ4:2026-01-22,Official Auction Book,@DurationTrend_TenX,91282CPJ4,10-Year,short,22700.0,2240774.11,2026-01-15,98.712516,SECONDARY-CURVE,OFFICIAL,2026-01-22,98.001726,SECONDARY-CURVE,OFFICIAL-DERIVED,7,137.31,0.006128,0.0,24.04,0.0,,,OFFICIAL-DERIVED,False
Season 2:@GOLD_Trend_GLD:2025-09-17:GLD:2026-01-22,Season 2,@GOLD_Trend_GLD,GLD,,long,3,1078.92,2025-09-17,359.639549,VENUE-SIMULATED-FILL,MODELLED,2026-01-22,443.83,VENUE-SIMULATED-FILL,MODELLED,127,252.55,23.407696,0.0186,,,,,MODELLED,False
Season 1:@GapAndGo_YOLO:2026-01-22:TSLA:2026-01-22,Season 1,@GapAndGo_YOLO,TSLA,,long,44,17739.92,2026-01-22,403.18,VENUE-SIMULATED-FILL,MODELLED,2026-01-22,418.34,VENUE-SIMULATED-FILL,MODELLED,0,666.77,3.758585,0.2726,,,,,MODELLED,False
Season 1:@OneBigBet_Concentra:2026-01-21:META:2026-01-22,Season 1,@OneBigBet_Concentra,META,,long,227,247523.07,2026-01-21,1090.41,VENUE-SIMULATED-FILL,MODELLED,2026-01-22,1122.37,VENUE-SIMULATED-FILL,MODELLED,1,7253.51,2.930438,1.4063,,,,,MODELLED,False
Season 1:@OvernightCarry_NO:2026-01-21:SPY:2026-01-22,Season 1,@OvernightCarry_NO,SPY,,long,277,189927.82,2026-01-21,685.66,VENUE-SIMULATED-FILL,MODELLED,2026-01-22,687.42,VENUE-SIMULATED-FILL,MODELLED,1,485.8,0.255781,1.716,,,,,MODELLED,False
Season 1:@OverreactionFade_LT:2026-01-21:CVNA:2026-01-22,Season 1,@OverreactionFade_LT,CVNA,,long,135,38059.2,2026-01-21,281.92,VENUE-SIMULATED-FILL,MODELLED,2026-01-22,295.67,VENUE-SIMULATED-FILL,MODELLED,1,1855.41,4.875063,0.8363,,,,,MODELLED,False
Season 1:@SpreadHarvester_MM:2026-01-21:NVDA:2026-01-22,Season 1,@SpreadHarvester_MM,NVDA,,short,3,673.83,2026-01-21,224.61,VENUE-SIMULATED-FILL,MODELLED,2026-01-22,229.12,VENUE-SIMULATED-FILL,MODELLED,1,-13.52,-2.006441,-0.0114,,,,,MODELLED,False
Season 1:@VIXRegime_Timer:2025-09-17:SPY:2026-01-22,Season 1,@VIXRegime_Timer,SPY,,long,78,52054.17,2025-09-17,667.361186,VENUE-SIMULATED-FILL,MODELLED,2026-01-22,687.42,VENUE-SIMULATED-FILL,MODELLED,127,1564.1,3.004754,0.4832,,,,,MODELLED,False
Season 1:@KitchenSink_AllIn:2025-09-17:IWM:2026-01-23,Season 1,@KitchenSink_AllIn,IWM,,long,27,6663.54,2025-09-17,246.797666,VENUE-SIMULATED-FILL,MODELLED,2026-01-23,246.92,VENUE-SIMULATED-FILL,MODELLED,128,3.14,0.047122,0.1673,,,,,MODELLED,False
Season 1:@KitchenSink_AllIn:2025-12-19:QQQ:2026-01-23,Season 1,@KitchenSink_AllIn,QQQ,,long,11,6724.88,2025-12-19,611.352726,VENUE-SIMULATED-FILL,MODELLED,2026-01-23,619.84,VENUE-SIMULATED-FILL,MODELLED,35,93.29,1.387237,0.0681,,,,,MODELLED,False
Season 1:@KitchenSink_AllIn:2025-12-19:SPY:2026-01-23,Season 1,@KitchenSink_AllIn,SPY,,long,9,6185.4,2025-12-19,687.266264,VENUE-SIMULATED-FILL,MODELLED,2026-01-23,687.69,VENUE-SIMULATED-FILL,MODELLED,35,3.76,0.060788,0.0558,,,,,MODELLED,False
Season 1:@KitchenSink_AllIn:2025-12-30:RIVN:2026-01-23,Season 1,@KitchenSink_AllIn,RIVN,,long,284,7126.11,2025-12-30,25.091922,VENUE-SIMULATED-FILL,MODELLED,2026-01-23,25.49,VENUE-SIMULATED-FILL,MODELLED,24,111.29,1.561723,1.7594,,,,,MODELLED,False
Season 1:@KitchenSink_AllIn:2026-01-22:AMZN:2026-01-23,Season 1,@KitchenSink_AllIn,AMZN,,long,27,6851.52,2026-01-22,253.76,VENUE-SIMULATED-FILL,MODELLED,2026-01-23,257.2,VENUE-SIMULATED-FILL,MODELLED,1,92.71,1.35313,0.1673,,,,,MODELLED,False
Season 1:@KitchenSink_AllIn:2026-01-22:GOOGL:2026-01-23,Season 1,@KitchenSink_AllIn,GOOGL,,long,28,7122.36,2026-01-22,254.37,VENUE-SIMULATED-FILL,MODELLED,2026-01-23,258.16,VENUE-SIMULATED-FILL,MODELLED,1,105.95,1.487569,0.1735,,,,,MODELLED,False
Season 1:@KitchenSink_AllIn:2026-01-22:META:2026-01-23,Season 1,@KitchenSink_AllIn,META,,long,6,6734.58,2026-01-22,1122.43,VENUE-SIMULATED-FILL,MODELLED,2026-01-23,1148.82,VENUE-SIMULATED-FILL,MODELLED,1,158.3,2.350555,0.0372,,,,,MODELLED,False
Season 1:@KitchenSink_AllIn:2026-01-22:UNH:2026-01-23,Season 1,@KitchenSink_AllIn,UNH,,long,21,6908.16,2026-01-22,328.96,VENUE-SIMULATED-FILL,MODELLED,2026-01-23,337.14,VENUE-SIMULATED-FILL,MODELLED,1,171.65,2.484743,0.1301,,,,,MODELLED,False
Season 1:@MeanRev_Z2Sigma:2026-01-21:SPY:2026-01-23,Season 1,@MeanRev_Z2Sigma,SPY,,long,53,35990.18,2026-01-21,679.06,VENUE-SIMULATED-FILL,MODELLED,2026-01-23,687.69,VENUE-SIMULATED-FILL,MODELLED,2,457.06,1.269958,0.3283,,,,,MODELLED,False
Season 1:@OneBigBet_Concentra:2026-01-22:META:2026-01-23,Season 1,@OneBigBet_Concentra,META,,long,6,6734.46,2026-01-22,1122.41,VENUE-SIMULATED-FILL,MODELLED,2026-01-23,1148.82,VENUE-SIMULATED-FILL,MODELLED,1,158.42,2.352379,0.0372,,,,,MODELLED,False
Season 1:@OvernightCarry_NO:2026-01-21:SPY:2026-01-23,Season 1,@OvernightCarry_NO,SPY,,long,20,13784.82,2026-01-21,689.240952,VENUE-SIMULATED-FILL,MODELLED,2026-01-23,687.69,VENUE-SIMULATED-FILL,MODELLED,2,-31.14,-0.225901,0.1239,,,,,MODELLED,False
Live Book (rehearsal):@SOFRPivot_Rider:2026-01-16:QQQ:2026-01-23,Live Book (rehearsal),@SOFRPivot_Rider,QQQ,,long,200,123262.8,2026-01-16,616.314,VENUE-SIMULATED-FILL,SECONDARY,2026-01-23,619.72,VENUE-SIMULATED-FILL,SECONDARY,7,679.96,0.551634,1.239,,,0.161,0.00013,SECONDARY,False
Live Book (rehearsal):@SOFRPivot_Rider:2026-01-16:TSLA:2026-01-23,Live Book (rehearsal),@SOFRPivot_Rider,TSLA,,long,40,17580.4,2026-01-16,439.51,VENUE-SIMULATED-FILL,SECONDARY,2026-01-23,447.42,VENUE-SIMULATED-FILL,SECONDARY,7,316.15,1.798309,0.2478,,,0.223,0.00013,SECONDARY,False
Official Auction Book:@DurationTrend_TenX:2026-01-15:91282CPJ4:2026-01-26,Official Auction Book,@DurationTrend_TenX,91282CPJ4,10-Year,short,15800.0,1559657.75,2026-01-15,98.712516,SECONDARY-CURVE,OFFICIAL,2026-01-26,98.322689,SECONDARY-CURVE,OFFICIAL-DERIVED,11,40.07,0.002569,0.0,21.52,0.0,,,OFFICIAL-DERIVED,False
Season 2:@FDA_ClusterFade:2026-01-12:XBI:2026-01-26,Season 2,@FDA_ClusterFade,XBI,,long,23,2855.03,2026-01-12,124.131598,VENUE-SIMULATED-FILL,MODELLED,2026-01-26,126.8,VENUE-SIMULATED-FILL,MODELLED,14,61.23,2.144638,0.1425,,,,,MODELLED,False
Season 1:@GapAndGo_YOLO:2026-01-26:CVNA:2026-01-26,Season 1,@GapAndGo_YOLO,CVNA,,long,52,17722.64,2026-01-26,340.82,VENUE-SIMULATED-FILL,MODELLED,2026-01-26,349.38,VENUE-SIMULATED-FILL,MODELLED,0,444.8,2.509784,0.3221,,,,,MODELLED,False
Season 1:@MeanRev_Z2Sigma:2026-01-09:JPM:2026-01-26,Season 1,@MeanRev_Z2Sigma,JPM,,long,129,36954.63,2026-01-09,286.47,VENUE-SIMULATED-FILL,MODELLED,2026-01-26,276.91,VENUE-SIMULATED-FILL,MODELLED,17,-1234.04,-3.339338,0.7992,,,,,MODELLED,False
Season 1:@OneBigBet_Concentra:2026-01-22:META:2026-01-26,Season 1,@OneBigBet_Concentra,META,,long,223,256173.77,2026-01-22,1148.7613,VENUE-SIMULATED-FILL,MODELLED,2026-01-26,1136.94,VENUE-SIMULATED-FILL,MODELLED,4,-2637.53,-1.029586,1.3815,,,,,MODELLED,False
Season 1:@OvernightCarry_NO:2026-01-21:SPY:2026-01-26,Season 1,@OvernightCarry_NO,SPY,,long,278,191719.52,2026-01-21,689.638565,VENUE-SIMULATED-FILL,MODELLED,2026-01-26,688.49,VENUE-SIMULATED-FILL,MODELLED,5,-321.02,-0.167443,1.7222,,,,,MODELLED,False
Season 1:@OverreactionFade_LT:2026-01-21:TSLA:2026-01-26,Season 1,@OverreactionFade_LT,TSLA,,long,95,38251.75,2026-01-21,402.65,VENUE-SIMULATED-FILL,MODELLED,2026-01-26,411.43,VENUE-SIMULATED-FILL,MODELLED,5,833.51,2.179011,0.5885,,,,,MODELLED,False
Live Book (rehearsal):@PinePilot_EMA_Live:2026-01-21:QQQ:2026-01-26,Live Book (rehearsal),@PinePilot_EMA_Live,QQQ,,short,120,73135.2,2026-01-21,609.46,VENUE-SIMULATED-FILL,SECONDARY,2026-01-26,623.22,VENUE-SIMULATED-FILL,SECONDARY,5,-1651.94,-2.258748,0.7434,,,0.16,0.0004,SECONDARY,False
Official Auction Book:@DurationTrend_TenX:2026-01-15:91282CPJ4:2026-01-27,Official Auction Book,@DurationTrend_TenX,91282CPJ4,10-Year,short,16000.0,1579400.26,2026-01-15,98.712516,SECONDARY-CURVE,OFFICIAL,2026-01-27,98.169211,SECONDARY-CURVE,OFFICIAL-DERIVED,12,57.81,0.00366,0.0,29.12,0.0,,,OFFICIAL-DERIVED,False
Season 1:@GapAndGo_YOLO:2026-01-27:TSLA:2026-01-27,Season 1,@GapAndGo_YOLO,TSLA,,long,41,17981.78,2026-01-27,438.58,VENUE-SIMULATED-FILL,MODELLED,2026-01-27,424.11,VENUE-SIMULATED-FILL,MODELLED,0,-593.52,-3.300674,0.254,,,,,MODELLED,False
Season 1:@KitchenSink_AllIn:2025-09-17:IWM:2026-01-27,Season 1,@KitchenSink_AllIn,IWM,,long,11,2718.69,2025-09-17,247.153599,VENUE-SIMULATED-FILL,MODELLED,2026-01-27,250.57,VENUE-SIMULATED-FILL,MODELLED,132,37.51,1.379709,0.0681,,,,,MODELLED,False
Season 1:@KitchenSink_AllIn:2025-12-19:QQQ:2026-01-27,Season 1,@KitchenSink_AllIn,QQQ,,long,3,1838.31,2025-12-19,612.770768,VENUE-SIMULATED-FILL,MODELLED,2026-01-27,620.18,VENUE-SIMULATED-FILL,MODELLED,39,22.21,1.208173,0.0186,,,,,MODELLED,False
Season 1:@KitchenSink_AllIn:2025-12-19:SPY:2026-01-27,Season 1,@KitchenSink_AllIn,SPY,,long,3,2062.33,2025-12-19,687.442512,VENUE-SIMULATED-FILL,MODELLED,2026-01-27,691.71,VENUE-SIMULATED-FILL,MODELLED,39,12.78,0.619688,0.0186,,,,,MODELLED,False
Season 1:@KitchenSink_AllIn:2026-01-22:AMZN:2026-01-27,Season 1,@KitchenSink_AllIn,AMZN,,long,9,2295.39,2026-01-22,255.043226,VENUE-SIMULATED-FILL,MODELLED,2026-01-27,262.92,VENUE-SIMULATED-FILL,MODELLED,5,70.84,3.086187,0.0558,,,,,MODELLED,False
Season 1:@KitchenSink_AllIn:2026-01-22:GOOGL:2026-01-27,Season 1,@KitchenSink_AllIn,GOOGL,,long,9,2294.77,2026-01-22,254.974632,VENUE-SIMULATED-FILL,MODELLED,2026-01-27,259.03,VENUE-SIMULATED-FILL,MODELLED,5,36.44,1.587958,0.0558,,,,,MODELLED,False
Season 1:@KitchenSink_AllIn:2026-01-22:META:2026-01-27,Season 1,@KitchenSink_AllIn,META,,long,1,1124.51,2026-01-22,1124.51,VENUE-SIMULATED-FILL,MODELLED,2026-01-27,1144.87,VENUE-SIMULATED-FILL,MODELLED,5,20.35,1.809677,0.0062,,,,,MODELLED,False
Official Auction Book:@LiquidityWeighted_Participant:2025-12-24:912797SH1:2026-01-27,Official Auction Book,@LiquidityWeighted_Participant,912797SH1,17-Week,long,65100.0,6491923.88,2025-12-24,99.722333,PRIMARY-AUCTION,OFFICIAL,2026-01-27,100.0,SECONDARY-CURVE,OFFICIAL-DERIVED,34,180.76,0.002784,0.0,0.0,0.0,,,OFFICIAL-DERIVED,False
Season 1:@MeanRev_Z2Sigma:2026-01-21:AAPL:2026-01-27,Season 1,@MeanRev_Z2Sigma,AAPL,,long,128,37131.52,2026-01-21,290.09,VENUE-SIMULATED-FILL,MODELLED,2026-01-27,295.6,VENUE-SIMULATED-FILL,MODELLED,6,704.49,1.897283,0.793,,,,,MODELLED,False
Season 1:@MeanRev_Z2Sigma:2026-01-21:IWM:2026-01-27,Season 1,@MeanRev_Z2Sigma,IWM,,long,153,37171.35,2026-01-21,242.95,VENUE-SIMULATED-FILL,MODELLED,2026-01-27,250.57,VENUE-SIMULATED-FILL,MODELLED,6,1164.91,3.133892,0.9478,,,,,MODELLED,False
Season 1:@OneBigBet_Concentra:2026-01-26:META:2026-01-27,Season 1,@OneBigBet_Concentra,META,,long,4,4547.88,2026-01-26,1136.97,VENUE-SIMULATED-FILL,MODELLED,2026-01-27,1144.87,VENUE-SIMULATED-FILL,MODELLED,1,31.58,0.694389,0.0248,,,,,MODELLED,False
Season 1:@OvernightCarry_NO:2026-01-26:SPY:2026-01-27,Season 1,@OvernightCarry_NO,SPY,,long,18,12475.8,2026-01-26,693.1,VENUE-SIMULATED-FILL,MODELLED,2026-01-27,691.71,VENUE-SIMULATED-FILL,MODELLED,1,-25.13,-0.20143,0.1115,,,,,MODELLED,False
Season 1:@OverreactionFade_LT:2025-11-24:RIVN:2026-01-27,Season 1,@OverreactionFade_LT,RIVN,,long,1601,39523.12,2025-11-24,24.686522,VENUE-SIMULATED-FILL,MODELLED,2026-01-27,23.79,VENUE-SIMULATED-FILL,MODELLED,64,-1445.25,-3.65672,9.9182,,,,,MODELLED,False
Live Book (rehearsal):@SOFRPivot_Rider:2026-01-16:TSLA:2026-01-27,Live Book (rehearsal),@SOFRPivot_Rider,TSLA,,long,80,35380.8,2026-01-16,442.26,VENUE-SIMULATED-FILL,SECONDARY,2026-01-27,437.4,VENUE-SIMULATED-FILL,SECONDARY,11,-389.3,-1.100314,0.4956,,,0.229,0.00013,SECONDARY,False
Live Book (rehearsal):@SOFRPivot_Rider:2026-01-26:QQQ:2026-01-27,Live Book (rehearsal),@SOFRPivot_Rider,QQQ,,long,120,74786.4,2026-01-26,623.22,VENUE-SIMULATED-FILL,SECONDARY,2026-01-27,628.9,VENUE-SIMULATED-FILL,SECONDARY,1,680.86,0.910406,0.7434,,,0.159,0.00033,SECONDARY,False
Official Auction Book:@SOFRPivot_Switch:2026-01-15:91282CPJ4:2026-01-27,Official Auction Book,@SOFRPivot_Switch,91282CPJ4,10-Year,long,4700.0,463948.83,2026-01-15,98.712516,SECONDARY-CURVE,OFFICIAL,2026-01-27,98.169211,SECONDARY-CURVE,OFFICIAL-DERIVED,12,-25.54,-0.005505,0.0,0.0,0.0,,,OFFICIAL-DERIVED,False
Season 1:@SectorRotator_AlphaX:2025-09-17:META:2026-01-27,Season 1,@SectorRotator_AlphaX,META,,long,2,1524.96,2025-09-17,762.4805,VENUE-SIMULATED-FILL,MODELLED,2026-01-27,1144.87,VENUE-SIMULATED-FILL,MODELLED,132,764.77,50.150135,0.0124,,,,,MODELLED,False
Season 2:@FDA_ClusterFade:2026-01-12:XBI:2026-01-28,Season 2,@FDA_ClusterFade,XBI,,long,1459,181108.0,2026-01-12,124.131598,VENUE-SIMULATED-FILL,MODELLED,2026-01-28,128.6,VENUE-SIMULATED-FILL,MODELLED,16,6510.36,3.594739,9.0385,,,,,MODELLED,False
Season 1:@KitchenSink_AllIn:2025-12-04:MSFT:2026-01-28,Season 1,@KitchenSink_AllIn,MSFT,,long,3,1928.71,2025-12-04,642.903609,VENUE-SIMULATED-FILL,MODELLED,2026-01-28,651.4,VENUE-SIMULATED-FILL,MODELLED,55,25.47,1.320571,0.0186,,,,,MODELLED,False
Season 1:@OvernightCarry_NO:2026-01-26:SPY:2026-01-28,Season 1,@OvernightCarry_NO,SPY,,long,277,192769.78,2026-01-26,695.919783,VENUE-SIMULATED-FILL,MODELLED,2026-01-28,699.64,VENUE-SIMULATED-FILL,MODELLED,2,1028.78,0.533683,1.716,,,,,MODELLED,False
Live Book (rehearsal):@CurveSteepener_MaxBeta:2026-01-14:SPY:2026-01-29,Live Book (rehearsal),@CurveSteepener_MaxBeta,SPY,,long,120,82921.2,2026-01-14,691.01,VENUE-SIMULATED-FILL,SECONDARY,2026-01-29,696.39,VENUE-SIMULATED-FILL,SECONDARY,15,644.86,0.777678,0.7434,,,0.0,0.00013,SECONDARY,False
Live Book (rehearsal):@FDA_Fade_Live:2026-01-13:XBI:2026-01-29,Live Book (rehearsal),@FDA_Fade_Live,XBI,,long,1400,173623.33,2026-01-13,124.016667,VENUE-SIMULATED-FILL,SECONDARY,2026-01-29,125.92,VENUE-SIMULATED-FILL,SECONDARY,16,2655.99,1.529743,8.673,,,0.794,0.01069,SECONDARY,False
Season 1:@OneBigBet_Concentra:2026-01-28:META:2026-01-29,Season 1,@OneBigBet_Concentra,META,,long,225,257874.75,2026-01-28,1146.11,VENUE-SIMULATED-FILL,MODELLED,2026-01-29,1132.29,VENUE-SIMULATED-FILL,MODELLED,1,-3110.89,-1.206357,1.3939,,,,,MODELLED,False
Season 1:@OvernightCarry_NO:2026-01-28:SPY:2026-01-29,Season 1,@OvernightCarry_NO,SPY,,long,17,11829.79,2026-01-28,695.87,VENUE-SIMULATED-FILL,MODELLED,2026-01-29,699.91,VENUE-SIMULATED-FILL,MODELLED,1,68.57,0.579638,0.1053,,,,,MODELLED,False
Live Book (rehearsal):@SOFRPivot_Rider:2026-01-27:SPY:2026-01-29,Live Book (rehearsal),@SOFRPivot_Rider,SPY,,long,40,27824.6,2026-01-27,695.615,VENUE-SIMULATED-FILL,SECONDARY,2026-01-29,696.39,VENUE-SIMULATED-FILL,SECONDARY,2,30.75,0.110514,0.2478,,,0.0,7e-05,SECONDARY,False
Live Book (rehearsal):@CurveSteepener_MaxBeta:2026-01-29:JPM:2026-01-30,Live Book (rehearsal),@CurveSteepener_MaxBeta,JPM,,long,200,60482.0,2026-01-29,302.41,VENUE-SIMULATED-FILL,SECONDARY,2026-01-30,305.24,VENUE-SIMULATED-FILL,SECONDARY,1,564.76,0.933765,1.239,,,0.328,0.00173,SECONDARY,False
Live Book (rehearsal):@CurveSteepener_MaxBeta:2026-01-29:XOM:2026-01-30,Live Book (rehearsal),@CurveSteepener_MaxBeta,XOM,,long,300,42099.0,2026-01-29,140.33,VENUE-SIMULATED-FILL,SECONDARY,2026-01-30,138.74,VENUE-SIMULATED-FILL,SECONDARY,1,-478.86,-1.137462,1.8585,,,0.0,0.00112,SECONDARY,False
Official Auction Book:@DurationTrend_TenX:2026-01-15:91282CPJ4:2026-01-30,Official Auction Book,@DurationTrend_TenX,91282CPJ4,10-Year,short,17100.0,1687984.02,2026-01-15,98.712516,SECONDARY-CURVE,OFFICIAL,2026-01-30,98.035561,SECONDARY-CURVE,OFFICIAL-DERIVED,15,76.85,0.004553,0.0,38.91,0.0,,,OFFICIAL-DERIVED,False
Season 2:@GOLD_Trend_GLD:2025-09-17:GLD:2026-01-30,Season 2,@GOLD_Trend_GLD,GLD,,long,66,24670.11,2025-09-17,373.789612,VENUE-SIMULATED-FILL,MODELLED,2026-01-30,466.25,VENUE-SIMULATED-FILL,MODELLED,135,6101.98,24.7343,0.4089,,,,,MODELLED,False
Season 1:@GapAndGo_YOLO:2026-01-30:AAPL:2026-01-30,Season 1,@GapAndGo_YOLO,AAPL,,long,58,17891.26,2026-01-30,308.47,VENUE-SIMULATED-FILL,MODELLED,2026-01-30,306.92,VENUE-SIMULATED-FILL,MODELLED,0,-90.26,-0.504492,0.3593,,,,,MODELLED,False
Season 1:@GapAndGo_YOLO:2026-01-30:CVNA:2026-01-30,Season 1,@GapAndGo_YOLO,CVNA,,long,49,17877.16,2026-01-30,364.84,VENUE-SIMULATED-FILL,MODELLED,2026-01-30,330.81,VENUE-SIMULATED-FILL,MODELLED,0,-1667.77,-9.329055,0.3036,,,,,MODELLED,False
Season 1:@KitchenSink_AllIn:2026-01-22:UNH:2026-01-30,Season 1,@KitchenSink_AllIn,UNH,,long,4,1314.35,2026-01-22,328.588533,VENUE-SIMULATED-FILL,MODELLED,2026-01-30,327.19,VENUE-SIMULATED-FILL,MODELLED,8,-5.62,-0.427586,0.0248,,,,,MODELLED,False
Season 1:@OneBigBet_Concentra:2026-01-29:META:2026-01-30,Season 1,@OneBigBet_Concentra,META,,short,1,1132.3,2026-01-29,1132.3,VENUE-SIMULATED-FILL,MODELLED,2026-01-30,1145.03,VENUE-SIMULATED-FILL,MODELLED,1,-12.74,-1.125144,0.0062,,,,,MODELLED,False
Season 1:@OvernightCarry_NO:2026-01-28:SPY:2026-01-30,Season 1,@OvernightCarry_NO,SPY,,long,277,192507.59,2026-01-28,694.973237,VENUE-SIMULATED-FILL,MODELLED,2026-01-30,697.04,VENUE-SIMULATED-FILL,MODELLED,2,570.78,0.296497,1.716,,,,,MODELLED,False
Season 1:@PairsArb_ZScore2:2025-12-31:QQQ:2026-01-30,Season 1,@PairsArb_ZScore2,QQQ,,short,160,99518.4,2025-12-31,621.99,VENUE-SIMULATED-FILL,MODELLED,2026-01-30,624.55,VENUE-SIMULATED-FILL,MODELLED,30,-410.59,-0.412577,0.9866,,,,,MODELLED,False
Season 1:@PairsArb_ZScore2:2025-12-31:SPY:2026-01-30,Season 1,@PairsArb_ZScore2,SPY,,long,144,98987.04,2025-12-31,687.41,VENUE-SIMULATED-FILL,MODELLED,2026-01-30,697.04,VENUE-SIMULATED-FILL,MODELLED,30,1385.83,1.400012,0.8921,,,,,MODELLED,False
Season 2:@PinePilot_EMA_Cross:2025-09-17:QQQ:2026-01-30,Season 2,@PinePilot_EMA_Cross,QQQ,,long,1,594.14,2025-09-17,594.139605,VENUE-SIMULATED-FILL,MODELLED,2026-01-30,625.71,VENUE-SIMULATED-FILL,MODELLED,135,31.56,5.311883,0.0062,,,,,MODELLED,False
Season 1:@SpreadHarvester_MM:2026-01-30:NVDA:2026-01-30,Season 1,@SpreadHarvester_MM,NVDA,,long,10,2653.4,2026-01-30,265.34,VENUE-SIMULATED-FILL,MODELLED,2026-01-30,265.37,VENUE-SIMULATED-FILL,MODELLED,0,0.34,0.012814,-0.0381,,,,,MODELLED,False
Live Book (rehearsal):@VolControl_MaxLev:2025-11-26:QQQ:2026-01-30,Live Book (rehearsal),@VolControl_MaxLev,QQQ,,long,80,49682.43,2025-11-26,621.030418,VENUE-SIMULATED-FILL,SECONDARY,2026-01-30,625.71,VENUE-SIMULATED-FILL,SECONDARY,65,373.87,0.75252,0.4956,,,0.0,0.00028,SECONDARY,False
Live Book (rehearsal):@CurveSteepener_MaxBeta:2026-01-30:SPY:2026-02-02,Live Book (rehearsal),@CurveSteepener_MaxBeta,SPY,,long,40,27671.6,2026-01-30,691.79,VENUE-SIMULATED-FILL,SECONDARY,2026-02-02,689.58,VENUE-SIMULATED-FILL,SECONDARY,3,-88.65,-0.320365,0.2478,,,0.0,4e-05,SECONDARY,False
Live Book (rehearsal):@FDA_Fade_Live:2026-01-13:XBI:2026-02-02,Live Book (rehearsal),@FDA_Fade_Live,XBI,,long,100,12401.67,2026-01-13,124.016667,VENUE-SIMULATED-FILL,SECONDARY,2026-02-02,124.05,VENUE-SIMULATED-FILL,SECONDARY,20,2.71,0.021852,0.6195,,,0.0,0.01069,SECONDARY,False
Season 2:@GOLD_Trend_GLD:2025-09-17:GLD:2026-02-02,Season 2,@GOLD_Trend_GLD,GLD,,long,48,17941.9,2025-09-17,373.789612,VENUE-SIMULATED-FILL,MODELLED,2026-02-02,433.99,VENUE-SIMULATED-FILL,MODELLED,138,2889.32,16.103756,0.2974,,,,,MODELLED,False
Season 1:@OneBigBet_Concentra:2026-01-30:META:2026-02-02,Season 1,@OneBigBet_Concentra,META,,long,220,251913.2,2026-01-30,1145.06,VENUE-SIMULATED-FILL,MODELLED,2026-02-02,1171.36,VENUE-SIMULATED-FILL,MODELLED,3,5784.64,2.296283,1.3629,,,,,MODELLED,False
Season 1:@OvernightCarry_NO:2026-01-28:SPY:2026-02-02,Season 1,@OvernightCarry_NO,SPY,,long,21,14534.57,2026-01-28,692.122535,VENUE-SIMULATED-FILL,MODELLED,2026-02-02,687.43,VENUE-SIMULATED-FILL,MODELLED,5,-98.67,-0.678864,0.1301,,,,,MODELLED,False
Season 2:@PinePilot_EMA_Cross:2025-09-17:SPY:2026-02-02,Season 2,@PinePilot_EMA_Cross,SPY,,long,2,1326.68,2025-09-17,663.338681,VENUE-SIMULATED-FILL,MODELLED,2026-02-02,689.58,VENUE-SIMULATED-FILL,MODELLED,138,52.47,3.954993,0.0124,,,,,MODELLED,False
Live Book (rehearsal):@SOFRPivot_Rider:2026-01-29:QQQ:2026-02-02,Live Book (rehearsal),@SOFRPivot_Rider,QQQ,,long,80,50427.73,2026-01-29,630.346667,VENUE-SIMULATED-FILL,SECONDARY,2026-02-02,618.7,VENUE-SIMULATED-FILL,SECONDARY,4,-932.23,-1.848645,0.4956,,,0.0,0.0001,SECONDARY,False
Live Book (rehearsal):@SOFRPivot_Rider:2026-01-29:TSLA:2026-02-02,Live Book (rehearsal),@SOFRPivot_Rider,TSLA,,long,80,35024.8,2026-01-29,437.81,VENUE-SIMULATED-FILL,SECONDARY,2026-02-02,421.28,VENUE-SIMULATED-FILL,SECONDARY,4,-1322.9,-3.777038,0.4956,,,0.238,0.0001,SECONDARY,False
Season 1:@SpreadHarvester_MM:2026-01-30:NVDA:2026-02-02,Season 1,@SpreadHarvester_MM,NVDA,,short,10,2653.7,2026-01-30,265.37,VENUE-SIMULATED-FILL,MODELLED,2026-02-02,277.5,VENUE-SIMULATED-FILL,MODELLED,3,-121.26,-4.569469,-0.0381,,,,,MODELLED,False
Season 1:@SpreadHarvester_MM:2026-02-02:NVDA:2026-02-02,Season 1,@SpreadHarvester_MM,NVDA,,long,28,7770.0,2026-02-02,277.5,VENUE-SIMULATED-FILL,MODELLED,2026-02-02,277.54,VENUE-SIMULATED-FILL,MODELLED,0,1.23,0.01583,-0.1066,,,,,MODELLED,False
Live Book (rehearsal):@VIXRegime_LiveMax:2025-11-25:QQQ:2026-02-02,Live Book (rehearsal),@VIXRegime_LiveMax,QQQ,,long,160,98870.37,2025-11-25,617.939796,VENUE-SIMULATED-FILL,SECONDARY,2026-02-02,618.7,VENUE-SIMULATED-FILL,SECONDARY,69,120.64,0.122018,0.9912,,,0.0,0.00042,SECONDARY,False
Season 1:@VolCarry_LowHigh:2025-09-17:CVNA:2026-02-02,Season 1,@VolCarry_LowHigh,CVNA,,short,34,9766.5,2025-09-17,287.25,VENUE-SIMULATED-FILL,MODELLED,2026-02-02,323.41,VENUE-SIMULATED-FILL,MODELLED,138,-1229.65,-12.590488,0.2097,,,,,MODELLED,False
Season 1:@VolCarry_LowHigh:2025-09-17:IWM:2026-02-02,Season 1,@VolCarry_LowHigh,IWM,,long,29,7029.02,2025-09-17,242.38,VENUE-SIMULATED-FILL,MODELLED,2026-02-02,249.61,VENUE-SIMULATED-FILL,MODELLED,138,209.49,2.980359,0.1797,,,,,MODELLED,False
Season 1:@VolCarry_LowHigh:2025-09-17:QQQ:2026-02-02,Season 1,@VolCarry_LowHigh,QQQ,,long,11,6441.49,2025-09-17,585.59,VENUE-SIMULATED-FILL,MODELLED,2026-02-02,619.34,VENUE-SIMULATED-FILL,MODELLED,138,371.18,5.762331,0.0681,,,,,MODELLED,False
Season 1:@VolCarry_LowHigh:2025-09-17:RIVN:2026-02-02,Season 1,@VolCarry_LowHigh,RIVN,,short,580,9459.8,2025-09-17,16.31,VENUE-SIMULATED-FILL,MODELLED,2026-02-02,26.05,VENUE-SIMULATED-FILL,MODELLED,138,-5652.78,-59.755809,3.5763,,,,,MODELLED,False
Season 1:@VolCarry_LowHigh:2025-09-17:SPY:2026-02-02,Season 1,@VolCarry_LowHigh,SPY,,long,10,6554.1,2025-09-17,655.41,VENUE-SIMULATED-FILL,MODELLED,2026-02-02,687.43,VENUE-SIMULATED-FILL,MODELLED,138,320.14,4.884576,0.0619,,,,,MODELLED,False
Official Auction Book:@BillCarry_TenX:2025-12-31:912797SJ7:2026-02-03,Official Auction Book,@BillCarry_TenX,912797SJ7,17-Week,long,898400.0,89589146.96,2025-12-31,99.720778,PRIMARY-AUCTION,OFFICIAL,2026-02-03,100.0,MATURITY-REDEMPTION,OFFICIAL,34,2508.53,0.0028,0.0,0.0,0.0,,,OFFICIAL,True
Official Auction Book:@ConcessionFade_Notes:2026-01-26:91282CGH8:2026-02-03,Official Auction Book,@ConcessionFade_Notes,91282CGH8,5-Year,long,94000.0,9385616.12,2026-01-26,99.84698,PRIMARY-AUCTION,OFFICIAL,2026-02-03,99.867289,SECONDARY-CURVE,OFFICIAL-DERIVED,8,19.09,0.000203,0.0,0.0,0.0,,,OFFICIAL-DERIVED,False
Season 1:@IlliquidRocket_Degen:2026-01-27:CVNA:2026-02-03,Season 1,@IlliquidRocket_Degen,CVNA,,long,736,255104.96,2026-01-27,346.61,VENUE-SIMULATED-FILL,MODELLED,2026-02-03,330.15,VENUE-SIMULATED-FILL,MODELLED,7,-12119.12,-4.750641,4.5595,,,,,MODELLED,False
Live Book (rehearsal):@OilDollar_FadeUNG:2025-12-03:XOM:2026-02-03,Live Book (rehearsal),@OilDollar_FadeUNG,XOM,,long,100,12805.9,2025-12-03,128.059048,VENUE-SIMULATED-FILL,SECONDARY,2026-02-03,138.63,VENUE-SIMULATED-FILL,SECONDARY,62,1056.48,8.249944,0.6195,,,0.721,0.00178,SECONDARY,False
Season 1:@OneBigBet_Concentra:2026-02-02:META:2026-02-03,Season 1,@OneBigBet_Concentra,META,,long,5,5857.0,2026-02-02,1171.4,VENUE-SIMULATED-FILL,MODELLED,2026-02-03,1167.29,VENUE-SIMULATED-FILL,MODELLED,1,-20.58,-0.351374,0.031,,,,,MODELLED,False
Season 1:@OvernightCarry_NO:2026-02-02:SPY:2026-02-03,Season 1,@OvernightCarry_NO,SPY,,long,280,194798.8,2026-02-02,695.71,VENUE-SIMULATED-FILL,MODELLED,2026-02-03,697.59,VENUE-SIMULATED-FILL,MODELLED,1,524.67,0.269339,1.7346,,,,,MODELLED,False
Season 1:@OverreactionFade_LT:2026-01-21:CVNA:2026-02-03,Season 1,@OverreactionFade_LT,CVNA,,long,120,38768.9,2026-01-21,323.074167,VENUE-SIMULATED-FILL,MODELLED,2026-02-03,330.2,VENUE-SIMULATED-FILL,MODELLED,13,854.36,2.203725,0.7434,,,,,MODELLED,False
Live Book (rehearsal):@SOFRPivot_Rider:2026-01-27:SPY:2026-02-03,Live Book (rehearsal),@SOFRPivot_Rider,SPY,,long,40,27704.1,2026-01-27,692.6025,VENUE-SIMULATED-FILL,SECONDARY,2026-02-03,696.21,VENUE-SIMULATED-FILL,SECONDARY,7,144.05,0.519959,0.2478,,,0.0,7e-05,SECONDARY,False
Season 1:@SpreadHarvester_MM:2026-02-02:NVDA:2026-02-03,Season 1,@SpreadHarvester_MM,NVDA,,short,28,7771.12,2026-02-02,277.54,VENUE-SIMULATED-FILL,MODELLED,2026-02-03,271.78,VENUE-SIMULATED-FILL,MODELLED,1,161.39,2.076792,-0.1065,,,,,MODELLED,False
Season 1:@SpreadHarvester_MM:2026-02-03:NVDA:2026-02-03,Season 1,@SpreadHarvester_MM,NVDA,,long,27,7338.06,2026-02-03,271.78,VENUE-SIMULATED-FILL,MODELLED,2026-02-03,271.82,VENUE-SIMULATED-FILL,MODELLED,0,1.18,0.016081,-0.1028,,,,,MODELLED,False
Official Auction Book:@TBillLadder_MaxRoll:2025-12-31:912797SJ7:2026-02-03,Official Auction Book,@TBillLadder_MaxRoll,912797SJ7,17-Week,long,100700.0,10041882.34,2025-12-31,99.720778,PRIMARY-AUCTION,OFFICIAL,2026-02-03,100.0,MATURITY-REDEMPTION,OFFICIAL,34,281.18,0.0028,0.0,0.0,0.0,,,OFFICIAL,True
Live Book (rehearsal):@CurveSteepener_MaxBeta:2026-01-29:XOM:2026-02-04,Live Book (rehearsal),@CurveSteepener_MaxBeta,XOM,,long,600,83953.0,2026-01-29,139.921667,VENUE-SIMULATED-FILL,SECONDARY,2026-02-04,144.1,VENUE-SIMULATED-FILL,SECONDARY,6,2503.28,2.981764,3.717,,,1.387,0.00112,SECONDARY,False
Live Book (rehearsal):@CurveSteepener_MaxBeta:2026-02-02:JPM:2026-02-04,Live Book (rehearsal),@CurveSteepener_MaxBeta,JPM,,long,240,73253.49,2026-02-02,305.222857,VENUE-SIMULATED-FILL,SECONDARY,2026-02-04,314.4,VENUE-SIMULATED-FILL,SECONDARY,2,2201.03,3.004676,1.4868,,,0.318,0.00244,SECONDARY,False
Official Auction Book:@DurationTrend_TenX:2026-01-15:91282CPJ4:2026-02-04,Official Auction Book,@DurationTrend_TenX,91282CPJ4,10-Year,short,8100.0,799571.38,2026-01-15,98.712516,SECONDARY-CURVE,OFFICIAL,2026-02-04,97.799662,SECONDARY-CURVE,OFFICIAL-DERIVED,20,49.32,0.006168,0.0,24.63,0.0,,,OFFICIAL-DERIVED,False
Season 1:@GapAndGo_YOLO:2026-02-04:CVNA:2026-02-04,Season 1,@GapAndGo_YOLO,CVNA,,long,52,17033.64,2026-02-04,327.57,VENUE-SIMULATED-FILL,MODELLED,2026-02-04,292.9,VENUE-SIMULATED-FILL,MODELLED,0,-1803.16,-10.585876,0.3221,,,,,MODELLED,False
Season 1:@OvernightCarry_NO:2026-02-02:SPY:2026-02-04,Season 1,@OvernightCarry_NO,SPY,,long,19,13113.19,2026-02-02,690.167895,VENUE-SIMULATED-FILL,MODELLED,2026-02-04,691.36,VENUE-SIMULATED-FILL,MODELLED,2,22.53,0.171812,0.1177,,,,,MODELLED,False
Season 1:@OverreactionFade_LT:2026-01-30:TSLA:2026-02-04,Season 1,@OverreactionFade_LT,TSLA,,long,100,38523.0,2026-01-30,385.23,VENUE-SIMULATED-FILL,MODELLED,2026-02-04,413.31,VENUE-SIMULATED-FILL,MODELLED,5,2807.38,7.287543,0.6195,,,,,MODELLED,False
Season 2:@PinePilot_EMA_Cross:2025-09-17:IWM:2026-02-04,Season 2,@PinePilot_EMA_Cross,IWM,,long,4,960.51,2025-09-17,240.127425,VENUE-SIMULATED-FILL,MODELLED,2026-02-04,264.16,VENUE-SIMULATED-FILL,MODELLED,140,96.11,10.006146,0.0248,,,,,MODELLED,False
Live Book (rehearsal):@SOFRPivot_Rider:2026-01-27:SPY:2026-02-04,Live Book (rehearsal),@SOFRPivot_Rider,SPY,,long,40,27704.1,2026-01-27,692.6025,VENUE-SIMULATED-FILL,SECONDARY,2026-02-04,690.34,VENUE-SIMULATED-FILL,SECONDARY,8,-90.75,-0.327569,0.2478,,,0.145,7e-05,SECONDARY,False
Season 1:@SpreadHarvester_MM:2026-02-03:NVDA:2026-02-04,Season 1,@SpreadHarvester_MM,NVDA,,short,26,7067.32,2026-02-03,271.82,VENUE-SIMULATED-FILL,MODELLED,2026-02-04,274.1,VENUE-SIMULATED-FILL,MODELLED,1,-59.18,-0.837375,-0.0989,,,,,MODELLED,False
Season 1:@SpreadHarvester_MM:2026-02-04:NVDA:2026-02-04,Season 1,@SpreadHarvester_MM,NVDA,,long,25,6852.5,2026-02-04,274.1,VENUE-SIMULATED-FILL,MODELLED,2026-02-04,274.14,VENUE-SIMULATED-FILL,MODELLED,0,1.1,0.016053,-0.0951,,,,,MODELLED,False
Live Book (rehearsal):@VIXRegime_LiveMax:2025-11-25:QQQ:2026-02-04,Live Book (rehearsal),@VIXRegime_LiveMax,QQQ,,long,80,49766.71,2025-11-25,622.083878,VENUE-SIMULATED-FILL,SECONDARY,2026-02-04,615.02,VENUE-SIMULATED-FILL,SECONDARY,71,-565.61,-1.136523,0.4956,,,0.0,0.00042,SECONDARY,False
Live Book (rehearsal):@VolControl_MaxLev:2025-11-26:QQQ:2026-02-04,Live Book (rehearsal),@VolControl_MaxLev,QQQ,,long,40,24899.37,2025-11-26,622.484334,VENUE-SIMULATED-FILL,SECONDARY,2026-02-04,615.02,VENUE-SIMULATED-FILL,SECONDARY,70,-298.82,-1.200111,0.2478,,,0.0,0.00028,SECONDARY,False
Live Book (rehearsal):@CrowdFade_Live:2025-10-29:NVDA:2026-02-05,Live Book (rehearsal),@CrowdFade_Live,NVDA,,short,200,41594.0,2025-10-29,207.97,VENUE-SIMULATED-FILL,SECONDARY,2026-02-05,174.93,VENUE-SIMULATED-FILL,SECONDARY,99,6606.77,15.88395,1.2332,,,0.0,6e-05,SECONDARY,False
Season 2:@FDACatalyst_Rider:2025-10-30:XBI:2026-02-05,Season 2,@FDACatalyst_Rider,XBI,,long,17,2164.05,2025-10-30,127.296996,VENUE-SIMULATED-FILL,MODELLED,2026-02-05,124.23,VENUE-SIMULATED-FILL,MODELLED,98,-52.24,-2.413993,0.1053,,,,,MODELLED,False
Season 2:@GOLD_Trend_GLD:2025-09-17:GLD:2026-02-05,Season 2,@GOLD_Trend_GLD,GLD,,long,25,9450.79,2025-09-17,378.031429,VENUE-SIMULATED-FILL,MODELLED,2026-02-05,444.27,VENUE-SIMULATED-FILL,MODELLED,141,1655.81,17.520342,0.1549,,,,,MODELLED,False
Live Book (rehearsal):@KitchenSink_Official:2026-01-15:QQQ:2026-02-05,Live Book (rehearsal),@KitchenSink_Official,QQQ,,long,240,149654.4,2026-01-15,623.56,VENUE-SIMULATED-FILL,SECONDARY,2026-02-05,600.21,VENUE-SIMULATED-FILL,SECONDARY,21,-5605.49,-3.745623,1.4868,,,0.0,0.00022,SECONDARY,False
Season 1:@OvernightCarry_NO:2026-02-04:SPY:2026-02-05,Season 1,@OvernightCarry_NO,SPY,,long,283,194242.71,2026-02-04,686.37,VENUE-SIMULATED-FILL,MODELLED,2026-02-05,682.67,VENUE-SIMULATED-FILL,MODELLED,1,-1048.85,-0.539969,1.7532,,,,,MODELLED,False
Season 2:@PinePilot_EMA_Cross:2025-09-17:SPY:2026-02-05,Season 2,@PinePilot_EMA_Cross,SPY,,long,1,663.34,2025-09-17,663.338681,VENUE-SIMULATED-FILL,MODELLED,2026-02-05,680.94,VENUE-SIMULATED-FILL,MODELLED,141,17.6,2.653245,0.0062,,,,,MODELLED,False
Live Book (rehearsal):@PinePilot_EMA_Live:2026-01-26:QQQ:2026-02-05,Live Book (rehearsal),@PinePilot_EMA_Live,QQQ,,long,200,125099.2,2026-01-26,625.496,VENUE-SIMULATED-FILL,SECONDARY,2026-02-05,600.21,VENUE-SIMULATED-FILL,SECONDARY,10,-5058.44,-4.043543,1.239,,,0.0,0.00067,SECONDARY,False
Season 1:@SpreadHarvester_MM:2026-02-04:NVDA:2026-02-05,Season 1,@SpreadHarvester_MM,NVDA,,short,24,6579.36,2026-02-04,274.14,VENUE-SIMULATED-FILL,MODELLED,2026-02-05,267.8,VENUE-SIMULATED-FILL,MODELLED,1,152.25,2.314055,-0.0913,,,,,MODELLED,False
Season 1:@SpreadHarvester_MM:2026-02-05:NVDA:2026-02-05,Season 1,@SpreadHarvester_MM,NVDA,,long,23,6159.4,2026-02-05,267.8,VENUE-SIMULATED-FILL,MODELLED,2026-02-05,267.84,VENUE-SIMULATED-FILL,MODELLED,0,1.01,0.016398,-0.0875,,,,,MODELLED,False
Official Auction Book:@ConcessionFade_Notes:2026-01-29:91282CPY1:2026-02-06,Official Auction Book,@ConcessionFade_Notes,91282CPY1,7-Year,long,1200.0,119868.91,2026-01-29,99.890756,PRIMARY-AUCTION,OFFICIAL,2026-02-06,100.128455,SECONDARY-CURVE,OFFICIAL-DERIVED,8,2.85,0.002378,0.0,0.0,0.0,,,OFFICIAL-DERIVED,False
Live Book (rehearsal):@CurveSteepener_MaxBeta:2026-02-02:JPM:2026-02-06,Live Book (rehearsal),@CurveSteepener_MaxBeta,JPM,,long,40,12208.91,2026-02-02,305.222857,VENUE-SIMULATED-FILL,SECONDARY,2026-02-06,314.7,VENUE-SIMULATED-FILL,SECONDARY,4,378.84,3.102979,0.2478,,,0.317,0.00244,SECONDARY,False
Official Auction Book:@DurationTrend_TenX:2026-01-15:91282CPJ4:2026-02-06,Official Auction Book,@DurationTrend_TenX,91282CPJ4,10-Year,short,57400.0,5666098.42,2026-01-15,98.712516,SECONDARY-CURVE,OFFICIAL,2026-02-06,98.362512,SECONDARY-CURVE,OFFICIAL-DERIVED,22,8.96,0.000158,0.0,191.94,0.0,,,OFFICIAL-DERIVED,False
Season 2:@FDACatalyst_Rider:2025-10-30:XBI:2026-02-06,Season 2,@FDACatalyst_Rider,XBI,,long,8,1018.38,2025-10-30,127.296996,VENUE-SIMULATED-FILL,MODELLED,2026-02-06,122.84,VENUE-SIMULATED-FILL,MODELLED,99,-35.71,-3.506564,0.0496,,,,,MODELLED,False
Season 1:@GapAndGo_YOLO:2026-02-06:CVNA:2026-02-06,Season 1,@GapAndGo_YOLO,CVNA,,long,54,16535.34,2026-02-06,306.21,VENUE-SIMULATED-FILL,MODELLED,2026-02-06,322.84,VENUE-SIMULATED-FILL,MODELLED,0,897.69,5.428918,0.3345,,,,,MODELLED,False
Season 1:@KitchenSink_AllIn:2025-09-17:IWM:2026-02-06,Season 1,@KitchenSink_AllIn,IWM,,long,91,22505.01,2025-09-17,247.30779,VENUE-SIMULATED-FILL,MODELLED,2026-02-06,243.33,VENUE-SIMULATED-FILL,MODELLED,142,-362.54,-1.61093,0.5637,,,,,MODELLED,False
Season 1:@KitchenSink_AllIn:2025-12-04:MSFT:2026-02-06,Season 1,@KitchenSink_AllIn,MSFT,,long,35,22501.63,2025-12-04,642.903609,VENUE-SIMULATED-FILL,MODELLED,2026-02-06,630.14,VENUE-SIMULATED-FILL,MODELLED,64,-446.94,-1.986256,0.2168,,,,,MODELLED,False
Season 1:@KitchenSink_AllIn:2025-12-19:QQQ:2026-02-06,Season 1,@KitchenSink_AllIn,QQQ,,long,36,22059.75,2025-12-19,612.770768,VENUE-SIMULATED-FILL,MODELLED,2026-02-06,607.43,VENUE-SIMULATED-FILL,MODELLED,49,-192.49,-0.872585,0.223,,,,,MODELLED,False
Season 1:@KitchenSink_AllIn:2025-12-19:SPY:2026-02-06,Season 1,@KitchenSink_AllIn,SPY,,long,32,21998.16,2025-12-19,687.442512,VENUE-SIMULATED-FILL,MODELLED,2026-02-06,677.03,VENUE-SIMULATED-FILL,MODELLED,49,-333.4,-1.515581,0.1982,,,,,MODELLED,False
Season 1:@KitchenSink_AllIn:2025-12-30:RIVN:2026-02-06,Season 1,@KitchenSink_AllIn,RIVN,,long,852,21456.77,2025-12-30,25.184002,VENUE-SIMULATED-FILL,MODELLED,2026-02-06,21.18,VENUE-SIMULATED-FILL,MODELLED,38,-3416.69,-15.923599,5.2781,,,,,MODELLED,False
Season 1:@KitchenSink_AllIn:2026-01-22:AMZN:2026-02-06,Season 1,@KitchenSink_AllIn,AMZN,,long,88,22461.54,2026-01-22,255.24473,VENUE-SIMULATED-FILL,MODELLED,2026-02-06,252.59,VENUE-SIMULATED-FILL,MODELLED,15,-234.16,-1.042493,0.5452,,,,,MODELLED,False
Season 1:@KitchenSink_AllIn:2026-01-22:GOOGL:2026-02-06,Season 1,@KitchenSink_AllIn,GOOGL,,long,86,21927.82,2026-01-22,254.974632,VENUE-SIMULATED-FILL,MODELLED,2026-02-06,259.71,VENUE-SIMULATED-FILL,MODELLED,15,406.71,1.854767,0.5328,,,,,MODELLED,False
Season 1:@KitchenSink_AllIn:2026-01-22:META:2026-02-06,Season 1,@KitchenSink_AllIn,META,,long,20,22490.2,2026-01-22,1124.51,VENUE-SIMULATED-FILL,MODELLED,2026-02-06,1127.52,VENUE-SIMULATED-FILL,MODELLED,15,60.08,0.267139,0.1239,,,,,MODELLED,False
Season 1:@KitchenSink_AllIn:2026-01-22:UNH:2026-02-06,Season 1,@KitchenSink_AllIn,UNH,,long,70,23001.2,2026-01-22,328.588533,VENUE-SIMULATED-FILL,MODELLED,2026-02-06,329.89,VENUE-SIMULATED-FILL,MODELLED,15,90.67,0.394197,0.4336,,,,,MODELLED,False
Season 1:@KitchenSink_AllIn:2026-01-26:CVNA:2026-02-06,Season 1,@KitchenSink_AllIn,CVNA,,long,64,21736.69,2026-01-26,339.635781,VENUE-SIMULATED-FILL,MODELLED,2026-02-06,306.15,VENUE-SIMULATED-FILL,MODELLED,11,-2143.49,-9.861161,0.3965,,,,,MODELLED,False
Season 1:@OvernightCarry_NO:2026-02-05:SPY:2026-02-06,Season 1,@OvernightCarry_NO,SPY,,long,18,12203.28,2026-02-05,677.96,VENUE-SIMULATED-FILL,MODELLED,2026-02-06,677.03,VENUE-SIMULATED-FILL,MODELLED,1,-16.85,-0.138078,0.1115,,,,,MODELLED,False
Season 2:@PinePilot_EMA_Cross:2025-09-17:IWM:2026-02-06,Season 2,@PinePilot_EMA_Cross,IWM,,long,4,960.51,2025-09-17,240.127425,VENUE-SIMULATED-FILL,MODELLED,2026-02-06,259.73,VENUE-SIMULATED-FILL,MODELLED,142,78.39,8.161292,0.0248,,,,,MODELLED,False
Live Book (rehearsal):@SOFRPivot_Rider:2026-01-29:QQQ:2026-02-06,Live Book (rehearsal),@SOFRPivot_Rider,QQQ,,long,160,99270.29,2026-01-29,620.439333,VENUE-SIMULATED-FILL,SECONDARY,2026-02-06,600.19,VENUE-SIMULATED-FILL,SECONDARY,8,-3240.88,-3.264703,0.9912,,,0.0,0.0001,SECONDARY,False
Live Book (rehearsal):@SOFRPivot_Rider:2026-02-03:TSLA:2026-02-06,Live Book (rehearsal),@SOFRPivot_Rider,TSLA,,long,40,16971.2,2026-02-03,424.28,VENUE-SIMULATED-FILL,SECONDARY,2026-02-06,400.86,VENUE-SIMULATED-FILL,SECONDARY,3,-937.05,-5.521413,0.2478,,,0.249,0.00014,SECONDARY,False
Season 1:@SpreadHarvester_MM:2026-02-05:NVDA:2026-02-06,Season 1,@SpreadHarvester_MM,NVDA,,short,22,5892.48,2026-02-05,267.84,VENUE-SIMULATED-FILL,MODELLED,2026-02-06,275.63,VENUE-SIMULATED-FILL,MODELLED,1,-171.3,-2.907095,-0.0837,,,,,MODELLED,False
Season 1:@SpreadHarvester_MM:2026-02-06:NVDA:2026-02-06,Season 1,@SpreadHarvester_MM,NVDA,,long,69,19018.47,2026-02-06,275.63,VENUE-SIMULATED-FILL,MODELLED,2026-02-06,275.66,VENUE-SIMULATED-FILL,MODELLED,0,2.33,0.012251,-0.2626,,,,,MODELLED,False
Live Book (rehearsal):@VIXRegime_LiveMax:2025-11-25:QQQ:2026-02-06,Live Book (rehearsal),@VIXRegime_LiveMax,QQQ,,long,120,74650.07,2025-11-25,622.083878,VENUE-SIMULATED-FILL,SECONDARY,2026-02-06,600.19,VENUE-SIMULATED-FILL,SECONDARY,73,-2628.01,-3.520439,0.7434,,,0.0,0.00042,SECONDARY,False
Season 1:@VIXRegime_Timer:2025-09-17:SPY:2026-02-06,Season 1,@VIXRegime_Timer,SPY,,long,1,675.23,2025-09-17,675.231295,VENUE-SIMULATED-FILL,MODELLED,2026-02-06,677.03,VENUE-SIMULATED-FILL,MODELLED,142,1.79,0.265094,0.0062,,,,,MODELLED,False
Live Book (rehearsal):@VolControl_MaxLev:2025-11-26:QQQ:2026-02-06,Live Book (rehearsal),@VolControl_MaxLev,QQQ,,long,160,99597.49,2025-11-26,622.484334,VENUE-SIMULATED-FILL,SECONDARY,2026-02-06,600.19,VENUE-SIMULATED-FILL,SECONDARY,72,-3568.08,-3.5825,0.9912,,,0.0,0.00028,SECONDARY,False
Season 2:@FDACatalyst_Rider:2025-10-30:XBI:2026-02-09,Season 2,@FDACatalyst_Rider,XBI,,long,1416,180252.55,2025-10-30,127.296996,VENUE-SIMULATED-FILL,MODELLED,2026-02-09,125.18,VENUE-SIMULATED-FILL,MODELLED,102,-3006.44,-1.667904,8.7721,,,,,MODELLED,False
Season 1:@MeanRev_Z2Sigma:2026-02-06:IWM:2026-02-09,Season 1,@MeanRev_Z2Sigma,IWM,,long,153,37231.02,2026-02-06,243.34,VENUE-SIMULATED-FILL,MODELLED,2026-02-09,250.02,VENUE-SIMULATED-FILL,MODELLED,3,1021.09,2.742579,0.9478,,,,,MODELLED,False
Season 1:@OvernightCarry_NO:2026-02-05:SPY:2026-02-09,Season 1,@OvernightCarry_NO,SPY,,long,287,198392.62,2026-02-05,691.263484,VENUE-SIMULATED-FILL,MODELLED,2026-02-09,695.0,VENUE-SIMULATED-FILL,MODELLED,4,1070.6,0.539637,1.778,,,,,MODELLED,False
Season 1:@OverreactionFade_LT:2025-11-24:RIVN:2026-02-09,Season 1,@OverreactionFade_LT,RIVN,,long,1907,40412.83,2025-11-24,21.191834,VENUE-SIMULATED-FILL,MODELLED,2026-02-09,22.57,VENUE-SIMULATED-FILL,MODELLED,77,2616.35,6.474058,11.8139,,,,,MODELLED,False
Season 1:@OverreactionFade_LT:2026-01-30:TSLA:2026-02-09,Season 1,@OverreactionFade_LT,TSLA,,long,108,39733.25,2026-01-30,367.900459,VENUE-SIMULATED-FILL,MODELLED,2026-02-09,392.54,VENUE-SIMULATED-FILL,MODELLED,10,2660.4,6.695652,0.6691,,,,,MODELLED,False
Live Book (rehearsal):@SOFRPivot_Rider:2026-01-29:QQQ:2026-02-09,Live Book (rehearsal),@SOFRPivot_Rider,QQQ,,long,40,24817.57,2026-01-29,620.439333,VENUE-SIMULATED-FILL,SECONDARY,2026-02-09,607.53,VENUE-SIMULATED-FILL,SECONDARY,11,-516.62,-2.08167,0.2478,,,0.164,0.0001,SECONDARY,False
Season 1:@SpreadHarvester_MM:2026-02-06:NVDA:2026-02-09,Season 1,@SpreadHarvester_MM,NVDA,,short,69,19020.54,2026-02-06,275.66,VENUE-SIMULATED-FILL,MODELLED,2026-02-09,282.83,VENUE-SIMULATED-FILL,MODELLED,3,-494.47,-2.599663,-0.2626,,,,,MODELLED,False
Season 1:@SpreadHarvester_MM:2026-02-09:NVDA:2026-02-09,Season 1,@SpreadHarvester_MM,NVDA,,long,12,3393.96,2026-02-09,282.83,VENUE-SIMULATED-FILL,MODELLED,2026-02-09,282.86,VENUE-SIMULATED-FILL,MODELLED,0,0.41,0.01208,-0.0457,,,,,MODELLED,False
Live Book (rehearsal):@VIXRegime_LiveMax:2026-02-06:QQQ:2026-02-09,Live Book (rehearsal),@VIXRegime_LiveMax,QQQ,,short,160,96030.4,2026-02-06,600.19,VENUE-SIMULATED-FILL,SECONDARY,2026-02-09,607.54,VENUE-SIMULATED-FILL,SECONDARY,3,-1176.99,-1.225643,0.9912,,,0.0,0.00036,SECONDARY,False
Season 1:@VIXRegime_Timer:2025-09-17:SPY:2026-02-09,Season 1,@VIXRegime_Timer,SPY,,long,78,52668.04,2025-09-17,675.231295,VENUE-SIMULATED-FILL,MODELLED,2026-02-09,695.0,VENUE-SIMULATED-FILL,MODELLED,145,1541.48,2.926784,0.4832,,,,,MODELLED,False
Season 1:@BetaChaser_3xProxy:2025-09-17:CVNA:2026-02-10,Season 1,@BetaChaser_3xProxy,CVNA,,long,10,2729.38,2025-09-17,272.938151,VENUE-SIMULATED-FILL,MODELLED,2026-02-10,338.63,VENUE-SIMULATED-FILL,MODELLED,146,656.86,24.066258,0.0619,,,,,MODELLED,False
Official Auction Book:@DurationTrend_TenX:2026-01-15:91282CPJ4:2026-02-10,Official Auction Book,@DurationTrend_TenX,91282CPJ4,10-Year,short,900.0,88841.26,2026-01-15,98.712516,SECONDARY-CURVE,OFFICIAL,2026-02-10,98.852045,SECONDARY-CURVE,OFFICIAL-DERIVED,26,-4.81,-0.005414,0.0,3.56,0.0,,,OFFICIAL-DERIVED,False
Live Book (rehearsal):@FDA_PDUFA_Drifter:2026-02-04:IBB:2026-02-10,Live Book (rehearsal),@FDA_PDUFA_Drifter,IBB,,long,100,17521.0,2026-02-04,175.21,VENUE-SIMULATED-FILL,SECONDARY,2026-02-10,174.2,VENUE-SIMULATED-FILL,SECONDARY,6,-101.62,-0.57999,0.6195,,,0.574,0.00672,SECONDARY,False
Live Book (rehearsal):@FDA_PDUFA_Drifter:2026-02-04:XBI:2026-02-10,Live Book (rehearsal),@FDA_PDUFA_Drifter,XBI,,long,1300,164389.0,2026-02-04,126.453077,VENUE-SIMULATED-FILL,SECONDARY,2026-02-10,125.79,VENUE-SIMULATED-FILL,SECONDARY,6,-870.05,-0.529263,8.0535,,,0.795,0.00665,SECONDARY,False
Season 1:@KitchenSink_AllIn:2025-09-17:IWM:2026-02-10,Season 1,@KitchenSink_AllIn,IWM,,long,14,3500.0,2025-09-17,250.000086,VENUE-SIMULATED-FILL,MODELLED,2026-02-10,250.25,VENUE-SIMULATED-FILL,MODELLED,146,3.41,0.097429,0.0867,,,,,MODELLED,False
Season 1:@KitchenSink_AllIn:2025-12-19:CAT:2026-02-10,Season 1,@KitchenSink_AllIn,CAT,,long,7,3325.34,2025-12-19,475.048391,VENUE-SIMULATED-FILL,MODELLED,2026-02-10,477.61,VENUE-SIMULATED-FILL,MODELLED,53,17.89,0.53799,0.0434,,,,,MODELLED,False
Season 1:@KitchenSink_AllIn:2026-01-22:AMZN:2026-02-10,Season 1,@KitchenSink_AllIn,AMZN,,long,14,3638.41,2026-01-22,259.886645,VENUE-SIMULATED-FILL,MODELLED,2026-02-10,263.07,VENUE-SIMULATED-FILL,MODELLED,19,44.48,1.222511,0.0867,,,,,MODELLED,False
Season 1:@KitchenSink_AllIn:2026-01-22:UNH:2026-02-10,Season 1,@KitchenSink_AllIn,UNH,,long,11,3726.64,2026-01-22,338.7855,VENUE-SIMULATED-FILL,MODELLED,2026-02-10,348.37,VENUE-SIMULATED-FILL,MODELLED,19,105.36,2.827211,0.0681,,,,,MODELLED,False
Season 1:@KitchenSink_AllIn:2026-02-09:GOOGL:2026-02-10,Season 1,@KitchenSink_AllIn,GOOGL,,long,13,3446.3,2026-02-09,265.1,VENUE-SIMULATED-FILL,MODELLED,2026-02-10,265.45,VENUE-SIMULATED-FILL,MODELLED,1,4.47,0.129704,0.0805,,,,,MODELLED,False
Season 1:@KitchenSink_AllIn:2026-02-09:META:2026-02-10,Season 1,@KitchenSink_AllIn,META,,long,3,3347.76,2026-02-09,1115.92,VENUE-SIMULATED-FILL,MODELLED,2026-02-10,1138.82,VENUE-SIMULATED-FILL,MODELLED,1,68.68,2.051521,0.0186,,,,,MODELLED,False
Season 1:@KitchenSink_AllIn:2026-02-09:NVDA:2026-02-10,Season 1,@KitchenSink_AllIn,NVDA,,long,15,4242.75,2026-02-09,282.85,VENUE-SIMULATED-FILL,MODELLED,2026-02-10,291.99,VENUE-SIMULATED-FILL,MODELLED,1,137.01,3.229273,0.0929,,,,,MODELLED,False
Season 1:@KitchenSink_AllIn:2026-02-09:QQQ:2026-02-10,Season 1,@KitchenSink_AllIn,QQQ,,long,6,3715.5,2026-02-09,619.25,VENUE-SIMULATED-FILL,MODELLED,2026-02-10,628.05,VENUE-SIMULATED-FILL,MODELLED,1,52.76,1.419997,0.0372,,,,,MODELLED,False
Season 1:@KitchenSink_AllIn:2026-02-09:SPY:2026-02-10,Season 1,@KitchenSink_AllIn,SPY,,long,5,3475.05,2026-02-09,695.01,VENUE-SIMULATED-FILL,MODELLED,2026-02-10,693.16,VENUE-SIMULATED-FILL,MODELLED,1,-9.28,-0.267047,0.031,,,,,MODELLED,False
Season 1:@OneBigBet_Concentra:2026-02-09:META:2026-02-10,Season 1,@OneBigBet_Concentra,META,,long,235,262245.9,2026-02-09,1115.94,VENUE-SIMULATED-FILL,MODELLED,2026-02-10,1138.79,VENUE-SIMULATED-FILL,MODELLED,1,5368.29,2.047044,1.4558,,,,,MODELLED,False
Season 1:@OvernightCarry_NO:2026-02-09:SPY:2026-02-10,Season 1,@OvernightCarry_NO,SPY,,long,13,9029.15,2026-02-09,694.55,VENUE-SIMULATED-FILL,MODELLED,2026-02-10,693.16,VENUE-SIMULATED-FILL,MODELLED,1,-18.15,-0.201016,0.0805,,,,,MODELLED,False
Live Book (rehearsal):@SOFRPivot_Rider:2026-02-03:TSLA:2026-02-10,Live Book (rehearsal),@SOFRPivot_Rider,TSLA,,long,40,16971.2,2026-02-03,424.28,VENUE-SIMULATED-FILL,SECONDARY,2026-02-10,418.07,VENUE-SIMULATED-FILL,SECONDARY,7,-248.65,-1.465129,0.2478,,,0.239,0.00014,SECONDARY,False
Season 1:@SectorRotator_AlphaX:2025-09-17:NVDA:2026-02-10,Season 1,@SectorRotator_AlphaX,NVDA,,long,8,1606.83,2025-09-17,200.854136,VENUE-SIMULATED-FILL,MODELLED,2026-02-10,291.99,VENUE-SIMULATED-FILL,MODELLED,146,729.04,45.371234,0.0496,,,,,MODELLED,False
Season 1:@SpreadHarvester_MM:2026-02-09:NVDA:2026-02-10,Season 1,@SpreadHarvester_MM,NVDA,,short,10,2828.6,2026-02-09,282.86,VENUE-SIMULATED-FILL,MODELLED,2026-02-10,291.98,VENUE-SIMULATED-FILL,MODELLED,1,-91.16,-3.222796,-0.038,,,,,MODELLED,False
Live Book (rehearsal):@CurveSteepener_MaxBeta:2026-02-05:SPY:2026-02-11,Live Book (rehearsal),@CurveSteepener_MaxBeta,SPY,,long,160,108972.8,2026-02-05,681.08,VENUE-SIMULATED-FILL,SECONDARY,2026-02-11,696.39,VENUE-SIMULATED-FILL,SECONDARY,6,2448.61,2.246992,0.9912,,,0.0,0.00011,SECONDARY,False
Official Auction Book:@DurationTrend_TenX:2026-01-15:91282CPJ4:2026-02-11,Official Auction Book,@DurationTrend_TenX,91282CPJ4,10-Year,short,718500.0,70924942.75,2026-01-15,98.712516,SECONDARY-CURVE,OFFICIAL,2026-02-11,98.680022,SECONDARY-CURVE,OFFICIAL-DERIVED,27,-2714.62,-0.003827,0.0,2948.09,0.0,,,OFFICIAL-DERIVED,False
Official Auction Book:@DurationTrend_TenX:2026-01-16:91282CPJ4:2026-02-11,Official Auction Book,@DurationTrend_TenX,91282CPJ4,10-Year,short,2800.0,274838.82,2026-01-16,98.15672,SECONDARY-CURVE,OFFICIAL,2026-02-11,98.680022,SECONDARY-CURVE,OFFICIAL-DERIVED,26,-25.71,-0.009355,0.0,11.06,0.0,,,OFFICIAL-DERIVED,False
Official Auction Book:@DurationTrend_TenX:2026-01-20:91282CPJ4:2026-02-11,Official Auction Book,@DurationTrend_TenX,91282CPJ4,10-Year,short,52400.0,5118673.83,2026-01-20,97.684615,SECONDARY-CURVE,OFFICIAL,2026-02-11,98.680022,SECONDARY-CURVE,OFFICIAL-DERIVED,22,-720.61,-0.014078,0.0,199.02,0.0,,,OFFICIAL-DERIVED,False
Official Auction Book:@DurationTrend_TenX:2026-01-21:91282CPJ4:2026-02-11,Official Auction Book,@DurationTrend_TenX,91282CPJ4,10-Year,short,35900.0,3518377.13,2026-01-21,98.004934,SECONDARY-CURVE,OFFICIAL,2026-02-11,98.680022,SECONDARY-CURVE,OFFICIAL-DERIVED,21,-357.05,-0.010148,0.0,114.7,0.0,,,OFFICIAL-DERIVED,False
Official Auction Book:@DurationTrend_TenX:2026-01-28:91282CPJ4:2026-02-11,Official Auction Book,@DurationTrend_TenX,91282CPJ4,10-Year,short,15200.0,1489765.88,2026-01-28,98.010913,SECONDARY-CURVE,OFFICIAL,2026-02-11,98.680022,SECONDARY-CURVE,OFFICIAL-DERIVED,14,-134.09,-0.009001,0.0,32.39,0.0,,,OFFICIAL-DERIVED,False
Official Auction Book:@DurationTrend_TenX:2026-01-29:91282CPJ4:2026-02-11,Official Auction Book,@DurationTrend_TenX,91282CPJ4,10-Year,short,15600.0,1531653.96,2026-01-29,98.182946,SECONDARY-CURVE,OFFICIAL,2026-02-11,98.680022,SECONDARY-CURVE,OFFICIAL-DERIVED,13,-108.42,-0.007079,0.0,30.88,0.0,,,OFFICIAL-DERIVED,False
Official Auction Book:@DurationTrend_TenX:2026-02-02:91282CPJ4:2026-02-11,Official Auction Book,@DurationTrend_TenX,91282CPJ4,10-Year,short,14700.0,1437603.71,2026-02-02,97.796171,SECONDARY-CURVE,OFFICIAL,2026-02-11,98.680022,SECONDARY-CURVE,OFFICIAL-DERIVED,9,-154.54,-0.01075,0.0,24.62,0.0,,,OFFICIAL-DERIVED,False
Official Auction Book:@DurationTrend_TenX:2026-02-03:91282CPJ4:2026-02-11,Official Auction Book,@DurationTrend_TenX,91282CPJ4,10-Year,short,24100.0,2358849.89,2026-02-03,97.877589,SECONDARY-CURVE,OFFICIAL,2026-02-11,98.680022,SECONDARY-CURVE,OFFICIAL-DERIVED,8,-222.69,-0.009441,0.0,29.3,0.0,,,OFFICIAL-DERIVED,False
Official Auction Book:@DurationTrend_TenX:2026-02-09:91282CPJ4:2026-02-11,Official Auction Book,@DurationTrend_TenX,91282CPJ4,10-Year,short,7900.0,777154.09,2026-02-09,98.373936,SECONDARY-CURVE,OFFICIAL,2026-02-11,98.680022,SECONDARY-CURVE,OFFICIAL-DERIVED,2,-28.98,-0.003729,0.0,4.8,0.0,,,OFFICIAL-DERIVED,False
Live Book (rehearsal):@GoldVsRealRate_Live:2026-01-20:TLT:2026-02-11,Live Book (rehearsal),@GoldVsRealRate_Live,TLT,,long,1400,121390.0,2026-01-20,86.707143,VENUE-SIMULATED-FILL,SECONDARY,2026-02-11,88.04,VENUE-SIMULATED-FILL,SECONDARY,22,1857.33,1.530052,8.673,,,0.0,0.00121,SECONDARY,False
Season 1:@MeanRev_Z2Sigma:2026-02-06:RIVN:2026-02-11,Season 1,@MeanRev_Z2Sigma,RIVN,,long,1779,37697.01,2026-02-06,21.19,VENUE-SIMULATED-FILL,MODELLED,2026-02-11,27.71,VENUE-SIMULATED-FILL,MODELLED,5,11588.06,30.739998,11.0209,,,,,MODELLED,False
Season 1:@MeanRev_Z2Sigma:2026-02-06:TSLA:2026-02-11,Season 1,@MeanRev_Z2Sigma,TSLA,,long,101,37141.74,2026-02-06,367.74,VENUE-SIMULATED-FILL,MODELLED,2026-02-11,406.82,VENUE-SIMULATED-FILL,MODELLED,5,3946.45,10.625377,0.6257,,,,,MODELLED,False
Season 1:@OneBigBet_Concentra:2026-02-09:META:2026-02-11,Season 1,@OneBigBet_Concentra,META,,long,1,1115.94,2026-02-09,1115.94,VENUE-SIMULATED-FILL,MODELLED,2026-02-11,1175.36,VENUE-SIMULATED-FILL,MODELLED,2,59.41,5.323763,0.0062,,,,,MODELLED,False
Season 1:@OvernightCarry_NO:2026-02-10:SPY:2026-02-11,Season 1,@OvernightCarry_NO,SPY,,long,288,199370.88,2026-02-10,692.26,VENUE-SIMULATED-FILL,MODELLED,2026-02-11,693.97,VENUE-SIMULATED-FILL,MODELLED,1,490.7,0.246124,1.7842,,,,,MODELLED,False
Official Auction Book:@BillCarry_TenX:2025-12-30:912797RT6:2026-02-12,Official Auction Book,@BillCarry_TenX,912797RT6,26-Week,long,24700.0,2459943.32,2025-12-30,99.592847,PRIMARY-AUCTION,OFFICIAL,2026-02-12,100.0,MATURITY-REDEMPTION,OFFICIAL,44,100.57,0.004088,0.0,0.0,0.0,,,OFFICIAL,True
Live Book (rehearsal):@CurveSteepener_MaxBeta:2026-02-11:TLT:2026-02-12,Live Book (rehearsal),@CurveSteepener_MaxBeta,TLT,,long,500,44025.0,2026-02-11,88.05,VENUE-SIMULATED-FILL,SECONDARY,2026-02-12,88.36,VENUE-SIMULATED-FILL,SECONDARY,1,151.9,0.345031,3.0975,,,0.0,0.00162,SECONDARY,False
Season 1:@KitchenSink_AllIn:2026-02-11:MSFT:2026-02-12,Season 1,@KitchenSink_AllIn,MSFT,,long,5,3332.05,2026-02-11,666.41,VENUE-SIMULATED-FILL,MODELLED,2026-02-12,656.01,VENUE-SIMULATED-FILL,MODELLED,1,-52.03,-1.561501,0.031,,,,,MODELLED,False
Season 1:@OneBigBet_Concentra:2026-02-11:META:2026-02-12,Season 1,@OneBigBet_Concentra,META,,long,232,272695.12,2026-02-11,1175.41,VENUE-SIMULATED-FILL,MODELLED,2026-02-12,1175.43,VENUE-SIMULATED-FILL,MODELLED,1,3.2,0.001173,1.4372,,,,,MODELLED,False
Season 1:@OvernightCarry_NO:2026-02-11:SPY:2026-02-12,Season 1,@OvernightCarry_NO,SPY,,long,13,8998.86,2026-02-11,692.22,VENUE-SIMULATED-FILL,MODELLED,2026-02-12,692.73,VENUE-SIMULATED-FILL,MODELLED,1,6.55,0.072787,0.0805,,,,,MODELLED,False
Season 1:@SpreadHarvester_MM:2026-02-09:NVDA:2026-02-12,Season 1,@SpreadHarvester_MM,NVDA,,short,1,282.86,2026-02-09,282.86,VENUE-SIMULATED-FILL,MODELLED,2026-02-12,296.07,VENUE-SIMULATED-FILL,MODELLED,3,-13.21,-4.670155,-0.0038,,,,,MODELLED,False
Live Book (rehearsal):@CurveSteepener_MaxBeta:2026-02-12:SPY:2026-02-13,Live Book (rehearsal),@CurveSteepener_MaxBeta,SPY,,long,120,83308.8,2026-02-12,694.24,VENUE-SIMULATED-FILL,SECONDARY,2026-02-13,681.69,VENUE-SIMULATED-FILL,SECONDARY,1,-1506.74,-1.80862,0.7434,,,0.0,0.0001,SECONDARY,False
Official Auction Book:@DurationTrend_TenX:2026-02-12:91282CPJ4:2026-02-13,Official Auction Book,@DurationTrend_TenX,91282CPJ4,10-Year,short,857600.0,85253297.33,2026-02-12,99.409162,SECONDARY-CURVE,OFFICIAL,2026-02-13,99.824274,SECONDARY-CURVE,OFFICIAL-DERIVED,1,-3691.94,-0.004331,0.0,131.94,0.0,,,OFFICIAL-DERIVED,False
Season 2:@FDACatalyst_Rider:2026-02-10:XBI:2026-02-13,Season 2,@FDACatalyst_Rider,XBI,,long,12,1509.84,2026-02-10,125.82,VENUE-SIMULATED-FILL,MODELLED,2026-02-13,123.59,VENUE-SIMULATED-FILL,MODELLED,3,-26.83,-1.777009,0.0743,,,,,MODELLED,False
Season 2:@GOLD_Trend_GLD:2025-09-17:GLD:2026-02-13,Season 2,@GOLD_Trend_GLD,GLD,,long,8,3050.4,2025-09-17,381.300097,VENUE-SIMULATED-FILL,MODELLED,2026-02-13,459.72,VENUE-SIMULATED-FILL,MODELLED,149,627.31,20.564839,0.0496,,,,,MODELLED,False
Season 1:@GapAndGo_YOLO:2026-02-13:RIVN:2026-02-13,Season 1,@GapAndGo_YOLO,RIVN,,long,592,16913.44,2026-02-13,28.57,VENUE-SIMULATED-FILL,MODELLED,2026-02-13,26.13,VENUE-SIMULATED-FILL,MODELLED,0,-1448.15,-8.562126,3.6674,,,,,MODELLED,False
Season 1:@KitchenSink_AllIn:2025-09-17:IWM:2026-02-13,Season 1,@KitchenSink_AllIn,IWM,,long,77,19250.01,2025-09-17,250.000086,VENUE-SIMULATED-FILL,MODELLED,2026-02-13,243.12,VENUE-SIMULATED-FILL,MODELLED,149,-530.24,-2.754493,0.477,,,,,MODELLED,False
Season 1:@KitchenSink_AllIn:2025-12-19:CAT:2026-02-13,Season 1,@KitchenSink_AllIn,CAT,,long,41,19476.98,2025-12-19,475.048391,VENUE-SIMULATED-FILL,MODELLED,2026-02-13,479.1,VENUE-SIMULATED-FILL,MODELLED,56,165.86,0.851569,0.254,,,,,MODELLED,False
Season 1:@KitchenSink_AllIn:2026-01-22:AMZN:2026-02-13,Season 1,@KitchenSink_AllIn,AMZN,,long,74,19231.61,2026-01-22,259.886645,VENUE-SIMULATED-FILL,MODELLED,2026-02-13,260.47,VENUE-SIMULATED-FILL,MODELLED,22,42.71,0.222082,0.4584,,,,,MODELLED,False
Season 1:@KitchenSink_AllIn:2026-01-22:UNH:2026-02-13,Season 1,@KitchenSink_AllIn,UNH,,long,56,18971.99,2026-01-22,338.7855,VENUE-SIMULATED-FILL,MODELLED,2026-02-13,322.54,VENUE-SIMULATED-FILL,MODELLED,22,-910.09,-4.79702,0.3469,,,,,MODELLED,False
Season 1:@KitchenSink_AllIn:2026-02-09:GOOGL:2026-02-13,Season 1,@KitchenSink_AllIn,GOOGL,,long,72,19087.2,2026-02-09,265.1,VENUE-SIMULATED-FILL,MODELLED,2026-02-13,257.22,VENUE-SIMULATED-FILL,MODELLED,4,-567.81,-2.974821,0.446,,,,,MODELLED,False
Season 1:@KitchenSink_AllIn:2026-02-09:META:2026-02-13,Season 1,@KitchenSink_AllIn,META,,long,16,17854.72,2026-02-09,1115.92,VENUE-SIMULATED-FILL,MODELLED,2026-02-13,1096.88,VENUE-SIMULATED-FILL,MODELLED,4,-304.74,-1.706776,0.0991,,,,,MODELLED,False
Season 1:@KitchenSink_AllIn:2026-02-09:NVDA:2026-02-13,Season 1,@KitchenSink_AllIn,NVDA,,long,89,25487.6,2026-02-09,286.377528,VENUE-SIMULATED-FILL,MODELLED,2026-02-13,281.1,VENUE-SIMULATED-FILL,MODELLED,4,-470.25,-1.845015,0.5514,,,,,MODELLED,False
Season 1:@KitchenSink_AllIn:2026-02-09:QQQ:2026-02-13,Season 1,@KitchenSink_AllIn,QQQ,,long,30,18577.5,2026-02-09,619.25,VENUE-SIMULATED-FILL,MODELLED,2026-02-13,608.61,VENUE-SIMULATED-FILL,MODELLED,4,-319.39,-1.71923,0.1859,,,,,MODELLED,False
Season 1:@KitchenSink_AllIn:2026-02-09:SPY:2026-02-13,Season 1,@KitchenSink_AllIn,SPY,,long,28,19460.28,2026-02-09,695.01,VENUE-SIMULATED-FILL,MODELLED,2026-02-13,679.44,VENUE-SIMULATED-FILL,MODELLED,4,-436.13,-2.241129,0.1735,,,,,MODELLED,False
Season 1:@KitchenSink_AllIn:2026-02-11:MSFT:2026-02-13,Season 1,@KitchenSink_AllIn,MSFT,,long,40,26656.4,2026-02-11,666.41,VENUE-SIMULATED-FILL,MODELLED,2026-02-13,657.07,VENUE-SIMULATED-FILL,MODELLED,2,-373.85,-1.402477,0.2478,,,,,MODELLED,False
Season 1:@OneBigBet_Concentra:2026-02-12:META:2026-02-13,Season 1,@OneBigBet_Concentra,META,,long,1,1175.46,2026-02-12,1175.46,VENUE-SIMULATED-FILL,MODELLED,2026-02-13,1096.89,VENUE-SIMULATED-FILL,MODELLED,1,-78.58,-6.685042,0.0062,,,,,MODELLED,False
Season 1:@OvernightCarry_NO:2026-02-11:SPY:2026-02-13,Season 1,@OvernightCarry_NO,SPY,,long,289,196929.66,2026-02-11,681.417509,VENUE-SIMULATED-FILL,MODELLED,2026-02-13,679.44,VENUE-SIMULATED-FILL,MODELLED,2,-573.29,-0.291114,1.7904,,,,,MODELLED,False
Season 1:@SpreadHarvester_MM:2026-02-13:NVDA:2026-02-13,Season 1,@SpreadHarvester_MM,NVDA,,long,1,281.09,2026-02-13,281.09,VENUE-SIMULATED-FILL,MODELLED,2026-02-13,281.12,VENUE-SIMULATED-FILL,MODELLED,0,0.03,0.010673,-0.0038,,,,,MODELLED,False
Season 1:@TrendSurfer_GoldenX:2025-09-17:NVDA:2026-02-13,Season 1,@TrendSurfer_GoldenX,NVDA,,long,27,5290.73,2025-09-17,195.952881,VENUE-SIMULATED-FILL,MODELLED,2026-02-13,281.1,VENUE-SIMULATED-FILL,MODELLED,149,2298.8,43.449599,0.1673,,,,,MODELLED,False
Live Book (rehearsal):@VolControl_MaxLev:2026-02-09:QQQ:2026-02-13,Live Book (rehearsal),@VolControl_MaxLev,QQQ,,long,80,48603.2,2026-02-09,607.54,VENUE-SIMULATED-FILL,SECONDARY,2026-02-13,600.42,VENUE-SIMULATED-FILL,SECONDARY,4,-570.1,-1.172968,0.4956,,,0.166,0.00021,SECONDARY,False
Season 2:@GOLD_Trend_GLD:2025-09-17:GLD:2026-02-17,Season 2,@GOLD_Trend_GLD,GLD,,long,13,4956.9,2025-09-17,381.300097,VENUE-SIMULATED-FILL,MODELLED,2026-02-17,450.25,VENUE-SIMULATED-FILL,MODELLED,153,896.27,18.081256,0.0805,,,,,MODELLED,False
Season 1:@KitchenSink_AllIn:2026-02-09:META:2026-02-17,Season 1,@KitchenSink_AllIn,META,,long,1,1115.92,2026-02-09,1115.92,VENUE-SIMULATED-FILL,MODELLED,2026-02-17,1079.23,VENUE-SIMULATED-FILL,MODELLED,8,-36.7,-3.288766,0.0062,,,,,MODELLED,False
Season 1:@OneBigBet_Concentra:2026-02-13:META:2026-02-17,Season 1,@OneBigBet_Concentra,META,,long,248,272043.6,2026-02-13,1096.95,VENUE-SIMULATED-FILL,MODELLED,2026-02-17,1079.19,VENUE-SIMULATED-FILL,MODELLED,4,-4406.02,-1.619601,1.5364,,,,,MODELLED,False
Season 1:@OneBigBet_Concentra:2026-02-13:META:2026-02-17,Season 1,@OneBigBet_Concentra,META,,long,1,1096.95,2026-02-13,1096.95,VENUE-SIMULATED-FILL,MODELLED,2026-02-17,1079.2,VENUE-SIMULATED-FILL,MODELLED,4,-17.76,-1.619035,0.0062,,,,,MODELLED,False
Season 1:@OvernightCarry_NO:2026-02-13:SPY:2026-02-17,Season 1,@OvernightCarry_NO,SPY,,long,17,11589.24,2026-02-13,681.72,VENUE-SIMULATED-FILL,MODELLED,2026-02-17,684.72,VENUE-SIMULATED-FILL,MODELLED,4,50.89,0.439114,0.1053,,,,,MODELLED,False
Season 1:@OverreactionFade_LT:2025-11-07:NVDA:2026-02-17,Season 1,@OverreactionFade_LT,NVDA,,long,157,44067.07,2025-11-07,280.681959,VENUE-SIMULATED-FILL,MODELLED,2026-02-17,279.32,VENUE-SIMULATED-FILL,MODELLED,102,-214.8,-0.487439,0.9726,,,,,MODELLED,False
Season 2:@PinePilot_EMA_Cross:2025-09-17:IWM:2026-02-17,Season 2,@PinePilot_EMA_Cross,IWM,,long,4,961.85,2025-09-17,240.462298,VENUE-SIMULATED-FILL,MODELLED,2026-02-17,262.38,VENUE-SIMULATED-FILL,MODELLED,153,87.65,9.112655,0.0248,,,,,MODELLED,False
Season 1:@SpreadHarvester_MM:2026-02-13:NVDA:2026-02-17,Season 1,@SpreadHarvester_MM,NVDA,,short,1,281.12,2026-02-13,281.12,VENUE-SIMULATED-FILL,MODELLED,2026-02-17,279.31,VENUE-SIMULATED-FILL,MODELLED,4,1.81,0.643853,-0.0038,,,,,MODELLED,False
Season 1:@TrendSurfer_GoldenX:2025-09-17:AMZN:2026-02-17,Season 1,@TrendSurfer_GoldenX,AMZN,,long,3,689.6,2025-09-17,229.865983,VENUE-SIMULATED-FILL,MODELLED,2026-02-17,264.89,VENUE-SIMULATED-FILL,MODELLED,153,105.05,15.233514,0.0186,,,,,MODELLED,False
Season 1:@BetaChaser_3xProxy:2025-09-17:RIVN:2026-02-18,Season 1,@BetaChaser_3xProxy,RIVN,,long,378,6636.94,2025-09-17,17.558041,VENUE-SIMULATED-FILL,MODELLED,2026-02-18,26.87,VENUE-SIMULATED-FILL,MODELLED,154,3517.58,53.000031,2.3417,,,,,MODELLED,False
Season 1:@DriftRider_PEAD:2026-02-17:CVNA:2026-02-18,Season 1,@DriftRider_PEAD,CVNA,,short,128,36060.16,2026-02-17,281.72,VENUE-SIMULATED-FILL,MODELLED,2026-02-18,323.29,VENUE-SIMULATED-FILL,MODELLED,1,-5321.75,-14.757977,0.793,,,,,MODELLED,False
Season 1:@GapAndGo_YOLO:2026-02-18:RIVN:2026-02-18,Season 1,@GapAndGo_YOLO,RIVN,,long,607,16316.16,2026-02-18,26.88,VENUE-SIMULATED-FILL,MODELLED,2026-02-18,24.36,VENUE-SIMULATED-FILL,MODELLED,0,-1533.4,-9.398045,3.7604,,,,,MODELLED,False
Season 1:@IlliquidRocket_Degen:2026-02-10:CVNA:2026-02-18,Season 1,@IlliquidRocket_Degen,CVNA,,long,680,230343.2,2026-02-10,338.74,VENUE-SIMULATED-FILL,MODELLED,2026-02-18,323.14,VENUE-SIMULATED-FILL,MODELLED,8,-10612.21,-4.60713,4.2126,,,,,MODELLED,False
Season 1:@OneBigBet_Concentra:2026-02-17:META:2026-02-18,Season 1,@OneBigBet_Concentra,META,,short,1,1079.2,2026-02-17,1079.2,VENUE-SIMULATED-FILL,MODELLED,2026-02-18,1056.0,VENUE-SIMULATED-FILL,MODELLED,1,23.19,2.148814,0.0062,,,,,MODELLED,False
Season 1:@OvernightCarry_NO:2026-02-13:SPY:2026-02-18,Season 1,@OvernightCarry_NO,SPY,,long,287,195856.7,2026-02-13,682.427526,VENUE-SIMULATED-FILL,MODELLED,2026-02-18,679.92,VENUE-SIMULATED-FILL,MODELLED,5,-721.44,-0.368351,1.778,,,,,MODELLED,False
Season 1:@OverreactionFade_LT:2026-02-12:RIVN:2026-02-18,Season 1,@OverreactionFade_LT,RIVN,,long,1638,42538.86,2026-02-12,25.97,VENUE-SIMULATED-FILL,MODELLED,2026-02-18,26.87,VENUE-SIMULATED-FILL,MODELLED,6,1464.05,3.441677,10.1474,,,,,MODELLED,False
Season 1:@OverreactionFade_LT:2026-02-17:CVNA:2026-02-18,Season 1,@OverreactionFade_LT,CVNA,,long,150,42271.5,2026-02-17,281.81,VENUE-SIMULATED-FILL,MODELLED,2026-02-18,323.19,VENUE-SIMULATED-FILL,MODELLED,1,6206.07,14.681452,0.9292,,,,,MODELLED,False
Season 1:@SpreadHarvester_MM:2026-02-18:NVDA:2026-02-18,Season 1,@SpreadHarvester_MM,NVDA,,long,3,844.05,2026-02-18,281.35,VENUE-SIMULATED-FILL,MODELLED,2026-02-18,281.38,VENUE-SIMULATED-FILL,MODELLED,0,0.1,0.011848,-0.0114,,,,,MODELLED,False
Official Auction Book:@BillCarry_TenX:2026-01-06:912797PM3:2026-02-19,Official Auction Book,@BillCarry_TenX,912797PM3,52-Week,long,12400.0,1234849.87,2026-01-06,99.584667,PRIMARY-AUCTION,OFFICIAL,2026-02-19,100.0,MATURITY-REDEMPTION,OFFICIAL,44,51.5,0.004171,0.0,0.0,0.0,,,OFFICIAL,True
Official Auction Book:@ConcessionFade_Notes:2026-02-10:91282CQA2:2026-02-19,Official Auction Book,@ConcessionFade_Notes,91282CQA2,3-Year,long,107600.0,10754505.08,2026-02-10,99.948932,PRIMARY-AUCTION,OFFICIAL,2026-02-19,100.000696,SECONDARY-CURVE,OFFICIAL-DERIVED,9,55.7,0.000518,0.0,0.0,0.0,,,OFFICIAL-DERIVED,False
Season 1:@GapAndGo_YOLO:2026-02-19:RIVN:2026-02-19,Season 1,@GapAndGo_YOLO,RIVN,,long,630,15705.9,2026-02-19,24.93,VENUE-SIMULATED-FILL,MODELLED,2026-02-19,24.01,VENUE-SIMULATED-FILL,MODELLED,0,-583.5,-3.715164,3.9029,,,,,MODELLED,False
Season 1:@GapAndGo_YOLO:2026-02-19:TSLA:2026-02-19,Season 1,@GapAndGo_YOLO,TSLA,,long,37,15642.12,2026-02-19,422.76,VENUE-SIMULATED-FILL,MODELLED,2026-02-19,403.34,VENUE-SIMULATED-FILL,MODELLED,0,-718.77,-4.595093,0.2292,,,,,MODELLED,False
Season 1:@OneBigBet_Concentra:2026-02-18:META:2026-02-19,Season 1,@OneBigBet_Concentra,META,,long,251,265066.04,2026-02-18,1056.04,VENUE-SIMULATED-FILL,MODELLED,2026-02-19,1077.54,VENUE-SIMULATED-FILL,MODELLED,1,5394.95,2.035323,1.5549,,,,,MODELLED,False
Season 1:@OvernightCarry_NO:2026-02-18:SPY:2026-02-19,Season 1,@OvernightCarry_NO,SPY,,long,16,10979.52,2026-02-18,686.22,VENUE-SIMULATED-FILL,MODELLED,2026-02-19,687.06,VENUE-SIMULATED-FILL,MODELLED,1,13.34,0.121499,0.0991,,,,,MODELLED,False
Season 1:@OverreactionFade_LT:2026-02-13:META:2026-02-19,Season 1,@OverreactionFade_LT,META,,long,39,42780.66,2026-02-13,1096.94,VENUE-SIMULATED-FILL,MODELLED,2026-02-19,1077.56,VENUE-SIMULATED-FILL,MODELLED,6,-756.06,-1.767294,0.2416,,,,,MODELLED,False
Live Book (rehearsal):@SOFRPivot_Rider:2026-02-09:SPY:2026-02-19,Live Book (rehearsal),@SOFRPivot_Rider,SPY,,long,40,27576.8,2026-02-09,689.42,VENUE-SIMULATED-FILL,SECONDARY,2026-02-19,683.84,VENUE-SIMULATED-FILL,SECONDARY,10,-223.45,-0.810283,0.2478,,,0.0,0.00011,SECONDARY,False
Season 1:@SpreadHarvester_MM:2026-02-18:NVDA:2026-02-19,Season 1,@SpreadHarvester_MM,NVDA,,short,3,844.14,2026-02-18,281.38,VENUE-SIMULATED-FILL,MODELLED,2026-02-19,297.89,VENUE-SIMULATED-FILL,MODELLED,1,-49.52,-5.866325,-0.0114,,,,,MODELLED,False
Season 1:@SpreadHarvester_MM:2026-02-19:NVDA:2026-02-19,Season 1,@SpreadHarvester_MM,NVDA,,long,2,595.78,2026-02-19,297.89,VENUE-SIMULATED-FILL,MODELLED,2026-02-19,297.93,VENUE-SIMULATED-FILL,MODELLED,0,0.09,0.015106,-0.0076,,,,,MODELLED,False
Season 1:@TrendSurfer_GoldenX:2025-09-17:NVDA:2026-02-19,Season 1,@TrendSurfer_GoldenX,NVDA,,long,4,783.81,2025-09-17,195.952881,VENUE-SIMULATED-FILL,MODELLED,2026-02-19,297.9,VENUE-SIMULATED-FILL,MODELLED,155,407.76,52.022711,0.0248,,,,,MODELLED,False
Season 2:@Weather_ColdSnap_Max:2025-10-06:UNG:2026-02-19,Season 2,@Weather_ColdSnap_Max,UNG,,long,87,1026.62,2025-10-06,11.800189,VENUE-SIMULATED-FILL,MODELLED,2026-02-19,12.03,VENUE-SIMULATED-FILL,MODELLED,136,19.45,1.894573,0.539,,,,,MODELLED,False
Season 1:@GapAndGo_YOLO:2026-02-20:TSLA:2026-02-20,Season 1,@GapAndGo_YOLO,TSLA,,long,36,14819.04,2026-02-20,411.64,VENUE-SIMULATED-FILL,MODELLED,2026-02-20,394.1,VENUE-SIMULATED-FILL,MODELLED,0,-631.66,-4.262489,0.223,,,,,MODELLED,False
Season 1:@GapAndGo_YOLO:2026-02-20:UNH:2026-02-20,Season 1,@GapAndGo_YOLO,UNH,,long,47,14939.42,2026-02-20,317.86,VENUE-SIMULATED-FILL,MODELLED,2026-02-20,303.46,VENUE-SIMULATED-FILL,MODELLED,0,-677.09,-4.532238,0.2912,,,,,MODELLED,False
Season 1:@MeanRev_Z2Sigma:2026-02-05:JPM:2026-02-20,Season 1,@MeanRev_Z2Sigma,JPM,,long,145,37971.15,2026-02-05,261.87,VENUE-SIMULATED-FILL,MODELLED,2026-02-20,257.11,VENUE-SIMULATED-FILL,MODELLED,15,-691.1,-1.820066,0.8983,,,,,MODELLED,False
Season 1:@OneBigBet_Concentra:2026-02-19:META:2026-02-20,Season 1,@OneBigBet_Concentra,META,,long,5,5388.0,2026-02-19,1077.6,VENUE-SIMULATED-FILL,MODELLED,2026-02-20,1096.75,VENUE-SIMULATED-FILL,MODELLED,1,95.72,1.77654,0.031,,,,,MODELLED,False
Season 1:@OvernightCarry_NO:2026-02-18:SPY:2026-02-20,Season 1,@OvernightCarry_NO,SPY,,long,284,194340.28,2026-02-18,684.296772,VENUE-SIMULATED-FILL,MODELLED,2026-02-20,686.3,VENUE-SIMULATED-FILL,MODELLED,2,567.16,0.291839,1.7594,,,,,MODELLED,False
Season 1:@OverreactionFade_LT:2026-02-13:META:2026-02-20,Season 1,@OverreactionFade_LT,META,,long,1,1096.94,2026-02-13,1096.94,VENUE-SIMULATED-FILL,MODELLED,2026-02-20,1096.76,VENUE-SIMULATED-FILL,MODELLED,7,-0.19,-0.017321,0.0062,,,,,MODELLED,False
Live Book (rehearsal):@SOFRPivot_Rider:2026-02-19:TLT:2026-02-20,Live Book (rehearsal),@SOFRPivot_Rider,TLT,,long,700,62587.0,2026-02-19,89.41,VENUE-SIMULATED-FILL,SECONDARY,2026-02-20,89.69,VENUE-SIMULATED-FILL,SECONDARY,1,191.66,0.30623,4.3365,,,1.114,0.00244,SECONDARY,False
Live Book (rehearsal):@VolControl_MaxLev:2026-02-09:QQQ:2026-02-20,Live Book (rehearsal),@VolControl_MaxLev,QQQ,,long,40,24301.6,2026-02-09,607.54,VENUE-SIMULATED-FILL,SECONDARY,2026-02-20,600.11,VENUE-SIMULATED-FILL,SECONDARY,11,-297.45,-1.223993,0.2478,,,0.167,0.00021,SECONDARY,False
Season 2:@Weather_ColdSnap_Max:2026-02-18:XLU:2026-02-20,Season 2,@Weather_ColdSnap_Max,XLU,,long,21,978.51,2026-02-18,46.595797,VENUE-SIMULATED-FILL,MODELLED,2026-02-20,46.29,VENUE-SIMULATED-FILL,MODELLED,2,-6.55,-0.669384,0.1301,,,,,MODELLED,False
Season 2:@FDACatalyst_Rider:2026-02-10:XBI:2026-02-23,Season 2,@FDACatalyst_Rider,XBI,,long,1408,177154.56,2026-02-10,125.82,VENUE-SIMULATED-FILL,MODELLED,2026-02-23,125.43,VENUE-SIMULATED-FILL,MODELLED,13,-557.84,-0.314889,8.7226,,,,,MODELLED,False
Season 1:@GapAndGo_YOLO:2026-02-23:TSLA:2026-02-23,Season 1,@GapAndGo_YOLO,TSLA,,long,36,14478.84,2026-02-23,402.19,VENUE-SIMULATED-FILL,MODELLED,2026-02-23,368.9,VENUE-SIMULATED-FILL,MODELLED,0,-1198.66,-8.278702,0.223,,,,,MODELLED,False
Season 1:@MeanRev_Z2Sigma:2026-02-17:META:2026-02-23,Season 1,@MeanRev_Z2Sigma,META,,long,39,42091.92,2026-02-17,1079.28,VENUE-SIMULATED-FILL,MODELLED,2026-02-23,1130.33,VENUE-SIMULATED-FILL,MODELLED,6,1990.71,4.729435,0.2416,,,,,MODELLED,False
Season 1:@OneBigBet_Concentra:2026-02-20:META:2026-02-23,Season 1,@OneBigBet_Concentra,META,,long,246,269817.72,2026-02-20,1096.82,VENUE-SIMULATED-FILL,MODELLED,2026-02-23,1130.31,VENUE-SIMULATED-FILL,MODELLED,3,8237.02,3.052809,1.524,,,,,MODELLED,False
Season 1:@OvernightCarry_NO:2026-02-18:SPY:2026-02-23,Season 1,@OvernightCarry_NO,SPY,,long,18,12398.06,2026-02-18,688.780883,VENUE-SIMULATED-FILL,MODELLED,2026-02-23,688.65,VENUE-SIMULATED-FILL,MODELLED,5,-2.47,-0.019922,0.1115,,,,,MODELLED,False
Season 1:@SpreadHarvester_MM:2026-02-19:NVDA:2026-02-23,Season 1,@SpreadHarvester_MM,NVDA,,short,1,297.93,2026-02-19,297.93,VENUE-SIMULATED-FILL,MODELLED,2026-02-23,296.3,VENUE-SIMULATED-FILL,MODELLED,4,1.63,0.547108,-0.0038,,,,,MODELLED,False
Season 1:@DriftRider_PEAD:2026-02-17:CVNA:2026-02-24,Season 1,@DriftRider_PEAD,CVNA,,short,1,281.72,2026-02-17,281.72,VENUE-SIMULATED-FILL,MODELLED,2026-02-24,325.96,VENUE-SIMULATED-FILL,MODELLED,7,-44.25,-15.707085,0.0062,,,,,MODELLED,False
Live Book (rehearsal):@FDA_PDUFA_Drifter:2026-02-04:IBB:2026-02-24,Live Book (rehearsal),@FDA_PDUFA_Drifter,IBB,,long,100,17347.0,2026-02-04,173.47,VENUE-SIMULATED-FILL,SECONDARY,2026-02-24,174.82,VENUE-SIMULATED-FILL,SECONDARY,20,134.38,0.774658,0.6195,,,1.144,0.00672,SECONDARY,False
Live Book (rehearsal):@FDA_PDUFA_Drifter:2026-02-11:XBI:2026-02-24,Live Book (rehearsal),@FDA_PDUFA_Drifter,XBI,,long,1300,162503.0,2026-02-11,125.002308,VENUE-SIMULATED-FILL,SECONDARY,2026-02-24,127.35,VENUE-SIMULATED-FILL,SECONDARY,13,3043.95,1.873165,8.0535,,,0.785,0.01025,SECONDARY,False
Season 2:@GOLD_Trend_GLD:2025-09-17:GLD:2026-02-24,Season 2,@GOLD_Trend_GLD,GLD,,long,5,1925.25,2025-09-17,385.050189,VENUE-SIMULATED-FILL,MODELLED,2026-02-24,470.08,VENUE-SIMULATED-FILL,MODELLED,160,425.12,22.081277,0.031,,,,,MODELLED,False
Season 1:@KitchenSink_AllIn:2025-10-08:WMT:2026-02-24,Season 1,@KitchenSink_AllIn,WMT,,long,224,21989.39,2025-10-08,98.166933,VENUE-SIMULATED-FILL,MODELLED,2026-02-24,95.93,VENUE-SIMULATED-FILL,MODELLED,139,-502.46,-2.285011,1.3877,,,,,MODELLED,False
Season 1:@KitchenSink_AllIn:2026-02-09:GOOGL:2026-02-24,Season 1,@KitchenSink_AllIn,GOOGL,,long,88,22176.05,2026-02-09,252.000568,VENUE-SIMULATED-FILL,MODELLED,2026-02-24,248.57,VENUE-SIMULATED-FILL,MODELLED,15,-302.44,-1.363814,0.5452,,,,,MODELLED,False
Season 1:@KitchenSink_AllIn:2026-02-09:QQQ:2026-02-24,Season 1,@KitchenSink_AllIn,QQQ,,long,34,21005.29,2026-02-09,617.802571,VENUE-SIMULATED-FILL,MODELLED,2026-02-24,612.19,VENUE-SIMULATED-FILL,MODELLED,15,-191.04,-0.909485,0.2106,,,,,MODELLED,False
Season 1:@KitchenSink_AllIn:2026-02-23:CAT:2026-02-24,Season 1,@KitchenSink_AllIn,CAT,,long,45,22126.05,2026-02-23,491.69,VENUE-SIMULATED-FILL,MODELLED,2026-02-24,499.9,VENUE-SIMULATED-FILL,MODELLED,1,369.17,1.668486,0.2788,,,,,MODELLED,False
Season 1:@KitchenSink_AllIn:2026-02-23:CVNA:2026-02-24,Season 1,@KitchenSink_AllIn,CVNA,,long,62,21638.62,2026-02-23,349.01,VENUE-SIMULATED-FILL,MODELLED,2026-02-24,325.87,VENUE-SIMULATED-FILL,MODELLED,1,-1435.06,-6.631939,0.3841,,,,,MODELLED,False
Season 1:@KitchenSink_AllIn:2026-02-23:META:2026-02-24,Season 1,@KitchenSink_AllIn,META,,long,18,20347.02,2026-02-23,1130.39,VENUE-SIMULATED-FILL,MODELLED,2026-02-24,1253.92,VENUE-SIMULATED-FILL,MODELLED,1,2223.43,10.927546,0.1115,,,,,MODELLED,False
Season 1:@KitchenSink_AllIn:2026-02-23:MSFT:2026-02-24,Season 1,@KitchenSink_AllIn,MSFT,,long,32,21542.72,2026-02-23,673.21,VENUE-SIMULATED-FILL,MODELLED,2026-02-24,681.04,VENUE-SIMULATED-FILL,MODELLED,1,250.36,1.162156,0.1982,,,,,MODELLED,False
Season 1:@KitchenSink_AllIn:2026-02-23:NVDA:2026-02-24,Season 1,@KitchenSink_AllIn,NVDA,,long,73,21631.36,2026-02-23,296.32,VENUE-SIMULATED-FILL,MODELLED,2026-02-24,290.57,VENUE-SIMULATED-FILL,MODELLED,1,-420.2,-1.94255,0.4522,,,,,MODELLED,False
Season 1:@KitchenSink_AllIn:2026-02-23:SPY:2026-02-24,Season 1,@KitchenSink_AllIn,SPY,,long,32,22037.12,2026-02-23,688.66,VENUE-SIMULATED-FILL,MODELLED,2026-02-24,681.48,VENUE-SIMULATED-FILL,MODELLED,1,-229.96,-1.043512,0.1982,,,,,MODELLED,False
Official Auction Book:@LiquidityWeighted_Participant:2026-01-13:912797RU3:2026-02-24,Official Auction Book,@LiquidityWeighted_Participant,912797RU3,26-Week,long,234600.0,23361878.55,2026-01-13,99.58175,PRIMARY-AUCTION,OFFICIAL,2026-02-24,99.979833,SECONDARY-CURVE,OFFICIAL-DERIVED,42,933.9,0.003998,0.0,0.0,0.0,,,OFFICIAL-DERIVED,False
Season 1:@OneBigBet_Concentra:2026-02-20:META:2026-02-24,Season 1,@OneBigBet_Concentra,META,,long,12,13533.36,2026-02-20,1127.78,VENUE-SIMULATED-FILL,MODELLED,2026-02-24,1253.93,VENUE-SIMULATED-FILL,MODELLED,4,1513.73,11.185175,0.0743,,,,,MODELLED,False
Season 1:@OvernightCarry_NO:2026-02-18:SPY:2026-02-24,Season 1,@OvernightCarry_NO,SPY,,long,284,193660.82,2026-02-18,681.904299,VENUE-SIMULATED-FILL,MODELLED,2026-02-24,681.48,VENUE-SIMULATED-FILL,MODELLED,6,-122.26,-0.063131,1.7594,,,,,MODELLED,False
Season 1:@OverreactionFade_LT:2026-02-12:RIVN:2026-02-24,Season 1,@OverreactionFade_LT,RIVN,,long,2087,45187.87,2026-02-12,21.652069,VENUE-SIMULATED-FILL,MODELLED,2026-02-24,22.77,VENUE-SIMULATED-FILL,MODELLED,12,2320.19,5.134542,12.929,,,,,MODELLED,False
Season 1:@SpreadHarvester_MM:2026-02-24:NVDA:2026-02-24,Season 1,@SpreadHarvester_MM,NVDA,,long,60,17433.6,2026-02-24,290.56,VENUE-SIMULATED-FILL,MODELLED,2026-02-24,290.59,VENUE-SIMULATED-FILL,MODELLED,0,2.03,0.011644,-0.2283,,,,,MODELLED,False
Season 2:@Weather_ColdSnap_Max:2026-02-18:XLU:2026-02-24,Season 2,@Weather_ColdSnap_Max,XLU,,long,33,1537.66,2026-02-18,46.595797,VENUE-SIMULATED-FILL,MODELLED,2026-02-24,46.63,VENUE-SIMULATED-FILL,MODELLED,6,0.92,0.059831,0.2044,,,,,MODELLED,False
Season 1:@BetaChaser_3xProxy:2025-09-17:CVNA:2026-02-25,Season 1,@BetaChaser_3xProxy,CVNA,,long,8,2199.12,2025-09-17,274.890292,VENUE-SIMULATED-FILL,MODELLED,2026-02-25,335.08,VENUE-SIMULATED-FILL,MODELLED,161,481.47,21.893734,0.0496,,,,,MODELLED,False
Season 1:@KitchenSink_AllIn:2026-02-23:META:2026-02-25,Season 1,@KitchenSink_AllIn,META,,long,1,1130.39,2026-02-23,1130.39,VENUE-SIMULATED-FILL,MODELLED,2026-02-25,1267.2,VENUE-SIMULATED-FILL,MODELLED,2,136.8,12.102018,0.0062,,,,,MODELLED,False
Season 1:@OneBigBet_Concentra:2026-02-20:META:2026-02-25,Season 1,@OneBigBet_Concentra,META,,long,1,1127.78,2026-02-20,1127.78,VENUE-SIMULATED-FILL,MODELLED,2026-02-25,1267.2,VENUE-SIMULATED-FILL,MODELLED,5,139.41,12.361453,0.0062,,,,,MODELLED,False
Season 1:@OvernightCarry_NO:2026-02-24:SPY:2026-02-25,Season 1,@OvernightCarry_NO,SPY,,long,20,13742.0,2026-02-24,687.1,VENUE-SIMULATED-FILL,MODELLED,2026-02-25,687.48,VENUE-SIMULATED-FILL,MODELLED,1,7.48,0.054432,0.1239,,,,,MODELLED,False
Season 1:@OverreactionFade_LT:2026-01-30:TSLA:2026-02-25,Season 1,@OverreactionFade_LT,TSLA,,long,126,45947.9,2026-01-30,364.665877,VENUE-SIMULATED-FILL,MODELLED,2026-02-25,376.05,VENUE-SIMULATED-FILL,MODELLED,26,1433.62,3.120099,0.7806,,,,,MODELLED,False
Season 1:@SpreadHarvester_MM:2026-02-24:NVDA:2026-02-25,Season 1,@SpreadHarvester_MM,NVDA,,short,60,17435.4,2026-02-24,290.59,VENUE-SIMULATED-FILL,MODELLED,2026-02-25,282.62,VENUE-SIMULATED-FILL,MODELLED,1,478.43,2.744015,-0.2283,,,,,MODELLED,False
Season 1:@SpreadHarvester_MM:2026-02-25:NVDA:2026-02-25,Season 1,@SpreadHarvester_MM,NVDA,,long,59,16674.58,2026-02-25,282.62,VENUE-SIMULATED-FILL,MODELLED,2026-02-25,282.65,VENUE-SIMULATED-FILL,MODELLED,0,1.99,0.011934,-0.2245,,,,,MODELLED,False
Season 1:@TrendSurfer_GoldenX:2025-10-20:MSFT:2026-02-25,Season 1,@TrendSurfer_GoldenX,MSFT,,long,1,587.14,2025-10-20,587.144552,VENUE-SIMULATED-FILL,MODELLED,2026-02-25,677.54,VENUE-SIMULATED-FILL,MODELLED,128,90.39,15.394846,0.0062,,,,,MODELLED,False
Season 2:@FDACatalyst_Rider:2026-02-10:XBI:2026-02-26,Season 2,@FDACatalyst_Rider,XBI,,long,9,1146.53,2026-02-10,127.392253,VENUE-SIMULATED-FILL,MODELLED,2026-02-26,127.5,VENUE-SIMULATED-FILL,MODELLED,16,0.91,0.07937,0.0558,,,,,MODELLED,False
Season 1:@OvernightCarry_NO:2026-02-24:SPY:2026-02-26,Season 1,@OvernightCarry_NO,SPY,,long,282,195332.99,2026-02-24,692.670177,VENUE-SIMULATED-FILL,MODELLED,2026-02-26,691.17,VENUE-SIMULATED-FILL,MODELLED,2,-424.8,-0.217475,1.747,,,,,MODELLED,False
Season 1:@OverreactionFade_LT:2026-02-24:CVNA:2026-02-26,Season 1,@OverreactionFade_LT,CVNA,,long,141,45960.36,2026-02-24,325.96,VENUE-SIMULATED-FILL,MODELLED,2026-02-26,345.46,VENUE-SIMULATED-FILL,MODELLED,2,2748.63,5.980436,0.8735,,,,,MODELLED,False
Season 1:@SpreadHarvester_MM:2026-02-25:NVDA:2026-02-26,Season 1,@SpreadHarvester_MM,NVDA,,short,58,16393.7,2026-02-25,282.65,VENUE-SIMULATED-FILL,MODELLED,2026-02-26,270.03,VENUE-SIMULATED-FILL,MODELLED,1,732.18,4.466228,-0.2207,,,,,MODELLED,False
Season 1:@SpreadHarvester_MM:2026-02-26:NVDA:2026-02-26,Season 1,@SpreadHarvester_MM,NVDA,,long,57,15391.71,2026-02-26,270.03,VENUE-SIMULATED-FILL,MODELLED,2026-02-26,270.06,VENUE-SIMULATED-FILL,MODELLED,0,1.93,0.012539,-0.2169,,,,,MODELLED,False
Season 1:@VIXRegime_Timer:2025-09-17:SPY:2026-02-26,Season 1,@VIXRegime_Timer,SPY,,long,80,54133.51,2025-09-17,676.668888,VENUE-SIMULATED-FILL,MODELLED,2026-02-26,691.17,VENUE-SIMULATED-FILL,MODELLED,162,1159.59,2.142093,0.4956,,,,,MODELLED,False
Season 2:@Weather_ColdSnap_Max:2026-02-18:XLU:2026-02-26,Season 2,@Weather_ColdSnap_Max,XLU,,long,38,1770.64,2026-02-18,46.595797,VENUE-SIMULATED-FILL,MODELLED,2026-02-26,47.26,VENUE-SIMULATED-FILL,MODELLED,8,25.0,1.411919,0.2354,,,,,MODELLED,False
Season 2:@FDACatalyst_Rider:2026-02-10:XBI:2026-02-27,Season 2,@FDACatalyst_Rider,XBI,,long,8,1019.14,2026-02-10,127.392253,VENUE-SIMULATED-FILL,MODELLED,2026-02-27,126.07,VENUE-SIMULATED-FILL,MODELLED,17,-10.63,-1.043038,0.0496,,,,,MODELLED,False
Season 1:@KitchenSink_AllIn:2026-02-23:CVNA:2026-02-27,Season 1,@KitchenSink_AllIn,CVNA,,long,4,1382.42,2026-02-23,345.605833,VENUE-SIMULATED-FILL,MODELLED,2026-02-27,369.42,VENUE-SIMULATED-FILL,MODELLED,4,95.23,6.888628,0.0248,,,,,MODELLED,False
Live Book (rehearsal):@OilDollar_FadeUNG:2025-12-03:XOM:2026-02-27,Live Book (rehearsal),@OilDollar_FadeUNG,XOM,,long,300,38417.71,2025-12-03,128.059048,VENUE-SIMULATED-FILL,SECONDARY,2026-02-27,151.0,VENUE-SIMULATED-FILL,SECONDARY,86,6880.43,17.909525,1.8585,,,-0.0,0.00178,SECONDARY,False
Live Book (rehearsal):@OilDollar_FadeUNG:2026-01-21:UNG:2026-02-27,Live Book (rehearsal),@OilDollar_FadeUNG,UNG,,long,5700,77126.0,2026-01-21,13.530877,VENUE-SIMULATED-FILL,SECONDARY,2026-02-27,11.5,VENUE-SIMULATED-FILL,SECONDARY,37,-11611.31,-15.054988,35.3115,,,8.688,0.00842,SECONDARY,False
Season 1:@OneBigBet_Concentra:2026-02-26:META:2026-02-27,Season 1,@OneBigBet_Concentra,META,,long,228,294840.48,2026-02-26,1293.16,VENUE-SIMULATED-FILL,MODELLED,2026-02-27,1281.1,VENUE-SIMULATED-FILL,MODELLED,1,-2751.09,-0.933077,1.4125,,,,,MODELLED,False
Season 1:@OneBigBet_Concentra:2026-02-26:META:2026-02-27,Season 1,@OneBigBet_Concentra,META,,long,1,1293.16,2026-02-26,1293.16,VENUE-SIMULATED-FILL,MODELLED,2026-02-27,1281.14,VENUE-SIMULATED-FILL,MODELLED,1,-12.03,-0.930279,0.0062,,,,,MODELLED,False
Season 1:@OvernightCarry_NO:2026-02-26:SPY:2026-02-27,Season 1,@OvernightCarry_NO,SPY,,long,18,12401.46,2026-02-26,688.97,VENUE-SIMULATED-FILL,MODELLED,2026-02-27,690.14,VENUE-SIMULATED-FILL,MODELLED,1,20.95,0.168932,0.1115,,,,,MODELLED,False
Season 2:@PinePilot_EMA_Cross:2025-09-17:IWM:2026-02-27,Season 2,@PinePilot_EMA_Cross,IWM,,long,4,963.78,2025-09-17,240.943822,VENUE-SIMULATED-FILL,MODELLED,2026-02-27,262.1,VENUE-SIMULATED-FILL,MODELLED,163,84.6,8.77798,0.0248,,,,,MODELLED,False
Season 1:@SpreadHarvester_MM:2026-02-26:NVDA:2026-02-27,Season 1,@SpreadHarvester_MM,NVDA,,short,56,15123.36,2026-02-26,270.06,VENUE-SIMULATED-FILL,MODELLED,2026-02-27,265.89,VENUE-SIMULATED-FILL,MODELLED,1,233.73,1.54549,-0.2131,,,,,MODELLED,False
Season 1:@SpreadHarvester_MM:2026-02-27:NVDA:2026-02-27,Season 1,@SpreadHarvester_MM,NVDA,,long,55,14623.95,2026-02-27,265.89,VENUE-SIMULATED-FILL,MODELLED,2026-02-27,265.92,VENUE-SIMULATED-FILL,MODELLED,0,1.86,0.012719,-0.2093,,,,,MODELLED,False
Season 1:@TrendSurfer_GoldenX:2025-10-20:MSFT:2026-02-27,Season 1,@TrendSurfer_GoldenX,MSFT,,long,1,587.14,2025-10-20,587.144552,VENUE-SIMULATED-FILL,MODELLED,2026-02-27,665.85,VENUE-SIMULATED-FILL,MODELLED,130,78.7,13.403854,0.0062,,,,,MODELLED,False
Season 1:@DriftRider_PEAD:2026-02-06:JPM:2026-03-02,Season 1,@DriftRider_PEAD,JPM,,short,143,36522.2,2026-02-06,255.4,VENUE-SIMULATED-FILL,MODELLED,2026-03-02,261.7,VENUE-SIMULATED-FILL,MODELLED,24,-901.79,-2.469156,0.8859,,,,,MODELLED,False
Season 2:@FDACatalyst_Rider:2026-02-10:XBI:2026-03-02,Season 2,@FDACatalyst_Rider,XBI,,long,8,1019.14,2026-02-10,127.392253,VENUE-SIMULATED-FILL,MODELLED,2026-03-02,124.62,VENUE-SIMULATED-FILL,MODELLED,20,-22.23,-2.181255,0.0496,,,,,MODELLED,False
Season 1:@KitchenSink_AllIn:2025-10-08:WMT:2026-03-02,Season 1,@KitchenSink_AllIn,WMT,,long,342,33181.99,2025-10-08,97.023354,VENUE-SIMULATED-FILL,MODELLED,2026-03-02,98.42,VENUE-SIMULATED-FILL,MODELLED,145,475.53,1.433097,2.1187,,,,,MODELLED,False
Season 1:@KitchenSink_AllIn:2026-02-23:CVNA:2026-03-02,Season 1,@KitchenSink_AllIn,CVNA,,long,91,31450.13,2026-02-23,345.605833,VENUE-SIMULATED-FILL,MODELLED,2026-03-02,362.23,VENUE-SIMULATED-FILL,MODELLED,7,1512.24,4.808374,0.5637,,,,,MODELLED,False
Season 1:@KitchenSink_AllIn:2026-02-26:AAPL:2026-03-02,Season 1,@KitchenSink_AllIn,AAPL,,long,104,32680.96,2026-02-26,314.24,VENUE-SIMULATED-FILL,MODELLED,2026-03-02,309.86,VENUE-SIMULATED-FILL,MODELLED,4,-456.16,-1.395797,0.6443,,,,,MODELLED,False
Season 1:@KitchenSink_AllIn:2026-02-26:CAT:2026-03-02,Season 1,@KitchenSink_AllIn,CAT,,long,67,33765.34,2026-02-26,503.960299,VENUE-SIMULATED-FILL,MODELLED,2026-03-02,501.32,VENUE-SIMULATED-FILL,MODELLED,4,-177.32,-0.525154,0.4151,,,,,MODELLED,False
Season 1:@KitchenSink_AllIn:2026-02-26:META:2026-03-02,Season 1,@KitchenSink_AllIn,META,,long,26,33608.95,2026-02-26,1292.651923,VENUE-SIMULATED-FILL,MODELLED,2026-03-02,1253.23,VENUE-SIMULATED-FILL,MODELLED,4,-1025.13,-3.05017,0.1611,,,,,MODELLED,False
Season 1:@KitchenSink_AllIn:2026-02-26:MSFT:2026-03-02,Season 1,@KitchenSink_AllIn,MSFT,,long,49,32876.36,2026-02-26,670.9462,VENUE-SIMULATED-FILL,MODELLED,2026-03-02,655.35,VENUE-SIMULATED-FILL,MODELLED,4,-764.52,-2.32544,0.3036,,,,,MODELLED,False
Live Book (rehearsal):@KitchenSink_Official:2026-02-06:SPY:2026-03-02,Live Book (rehearsal),@KitchenSink_Official,SPY,,long,80,54517.6,2026-02-06,681.47,VENUE-SIMULATED-FILL,SECONDARY,2026-03-02,678.7,VENUE-SIMULATED-FILL,SECONDARY,24,-222.1,-0.407391,0.4956,,,0.0,9e-05,SECONDARY,False
Season 1:@MomentumMax_12x1:2025-09-17:NVDA:2026-03-02,Season 1,@MomentumMax_12x1,NVDA,,long,10,1849.59,2025-09-17,184.95907,VENUE-SIMULATED-FILL,MODELLED,2026-03-02,259.06,VENUE-SIMULATED-FILL,MODELLED,166,740.95,40.060214,0.0619,,,,,MODELLED,False
Season 1:@OvernightCarry_NO:2026-02-27:SPY:2026-03-02,Season 1,@OvernightCarry_NO,SPY,,long,281,192760.38,2026-02-27,685.98,VENUE-SIMULATED-FILL,MODELLED,2026-03-02,687.67,VENUE-SIMULATED-FILL,MODELLED,3,473.15,0.24546,1.7408,,,,,MODELLED,False
Season 2:@PinePilot_EMA_Cross:2025-09-17:SPY:2026-03-02,Season 2,@PinePilot_EMA_Cross,SPY,,long,1,663.66,2025-09-17,663.664674,VENUE-SIMULATED-FILL,MODELLED,2026-03-02,678.7,VENUE-SIMULATED-FILL,MODELLED,166,15.03,2.264698,0.0062,,,,,MODELLED,False
Season 1:@SpreadHarvester_MM:2026-02-27:NVDA:2026-03-02,Season 1,@SpreadHarvester_MM,NVDA,,short,54,14359.68,2026-02-27,265.92,VENUE-SIMULATED-FILL,MODELLED,2026-03-02,259.05,VENUE-SIMULATED-FILL,MODELLED,3,371.19,2.584946,-0.2054,,,,,MODELLED,False
Season 1:@SpreadHarvester_MM:2026-03-02:NVDA:2026-03-02,Season 1,@SpreadHarvester_MM,NVDA,,long,68,17615.4,2026-03-02,259.05,VENUE-SIMULATED-FILL,MODELLED,2026-03-02,259.08,VENUE-SIMULATED-FILL,MODELLED,0,2.3,0.013057,-0.2588,,,,,MODELLED,False
Season 1:@VolCarry_LowHigh:2025-09-17:CVNA:2026-03-02,Season 1,@VolCarry_LowHigh,CVNA,,short,6,1723.5,2025-09-17,287.25,VENUE-SIMULATED-FILL,MODELLED,2026-03-02,362.3,VENUE-SIMULATED-FILL,MODELLED,166,-450.34,-26.129388,0.037,,,,,MODELLED,False
Live Book (rehearsal):@VolControl_MaxLev:2026-02-26:QQQ:2026-03-02,Live Book (rehearsal),@VolControl_MaxLev,QQQ,,long,80,49248.0,2026-02-26,615.6,VENUE-SIMULATED-FILL,SECONDARY,2026-03-02,598.85,VENUE-SIMULATED-FILL,SECONDARY,4,-1340.5,-2.721938,0.4956,,,0.167,0.00012,SECONDARY,False
Season 2:@GOLD_Trend_GLD:2025-09-17:GLD:2026-03-03,Season 2,@GOLD_Trend_GLD,GLD,,long,24,9323.33,2025-09-17,388.472039,VENUE-SIMULATED-FILL,MODELLED,2026-03-03,472.81,VENUE-SIMULATED-FILL,MODELLED,167,2023.96,21.708555,0.1487,,,,,MODELLED,False
Season 1:@GapAndGo_YOLO:2026-03-03:CVNA:2026-03-03,Season 1,@GapAndGo_YOLO,CVNA,,long,35,13871.55,2026-03-03,396.33,VENUE-SIMULATED-FILL,MODELLED,2026-03-03,361.72,VENUE-SIMULATED-FILL,MODELLED,0,-1211.57,-8.734208,0.2168,,,,,MODELLED,False
Season 1:@GapAndGo_YOLO:2026-03-03:TSLA:2026-03-03,Season 1,@GapAndGo_YOLO,TSLA,,long,40,14090.8,2026-03-03,352.27,VENUE-SIMULATED-FILL,MODELLED,2026-03-03,313.48,VENUE-SIMULATED-FILL,MODELLED,0,-1551.85,-11.013214,0.2478,,,,,MODELLED,False
Season 1:@OvernightCarry_NO:2026-02-27:SPY:2026-03-03,Season 1,@OvernightCarry_NO,SPY,,long,22,15097.23,2026-02-27,686.237727,VENUE-SIMULATED-FILL,MODELLED,2026-03-03,687.52,VENUE-SIMULATED-FILL,MODELLED,4,28.07,0.185928,0.1363,,,,,MODELLED,False
Live Book (rehearsal):@SOFRPivot_Rider:2026-02-09:SPY:2026-03-03,Live Book (rehearsal),@SOFRPivot_Rider,SPY,,long,80,54870.0,2026-02-09,685.875,VENUE-SIMULATED-FILL,SECONDARY,2026-03-03,675.05,VENUE-SIMULATED-FILL,SECONDARY,22,-866.5,-1.579187,0.4956,,,0.148,0.00011,SECONDARY,False
Season 1:@SpreadHarvester_MM:2026-03-02:NVDA:2026-03-03,Season 1,@SpreadHarvester_MM,NVDA,,short,68,17617.44,2026-03-02,259.08,VENUE-SIMULATED-FILL,MODELLED,2026-03-03,267.27,VENUE-SIMULATED-FILL,MODELLED,1,-556.66,-3.15971,-0.2588,,,,,MODELLED,False
Season 1:@SpreadHarvester_MM:2026-03-03:NVDA:2026-03-03,Season 1,@SpreadHarvester_MM,NVDA,,long,90,24054.3,2026-03-03,267.27,VENUE-SIMULATED-FILL,MODELLED,2026-03-03,267.3,VENUE-SIMULATED-FILL,MODELLED,0,3.04,0.012638,-0.3424,,,,,MODELLED,False
Live Book (rehearsal):@VIXRegime_LiveMax:2026-02-09:QQQ:2026-03-03,Live Book (rehearsal),@VIXRegime_LiveMax,QQQ,,long,40,24301.6,2026-02-09,607.54,VENUE-SIMULATED-FILL,SECONDARY,2026-03-03,596.33,VENUE-SIMULATED-FILL,SECONDARY,22,-448.65,-1.846175,0.2478,,,0.0,0.00035,SECONDARY,False
Live Book (rehearsal):@VolControl_MaxLev:2026-02-26:QQQ:2026-03-03,Live Book (rehearsal),@VolControl_MaxLev,QQQ,,long,40,24624.0,2026-02-26,615.6,VENUE-SIMULATED-FILL,SECONDARY,2026-03-03,596.33,VENUE-SIMULATED-FILL,SECONDARY,5,-771.05,-3.131295,0.2478,,,0.0,0.00012,SECONDARY,False
Season 1:@BetaChaser_3xProxy:2025-09-17:CVNA:2026-03-04,Season 1,@BetaChaser_3xProxy,CVNA,,long,30,8246.71,2025-09-17,274.890292,VENUE-SIMULATED-FILL,MODELLED,2026-03-04,352.57,VENUE-SIMULATED-FILL,MODELLED,168,2330.21,28.256242,0.1859,,,,,MODELLED,False
Season 1:@BetaChaser_3xProxy:2025-09-17:RIVN:2026-03-04,Season 1,@BetaChaser_3xProxy,RIVN,,long,325,5954.69,2025-09-17,18.322112,VENUE-SIMULATED-FILL,MODELLED,2026-03-04,23.08,VENUE-SIMULATED-FILL,MODELLED,168,1544.3,25.934195,2.0134,,,,,MODELLED,False
Official Auction Book:@ConcessionFade_Notes:2026-02-24:91282CQB0:2026-03-04,Official Auction Book,@ConcessionFade_Notes,91282CQB0,2-Year,long,123100.0,12291137.39,2026-02-24,99.84677,PRIMARY-AUCTION,OFFICIAL,2026-03-04,99.683473,SECONDARY-CURVE,OFFICIAL-DERIVED,8,-201.02,-0.001635,0.0,0.0,0.0,,,OFFICIAL-DERIVED,False
Season 1:@IlliquidRocket_Degen:2026-02-10:CVNA:2026-03-04,Season 1,@IlliquidRocket_Degen,CVNA,,long,624,209168.33,2026-02-10,335.205664,VENUE-SIMULATED-FILL,MODELLED,2026-03-04,352.49,VENUE-SIMULATED-FILL,MODELLED,22,10781.56,5.15449,3.8657,,,,,MODELLED,False
Season 1:@OvernightCarry_NO:2026-03-03:SPY:2026-03-04,Season 1,@OvernightCarry_NO,SPY,,long,280,190335.6,2026-03-03,679.77,VENUE-SIMULATED-FILL,MODELLED,2026-03-04,674.78,VENUE-SIMULATED-FILL,MODELLED,1,-1398.93,-0.734981,1.7346,,,,,MODELLED,False
Live Book (rehearsal):@SOFRPivot_Rider:2026-03-03:TLT:2026-03-04,Live Book (rehearsal),@SOFRPivot_Rider,TLT,,long,700,62293.0,2026-03-03,88.99,VENUE-SIMULATED-FILL,SECONDARY,2026-03-04,89.26,VENUE-SIMULATED-FILL,SECONDARY,1,184.66,0.296438,4.3365,,,1.12,0.00135,SECONDARY,False
Season 1:@SpreadHarvester_MM:2025-11-19:TSLA:2026-03-04,Season 1,@SpreadHarvester_MM,TSLA,,short,171,56975.49,2025-11-19,333.19,VENUE-SIMULATED-FILL,MODELLED,2026-03-04,308.6,VENUE-SIMULATED-FILL,MODELLED,105,4205.55,7.381332,-0.6556,,,,,MODELLED,False
Season 1:@SpreadHarvester_MM:2026-03-03:NVDA:2026-03-04,Season 1,@SpreadHarvester_MM,NVDA,,short,90,24057.0,2026-03-03,267.3,VENUE-SIMULATED-FILL,MODELLED,2026-03-04,259.07,VENUE-SIMULATED-FILL,MODELLED,1,741.04,3.080351,-0.3424,,,,,MODELLED,False
Season 1:@SpreadHarvester_MM:2026-03-04:NVDA:2026-03-04,Season 1,@SpreadHarvester_MM,NVDA,,long,131,33938.17,2026-03-04,259.07,VENUE-SIMULATED-FILL,MODELLED,2026-03-04,259.1,VENUE-SIMULATED-FILL,MODELLED,0,4.43,0.013053,-0.4985,,,,,MODELLED,False
Season 1:@SpreadHarvester_MM:2026-03-04:TSLA:2026-03-04,Season 1,@SpreadHarvester_MM,TSLA,,long,15,4629.0,2026-03-04,308.6,VENUE-SIMULATED-FILL,MODELLED,2026-03-04,308.64,VENUE-SIMULATED-FILL,MODELLED,0,0.66,0.014258,-0.0571,,,,,MODELLED,False
Season 1:@SqueezeHunter_TF:2026-02-26:META:2026-03-04,Season 1,@SqueezeHunter_TF,META,,long,41,53017.92,2026-02-26,1293.12,VENUE-SIMULATED-FILL,MODELLED,2026-03-04,1211.14,VENUE-SIMULATED-FILL,MODELLED,6,-3361.43,-6.340177,0.254,,,,,MODELLED,False
Season 1:@TrendSurfer_GoldenX:2025-10-20:MSFT:2026-03-04,Season 1,@TrendSurfer_GoldenX,MSFT,,long,1,587.14,2025-10-20,587.144552,VENUE-SIMULATED-FILL,MODELLED,2026-03-04,650.44,VENUE-SIMULATED-FILL,MODELLED,135,63.29,10.779288,0.0062,,,,,MODELLED,False
Season 1:@VIXRegime_Timer:2025-09-17:SPY:2026-03-04,Season 1,@VIXRegime_Timer,SPY,,long,2,1362.29,2025-09-17,681.144175,VENUE-SIMULATED-FILL,MODELLED,2026-03-04,674.78,VENUE-SIMULATED-FILL,MODELLED,168,-12.74,-0.935191,0.0124,,,,,MODELLED,False
Season 2:@Weather_ColdSnap_Max:2025-10-06:UNG:2026-03-04,Season 2,@Weather_ColdSnap_Max,UNG,,long,8358,98606.91,2025-10-06,11.797907,VENUE-SIMULATED-FILL,MODELLED,2026-03-04,11.83,VENUE-SIMULATED-FILL,MODELLED,149,216.45,0.219508,51.7778,,,,,MODELLED,False
Season 2:@Weather_ColdSnap_Max:2026-02-18:XLU:2026-03-04,Season 2,@Weather_ColdSnap_Max,XLU,,long,1250,58303.71,2026-02-18,46.642971,VENUE-SIMULATED-FILL,MODELLED,2026-03-04,47.09,VENUE-SIMULATED-FILL,MODELLED,14,551.04,0.94512,7.7437,,,,,MODELLED,False
Season 2:@GOLD_Trend_GLD:2025-09-17:GLD:2026-03-05,Season 2,@GOLD_Trend_GLD,GLD,,long,5,1943.54,2025-09-17,388.70799,VENUE-SIMULATED-FILL,MODELLED,2026-03-05,470.44,VENUE-SIMULATED-FILL,MODELLED,169,408.63,21.025037,0.031,,,,,MODELLED,False
Season 1:@GapAndGo_YOLO:2026-03-05:CVNA:2026-03-05,Season 1,@GapAndGo_YOLO,CVNA,,long,32,12938.56,2026-03-05,404.33,VENUE-SIMULATED-FILL,MODELLED,2026-03-05,417.65,VENUE-SIMULATED-FILL,MODELLED,0,426.04,3.292793,0.1982,,,,,MODELLED,False
Season 1:@GapAndGo_YOLO:2026-03-05:NVDA:2026-03-05,Season 1,@GapAndGo_YOLO,NVDA,,long,49,12968.83,2026-03-05,264.67,VENUE-SIMULATED-FILL,MODELLED,2026-03-05,257.92,VENUE-SIMULATED-FILL,MODELLED,0,-331.05,-2.552659,0.3036,,,,,MODELLED,False
Season 1:@GapAndGo_YOLO:2026-03-05:RIVN:2026-03-05,Season 1,@GapAndGo_YOLO,RIVN,,long,545,13090.9,2026-03-05,24.02,VENUE-SIMULATED-FILL,MODELLED,2026-03-05,26.01,VENUE-SIMULATED-FILL,MODELLED,0,1081.17,8.258943,3.3763,,,,,MODELLED,False
Live Book (rehearsal):@KitchenSink_Official:2026-03-02:TLT:2026-03-05,Live Book (rehearsal),@KitchenSink_Official,TLT,,long,1400,125291.6,2026-03-02,89.494,VENUE-SIMULATED-FILL,SECONDARY,2026-03-05,88.62,VENUE-SIMULATED-FILL,SECONDARY,3,-1232.27,-0.983522,8.673,,,1.128,0.00126,SECONDARY,False
Season 1:@OneBigBet_Concentra:2026-03-04:META:2026-03-05,Season 1,@OneBigBet_Concentra,META,,long,240,290704.8,2026-03-04,1211.27,VENUE-SIMULATED-FILL,MODELLED,2026-03-05,1235.91,VENUE-SIMULATED-FILL,MODELLED,1,5912.11,2.033716,1.4868,,,,,MODELLED,False
Season 1:@OvernightCarry_NO:2026-03-03:SPY:2026-03-05,Season 1,@OvernightCarry_NO,SPY,,long,24,16435.69,2026-03-03,684.820417,VENUE-SIMULATED-FILL,MODELLED,2026-03-05,682.85,VENUE-SIMULATED-FILL,MODELLED,2,-47.44,-0.28864,0.1487,,,,,MODELLED,False
Season 1:@OverreactionFade_LT:2026-02-12:RIVN:2026-03-05,Season 1,@OverreactionFade_LT,RIVN,,long,2069,47771.77,2026-02-12,23.089305,VENUE-SIMULATED-FILL,MODELLED,2026-03-05,24.01,VENUE-SIMULATED-FILL,MODELLED,21,1892.1,3.960707,12.8175,,,,,MODELLED,False
Season 1:@OverreactionFade_LT:2026-03-04:CVNA:2026-03-05,Season 1,@OverreactionFade_LT,CVNA,,long,134,47255.1,2026-03-04,352.65,VENUE-SIMULATED-FILL,MODELLED,2026-03-05,404.22,VENUE-SIMULATED-FILL,MODELLED,1,6909.55,14.621808,0.8301,,,,,MODELLED,False
Season 1:@SpreadHarvester_MM:2026-03-04:NVDA:2026-03-05,Season 1,@SpreadHarvester_MM,NVDA,,short,90,23319.0,2026-03-04,259.1,VENUE-SIMULATED-FILL,MODELLED,2026-03-05,264.65,VENUE-SIMULATED-FILL,MODELLED,1,-499.16,-2.140572,-0.3424,,,,,MODELLED,False
Season 1:@SpreadHarvester_MM:2026-03-04:TSLA:2026-03-05,Season 1,@SpreadHarvester_MM,TSLA,,short,171,52777.44,2026-03-04,308.64,VENUE-SIMULATED-FILL,MODELLED,2026-03-05,319.9,VENUE-SIMULATED-FILL,MODELLED,1,-1924.81,-3.647032,-0.6506,,,,,MODELLED,False
Season 1:@SpreadHarvester_MM:2026-03-05:NVDA:2026-03-05,Season 1,@SpreadHarvester_MM,NVDA,,long,119,31493.35,2026-03-05,264.65,VENUE-SIMULATED-FILL,MODELLED,2026-03-05,264.68,VENUE-SIMULATED-FILL,MODELLED,0,4.02,0.012765,-0.4528,,,,,MODELLED,False
Season 1:@SpreadHarvester_MM:2026-03-05:TSLA:2026-03-05,Season 1,@SpreadHarvester_MM,TSLA,,long,1,319.9,2026-03-05,319.9,VENUE-SIMULATED-FILL,MODELLED,2026-03-05,319.94,VENUE-SIMULATED-FILL,MODELLED,0,0.04,0.012504,-0.0038,,,,,MODELLED,False
Official Auction Book:@ConcessionFade_Notes:2026-02-26:91282CQC8:2026-03-06,Official Auction Book,@ConcessionFade_Notes,91282CQC8,7-Year,long,10400.0,1037461.01,2026-02-26,99.755866,PRIMARY-AUCTION,OFFICIAL,2026-03-06,98.914687,SECONDARY-CURVE,OFFICIAL-DERIVED,8,-87.48,-0.008432,0.0,0.0,0.0,,,OFFICIAL-DERIVED,False
Season 2:@FDACatalyst_Rider:2026-02-10:XBI:2026-03-06,Season 2,@FDACatalyst_Rider,XBI,,long,16,2038.28,2026-02-10,127.392253,VENUE-SIMULATED-FILL,MODELLED,2026-03-06,121.76,VENUE-SIMULATED-FILL,MODELLED,24,-90.22,-4.42629,0.0991,,,,,MODELLED,False
Season 2:@GOLD_Trend_GLD:2025-09-17:GLD:2026-03-06,Season 2,@GOLD_Trend_GLD,GLD,,long,2,777.42,2025-09-17,388.70799,VENUE-SIMULATED-FILL,MODELLED,2026-03-06,469.03,VENUE-SIMULATED-FILL,MODELLED,170,160.63,20.66204,0.0124,,,,,MODELLED,False
Live Book (rehearsal):@KitchenSink_Official:2026-03-02:TLT:2026-03-06,Live Book (rehearsal),@KitchenSink_Official,TLT,,long,100,8949.4,2026-03-02,89.494,VENUE-SIMULATED-FILL,SECONDARY,2026-03-06,88.32,VENUE-SIMULATED-FILL,SECONDARY,4,-118.02,-1.318748,0.6195,,,-0.0,0.00126,SECONDARY,False
Season 1:@OvernightCarry_NO:2026-03-05:SPY:2026-03-06,Season 1,@OvernightCarry_NO,SPY,,long,276,188005.68,2026-03-05,681.18,VENUE-SIMULATED-FILL,MODELLED,2026-03-06,681.03,VENUE-SIMULATED-FILL,MODELLED,1,-43.11,-0.02293,1.7098,,,,,MODELLED,False
Season 2:@PinePilot_EMA_Cross:2025-09-17:SPY:2026-03-06,Season 2,@PinePilot_EMA_Cross,SPY,,long,1,663.66,2025-09-17,663.664674,VENUE-SIMULATED-FILL,MODELLED,2026-03-06,673.4,VENUE-SIMULATED-FILL,MODELLED,170,9.73,1.466102,0.0062,,,,,MODELLED,False
Season 1:@SpreadHarvester_MM:2026-03-05:NVDA:2026-03-06,Season 1,@SpreadHarvester_MM,NVDA,,short,90,23821.2,2026-03-05,264.68,VENUE-SIMULATED-FILL,MODELLED,2026-03-06,260.3,VENUE-SIMULATED-FILL,MODELLED,1,394.54,1.656256,-0.3424,,,,,MODELLED,False
Season 1:@SpreadHarvester_MM:2026-03-05:TSLA:2026-03-06,Season 1,@SpreadHarvester_MM,TSLA,,short,89,28474.66,2026-03-05,319.94,VENUE-SIMULATED-FILL,MODELLED,2026-03-06,313.29,VENUE-SIMULATED-FILL,MODELLED,1,592.19,2.079709,-0.3387,,,,,MODELLED,False
Season 1:@SpreadHarvester_MM:2026-03-06:NVDA:2026-03-06,Season 1,@SpreadHarvester_MM,NVDA,,long,126,32797.8,2026-03-06,260.3,VENUE-SIMULATED-FILL,MODELLED,2026-03-06,260.34,VENUE-SIMULATED-FILL,MODELLED,0,5.52,0.01683,-0.4794,,,,,MODELLED,False
Live Book (rehearsal):@KitchenSink_Official:2026-03-06:SPY:2026-03-09,Live Book (rehearsal),@KitchenSink_Official,SPY,,long,80,53872.8,2026-03-06,673.41,VENUE-SIMULATED-FILL,SECONDARY,2026-03-09,666.39,VENUE-SIMULATED-FILL,SECONDARY,3,-562.1,-1.043384,0.4956,,,0.0,8e-05,SECONDARY,False
Season 1:@OneBigBet_Concentra:2026-03-06:META:2026-03-09,Season 1,@OneBigBet_Concentra,META,,long,247,300702.74,2026-03-06,1217.42,VENUE-SIMULATED-FILL,MODELLED,2026-03-09,1203.84,VENUE-SIMULATED-FILL,MODELLED,3,-3355.79,-1.115983,1.5302,,,,,MODELLED,False
Season 1:@OneBigBet_Concentra:2026-03-06:META:2026-03-09,Season 1,@OneBigBet_Concentra,META,,long,1,1217.42,2026-03-06,1217.42,VENUE-SIMULATED-FILL,MODELLED,2026-03-09,1203.88,VENUE-SIMULATED-FILL,MODELLED,3,-13.55,-1.113009,0.0062,,,,,MODELLED,False
Season 1:@OvernightCarry_NO:2026-03-05:SPY:2026-03-09,Season 1,@OvernightCarry_NO,SPY,,long,24,16139.81,2026-03-05,672.492,VENUE-SIMULATED-FILL,MODELLED,2026-03-09,674.43,VENUE-SIMULATED-FILL,MODELLED,4,46.36,0.28724,0.1487,,,,,MODELLED,False
Season 1:@SpreadHarvester_MM:2026-03-06:NVDA:2026-03-09,Season 1,@SpreadHarvester_MM,NVDA,,short,90,23430.6,2026-03-06,260.34,VENUE-SIMULATED-FILL,MODELLED,2026-03-09,240.22,VENUE-SIMULATED-FILL,MODELLED,3,1811.14,7.729806,-0.3425,,,,,MODELLED,False
Season 1:@SpreadHarvester_MM:2026-03-09:NVDA:2026-03-09,Season 1,@SpreadHarvester_MM,NVDA,,long,101,24262.22,2026-03-09,240.22,VENUE-SIMULATED-FILL,MODELLED,2026-03-09,240.26,VENUE-SIMULATED-FILL,MODELLED,0,4.42,0.018218,-0.3843,,,,,MODELLED,False
Season 1:@SqueezeHunter_TF:2026-03-06:CVNA:2026-03-09,Season 1,@SqueezeHunter_TF,CVNA,,long,123,51662.46,2026-03-06,420.02,VENUE-SIMULATED-FILL,MODELLED,2026-03-09,387.72,VENUE-SIMULATED-FILL,MODELLED,3,-3973.66,-7.691581,0.762,,,,,MODELLED,False
Official Auction Book:@BillCarry_TenX:2026-02-05:912797SY4:2026-03-10,Official Auction Book,@BillCarry_TenX,912797SY4,17-Week,long,881400.0,87891151.69,2026-02-05,99.717667,PRIMARY-AUCTION,OFFICIAL,2026-03-10,100.0,MATURITY-REDEMPTION,OFFICIAL,33,2488.48,0.002831,0.0,0.0,0.0,,,OFFICIAL,True
Season 1:@DriftRider_PEAD:2026-02-24:CVNA:2026-03-10,Season 1,@DriftRider_PEAD,CVNA,,long,106,34551.76,2026-02-24,325.96,VENUE-SIMULATED-FILL,MODELLED,2026-03-10,393.23,VENUE-SIMULATED-FILL,MODELLED,14,7129.96,20.635591,0.6567,,,,,MODELLED,False
Live Book (rehearsal):@KitchenSink_Official:2026-03-09:TLT:2026-03-10,Live Book (rehearsal),@KitchenSink_Official,TLT,,long,700,61817.0,2026-03-09,88.31,VENUE-SIMULATED-FILL,SECONDARY,2026-03-10,88.8,VENUE-SIMULATED-FILL,SECONDARY,1,338.66,0.547843,4.3365,,,0.0,0.00133,SECONDARY,False
Official Auction Book:@LiquidityWeighted_Participant:2026-01-27:912797SB4:2026-03-10,Official Auction Book,@LiquidityWeighted_Participant,912797SB4,26-Week,long,64800.0,6452519.42,2026-01-27,99.575917,PRIMARY-AUCTION,OFFICIAL,2026-03-10,99.979778,SECONDARY-CURVE,OFFICIAL-DERIVED,42,261.7,0.004056,0.0,0.0,0.0,,,OFFICIAL-DERIVED,False
Season 1:@OvernightCarry_NO:2026-03-05:SPY:2026-03-10,Season 1,@OvernightCarry_NO,SPY,,long,280,189756.37,2026-03-05,677.701329,VENUE-SIMULATED-FILL,MODELLED,2026-03-10,679.02,VENUE-SIMULATED-FILL,MODELLED,5,367.49,0.193664,1.7346,,,,,MODELLED,False
Season 1:@OverreactionFade_LT:2026-02-12:RIVN:2026-03-10,Season 1,@OverreactionFade_LT,RIVN,,long,2277,51324.13,2026-02-12,22.540241,VENUE-SIMULATED-FILL,MODELLED,2026-03-10,22.81,VENUE-SIMULATED-FILL,MODELLED,26,600.13,1.169294,14.106,,,,,MODELLED,False
Season 1:@OverreactionFade_LT:2026-03-04:CVNA:2026-03-10,Season 1,@OverreactionFade_LT,CVNA,,long,132,51161.0,2026-03-04,387.583333,VENUE-SIMULATED-FILL,MODELLED,2026-03-10,393.23,VENUE-SIMULATED-FILL,MODELLED,6,744.54,1.455288,0.8177,,,,,MODELLED,False
Season 1:@SpreadHarvester_MM:2026-03-09:NVDA:2026-03-10,Season 1,@SpreadHarvester_MM,NVDA,,short,101,24266.26,2026-03-09,240.26,VENUE-SIMULATED-FILL,MODELLED,2026-03-10,260.43,VENUE-SIMULATED-FILL,MODELLED,1,-2036.79,-8.393506,-0.3843,,,,,MODELLED,False
Season 1:@SpreadHarvester_MM:2026-03-10:NVDA:2026-03-10,Season 1,@SpreadHarvester_MM,NVDA,,long,100,26043.0,2026-03-10,260.43,VENUE-SIMULATED-FILL,MODELLED,2026-03-10,260.47,VENUE-SIMULATED-FILL,MODELLED,0,4.38,0.016818,-0.3805,,,,,MODELLED,False
Official Auction Book:@TBillLadder_MaxRoll:2026-02-05:912797SY4:2026-03-10,Official Auction Book,@TBillLadder_MaxRoll,912797SY4,17-Week,long,101100.0,10081456.13,2026-02-05,99.717667,PRIMARY-AUCTION,OFFICIAL,2026-03-10,100.0,MATURITY-REDEMPTION,OFFICIAL,33,285.44,0.002831,0.0,0.0,0.0,,,OFFICIAL,True
Season 1:@BetaChaser_3xProxy:2025-09-17:CVNA:2026-03-11,Season 1,@BetaChaser_3xProxy,CVNA,,long,4,1099.56,2025-09-17,274.890292,VENUE-SIMULATED-FILL,MODELLED,2026-03-11,382.12,VENUE-SIMULATED-FILL,MODELLED,175,428.89,39.005561,0.0248,,,,,MODELLED,False
Live Book (rehearsal):@CurveSteepener_MaxBeta:2026-02-11:TLT:2026-03-11,Live Book (rehearsal),@CurveSteepener_MaxBeta,TLT,,long,2200,197263.48,2026-02-11,89.665217,VENUE-SIMULATED-FILL,SECONDARY,2026-03-11,87.75,VENUE-SIMULATED-FILL,SECONDARY,28,-4227.11,-2.142875,13.629,,,-0.0,0.00162,SECONDARY,False
Season 2:@GOLD_Trend_GLD:2025-09-17:GLD:2026-03-11,Season 2,@GOLD_Trend_GLD,GLD,,long,4,1561.25,2025-09-17,390.311711,VENUE-SIMULATED-FILL,MODELLED,2026-03-11,476.12,VENUE-SIMULATED-FILL,MODELLED,175,343.21,21.983071,0.0248,,,,,MODELLED,False
Live Book (rehearsal):@GoldVsRealRate_Live:2026-02-11:GLD:2026-03-11,Live Book (rehearsal),@GoldVsRealRate_Live,GLD,,long,240,110567.13,2026-02-11,460.696364,VENUE-SIMULATED-FILL,SECONDARY,2026-03-11,476.11,VENUE-SIMULATED-FILL,SECONDARY,28,3697.79,3.344385,1.4868,,,0.42,0.00071,SECONDARY,False
Live Book (rehearsal):@KitchenSink_Official:2026-03-10:SPY:2026-03-11,Live Book (rehearsal),@KitchenSink_Official,SPY,,long,40,27108.8,2026-03-10,677.72,VENUE-SIMULATED-FILL,SECONDARY,2026-03-11,677.58,VENUE-SIMULATED-FILL,SECONDARY,1,-5.85,-0.02158,0.2478,,,0.0,0.0001,SECONDARY,False
Season 1:@OneBigBet_Concentra:2026-03-10:META:2026-03-11,Season 1,@OneBigBet_Concentra,META,,long,248,294266.88,2026-03-10,1186.56,VENUE-SIMULATED-FILL,MODELLED,2026-03-11,1196.49,VENUE-SIMULATED-FILL,MODELLED,1,2461.1,0.83635,1.5364,,,,,MODELLED,False
Season 1:@OvernightCarry_NO:2026-03-10:SPY:2026-03-11,Season 1,@OvernightCarry_NO,SPY,,long,22,14877.94,2026-03-10,676.27,VENUE-SIMULATED-FILL,MODELLED,2026-03-11,676.77,VENUE-SIMULATED-FILL,MODELLED,1,10.86,0.072994,0.1363,,,,,MODELLED,False
Season 1:@SpreadHarvester_MM:2026-03-10:NVDA:2026-03-11,Season 1,@SpreadHarvester_MM,NVDA,,short,99,25786.53,2026-03-10,260.47,VENUE-SIMULATED-FILL,MODELLED,2026-03-11,261.8,VENUE-SIMULATED-FILL,MODELLED,1,-131.29,-0.509142,-0.3767,,,,,MODELLED,False
Season 1:@SpreadHarvester_MM:2026-03-11:NVDA:2026-03-11,Season 1,@SpreadHarvester_MM,NVDA,,long,98,25656.4,2026-03-11,261.8,VENUE-SIMULATED-FILL,MODELLED,2026-03-11,261.84,VENUE-SIMULATED-FILL,MODELLED,0,4.29,0.016721,-0.3729,,,,,MODELLED,False
Season 1:@TrendSurfer_GoldenX:2025-09-17:NVDA:2026-03-11,Season 1,@TrendSurfer_GoldenX,NVDA,,long,4,799.86,2025-09-17,199.966174,VENUE-SIMULATED-FILL,MODELLED,2026-03-11,261.81,VENUE-SIMULATED-FILL,MODELLED,175,247.35,30.92398,0.0248,,,,,MODELLED,False
Live Book (rehearsal):@CurveSteepener_MaxBeta:2026-02-11:TLT:2026-03-12,Live Book (rehearsal),@CurveSteepener_MaxBeta,TLT,,long,100,8966.52,2026-02-11,89.665217,VENUE-SIMULATED-FILL,SECONDARY,2026-03-12,86.91,VENUE-SIMULATED-FILL,SECONDARY,29,-276.14,-3.079678,0.6195,,,0.0,0.00162,SECONDARY,False
Season 2:@FDACatalyst_Rider:2026-02-10:XBI:2026-03-12,Season 2,@FDACatalyst_Rider,XBI,,long,10,1273.58,2026-02-10,127.357771,VENUE-SIMULATED-FILL,MODELLED,2026-03-12,124.75,VENUE-SIMULATED-FILL,MODELLED,30,-26.14,-2.052486,0.0619,,,,,MODELLED,False
Season 2:@FDA_ClusterFade:2026-01-12:XBI:2026-03-12,Season 2,@FDA_ClusterFade,XBI,,long,1,124.13,2026-01-12,124.131598,VENUE-SIMULATED-FILL,MODELLED,2026-03-12,124.74,VENUE-SIMULATED-FILL,MODELLED,59,0.6,0.483358,0.0062,,,,,MODELLED,False
Season 1:@GapAndGo_YOLO:2026-03-12:CVNA:2026-03-12,Season 1,@GapAndGo_YOLO,CVNA,,long,36,13384.44,2026-03-12,371.79,VENUE-SIMULATED-FILL,MODELLED,2026-03-12,396.12,VENUE-SIMULATED-FILL,MODELLED,0,875.66,6.542373,0.223,,,,,MODELLED,False
Season 1:@GapAndGo_YOLO:2026-03-12:RIVN:2026-03-12,Season 1,@GapAndGo_YOLO,RIVN,,long,586,13565.9,2026-03-12,23.15,VENUE-SIMULATED-FILL,MODELLED,2026-03-12,20.74,VENUE-SIMULATED-FILL,MODELLED,0,-1415.89,-10.437125,3.6303,,,,,MODELLED,False
Season 1:@GapAndGo_YOLO:2026-03-12:TSLA:2026-03-12,Season 1,@GapAndGo_YOLO,TSLA,,long,40,13377.2,2026-03-12,334.43,VENUE-SIMULATED-FILL,MODELLED,2026-03-12,301.82,VENUE-SIMULATED-FILL,MODELLED,0,-1304.65,-9.752788,0.2478,,,,,MODELLED,False
Live Book (rehearsal):@KitchenSink_Official:2026-03-10:SPY:2026-03-12,Live Book (rehearsal),@KitchenSink_Official,SPY,,long,40,27108.8,2026-03-10,677.72,VENUE-SIMULATED-FILL,SECONDARY,2026-03-12,671.15,VENUE-SIMULATED-FILL,SECONDARY,2,-263.05,-0.970349,0.2478,,,0.149,0.0001,SECONDARY,False
Season 1:@OneBigBet_Concentra:2026-03-10:META:2026-03-12,Season 1,@OneBigBet_Concentra,META,,long,2,2386.44,2026-03-10,1193.22,VENUE-SIMULATED-FILL,MODELLED,2026-03-12,1235.73,VENUE-SIMULATED-FILL,MODELLED,2,85.01,3.56221,0.0124,,,,,MODELLED,False
Season 1:@OvernightCarry_NO:2026-03-10:SPY:2026-03-12,Season 1,@OvernightCarry_NO,SPY,,long,281,189872.27,2026-03-10,675.702021,VENUE-SIMULATED-FILL,MODELLED,2026-03-12,672.38,VENUE-SIMULATED-FILL,MODELLED,2,-935.23,-0.492557,1.7408,,,,,MODELLED,False
Season 1:@SpreadHarvester_MM:2026-03-11:NVDA:2026-03-12,Season 1,@SpreadHarvester_MM,NVDA,,short,97,25398.48,2026-03-11,261.84,VENUE-SIMULATED-FILL,MODELLED,2026-03-12,226.9,VENUE-SIMULATED-FILL,MODELLED,1,3389.55,13.345484,-0.3691,,,,,MODELLED,False
Season 1:@SpreadHarvester_MM:2026-03-12:NVDA:2026-03-12,Season 1,@SpreadHarvester_MM,NVDA,,long,96,21782.4,2026-03-12,226.9,VENUE-SIMULATED-FILL,MODELLED,2026-03-12,226.94,VENUE-SIMULATED-FILL,MODELLED,0,4.21,0.019328,-0.3653,,,,,MODELLED,False
Season 1:@VIXRegime_Timer:2025-09-17:SPY:2026-03-12,Season 1,@VIXRegime_Timer,SPY,,long,2,1358.95,2025-09-17,679.475773,VENUE-SIMULATED-FILL,MODELLED,2026-03-12,672.38,VENUE-SIMULATED-FILL,MODELLED,176,-14.2,-1.044923,0.0124,,,,,MODELLED,False
Season 2:@YieldCurve_Rotator:2025-09-17:TLT:2026-03-12,Season 2,@YieldCurve_Rotator,TLT,,long,17,1541.9,2025-09-17,90.70016,VENUE-SIMULATED-FILL,MODELLED,2026-03-12,86.91,VENUE-SIMULATED-FILL,MODELLED,176,-64.54,-4.185737,0.1053,,,,,MODELLED,False
Season 2:@FDACatalyst_Rider:2026-02-10:XBI:2026-03-13,Season 2,@FDACatalyst_Rider,XBI,,long,14,1783.01,2026-02-10,127.357771,VENUE-SIMULATED-FILL,MODELLED,2026-03-13,123.43,VENUE-SIMULATED-FILL,MODELLED,31,-55.08,-3.08916,0.0867,,,,,MODELLED,False
Season 2:@GOLD_Trend_GLD:2025-09-17:GLD:2026-03-13,Season 2,@GOLD_Trend_GLD,GLD,,long,9,3512.81,2025-09-17,390.311711,VENUE-SIMULATED-FILL,MODELLED,2026-03-13,469.3,VENUE-SIMULATED-FILL,MODELLED,177,710.84,20.235678,0.0558,,,,,MODELLED,False
Season 1:@GapAndGo_YOLO:2026-03-13:AMZN:2026-03-13,Season 1,@GapAndGo_YOLO,AMZN,,long,57,12746.34,2026-03-13,223.62,VENUE-SIMULATED-FILL,MODELLED,2026-03-13,214.61,VENUE-SIMULATED-FILL,MODELLED,0,-513.92,-4.031902,0.3531,,,,,MODELLED,False
Season 1:@GapAndGo_YOLO:2026-03-13:CVNA:2026-03-13,Season 1,@GapAndGo_YOLO,CVNA,,long,31,12491.14,2026-03-13,402.94,VENUE-SIMULATED-FILL,MODELLED,2026-03-13,414.24,VENUE-SIMULATED-FILL,MODELLED,0,350.11,2.802867,0.192,,,,,MODELLED,False
Season 1:@GapAndGo_YOLO:2026-03-13:GOOGL:2026-03-13,Season 1,@GapAndGo_YOLO,GOOGL,,long,52,12638.08,2026-03-13,243.04,VENUE-SIMULATED-FILL,MODELLED,2026-03-13,240.79,VENUE-SIMULATED-FILL,MODELLED,0,-117.32,-0.928306,0.3221,,,,,MODELLED,False
Season 1:@GapAndGo_YOLO:2026-03-13:TSLA:2026-03-13,Season 1,@GapAndGo_YOLO,TSLA,,long,41,12644.81,2026-03-13,308.41,VENUE-SIMULATED-FILL,MODELLED,2026-03-13,265.08,VENUE-SIMULATED-FILL,MODELLED,0,-1776.78,-14.051457,0.254,,,,,MODELLED,False
Season 1:@OneBigBet_Concentra:2026-03-10:META:2026-03-13,Season 1,@OneBigBet_Concentra,META,,long,1,1193.22,2026-03-10,1193.22,VENUE-SIMULATED-FILL,MODELLED,2026-03-13,1223.94,VENUE-SIMULATED-FILL,MODELLED,3,30.71,2.573708,0.0062,,,,,MODELLED,False
Season 1:@OvernightCarry_NO:2026-03-10:SPY:2026-03-13,Season 1,@OvernightCarry_NO,SPY,,long,23,15314.72,2026-03-10,665.857479,VENUE-SIMULATED-FILL,MODELLED,2026-03-13,663.6,VENUE-SIMULATED-FILL,MODELLED,3,-52.06,-0.339934,0.1425,,,,,MODELLED,False
Season 2:@PinePilot_EMA_Cross:2025-09-17:IWM:2026-03-13,Season 2,@PinePilot_EMA_Cross,IWM,,long,254,61245.14,2025-09-17,241.122586,VENUE-SIMULATED-FILL,MODELLED,2026-03-13,249.25,VENUE-SIMULATED-FILL,MODELLED,177,2062.79,3.368088,1.5735,,,,,MODELLED,False
Season 2:@PinePilot_EMA_Cross:2025-09-17:QQQ:2026-03-13,Season 2,@PinePilot_EMA_Cross,QQQ,,long,110,65377.61,2025-09-17,594.341881,VENUE-SIMULATED-FILL,MODELLED,2026-03-13,599.72,VENUE-SIMULATED-FILL,MODELLED,177,590.91,0.903842,0.6815,,,,,MODELLED,False
Season 2:@PinePilot_EMA_Cross:2025-09-17:SPY:2026-03-13,Season 2,@PinePilot_EMA_Cross,SPY,,long,94,62384.48,2025-09-17,663.664674,VENUE-SIMULATED-FILL,MODELLED,2026-03-13,669.27,VENUE-SIMULATED-FILL,MODELLED,177,526.32,0.843671,0.5823,,,,,MODELLED,False
Season 1:@SpreadHarvester_MM:2026-03-12:NVDA:2026-03-13,Season 1,@SpreadHarvester_MM,NVDA,,short,95,21559.3,2026-03-12,226.94,VENUE-SIMULATED-FILL,MODELLED,2026-03-13,231.11,VENUE-SIMULATED-FILL,MODELLED,1,-395.79,-1.83582,-0.3615,,,,,MODELLED,False
Season 1:@SpreadHarvester_MM:2026-03-13:NVDA:2026-03-13,Season 1,@SpreadHarvester_MM,NVDA,,long,152,35128.72,2026-03-13,231.11,VENUE-SIMULATED-FILL,MODELLED,2026-03-13,231.15,VENUE-SIMULATED-FILL,MODELLED,0,6.66,0.018959,-0.5784,,,,,MODELLED,False
Season 1:@VIXRegime_Timer:2025-09-17:SPY:2026-03-13,Season 1,@VIXRegime_Timer,SPY,,long,5,3397.38,2025-09-17,679.475773,VENUE-SIMULATED-FILL,MODELLED,2026-03-13,663.6,VENUE-SIMULATED-FILL,MODELLED,177,-79.41,-2.33739,0.031,,,,,MODELLED,False
Season 2:@GOLD_Trend_GLD:2025-09-17:GLD:2026-03-16,Season 2,@GOLD_Trend_GLD,GLD,,long,12,4683.74,2025-09-17,390.311711,VENUE-SIMULATED-FILL,MODELLED,2026-03-16,461.26,VENUE-SIMULATED-FILL,MODELLED,180,851.31,18.175857,0.0743,,,,,MODELLED,False
Season 1:@GapAndGo_YOLO:2026-03-16:CVNA:2026-03-16,Season 1,@GapAndGo_YOLO,CVNA,,long,28,11957.96,2026-03-16,427.07,VENUE-SIMULATED-FILL,MODELLED,2026-03-16,414.65,VENUE-SIMULATED-FILL,MODELLED,0,-347.93,-2.90961,0.1735,,,,,MODELLED,False
Season 1:@GapAndGo_YOLO:2026-03-16:RIVN:2026-03-16,Season 1,@GapAndGo_YOLO,RIVN,,long,561,11994.18,2026-03-16,21.38,VENUE-SIMULATED-FILL,MODELLED,2026-03-16,20.23,VENUE-SIMULATED-FILL,MODELLED,0,-648.63,-5.407873,3.4754,,,,,MODELLED,False
Live Book (rehearsal):@GoldVsRealRate_Live:2026-02-11:GLD:2026-03-16,Live Book (rehearsal),@GoldVsRealRate_Live,GLD,,long,160,73711.42,2026-02-11,460.696364,VENUE-SIMULATED-FILL,SECONDARY,2026-03-16,461.25,VENUE-SIMULATED-FILL,SECONDARY,33,87.59,0.118828,0.9912,,,0.433,0.00071,SECONDARY,False
Live Book (rehearsal):@NasdaqMomentum_Max:2025-09-18:QQQ:2026-03-16,Live Book (rehearsal),@NasdaqMomentum_Max,QQQ,,long,240,143042.06,2025-09-18,596.008571,VENUE-SIMULATED-FILL,SECONDARY,2026-03-16,600.03,VENUE-SIMULATED-FILL,SECONDARY,179,963.66,0.67369,1.4868,,,0.166,0.00026,SECONDARY,False
Season 1:@OvernightCarry_NO:2026-03-13:SPY:2026-03-16,Season 1,@OvernightCarry_NO,SPY,,long,283,187170.54,2026-03-13,661.38,VENUE-SIMULATED-FILL,MODELLED,2026-03-16,662.28,VENUE-SIMULATED-FILL,MODELLED,3,252.95,0.135144,1.7532,,,,,MODELLED,False
Season 1:@OverreactionFade_LT:2026-03-12:CVNA:2026-03-16,Season 1,@OverreactionFade_LT,CVNA,,long,138,51309.78,2026-03-12,371.81,VENUE-SIMULATED-FILL,MODELLED,2026-03-16,426.95,VENUE-SIMULATED-FILL,MODELLED,4,7608.47,14.828499,0.8549,,,,,MODELLED,False
Season 1:@SpreadHarvester_MM:2026-03-05:TSLA:2026-03-16,Season 1,@SpreadHarvester_MM,TSLA,,short,249,78561.19,2026-03-05,315.506787,VENUE-SIMULATED-FILL,MODELLED,2026-03-16,264.95,VENUE-SIMULATED-FILL,MODELLED,11,12589.59,16.025203,-0.9474,,,,,MODELLED,False
Season 1:@SpreadHarvester_MM:2026-03-13:NVDA:2026-03-16,Season 1,@SpreadHarvester_MM,NVDA,,short,107,24733.05,2026-03-13,231.15,VENUE-SIMULATED-FILL,MODELLED,2026-03-16,234.67,VENUE-SIMULATED-FILL,MODELLED,3,-376.23,-1.521163,-0.4071,,,,,MODELLED,False
Season 1:@SpreadHarvester_MM:2026-03-16:NVDA:2026-03-16,Season 1,@SpreadHarvester_MM,NVDA,,long,175,41067.25,2026-03-16,234.67,VENUE-SIMULATED-FILL,MODELLED,2026-03-16,234.71,VENUE-SIMULATED-FILL,MODELLED,0,7.67,0.018677,-0.6659,,,,,MODELLED,False
Season 1:@SpreadHarvester_MM:2026-03-16:TSLA:2026-03-16,Season 1,@SpreadHarvester_MM,TSLA,,long,1,264.95,2026-03-16,264.95,VENUE-SIMULATED-FILL,MODELLED,2026-03-16,264.99,VENUE-SIMULATED-FILL,MODELLED,0,0.04,0.015097,-0.0038,,,,,MODELLED,False
Season 1:@DriftRider_PEAD:2026-02-24:UNH:2026-03-17,Season 1,@DriftRider_PEAD,UNH,,short,117,34419.06,2026-02-24,294.18,VENUE-SIMULATED-FILL,MODELLED,2026-03-17,261.8,VENUE-SIMULATED-FILL,MODELLED,21,3787.74,11.004775,0.7248,,,,,MODELLED,False
Season 1:@GapAndGo_YOLO:2026-03-17:CVNA:2026-03-17,Season 1,@GapAndGo_YOLO,CVNA,,long,27,11567.61,2026-03-17,428.43,VENUE-SIMULATED-FILL,MODELLED,2026-03-17,397.44,VENUE-SIMULATED-FILL,MODELLED,0,-836.9,-7.234857,0.1673,,,,,MODELLED,False
Season 1:@GapAndGo_YOLO:2026-03-17:RIVN:2026-03-17,Season 1,@GapAndGo_YOLO,RIVN,,long,558,11600.82,2026-03-17,20.79,VENUE-SIMULATED-FILL,MODELLED,2026-03-17,19.92,VENUE-SIMULATED-FILL,MODELLED,0,-488.92,-4.21453,3.4568,,,,,MODELLED,False
Season 1:@GapAndGo_YOLO:2026-03-17:TSLA:2026-03-17,Season 1,@GapAndGo_YOLO,TSLA,,long,41,11354.54,2026-03-17,276.94,VENUE-SIMULATED-FILL,MODELLED,2026-03-17,275.57,VENUE-SIMULATED-FILL,MODELLED,0,-56.42,-0.496894,0.254,,,,,MODELLED,False
Live Book (rehearsal):@GoldVsRealRate_Live:2026-03-16:TLT:2026-03-17,Live Book (rehearsal),@GoldVsRealRate_Live,TLT,,long,600,52314.0,2026-03-16,87.19,VENUE-SIMULATED-FILL,SECONDARY,2026-03-17,87.36,VENUE-SIMULATED-FILL,SECONDARY,1,98.28,0.187866,3.717,,,0.0,0.00187,SECONDARY,False
Season 1:@OvernightCarry_NO:2026-03-13:SPY:2026-03-17,Season 1,@OvernightCarry_NO,SPY,,long,25,16695.56,2026-03-13,667.822308,VENUE-SIMULATED-FILL,MODELLED,2026-03-17,663.92,VENUE-SIMULATED-FILL,MODELLED,4,-97.71,-0.585245,0.1549,,,,,MODELLED,False
Season 1:@OverreactionFade_LT:2026-03-12:RIVN:2026-03-17,Season 1,@OverreactionFade_LT,RIVN,,long,2239,51855.24,2026-03-12,23.16,VENUE-SIMULATED-FILL,MODELLED,2026-03-17,20.78,VENUE-SIMULATED-FILL,MODELLED,5,-5342.69,-10.303086,13.8706,,,,,MODELLED,False
Live Book (rehearsal):@SOFRPivot_Rider:2026-03-04:SPY:2026-03-17,Live Book (rehearsal),@SOFRPivot_Rider,SPY,,long,80,54531.2,2026-03-04,681.64,VENUE-SIMULATED-FILL,SECONDARY,2026-03-17,672.39,VENUE-SIMULATED-FILL,SECONDARY,13,-740.5,-1.357938,0.4956,,,0.0,0.0001,SECONDARY,False
Season 1:@SpreadHarvester_MM:2026-03-16:NVDA:2026-03-17,Season 1,@SpreadHarvester_MM,NVDA,,short,107,25113.97,2026-03-16,234.71,VENUE-SIMULATED-FILL,MODELLED,2026-03-17,241.57,VENUE-SIMULATED-FILL,MODELLED,1,-733.61,-2.921123,-0.4071,,,,,MODELLED,False
Season 1:@SpreadHarvester_MM:2026-03-17:NVDA:2026-03-17,Season 1,@SpreadHarvester_MM,NVDA,,long,158,38168.06,2026-03-17,241.57,VENUE-SIMULATED-FILL,MODELLED,2026-03-17,241.61,VENUE-SIMULATED-FILL,MODELLED,0,6.92,0.01813,-0.6012,,,,,MODELLED,False
Season 1:@VIXRegime_Timer:2025-09-17:SPY:2026-03-17,Season 1,@VIXRegime_Timer,SPY,,long,79,53678.59,2025-09-17,679.475773,VENUE-SIMULATED-FILL,MODELLED,2026-03-17,663.92,VENUE-SIMULATED-FILL,MODELLED,181,-1229.4,-2.290299,0.4894,,,,,MODELLED,False
Season 1:@BetaChaser_3xProxy:2025-09-17:CVNA:2026-03-18,Season 1,@BetaChaser_3xProxy,CVNA,,long,34,9346.27,2025-09-17,274.890292,VENUE-SIMULATED-FILL,MODELLED,2026-03-18,400.58,VENUE-SIMULATED-FILL,MODELLED,182,4273.24,45.721342,0.2106,,,,,MODELLED,False
Season 1:@BetaChaser_3xProxy:2025-09-17:NVDA:2026-03-18,Season 1,@BetaChaser_3xProxy,NVDA,,long,25,5043.73,2025-09-17,201.74913,VENUE-SIMULATED-FILL,MODELLED,2026-03-18,249.45,VENUE-SIMULATED-FILL,MODELLED,182,1192.37,23.640647,0.1549,,,,,MODELLED,False
Official Auction Book:@ConcessionFade_Notes:2026-03-10:91282CQE4:2026-03-18,Official Auction Book,@ConcessionFade_Notes,91282CQE4,3-Year,long,91200.0,9099679.36,2026-03-10,99.777186,PRIMARY-AUCTION,OFFICIAL,2026-03-18,99.268856,SECONDARY-CURVE,OFFICIAL-DERIVED,8,-463.6,-0.005095,0.0,0.0,0.0,,,OFFICIAL-DERIVED,False
Live Book (rehearsal):@DowNasdaq_SpreadMax:2025-12-15:SPY:2026-03-18,Live Book (rehearsal),@DowNasdaq_SpreadMax,SPY,,long,80,54686.18,2025-12-15,683.577222,VENUE-SIMULATED-FILL,SECONDARY,2026-03-18,668.35,VENUE-SIMULATED-FILL,SECONDARY,93,-1218.67,-2.228479,0.4956,,,0.149,9e-05,SECONDARY,False
Season 2:@GOLD_Trend_GLD:2025-09-17:GLD:2026-03-18,Season 2,@GOLD_Trend_GLD,GLD,,long,21,8196.55,2025-09-17,390.311711,VENUE-SIMULATED-FILL,MODELLED,2026-03-18,446.65,VENUE-SIMULATED-FILL,MODELLED,182,1182.97,14.432543,0.1301,,,,,MODELLED,False
Season 1:@GapAndGo_YOLO:2026-03-18:NVDA:2026-03-18,Season 1,@GapAndGo_YOLO,NVDA,,long,44,10976.68,2026-03-18,249.47,VENUE-SIMULATED-FILL,MODELLED,2026-03-18,252.64,VENUE-SIMULATED-FILL,MODELLED,0,139.21,1.268234,0.2726,,,,,MODELLED,False
Live Book (rehearsal):@GoldVsRealRate_Live:2026-02-11:GLD:2026-03-18,Live Book (rehearsal),@GoldVsRealRate_Live,GLD,,long,120,55268.59,2026-02-11,460.571591,VENUE-SIMULATED-FILL,SECONDARY,2026-03-18,446.64,VENUE-SIMULATED-FILL,SECONDARY,35,-1672.53,-3.026185,0.7434,,,0.448,0.00071,SECONDARY,False
Season 1:@OvernightCarry_NO:2026-03-13:SPY:2026-03-18,Season 1,@OvernightCarry_NO,SPY,,long,282,188867.58,2026-03-13,669.743188,VENUE-SIMULATED-FILL,MODELLED,2026-03-18,668.0,VENUE-SIMULATED-FILL,MODELLED,5,-493.33,-0.261204,1.747,,,,,MODELLED,False
Live Book (rehearsal):@SOFRPivot_Rider:2026-03-17:TLT:2026-03-18,Live Book (rehearsal),@SOFRPivot_Rider,TLT,,long,600,52422.0,2026-03-17,87.37,VENUE-SIMULATED-FILL,SECONDARY,2026-03-18,87.36,VENUE-SIMULATED-FILL,SECONDARY,1,-9.72,-0.018542,3.717,,,0.0,0.00358,SECONDARY,False
Season 1:@SpreadHarvester_MM:2026-03-17:NVDA:2026-03-18,Season 1,@SpreadHarvester_MM,NVDA,,short,94,22711.34,2026-03-17,241.61,VENUE-SIMULATED-FILL,MODELLED,2026-03-18,249.44,VENUE-SIMULATED-FILL,MODELLED,1,-735.66,-3.239175,-0.3577,,,,,MODELLED,False
Live Book (rehearsal):@CurveSteepener_MaxBeta:2026-03-12:SPY:2026-03-19,Live Book (rehearsal),@CurveSteepener_MaxBeta,SPY,,long,120,80482.8,2026-03-12,670.69,VENUE-SIMULATED-FILL,SECONDARY,2026-03-19,656.96,VENUE-SIMULATED-FILL,SECONDARY,7,-1648.34,-2.048065,0.7434,,,0.152,0.00011,SECONDARY,False
Season 1:@DriftRider_PEAD:2026-02-26:META:2026-03-19,Season 1,@DriftRider_PEAD,META,,long,26,33620.86,2026-02-26,1293.11,VENUE-SIMULATED-FILL,MODELLED,2026-03-19,1142.55,VENUE-SIMULATED-FILL,MODELLED,21,-3914.72,-11.643724,0.1611,,,,,MODELLED,False
Season 1:@DriftRider_PEAD:2026-02-26:NVDA:2026-03-19,Season 1,@DriftRider_PEAD,NVDA,,short,130,35105.2,2026-02-26,270.04,VENUE-SIMULATED-FILL,MODELLED,2026-03-19,254.26,VENUE-SIMULATED-FILL,MODELLED,21,2050.59,5.841271,0.8053,,,,,MODELLED,False
Season 2:@FDACatalyst_Rider:2026-02-10:XBI:2026-03-19,Season 2,@FDACatalyst_Rider,XBI,,long,34,4330.16,2026-02-10,127.357771,VENUE-SIMULATED-FILL,MODELLED,2026-03-19,120.29,VENUE-SIMULATED-FILL,MODELLED,37,-240.51,-5.554293,0.2106,,,,,MODELLED,False
Season 2:@FDACatalyst_Rider:2026-03-12:IBB:2026-03-19,Season 2,@FDACatalyst_Rider,IBB,,long,7,1188.53,2026-03-12,169.79,VENUE-SIMULATED-FILL,MODELLED,2026-03-19,162.89,VENUE-SIMULATED-FILL,MODELLED,7,-48.34,-4.067209,0.0434,,,,,MODELLED,False
Season 2:@GOLD_Trend_GLD:2025-09-17:GLD:2026-03-19,Season 2,@GOLD_Trend_GLD,GLD,,long,692,270095.7,2025-09-17,390.311711,VENUE-SIMULATED-FILL,MODELLED,2026-03-19,420.33,VENUE-SIMULATED-FILL,MODELLED,183,20768.37,7.689263,4.2869,,,,,MODELLED,False
Season 1:@GapAndGo_YOLO:2026-03-19:RIVN:2026-03-19,Season 1,@GapAndGo_YOLO,RIVN,,long,564,11105.16,2026-03-19,19.69,VENUE-SIMULATED-FILL,MODELLED,2026-03-19,20.8,VENUE-SIMULATED-FILL,MODELLED,0,622.55,5.605953,3.494,,,,,MODELLED,False
Live Book (rehearsal):@NasdaqMomentum_Max:2025-09-18:QQQ:2026-03-19,Live Book (rehearsal),@NasdaqMomentum_Max,QQQ,,long,200,120281.29,2025-09-18,601.406429,VENUE-SIMULATED-FILL,SECONDARY,2026-03-19,589.51,VENUE-SIMULATED-FILL,SECONDARY,182,-2380.52,-1.979127,1.239,,,0.0,0.00026,SECONDARY,False
Season 1:@OvernightCarry_NO:2026-03-13:SPY:2026-03-19,Season 1,@OvernightCarry_NO,SPY,,long,22,14542.97,2026-03-13,661.044236,VENUE-SIMULATED-FILL,MODELLED,2026-03-19,657.92,VENUE-SIMULATED-FILL,MODELLED,6,-68.87,-0.473562,0.1363,,,,,MODELLED,False
Season 1:@OverreactionFade_LT:2026-03-16:META:2026-03-19,Season 1,@OverreactionFade_LT,META,,long,46,53168.18,2026-03-16,1155.83,VENUE-SIMULATED-FILL,MODELLED,2026-03-19,1142.55,VENUE-SIMULATED-FILL,MODELLED,3,-611.16,-1.149485,0.285,,,,,MODELLED,False
Live Book (rehearsal):@SOFRPivot_Rider:2026-03-18:SPY:2026-03-19,Live Book (rehearsal),@SOFRPivot_Rider,SPY,,long,40,26734.4,2026-03-18,668.36,VENUE-SIMULATED-FILL,SECONDARY,2026-03-19,656.96,VENUE-SIMULATED-FILL,SECONDARY,1,-456.25,-1.706603,0.2478,,,0.152,0.0001,SECONDARY,False
Season 1:@SpreadHarvester_MM:2026-03-17:NVDA:2026-03-19,Season 1,@SpreadHarvester_MM,NVDA,,short,243,60521.33,2026-03-17,249.058971,VENUE-SIMULATED-FILL,MODELLED,2026-03-19,254.23,VENUE-SIMULATED-FILL,MODELLED,2,-1255.64,-2.074707,-0.9246,,,,,MODELLED,False
Season 1:@SpreadHarvester_MM:2026-03-19:NVDA:2026-03-19,Season 1,@SpreadHarvester_MM,NVDA,,long,14,3559.22,2026-03-19,254.23,VENUE-SIMULATED-FILL,MODELLED,2026-03-19,254.27,VENUE-SIMULATED-FILL,MODELLED,0,0.61,0.017139,-0.0533,,,,,MODELLED,False
Season 1:@DriftRider_PEAD:2026-02-26:META:2026-03-20,Season 1,@DriftRider_PEAD,META,,long,1,1293.11,2026-02-26,1293.11,VENUE-SIMULATED-FILL,MODELLED,2026-03-20,1160.55,VENUE-SIMULATED-FILL,MODELLED,22,-132.57,-10.252028,0.0062,,,,,MODELLED,False
Season 2:@FDA_ClusterFade:2026-03-12:XBI:2026-03-20,Season 2,@FDA_ClusterFade,XBI,,short,25,3112.3,2026-03-12,124.491963,VENUE-SIMULATED-FILL,MODELLED,2026-03-20,121.7,VENUE-SIMULATED-FILL,MODELLED,8,69.64,2.237574,0.1549,,,,,MODELLED,False
Season 1:@GapAndGo_YOLO:2026-03-20:RIVN:2026-03-20,Season 1,@GapAndGo_YOLO,RIVN,,long,537,11357.55,2026-03-20,21.15,VENUE-SIMULATED-FILL,MODELLED,2026-03-20,20.45,VENUE-SIMULATED-FILL,MODELLED,0,-379.23,-3.339012,3.3267,,,,,MODELLED,False
Live Book (rehearsal):@GoldVsRealRate_Live:2026-02-11:GLD:2026-03-20,Live Book (rehearsal),@GoldVsRealRate_Live,GLD,,long,40,18422.86,2026-02-11,460.571591,VENUE-SIMULATED-FILL,SECONDARY,2026-03-20,428.08,VENUE-SIMULATED-FILL,SECONDARY,37,-1299.91,-7.055961,0.2478,,,0.234,0.00071,SECONDARY,False
Official Auction Book:@LongBond_MaxDur:2025-10-15:912810UM8:2026-03-20,Official Auction Book,@LongBond_MaxDur,912810UM8,30-Year,long,885500.0,90125468.32,2025-10-15,101.779185,SECONDARY-CURVE,OFFICIAL,2026-03-20,96.755242,MARGIN-LIQUIDATION,OFFICIAL-DERIVED,156,-44487.02,-0.049361,0.0,0.0,0.0,,,OFFICIAL-DERIVED,False
Season 1:@OvernightCarry_NO:2026-03-19:SPY:2026-03-20,Season 1,@OvernightCarry_NO,SPY,,long,287,189081.34,2026-03-19,658.82,VENUE-SIMULATED-FILL,MODELLED,2026-03-20,659.35,VENUE-SIMULATED-FILL,MODELLED,1,150.33,0.079505,1.778,,,,,MODELLED,False
Season 1:@SpreadHarvester_MM:2026-03-16:TSLA:2026-03-20,Season 1,@SpreadHarvester_MM,TSLA,,short,249,65982.51,2026-03-16,264.99,VENUE-SIMULATED-FILL,MODELLED,2026-03-20,247.17,VENUE-SIMULATED-FILL,MODELLED,4,4438.13,6.726222,-0.9474,,,,,MODELLED,False
Season 1:@SpreadHarvester_MM:2026-03-19:NVDA:2026-03-20,Season 1,@SpreadHarvester_MM,NVDA,,short,243,61787.61,2026-03-19,254.27,VENUE-SIMULATED-FILL,MODELLED,2026-03-20,241.77,VENUE-SIMULATED-FILL,MODELLED,1,3038.42,4.917523,-0.9246,,,,,MODELLED,False
Season 1:@SpreadHarvester_MM:2026-03-20:NVDA:2026-03-20,Season 1,@SpreadHarvester_MM,NVDA,,long,44,10637.88,2026-03-20,241.77,VENUE-SIMULATED-FILL,MODELLED,2026-03-20,241.81,VENUE-SIMULATED-FILL,MODELLED,0,1.93,0.018143,-0.1674,,,,,MODELLED,False
Season 1:@SpreadHarvester_MM:2026-03-20:TSLA:2026-03-20,Season 1,@SpreadHarvester_MM,TSLA,,long,32,7909.44,2026-03-20,247.17,VENUE-SIMULATED-FILL,MODELLED,2026-03-20,247.21,VENUE-SIMULATED-FILL,MODELLED,0,1.4,0.0177,-0.1218,,,,,MODELLED,False
Season 1:@SqueezeHunter_TF:2026-03-18:AMZN:2026-03-20,Season 1,@SqueezeHunter_TF,AMZN,,long,214,50168.02,2026-03-18,234.43,VENUE-SIMULATED-FILL,MODELLED,2026-03-20,234.82,VENUE-SIMULATED-FILL,MODELLED,2,82.13,0.16371,1.3257,,,,,MODELLED,False
Live Book (rehearsal):@CurveSteepener_MaxBeta:2026-03-12:SPY:2026-03-23,Live Book (rehearsal),@CurveSteepener_MaxBeta,SPY,,long,40,26827.6,2026-03-12,670.69,VENUE-SIMULATED-FILL,SECONDARY,2026-03-23,658.07,VENUE-SIMULATED-FILL,SECONDARY,11,-505.05,-1.882576,0.2478,,,0.0,0.00011,SECONDARY,False
Season 1:@GapAndGo_YOLO:2026-03-23:RIVN:2026-03-23,Season 1,@GapAndGo_YOLO,RIVN,,long,537,11191.08,2026-03-23,20.84,VENUE-SIMULATED-FILL,MODELLED,2026-03-23,20.82,VENUE-SIMULATED-FILL,MODELLED,0,-14.07,-0.125725,3.3267,,,,,MODELLED,False
Live Book (rehearsal):@LeapStyle_AutoLiquidate:2025-09-18:TSLA:2026-03-23,Live Book (rehearsal),@LeapStyle_AutoLiquidate,TSLA,,long,400,172782.91,2025-09-18,431.957273,VENUE-SIMULATED-FILL,SECONDARY,2026-03-23,373.07,VENUE-SIMULATED-FILL,SECONDARY,186,-23557.39,-13.634097,2.478,,,0.536,0.00022,SECONDARY,False
Season 1:@MeanRev_Z2Sigma:2026-03-09:JPM:2026-03-23,Season 1,@MeanRev_Z2Sigma,JPM,,long,173,43025.1,2026-03-09,248.7,VENUE-SIMULATED-FILL,MODELLED,2026-03-23,234.86,VENUE-SIMULATED-FILL,MODELLED,14,-2395.39,-5.567425,1.0717,,,,,MODELLED,False
Season 1:@MeanRev_Z2Sigma:2026-03-09:MSFT:2026-03-23,Season 1,@MeanRev_Z2Sigma,MSFT,,long,67,42567.78,2026-03-09,635.34,VENUE-SIMULATED-FILL,MODELLED,2026-03-23,599.9,VENUE-SIMULATED-FILL,MODELLED,14,-2374.9,-5.579102,0.4151,,,,,MODELLED,False
Season 1:@MeanRev_Z2Sigma:2026-03-09:NVDA:2026-03-23,Season 1,@MeanRev_Z2Sigma,NVDA,,long,180,43245.0,2026-03-09,240.25,VENUE-SIMULATED-FILL,MODELLED,2026-03-23,234.73,VENUE-SIMULATED-FILL,MODELLED,14,-994.72,-2.300197,1.1151,,,,,MODELLED,False
Season 1:@OvernightCarry_NO:2026-03-20:SPY:2026-03-23,Season 1,@OvernightCarry_NO,SPY,,long,21,13625.64,2026-03-20,648.84,VENUE-SIMULATED-FILL,MODELLED,2026-03-23,649.19,VENUE-SIMULATED-FILL,MODELLED,3,7.22,0.052988,0.1301,,,,,MODELLED,False
Live Book (rehearsal):@SOFRPivot_Rider:2026-03-18:SPY:2026-03-23,Live Book (rehearsal),@SOFRPivot_Rider,SPY,,long,40,26734.4,2026-03-18,668.36,VENUE-SIMULATED-FILL,SECONDARY,2026-03-23,658.07,VENUE-SIMULATED-FILL,SECONDARY,5,-411.85,-1.540525,0.2478,,,0.0,0.0001,SECONDARY,False
Season 1:@SpreadHarvester_MM:2026-03-20:NVDA:2026-03-23,Season 1,@SpreadHarvester_MM,NVDA,,short,153,36996.93,2026-03-20,241.81,VENUE-SIMULATED-FILL,MODELLED,2026-03-23,234.72,VENUE-SIMULATED-FILL,MODELLED,3,1085.35,2.933622,-0.5822,,,,,MODELLED,False
Season 1:@SpreadHarvester_MM:2026-03-20:TSLA:2026-03-23,Season 1,@SpreadHarvester_MM,TSLA,,short,249,61555.29,2026-03-20,247.21,VENUE-SIMULATED-FILL,MODELLED,2026-03-23,243.33,VENUE-SIMULATED-FILL,MODELLED,3,967.07,1.571059,-0.9474,,,,,MODELLED,False
Season 1:@SpreadHarvester_MM:2026-03-23:NVDA:2026-03-23,Season 1,@SpreadHarvester_MM,NVDA,,long,150,35208.0,2026-03-23,234.72,VENUE-SIMULATED-FILL,MODELLED,2026-03-23,234.76,VENUE-SIMULATED-FILL,MODELLED,0,6.57,0.018661,-0.5707,,,,,MODELLED,False
Season 1:@SpreadHarvester_MM:2026-03-23:TSLA:2026-03-23,Season 1,@SpreadHarvester_MM,TSLA,,long,44,10706.52,2026-03-23,243.33,VENUE-SIMULATED-FILL,MODELLED,2026-03-23,243.37,VENUE-SIMULATED-FILL,MODELLED,0,1.93,0.018026,-0.1674,,,,,MODELLED,False
Season 1:@VIXRegime_Timer:2025-09-17:SPY:2026-03-23,Season 1,@VIXRegime_Timer,SPY,,long,1,674.21,2025-09-17,674.209028,VENUE-SIMULATED-FILL,MODELLED,2026-03-23,649.19,VENUE-SIMULATED-FILL,MODELLED,187,-25.03,-3.712498,0.0062,,,,,MODELLED,False
Official Auction Book:@BellyMeanReversion_FiveY:2026-03-23:91282CQD6:2026-03-24,Official Auction Book,@BellyMeanReversion_FiveY,91282CQD6,5-Year,long,947400.0,92835410.52,2026-03-23,97.989667,SECONDARY-CURVE,OFFICIAL,2026-03-24,97.635427,SECONDARY-CURVE,OFFICIAL-DERIVED,1,-3356.07,-0.003615,0.0,0.0,0.0,,,OFFICIAL-DERIVED,False
Season 2:@FDACatalyst_Rider:2026-02-10:XBI:2026-03-24,Season 2,@FDACatalyst_Rider,XBI,,long,14,1782.48,2026-02-10,127.319856,VENUE-SIMULATED-FILL,MODELLED,2026-03-24,120.26,VENUE-SIMULATED-FILL,MODELLED,42,-98.92,-5.549578,0.0867,,,,,MODELLED,False
Season 1:@GapAndGo_YOLO:2026-03-24:CVNA:2026-03-24,Season 1,@GapAndGo_YOLO,CVNA,,long,26,10797.02,2026-03-24,415.27,VENUE-SIMULATED-FILL,MODELLED,2026-03-24,383.84,VENUE-SIMULATED-FILL,MODELLED,0,-817.34,-7.570052,0.1611,,,,,MODELLED,False
Live Book (rehearsal):@LeapStyle_AutoLiquidate:2025-09-18:TSLA:2026-03-24,Live Book (rehearsal),@LeapStyle_AutoLiquidate,TSLA,,long,40,17278.29,2025-09-18,431.957273,VENUE-SIMULATED-FILL,SECONDARY,2026-03-24,376.55,VENUE-SIMULATED-FILL,SECONDARY,187,-2216.54,-12.828468,0.2478,,,0.266,0.00022,SECONDARY,False
Live Book (rehearsal):@NasdaqMomentum_Max:2025-09-18:QQQ:2026-03-24,Live Book (rehearsal),@NasdaqMomentum_Max,QQQ,,long,40,24056.26,2025-09-18,601.406429,VENUE-SIMULATED-FILL,SECONDARY,2026-03-24,584.8,VENUE-SIMULATED-FILL,SECONDARY,187,-664.5,-2.762275,0.2478,,,0.171,0.00026,SECONDARY,False
Season 1:@OvernightCarry_NO:2026-03-20:SPY:2026-03-24,Season 1,@OvernightCarry_NO,SPY,,long,293,192282.63,2026-03-20,656.254694,VENUE-SIMULATED-FILL,MODELLED,2026-03-24,656.37,VENUE-SIMULATED-FILL,MODELLED,4,31.97,0.016627,1.8151,,,,,MODELLED,False
Live Book (rehearsal):@SOFRPivot_Rider:2026-03-17:TLT:2026-03-24,Live Book (rehearsal),@SOFRPivot_Rider,TLT,,long,100,8737.0,2026-03-17,87.37,VENUE-SIMULATED-FILL,SECONDARY,2026-03-24,85.72,VENUE-SIMULATED-FILL,SECONDARY,7,-165.62,-1.895616,0.6195,,,0.0,0.00358,SECONDARY,False
Season 1:@SpreadHarvester_MM:2026-03-23:NVDA:2026-03-24,Season 1,@SpreadHarvester_MM,NVDA,,short,153,35918.28,2026-03-23,234.76,VENUE-SIMULATED-FILL,MODELLED,2026-03-24,244.52,VENUE-SIMULATED-FILL,MODELLED,1,-1492.7,-4.155823,-0.5822,,,,,MODELLED,False
Season 1:@SpreadHarvester_MM:2026-03-23:TSLA:2026-03-24,Season 1,@SpreadHarvester_MM,TSLA,,short,249,60599.13,2026-03-23,243.37,VENUE-SIMULATED-FILL,MODELLED,2026-03-24,235.0,VENUE-SIMULATED-FILL,MODELLED,1,2085.08,3.440775,-0.9475,,,,,MODELLED,False
Season 1:@SpreadHarvester_MM:2026-03-24:NVDA:2026-03-24,Season 1,@SpreadHarvester_MM,NVDA,,long,137,33499.24,2026-03-24,244.52,VENUE-SIMULATED-FILL,MODELLED,2026-03-24,244.56,VENUE-SIMULATED-FILL,MODELLED,0,6.0,0.017911,-0.5213,,,,,MODELLED,False
Season 1:@SpreadHarvester_MM:2026-03-24:TSLA:2026-03-24,Season 1,@SpreadHarvester_MM,TSLA,,long,53,12455.0,2026-03-24,235.0,VENUE-SIMULATED-FILL,MODELLED,2026-03-24,235.04,VENUE-SIMULATED-FILL,MODELLED,0,2.32,0.018627,-0.2017,,,,,MODELLED,False
Season 1:@BetaChaser_3xProxy:2025-09-17:CVNA:2026-03-25,Season 1,@BetaChaser_3xProxy,CVNA,,long,16,4398.24,2025-09-17,274.890292,VENUE-SIMULATED-FILL,MODELLED,2026-03-25,386.81,VENUE-SIMULATED-FILL,MODELLED,189,1790.62,40.712151,0.0991,,,,,MODELLED,False
Season 1:@BetaChaser_3xProxy:2025-09-17:NVDA:2026-03-25,Season 1,@BetaChaser_3xProxy,NVDA,,long,20,4034.98,2025-09-17,201.74913,VENUE-SIMULATED-FILL,MODELLED,2026-03-25,234.38,VENUE-SIMULATED-FILL,MODELLED,189,652.49,16.170826,0.1239,,,,,MODELLED,False
Season 1:@BetaChaser_3xProxy:2025-09-17:RIVN:2026-03-25,Season 1,@BetaChaser_3xProxy,RIVN,,long,210,3865.65,2025-09-17,18.407877,VENUE-SIMULATED-FILL,MODELLED,2026-03-25,19.41,VENUE-SIMULATED-FILL,MODELLED,189,209.14,5.41021,1.301,,,,,MODELLED,False
Live Book (rehearsal):@DowNasdaq_SpreadMax:2026-03-19:QQQ:2026-03-25,Live Book (rehearsal),@DowNasdaq_SpreadMax,QQQ,,long,80,47202.67,2026-03-19,590.033333,VENUE-SIMULATED-FILL,SECONDARY,2026-03-25,589.14,VENUE-SIMULATED-FILL,SECONDARY,6,-71.96,-0.152449,0.4956,,,0.0,0.00011,SECONDARY,False
Season 2:@FDA_ClusterFade:2026-03-12:XBI:2026-03-25,Season 2,@FDA_ClusterFade,XBI,,short,17,2114.71,2026-03-12,124.394452,VENUE-SIMULATED-FILL,MODELLED,2026-03-25,121.24,VENUE-SIMULATED-FILL,MODELLED,13,53.52,2.530849,0.1053,,,,,MODELLED,False
Season 1:@GapAndGo_YOLO:2026-03-25:TSLA:2026-03-25,Season 1,@GapAndGo_YOLO,TSLA,,long,48,10765.44,2026-03-25,224.28,VENUE-SIMULATED-FILL,MODELLED,2026-03-25,232.09,VENUE-SIMULATED-FILL,MODELLED,0,374.58,3.479468,0.2974,,,,,MODELLED,False
Season 1:@OvernightCarry_NO:2026-03-20:SPY:2026-03-25,Season 1,@OvernightCarry_NO,SPY,,long,18,11771.07,2026-03-20,653.948142,VENUE-SIMULATED-FILL,MODELLED,2026-03-25,654.59,VENUE-SIMULATED-FILL,MODELLED,5,11.44,0.097187,0.1115,,,,,MODELLED,False
Season 1:@OverreactionFade_LT:2026-03-20:NVDA:2026-03-25,Season 1,@OverreactionFade_LT,NVDA,,long,216,52228.8,2026-03-20,241.8,VENUE-SIMULATED-FILL,MODELLED,2026-03-25,234.38,VENUE-SIMULATED-FILL,MODELLED,5,-1604.06,-3.071217,1.3381,,,,,MODELLED,False
Season 1:@SpreadHarvester_MM:2026-03-24:NVDA:2026-03-25,Season 1,@SpreadHarvester_MM,NVDA,,short,153,37417.68,2026-03-24,244.56,VENUE-SIMULATED-FILL,MODELLED,2026-03-25,234.37,VENUE-SIMULATED-FILL,MODELLED,1,1559.65,4.168217,-0.5822,,,,,MODELLED,False
Season 1:@SpreadHarvester_MM:2026-03-24:TSLA:2026-03-25,Season 1,@SpreadHarvester_MM,TSLA,,short,249,58524.96,2026-03-24,235.04,VENUE-SIMULATED-FILL,MODELLED,2026-03-25,224.25,VENUE-SIMULATED-FILL,MODELLED,1,2687.66,4.592331,-0.9474,,,,,MODELLED,False
Season 1:@SpreadHarvester_MM:2026-03-25:NVDA:2026-03-25,Season 1,@SpreadHarvester_MM,NVDA,,long,128,29999.36,2026-03-25,234.37,VENUE-SIMULATED-FILL,MODELLED,2026-03-25,234.41,VENUE-SIMULATED-FILL,MODELLED,0,5.61,0.0187,-0.487,,,,,MODELLED,False
Season 1:@SpreadHarvester_MM:2026-03-25:TSLA:2026-03-25,Season 1,@SpreadHarvester_MM,TSLA,,long,80,17940.0,2026-03-25,224.25,VENUE-SIMULATED-FILL,MODELLED,2026-03-25,224.29,VENUE-SIMULATED-FILL,MODELLED,0,3.5,0.019509,-0.3044,,,,,MODELLED,False
Official Auction Book:@BellyMeanReversion_FiveY:2026-03-25:91282CQD6:2026-03-26,Official Auction Book,@BellyMeanReversion_FiveY,91282CQD6,5-Year,long,914000.0,89520381.85,2026-03-25,97.943525,SECONDARY-CURVE,OFFICIAL,2026-03-26,97.412588,SECONDARY-CURVE,OFFICIAL-DERIVED,1,-4852.76,-0.005421,0.0,0.0,0.0,,,OFFICIAL-DERIVED,False
Official Auction Book:@BillCarry_TenX:2026-02-10:912797SC2:2026-03-26,Official Auction Book,@BillCarry_TenX,912797SC2,26-Week,long,3000.0,298727.75,2026-02-10,99.575917,PRIMARY-AUCTION,OFFICIAL,2026-03-26,100.0,MATURITY-REDEMPTION,OFFICIAL,44,12.72,0.004258,0.0,0.0,0.0,,,OFFICIAL,True
Live Book (rehearsal):@DowNasdaq_SpreadMax:2026-03-19:QQQ:2026-03-26,Live Book (rehearsal),@DowNasdaq_SpreadMax,QQQ,,long,40,23601.33,2026-03-19,590.033333,VENUE-SIMULATED-FILL,SECONDARY,2026-03-26,582.59,VENUE-SIMULATED-FILL,SECONDARY,7,-297.98,-1.262556,0.2478,,,0.171,0.00011,SECONDARY,False
Season 1:@OvernightCarry_NO:2026-03-20:SPY:2026-03-26,Season 1,@OvernightCarry_NO,SPY,,long,294,193260.44,2026-03-20,657.348434,VENUE-SIMULATED-FILL,MODELLED,2026-03-26,661.45,VENUE-SIMULATED-FILL,MODELLED,6,1204.04,0.623014,1.8213,,,,,MODELLED,False
Live Book (rehearsal):@SOFRPivot_Rider:2026-03-19:QQQ:2026-03-26,Live Book (rehearsal),@SOFRPivot_Rider,QQQ,,long,200,117762.4,2026-03-19,588.812,VENUE-SIMULATED-FILL,SECONDARY,2026-03-26,582.59,VENUE-SIMULATED-FILL,SECONDARY,7,-1245.64,-1.057757,1.239,,,0.171,0.00011,SECONDARY,False
Live Book (rehearsal):@SOFRPivot_Rider:2026-03-19:TSLA:2026-03-26,Live Book (rehearsal),@SOFRPivot_Rider,TSLA,,long,80,30981.6,2026-03-19,387.27,VENUE-SIMULATED-FILL,SECONDARY,2026-03-26,381.59,VENUE-SIMULATED-FILL,SECONDARY,7,-454.9,-1.468291,0.4956,,,0.262,0.00012,SECONDARY,False
Season 1:@SpreadHarvester_MM:2026-03-25:NVDA:2026-03-26,Season 1,@SpreadHarvester_MM,NVDA,,long,183,41947.18,2026-03-25,229.219569,VENUE-SIMULATED-FILL,MODELLED,2026-03-26,228.72,VENUE-SIMULATED-FILL,MODELLED,1,-90.72,-0.216272,-0.6963,,,,,MODELLED,False
Season 1:@SpreadHarvester_MM:2026-03-25:TSLA:2026-03-26,Season 1,@SpreadHarvester_MM,TSLA,,short,249,55848.21,2026-03-25,224.29,VENUE-SIMULATED-FILL,MODELLED,2026-03-26,231.36,VENUE-SIMULATED-FILL,MODELLED,1,-1759.48,-3.150468,-0.9474,,,,,MODELLED,False
Season 1:@SpreadHarvester_MM:2026-03-26:TSLA:2026-03-26,Season 1,@SpreadHarvester_MM,TSLA,,long,62,14344.32,2026-03-26,231.36,VENUE-SIMULATED-FILL,MODELLED,2026-03-26,231.4,VENUE-SIMULATED-FILL,MODELLED,0,2.72,0.018962,-0.2359,,,,,MODELLED,False
Official Auction Book:@ConcessionFade_Notes:2026-02-25:91282CPX3:2026-03-27,Official Auction Book,@ConcessionFade_Notes,91282CPX3,2-Year,long,3500.0,349993.77,2026-02-25,99.998219,PRIMARY-AUCTION,OFFICIAL,2026-03-27,92.632358,SECONDARY-CURVE,OFFICIAL-DERIVED,30,-257.81,-0.073661,0.0,0.0,0.0,,,OFFICIAL-DERIVED,False
Season 1:@OvernightCarry_NO:2026-03-20:SPY:2026-03-27,Season 1,@OvernightCarry_NO,SPY,,long,18,11637.39,2026-03-20,646.521497,VENUE-SIMULATED-FILL,MODELLED,2026-03-27,647.69,VENUE-SIMULATED-FILL,MODELLED,7,20.92,0.179765,0.1115,,,,,MODELLED,False
Season 1:@OverreactionFade_LT:2026-03-25:RIVN:2026-03-27,Season 1,@OverreactionFade_LT,RIVN,,long,2671,51897.53,2026-03-25,19.43,VENUE-SIMULATED-FILL,MODELLED,2026-03-27,21.8,VENUE-SIMULATED-FILL,MODELLED,2,6313.72,12.165743,16.5468,,,,,MODELLED,False
Season 1:@SpreadHarvester_MM:2026-03-25:NVDA:2026-03-27,Season 1,@SpreadHarvester_MM,NVDA,,long,342,76072.37,2026-03-25,222.433824,VENUE-SIMULATED-FILL,MODELLED,2026-03-27,219.2,VENUE-SIMULATED-FILL,MODELLED,2,-1104.67,-1.45213,-1.3013,,,,,MODELLED,False
Season 1:@SpreadHarvester_MM:2026-03-26:TSLA:2026-03-27,Season 1,@SpreadHarvester_MM,TSLA,,short,249,57618.6,2026-03-26,231.4,VENUE-SIMULATED-FILL,MODELLED,2026-03-27,213.18,VENUE-SIMULATED-FILL,MODELLED,1,4537.73,7.87546,-0.9475,,,,,MODELLED,False
Season 1:@SpreadHarvester_MM:2026-03-27:TSLA:2026-03-27,Season 1,@SpreadHarvester_MM,TSLA,,long,102,21744.36,2026-03-27,213.18,VENUE-SIMULATED-FILL,MODELLED,2026-03-27,213.22,VENUE-SIMULATED-FILL,MODELLED,0,4.47,0.020557,-0.3881,,,,,MODELLED,False
Season 1:@VIXRegime_Timer:2025-09-17:SPY:2026-03-27,Season 1,@VIXRegime_Timer,SPY,,long,6,4043.86,2025-09-17,673.977351,VENUE-SIMULATED-FILL,MODELLED,2026-03-27,647.69,VENUE-SIMULATED-FILL,MODELLED,191,-157.76,-3.901219,0.0372,,,,,MODELLED,False
Official Auction Book:@BellyMeanReversion_FiveY:2026-03-27:91282CQD6:2026-03-30,Official Auction Book,@BellyMeanReversion_FiveY,91282CQD6,5-Year,long,1800.0,175513.87,2026-03-27,97.507707,SECONDARY-CURVE,OFFICIAL,2026-03-30,97.908601,SECONDARY-CURVE,OFFICIAL-DERIVED,3,7.22,0.004114,0.0,0.0,0.0,,,OFFICIAL-DERIVED,False
Season 2:@FDACatalyst_Rider:2026-02-10:XBI:2026-03-30,Season 2,@FDACatalyst_Rider,XBI,,long,1348,171515.89,2026-02-10,127.237308,VENUE-SIMULATED-FILL,MODELLED,2026-03-30,119.72,VENUE-SIMULATED-FILL,MODELLED,48,-10141.68,-5.912968,8.3509,,,,,MODELLED,False
Season 2:@FDACatalyst_Rider:2026-03-12:IBB:2026-03-30,Season 2,@FDACatalyst_Rider,IBB,,long,262,44484.98,2026-03-12,169.79,VENUE-SIMULATED-FILL,MODELLED,2026-03-30,161.77,VENUE-SIMULATED-FILL,MODELLED,18,-2102.86,-4.727124,1.6231,,,,,MODELLED,False
Season 2:@MLB_Attention_Momo:2026-03-26:DKNG:2026-03-30,Season 2,@MLB_Attention_Momo,DKNG,,long,115,2428.8,2026-03-26,21.12,VENUE-SIMULATED-FILL,MODELLED,2026-03-30,20.8,VENUE-SIMULATED-FILL,MODELLED,4,-37.51,-1.544384,0.7124,,,,,MODELLED,False
Season 2:@MLB_Attention_Momo:2026-03-26:FLUT:2026-03-30,Season 2,@MLB_Attention_Momo,FLUT,,long,18,1840.5,2026-03-26,102.25,VENUE-SIMULATED-FILL,MODELLED,2026-03-30,100.05,VENUE-SIMULATED-FILL,MODELLED,4,-39.71,-2.157566,0.1115,,,,,MODELLED,False
Season 1:@OvernightCarry_NO:2026-03-20:SPY:2026-03-30,Season 1,@OvernightCarry_NO,SPY,,long,302,191817.64,2026-03-20,635.157753,VENUE-SIMULATED-FILL,MODELLED,2026-03-30,634.41,VENUE-SIMULATED-FILL,MODELLED,10,-227.69,-0.118701,1.8709,,,,,MODELLED,False
Live Book (rehearsal):@SOFRPivot_Rider:2026-03-27:SPY:2026-03-30,Live Book (rehearsal),@SOFRPivot_Rider,SPY,,long,80,51400.8,2026-03-27,642.51,VENUE-SIMULATED-FILL,SECONDARY,2026-03-30,640.1,VENUE-SIMULATED-FILL,SECONDARY,3,-193.3,-0.376064,0.4956,,,0.156,8e-05,SECONDARY,False
Season 1:@SpreadHarvester_MM:2026-03-25:NVDA:2026-03-30,Season 1,@SpreadHarvester_MM,NVDA,,long,358,78329.13,2026-03-25,218.796445,VENUE-SIMULATED-FILL,MODELLED,2026-03-30,217.16,VENUE-SIMULATED-FILL,MODELLED,5,-584.49,-0.746198,-1.3622,,,,,MODELLED,False
Season 1:@SpreadHarvester_MM:2026-03-27:TSLA:2026-03-30,Season 1,@SpreadHarvester_MM,TSLA,,short,249,53091.78,2026-03-27,213.22,VENUE-SIMULATED-FILL,MODELLED,2026-03-30,199.42,VENUE-SIMULATED-FILL,MODELLED,3,3437.15,6.473978,-0.9475,,,,,MODELLED,False
Season 1:@SpreadHarvester_MM:2026-03-30:TSLA:2026-03-30,Season 1,@SpreadHarvester_MM,TSLA,,long,141,28118.22,2026-03-30,199.42,VENUE-SIMULATED-FILL,MODELLED,2026-03-30,199.46,VENUE-SIMULATED-FILL,MODELLED,0,6.18,0.021979,-0.5365,,,,,MODELLED,False
Season 1:@VIXRegime_Timer:2025-09-17:SPY:2026-03-30,Season 1,@VIXRegime_Timer,SPY,,long,7,4717.84,2025-09-17,673.977351,VENUE-SIMULATED-FILL,MODELLED,2026-03-30,634.41,VENUE-SIMULATED-FILL,MODELLED,194,-277.01,-5.871541,0.0434,,,,,MODELLED,False
Official Auction Book:@BellyMeanReversion_FiveY:2026-03-27:91282CQD6:2026-03-31,Official Auction Book,@BellyMeanReversion_FiveY,91282CQD6,5-Year,long,868400.0,84675692.76,2026-03-27,97.507707,SECONDARY-CURVE,OFFICIAL,2026-03-31,98.129828,SECONDARY-CURVE,OFFICIAL-DERIVED,4,5402.5,0.00638,0.0,0.0,0.0,,,OFFICIAL-DERIVED,False
Season 2:@FDA_ClusterFade:2026-03-12:XBI:2026-03-31,Season 2,@FDA_ClusterFade,XBI,,short,1068,132853.27,2026-03-12,124.394452,VENUE-SIMULATED-FILL,MODELLED,2026-03-31,122.89,VENUE-SIMULATED-FILL,MODELLED,19,1600.14,1.204442,6.6162,,,,,MODELLED,False
Live Book (rehearsal):@FDA_PDUFA_Drifter:2026-02-04:IBB:2026-03-31,Live Book (rehearsal),@FDA_PDUFA_Drifter,IBB,,long,200,35024.0,2026-02-04,175.12,VENUE-SIMULATED-FILL,SECONDARY,2026-03-31,164.35,VENUE-SIMULATED-FILL,SECONDARY,55,-2155.24,-6.153609,1.239,,,0.608,0.00672,SECONDARY,False
Live Book (rehearsal):@FDA_PDUFA_Drifter:2026-02-25:XBI:2026-03-31,Live Book (rehearsal),@FDA_PDUFA_Drifter,XBI,,long,1200,154047.69,2026-02-25,128.373077,VENUE-SIMULATED-FILL,SECONDARY,2026-03-31,122.86,VENUE-SIMULATED-FILL,SECONDARY,34,-6623.13,-4.299402,7.434,,,1.627,0.00822,SECONDARY,False
Season 1:@OvernightCarry_NO:2026-03-30:SPY:2026-03-31,Season 1,@OvernightCarry_NO,SPY,,long,24,15182.64,2026-03-30,632.61,VENUE-SIMULATED-FILL,MODELLED,2026-03-31,631.13,VENUE-SIMULATED-FILL,MODELLED,1,-35.67,-0.234939,0.1487,,,,,MODELLED,False
Season 1:@OverreactionFade_LT:2026-03-12:CVNA:2026-03-31,Season 1,@OverreactionFade_LT,CVNA,,long,140,53761.8,2026-03-12,384.012837,VENUE-SIMULATED-FILL,MODELLED,2026-03-31,399.59,VENUE-SIMULATED-FILL,MODELLED,19,2179.94,4.054812,0.8673,,,,,MODELLED,False
Season 1:@SpreadHarvester_MM:2026-03-25:NVDA:2026-03-31,Season 1,@SpreadHarvester_MM,NVDA,,long,344,75729.8,2026-03-25,220.144766,VENUE-SIMULATED-FILL,MODELLED,2026-03-31,221.27,VENUE-SIMULATED-FILL,MODELLED,6,388.39,0.512863,-1.3089,,,,,MODELLED,False
Season 1:@SpreadHarvester_MM:2026-03-30:TSLA:2026-03-31,Season 1,@SpreadHarvester_MM,TSLA,,short,157,31315.22,2026-03-30,199.46,VENUE-SIMULATED-FILL,MODELLED,2026-03-31,214.58,VENUE-SIMULATED-FILL,MODELLED,1,-2373.24,-7.578551,-0.5974,,,,,MODELLED,False
Season 1:@VIXRegime_Timer:2025-09-17:SPY:2026-03-31,Season 1,@VIXRegime_Timer,SPY,,long,1,673.98,2025-09-17,673.977351,VENUE-SIMULATED-FILL,MODELLED,2026-03-31,631.13,VENUE-SIMULATED-FILL,MODELLED,195,-42.85,-6.35778,0.0062,,,,,MODELLED,False
Season 1:@BetaChaser_3xProxy:2025-09-17:CVNA:2026-04-01,Season 1,@BetaChaser_3xProxy,CVNA,,long,12,3298.68,2025-09-17,274.890292,VENUE-SIMULATED-FILL,MODELLED,2026-04-01,445.55,VENUE-SIMULATED-FILL,MODELLED,196,2047.84,62.080524,0.0743,,,,,MODELLED,False
Live Book (rehearsal):@FDA_Fade_Live:2026-03-13:XBI:2026-04-01,Live Book (rehearsal),@FDA_Fade_Live,XBI,,short,1000,123420.0,2026-03-13,123.42,VENUE-SIMULATED-FILL,SECONDARY,2026-04-01,128.8,VENUE-SIMULATED-FILL,SECONDARY,19,-5386.19,-4.364114,6.195,,,0.777,0.00961,SECONDARY,False
Live Book (rehearsal):@FDA_PDUFA_Drifter:2026-02-25:XBI:2026-04-01,Live Book (rehearsal),@FDA_PDUFA_Drifter,XBI,,long,100,12837.31,2026-02-25,128.373077,VENUE-SIMULATED-FILL,SECONDARY,2026-04-01,128.78,VENUE-SIMULATED-FILL,SECONDARY,35,40.07,0.312137,0.6195,,,0.776,0.00822,SECONDARY,False
Season 1:@GapAndGo_YOLO:2026-04-01:CVNA:2026-04-01,Season 1,@GapAndGo_YOLO,CVNA,,long,24,10694.64,2026-04-01,445.61,VENUE-SIMULATED-FILL,MODELLED,2026-04-01,403.17,VENUE-SIMULATED-FILL,MODELLED,0,-1018.71,-9.525426,0.1487,,,,,MODELLED,False
Season 1:@GapAndGo_YOLO:2026-04-01:GOOGL:2026-04-01,Season 1,@GapAndGo_YOLO,GOOGL,,long,48,11016.96,2026-04-01,229.52,VENUE-SIMULATED-FILL,MODELLED,2026-04-01,236.96,VENUE-SIMULATED-FILL,MODELLED,0,356.82,3.238825,0.2974,,,,,MODELLED,False
Season 1:@GapAndGo_YOLO:2026-04-01:RIVN:2026-04-01,Season 1,@GapAndGo_YOLO,RIVN,,long,544,11010.56,2026-04-01,20.24,VENUE-SIMULATED-FILL,MODELLED,2026-04-01,20.55,VENUE-SIMULATED-FILL,MODELLED,0,165.27,1.501014,3.3701,,,,,MODELLED,False
Season 1:@OvernightCarry_NO:2026-03-31:SPY:2026-04-01,Season 1,@OvernightCarry_NO,SPY,,long,302,196614.08,2026-03-31,651.04,VENUE-SIMULATED-FILL,MODELLED,2026-04-01,652.19,VENUE-SIMULATED-FILL,MODELLED,1,345.43,0.175689,1.8709,,,,,MODELLED,False
Live Book (rehearsal):@SOFRPivot_Rider:2026-03-30:QQQ:2026-04-01,Live Book (rehearsal),@SOFRPivot_Rider,QQQ,,long,120,67900.8,2026-03-30,565.84,VENUE-SIMULATED-FILL,SECONDARY,2026-04-01,581.47,VENUE-SIMULATED-FILL,SECONDARY,2,1874.86,2.761175,0.7434,,,0.172,0.00011,SECONDARY,False
Live Book (rehearsal):@SOFRPivot_Rider:2026-03-30:TSLA:2026-04-01,Live Book (rehearsal),@SOFRPivot_Rider,TSLA,,long,80,29269.6,2026-03-30,365.87,VENUE-SIMULATED-FILL,SECONDARY,2026-04-01,378.62,VENUE-SIMULATED-FILL,SECONDARY,2,1019.5,3.483136,0.4956,,,0.264,0.00012,SECONDARY,False
Season 1:@SpreadHarvester_MM:2026-03-25:NVDA:2026-04-01,Season 1,@SpreadHarvester_MM,NVDA,,long,182,42090.48,2026-03-25,231.266395,VENUE-SIMULATED-FILL,MODELLED,2026-04-01,233.16,VENUE-SIMULATED-FILL,MODELLED,7,345.33,0.820447,-0.6925,,,,,MODELLED,False
Season 1:@VolCarry_LowHigh:2025-09-17:CVNA:2026-04-01,Season 1,@VolCarry_LowHigh,CVNA,,short,14,4021.5,2025-09-17,287.25,VENUE-SIMULATED-FILL,MODELLED,2026-04-01,445.61,VENUE-SIMULATED-FILL,MODELLED,196,-2217.13,-55.131916,0.0863,,,,,MODELLED,False
Official Auction Book:@BillCarry_TenX:2026-02-17:912797SD0:2026-04-02,Official Auction Book,@BillCarry_TenX,912797SD0,26-Week,long,25500.0,2539170.99,2026-02-17,99.575333,PRIMARY-AUCTION,OFFICIAL,2026-04-02,100.0,MATURITY-REDEMPTION,OFFICIAL,44,108.29,0.004265,0.0,0.0,0.0,,,OFFICIAL,True
Season 2:@FDACatalyst_Rider:2026-02-10:XBI:2026-04-02,Season 2,@FDACatalyst_Rider,XBI,,long,1232,158680.04,2026-02-10,128.798732,VENUE-SIMULATED-FILL,MODELLED,2026-04-02,125.65,VENUE-SIMULATED-FILL,MODELLED,51,-3886.87,-2.449502,7.6322,,,,,MODELLED,False
Season 1:@GapAndGo_YOLO:2026-04-02:RIVN:2026-04-02,Season 1,@GapAndGo_YOLO,RIVN,,long,517,10825.98,2026-04-02,20.94,VENUE-SIMULATED-FILL,MODELLED,2026-04-02,21.44,VENUE-SIMULATED-FILL,MODELLED,0,255.3,2.358216,3.2028,,,,,MODELLED,False
Season 2:@MLB_Attention_Momo:2026-03-26:DKNG:2026-04-02,Season 2,@MLB_Attention_Momo,DKNG,,long,105,2218.96,2026-03-26,21.132934,VENUE-SIMULATED-FILL,MODELLED,2026-04-02,21.82,VENUE-SIMULATED-FILL,MODELLED,7,71.49,3.221782,0.6505,,,,,MODELLED,False
Season 1:@OvernightCarry_NO:2026-03-31:SPY:2026-04-02,Season 1,@OvernightCarry_NO,SPY,,long,16,10486.69,2026-03-31,655.418125,VENUE-SIMULATED-FILL,MODELLED,2026-04-02,656.04,VENUE-SIMULATED-FILL,MODELLED,2,9.85,0.093929,0.0991,,,,,MODELLED,False
Live Book (rehearsal):@SOFRPivot_Rider:2026-04-01:SPY:2026-04-02,Live Book (rehearsal),@SOFRPivot_Rider,SPY,,long,40,26156.4,2026-04-01,653.91,VENUE-SIMULATED-FILL,SECONDARY,2026-04-02,646.41,VENUE-SIMULATED-FILL,SECONDARY,1,-300.25,-1.147903,0.2478,,,0.154,4e-05,SECONDARY,False
Season 1:@SpreadHarvester_MM:2026-04-01:NVDA:2026-04-02,Season 1,@SpreadHarvester_MM,NVDA,,short,114,26580.24,2026-04-01,233.16,VENUE-SIMULATED-FILL,MODELLED,2026-04-02,225.92,VENUE-SIMULATED-FILL,MODELLED,1,825.79,3.106782,-0.4338,,,,,MODELLED,False
Season 1:@SpreadHarvester_MM:2026-04-02:NVDA:2026-04-02,Season 1,@SpreadHarvester_MM,NVDA,,long,155,35017.6,2026-04-02,225.92,VENUE-SIMULATED-FILL,MODELLED,2026-04-02,225.96,VENUE-SIMULATED-FILL,MODELLED,0,6.79,0.01939,-0.5898,,,,,MODELLED,False
Season 1:@SqueezeHunter_TF:2026-04-01:TSLA:2026-04-02,Season 1,@SqueezeHunter_TF,TSLA,,long,213,50208.36,2026-04-01,235.72,VENUE-SIMULATED-FILL,MODELLED,2026-04-02,237.43,VENUE-SIMULATED-FILL,MODELLED,1,362.91,0.722808,1.3195,,,,,MODELLED,False
Season 1:@DriftRider_PEAD:2026-03-27:META:2026-04-06,Season 1,@DriftRider_PEAD,META,,short,43,39721.25,2026-03-27,923.75,VENUE-SIMULATED-FILL,MODELLED,2026-04-06,1030.31,VENUE-SIMULATED-FILL,MODELLED,10,-4582.35,-11.536268,0.2664,,,,,MODELLED,False
Live Book (rehearsal):@FDA_PDUFA_Drifter:2026-04-02:IBB:2026-04-06,Live Book (rehearsal),@FDA_PDUFA_Drifter,IBB,,long,100,16771.0,2026-04-02,167.71,VENUE-SIMULATED-FILL,SECONDARY,2026-04-06,169.23,VENUE-SIMULATED-FILL,SECONDARY,4,151.03,0.900543,0.9681,,,0.591,0.01295,SECONDARY,False
Live Book (rehearsal):@FDA_PDUFA_Drifter:2026-04-02:XBI:2026-04-06,Live Book (rehearsal),@FDA_PDUFA_Drifter,XBI,,long,700,87976.0,2026-04-02,125.68,VENUE-SIMULATED-FILL,SECONDARY,2026-04-06,129.13,VENUE-SIMULATED-FILL,SECONDARY,4,2408.8,2.738019,6.1986,,,1.548,0.00808,SECONDARY,False
Season 1:@GapAndGo_YOLO:2026-04-06:CVNA:2026-04-06,Season 1,@GapAndGo_YOLO,CVNA,,long,28,10597.44,2026-04-06,378.48,VENUE-SIMULATED-FILL,MODELLED,2026-04-06,381.38,VENUE-SIMULATED-FILL,MODELLED,0,80.81,0.762543,0.3934,,,,,MODELLED,False
Season 1:@OvernightCarry_NO:2026-04-02:SPY:2026-04-06,Season 1,@OvernightCarry_NO,SPY,,long,299,196281.54,2026-04-02,656.46,VENUE-SIMULATED-FILL,MODELLED,2026-04-06,655.76,VENUE-SIMULATED-FILL,MODELLED,4,-215.19,-0.109633,5.8914,,,,,MODELLED,False
Season 1:@OverreactionFade_LT:2026-03-12:CVNA:2026-04-06,Season 1,@OverreactionFade_LT,CVNA,,long,136,54845.71,2026-03-12,403.2773,VENUE-SIMULATED-FILL,MODELLED,2026-04-06,378.4,VENUE-SIMULATED-FILL,MODELLED,25,-3385.22,-6.17226,1.9026,,,,,MODELLED,False
Live Book (rehearsal):@SOFRPivot_Rider:2026-03-30:QQQ:2026-04-06,Live Book (rehearsal),@SOFRPivot_Rider,QQQ,,long,80,45701.33,2026-03-30,571.266667,VENUE-SIMULATED-FILL,SECONDARY,2026-04-06,586.22,VENUE-SIMULATED-FILL,SECONDARY,7,1194.81,2.614388,1.4617,,,0.17,0.00011,SECONDARY,False
Live Book (rehearsal):@SOFRPivot_Rider:2026-04-02:TSLA:2026-04-06,Live Book (rehearsal),@SOFRPivot_Rider,TSLA,,long,40,14568.4,2026-04-02,364.21,VENUE-SIMULATED-FILL,SECONDARY,2026-04-06,362.58,VENUE-SIMULATED-FILL,SECONDARY,4,-65.75,-0.451319,0.5466,,,0.276,0.0001,SECONDARY,False
Season 1:@SpreadHarvester_MM:2026-04-02:NVDA:2026-04-06,Season 1,@SpreadHarvester_MM,NVDA,,short,150,33894.0,2026-04-02,225.96,VENUE-SIMULATED-FILL,MODELLED,2026-04-06,229.06,VENUE-SIMULATED-FILL,MODELLED,4,-464.43,-1.370243,-0.5707,,,,,MODELLED,False
Season 1:@SpreadHarvester_MM:2026-04-06:NVDA:2026-04-06,Season 1,@SpreadHarvester_MM,NVDA,,long,149,34129.94,2026-04-06,229.06,VENUE-SIMULATED-FILL,MODELLED,2026-04-06,229.1,VENUE-SIMULATED-FILL,MODELLED,0,5.82,0.017052,0.1362,,,,,MODELLED,False
Season 1:@VIXRegime_Timer:2025-09-17:SPY:2026-04-06,Season 1,@VIXRegime_Timer,SPY,,long,78,52517.28,2025-09-17,673.298514,VENUE-SIMULATED-FILL,MODELLED,2026-04-06,655.77,VENUE-SIMULATED-FILL,MODELLED,201,-1368.76,-2.606304,1.5369,,,,,MODELLED,False
Official Auction Book:@BellyMeanReversion_FiveY:2026-04-06:91282CQG9:2026-04-07,Official Auction Book,@BellyMeanReversion_FiveY,91282CQG9,5-Year,long,897400.0,89319332.08,2026-04-06,99.531237,SECONDARY-CURVE,OFFICIAL,2026-04-07,99.667508,SECONDARY-CURVE,OFFICIAL-DERIVED,1,1222.9,0.001369,0.0,0.0,0.0,,,OFFICIAL-DERIVED,False
Season 1:@DriftRider_PEAD:2026-03-16:TSLA:2026-04-07,Season 1,@DriftRider_PEAD,TSLA,,short,145,38417.75,2026-03-16,264.95,VENUE-SIMULATED-FILL,MODELLED,2026-04-07,243.82,VENUE-SIMULATED-FILL,MODELLED,22,3062.95,7.972747,0.8983,,,,,MODELLED,False
Live Book (rehearsal):@FDA_PDUFA_Drifter:2026-04-02:IBB:2026-04-07,Live Book (rehearsal),@FDA_PDUFA_Drifter,IBB,,long,100,16771.0,2026-04-02,167.71,VENUE-SIMULATED-FILL,SECONDARY,2026-04-07,167.99,VENUE-SIMULATED-FILL,SECONDARY,5,27.03,0.161171,0.9656,,,1.19,0.01295,SECONDARY,False
Live Book (rehearsal):@LeapStyle_AutoLiquidate:2026-04-06:GLD:2026-04-07,Live Book (rehearsal),@LeapStyle_AutoLiquidate,GLD,,long,80,34311.2,2026-04-06,428.89,VENUE-SIMULATED-FILL,SECONDARY,2026-04-07,427.88,VENUE-SIMULATED-FILL,SECONDARY,1,-82.0,-0.238989,1.2007,,,0.467,0.00222,SECONDARY,False
Official Auction Book:@LiquidityWeighted_Participant:2026-02-24:912797SL2:2026-04-07,Official Auction Book,@LiquidityWeighted_Participant,912797SL2,26-Week,long,234700.0,23370467.72,2026-02-24,99.575917,PRIMARY-AUCTION,OFFICIAL,2026-04-07,99.980056,SECONDARY-CURVE,OFFICIAL-DERIVED,42,948.51,0.004059,0.0,0.0,0.0,,,OFFICIAL-DERIVED,False
Season 1:@OvernightCarry_NO:2026-04-02:SPY:2026-04-07,Season 1,@OvernightCarry_NO,SPY,,long,17,11206.06,2026-04-02,659.18,VENUE-SIMULATED-FILL,MODELLED,2026-04-07,663.08,VENUE-SIMULATED-FILL,MODELLED,5,65.96,0.58861,0.3375,,,,,MODELLED,False
Season 1:@OverreactionFade_LT:2026-04-06:CVNA:2026-04-07,Season 1,@OverreactionFade_LT,CVNA,,long,5,1892.2,2026-04-06,378.44,VENUE-SIMULATED-FILL,MODELLED,2026-04-07,374.21,VENUE-SIMULATED-FILL,MODELLED,1,-21.22,-1.121446,0.0695,,,,,MODELLED,False
Live Book (rehearsal):@SOFRPivot_Rider:2026-03-30:QQQ:2026-04-07,Live Book (rehearsal),@SOFRPivot_Rider,QQQ,,long,40,22850.67,2026-03-30,571.266667,VENUE-SIMULATED-FILL,SECONDARY,2026-04-07,585.63,VENUE-SIMULATED-FILL,SECONDARY,8,573.8,2.511086,0.7304,,,0.171,0.00011,SECONDARY,False
Live Book (rehearsal):@SOFRPivot_Rider:2026-04-02:TSLA:2026-04-07,Live Book (rehearsal),@SOFRPivot_Rider,TSLA,,long,40,14568.4,2026-04-02,364.21,VENUE-SIMULATED-FILL,SECONDARY,2026-04-07,346.43,VENUE-SIMULATED-FILL,SECONDARY,5,-711.73,-4.885437,0.5333,,,0.289,0.0001,SECONDARY,False
Season 1:@SpreadHarvester_MM:2026-04-06:NVDA:2026-04-07,Season 1,@SpreadHarvester_MM,NVDA,,short,150,34365.0,2026-04-06,229.1,VENUE-SIMULATED-FILL,MODELLED,2026-04-07,238.83,VENUE-SIMULATED-FILL,MODELLED,1,-1459.64,-4.247461,0.1372,,,,,MODELLED,False
Season 1:@SpreadHarvester_MM:2026-04-07:NVDA:2026-04-07,Season 1,@SpreadHarvester_MM,NVDA,,long,124,29614.92,2026-04-07,238.83,VENUE-SIMULATED-FILL,MODELLED,2026-04-07,238.87,VENUE-SIMULATED-FILL,MODELLED,0,4.82,0.016276,0.1384,,,,,MODELLED,False
Season 2:@FDA_ClusterFade:2026-04-07:XBI:2026-04-08,Season 2,@FDA_ClusterFade,XBI,,short,66,8445.36,2026-04-07,127.96,VENUE-SIMULATED-FILL,MODELLED,2026-04-08,132.42,VENUE-SIMULATED-FILL,MODELLED,1,-294.94,-3.492332,0.5828,,,,,MODELLED,False
Season 1:@GapAndGo_YOLO:2026-04-08:NVDA:2026-04-08,Season 1,@GapAndGo_YOLO,NVDA,,long,46,10748.36,2026-04-08,233.66,VENUE-SIMULATED-FILL,MODELLED,2026-04-08,236.37,VENUE-SIMULATED-FILL,MODELLED,0,124.15,1.15506,0.509,,,,,MODELLED,False
Season 1:@GapAndGo_YOLO:2026-04-08:TSLA:2026-04-08,Season 1,@GapAndGo_YOLO,TSLA,,long,47,10888.96,2026-04-08,231.68,VENUE-SIMULATED-FILL,MODELLED,2026-04-08,250.93,VENUE-SIMULATED-FILL,MODELLED,0,904.22,8.304007,0.5341,,,,,MODELLED,False
Live Book (rehearsal):@KitchenSink_Official:2026-03-11:TLT:2026-04-08,Live Book (rehearsal),@KitchenSink_Official,TLT,,long,1400,122242.4,2026-03-11,87.316,VENUE-SIMULATED-FILL,SECONDARY,2026-04-08,87.36,VENUE-SIMULATED-FILL,SECONDARY,28,50.41,0.041238,11.1925,,,0.0,0.00128,SECONDARY,False
Season 1:@MeanRev_Z2Sigma:2026-03-27:META:2026-04-08,Season 1,@MeanRev_Z2Sigma,META,,long,43,39724.26,2026-03-27,923.82,VENUE-SIMULATED-FILL,MODELLED,2026-04-08,1086.83,VENUE-SIMULATED-FILL,MODELLED,12,7008.2,17.642116,1.2291,,,,,MODELLED,False
Season 1:@OvernightCarry_NO:2026-04-07:SPY:2026-04-08,Season 1,@OvernightCarry_NO,SPY,,long,294,194001.78,2026-04-07,659.87,VENUE-SIMULATED-FILL,MODELLED,2026-04-08,662.05,VENUE-SIMULATED-FILL,MODELLED,1,635.09,0.327363,5.831,,,,,MODELLED,False
Season 1:@SpreadHarvester_MM:2026-04-07:NVDA:2026-04-08,Season 1,@SpreadHarvester_MM,NVDA,,short,123,29381.01,2026-04-07,238.87,VENUE-SIMULATED-FILL,MODELLED,2026-04-08,233.63,VENUE-SIMULATED-FILL,MODELLED,1,644.38,2.193185,0.1372,,,,,MODELLED,False
Season 1:@SpreadHarvester_MM:2026-04-08:NVDA:2026-04-08,Season 1,@SpreadHarvester_MM,NVDA,,long,173,40417.99,2026-04-08,233.63,VENUE-SIMULATED-FILL,MODELLED,2026-04-08,233.67,VENUE-SIMULATED-FILL,MODELLED,0,6.75,0.0167,0.1745,,,,,MODELLED,False
Season 1:@BetaChaser_3xProxy:2025-09-17:RIVN:2026-04-09,Season 1,@BetaChaser_3xProxy,RIVN,,long,50,920.39,2025-09-17,18.407877,VENUE-SIMULATED-FILL,MODELLED,2026-04-09,24.21,VENUE-SIMULATED-FILL,MODELLED,204,289.77,31.483261,0.3347,,,,,MODELLED,False
Official Auction Book:@BillCarry_TenX:2026-02-24:912797SL2:2026-04-09,Official Auction Book,@BillCarry_TenX,912797SL2,26-Week,long,5300.0,527752.36,2026-02-24,99.575917,PRIMARY-AUCTION,OFFICIAL,2026-04-09,100.0,MATURITY-REDEMPTION,OFFICIAL,44,22.48,0.00426,0.0,0.0,0.0,,,OFFICIAL,True
Live Book (rehearsal):@DowNasdaq_SpreadMax:2025-12-15:SPY:2026-04-09,Live Book (rehearsal),@DowNasdaq_SpreadMax,SPY,,long,80,53718.39,2025-12-15,671.479815,VENUE-SIMULATED-FILL,SECONDARY,2026-04-09,674.84,VENUE-SIMULATED-FILL,SECONDARY,115,267.21,0.497427,1.6077,,,0.0,9e-05,SECONDARY,False
Season 1:@DriftRider_PEAD:2026-03-23:GOOGL:2026-04-09,Season 1,@DriftRider_PEAD,GOOGL,,short,174,38140.8,2026-03-23,219.2,VENUE-SIMULATED-FILL,MODELLED,2026-04-09,249.8,VENUE-SIMULATED-FILL,MODELLED,17,-5325.48,-13.962686,1.0779,,,,,MODELLED,False
Season 2:@FDACatalyst_Rider:2026-03-12:IBB:2026-04-09,Season 2,@FDACatalyst_Rider,IBB,,long,6,1009.1,2026-03-12,168.183028,VENUE-SIMULATED-FILL,MODELLED,2026-04-09,171.41,VENUE-SIMULATED-FILL,MODELLED,28,19.3,1.912599,0.0584,,,,,MODELLED,False
Season 2:@FDACatalyst_Rider:2026-04-07:XBI:2026-04-09,Season 2,@FDACatalyst_Rider,XBI,,long,14,1793.43,2026-04-07,128.102015,VENUE-SIMULATED-FILL,MODELLED,2026-04-09,129.69,VENUE-SIMULATED-FILL,MODELLED,2,22.11,1.232834,0.1241,,,,,MODELLED,False
Live Book (rehearsal):@KitchenSink_Official:2026-03-11:TLT:2026-04-09,Live Book (rehearsal),@KitchenSink_Official,TLT,,long,100,8731.6,2026-03-11,87.316,VENUE-SIMULATED-FILL,SECONDARY,2026-04-09,86.69,VENUE-SIMULATED-FILL,SECONDARY,29,-63.4,-0.726098,0.7981,,,0.0,0.00128,SECONDARY,False
Season 2:@MLB_Attention_Momo:2026-03-26:DKNG:2026-04-09,Season 2,@MLB_Attention_Momo,DKNG,,long,73,1551.87,2026-03-26,21.258495,VENUE-SIMULATED-FILL,MODELLED,2026-04-09,23.7,VENUE-SIMULATED-FILL,MODELLED,14,177.74,11.453278,0.4879,,,,,MODELLED,False
Season 1:@MeanRev_Z2Sigma:2026-03-27:META:2026-04-09,Season 1,@MeanRev_Z2Sigma,META,,long,1,923.82,2026-03-27,923.82,VENUE-SIMULATED-FILL,MODELLED,2026-04-09,1132.59,VENUE-SIMULATED-FILL,MODELLED,13,208.74,22.595311,0.0295,,,,,MODELLED,False
Season 1:@OvernightCarry_NO:2026-04-07:SPY:2026-04-09,Season 1,@OvernightCarry_NO,SPY,,long,21,14187.87,2026-04-07,675.612857,VENUE-SIMULATED-FILL,MODELLED,2026-04-09,678.26,VENUE-SIMULATED-FILL,MODELLED,2,55.17,0.388853,0.4235,,,,,MODELLED,False
Live Book (rehearsal):@SOFRPivot_Rider:2026-04-06:SPY:2026-04-09,Live Book (rehearsal),@SOFRPivot_Rider,SPY,,long,80,52500.8,2026-04-06,656.26,VENUE-SIMULATED-FILL,SECONDARY,2026-04-09,674.84,VENUE-SIMULATED-FILL,SECONDARY,3,1484.79,2.828128,1.6077,,,0.0,0.0001,SECONDARY,False
Season 1:@SpreadHarvester_MM:2026-04-08:NVDA:2026-04-09,Season 1,@SpreadHarvester_MM,NVDA,,short,123,28741.41,2026-04-08,233.67,VENUE-SIMULATED-FILL,MODELLED,2026-04-09,235.98,VENUE-SIMULATED-FILL,MODELLED,1,-284.25,-0.988991,0.124,,,,,MODELLED,False
Season 1:@SpreadHarvester_MM:2026-04-09:NVDA:2026-04-09,Season 1,@SpreadHarvester_MM,NVDA,,long,122,28789.56,2026-04-09,235.98,VENUE-SIMULATED-FILL,MODELLED,2026-04-09,236.02,VENUE-SIMULATED-FILL,MODELLED,0,4.75,0.016499,0.129,,,,,MODELLED,False
Live Book (rehearsal):@VIXRegime_LiveMax:2026-03-03:QQQ:2026-04-09,Live Book (rehearsal),@VIXRegime_LiveMax,QQQ,,short,160,95548.4,2026-03-03,597.1775,VENUE-SIMULATED-FILL,SECONDARY,2026-04-09,605.95,VENUE-SIMULATED-FILL,SECONDARY,37,-1404.59,-1.47003,0.9912,,,0.33,0.00016,SECONDARY,False
Season 2:@FDA_ClusterFade:2026-04-07:XBI:2026-04-10,Season 2,@FDA_ClusterFade,XBI,,short,34,4352.95,2026-04-07,128.027843,VENUE-SIMULATED-FILL,MODELLED,2026-04-10,132.09,VENUE-SIMULATED-FILL,MODELLED,3,-138.41,-3.179685,0.3003,,,,,MODELLED,False
Live Book (rehearsal):@KitchenSink_Official:2026-04-09:SPY:2026-04-10,Live Book (rehearsal),@KitchenSink_Official,SPY,,long,40,26994.0,2026-04-09,674.85,VENUE-SIMULATED-FILL,SECONDARY,2026-04-10,681.32,VENUE-SIMULATED-FILL,SECONDARY,1,257.99,0.955731,0.8092,,,0.0,0.00014,SECONDARY,False
Season 2:@MLB_Attention_Momo:2026-03-26:FLUT:2026-04-10,Season 2,@MLB_Attention_Momo,FLUT,,long,10,1026.04,2026-03-26,102.604119,VENUE-SIMULATED-FILL,MODELLED,2026-04-10,107.12,VENUE-SIMULATED-FILL,MODELLED,15,45.07,4.392611,0.084,,,,,MODELLED,False
Season 2:@MLB_Attention_Momo:2026-03-26:PENN:2026-04-10,Season 2,@MLB_Attention_Momo,PENN,,long,157,2281.13,2026-03-26,14.529513,VENUE-SIMULATED-FILL,MODELLED,2026-04-10,15.73,VENUE-SIMULATED-FILL,MODELLED,15,187.45,8.217406,1.0235,,,,,MODELLED,False
Season 1:@OvernightCarry_NO:2026-04-09:SPY:2026-04-10,Season 1,@OvernightCarry_NO,SPY,,long,286,194645.88,2026-04-09,680.58,VENUE-SIMULATED-FILL,MODELLED,2026-04-10,679.02,VENUE-SIMULATED-FILL,MODELLED,1,-451.93,-0.232181,5.7723,,,,,MODELLED,False
Live Book (rehearsal):@PinePilot_EMA_Live:2026-02-05:QQQ:2026-04-10,Live Book (rehearsal),@PinePilot_EMA_Live,QQQ,,short,160,94596.4,2026-02-05,591.2275,VENUE-SIMULATED-FILL,SECONDARY,2026-04-10,611.86,VENUE-SIMULATED-FILL,SECONDARY,64,-3302.19,-3.49082,0.9912,,,0.326,0.00036,SECONDARY,False
Season 1:@SpreadHarvester_MM:2026-04-09:NVDA:2026-04-10,Season 1,@SpreadHarvester_MM,NVDA,,short,121,28558.42,2026-04-09,236.02,VENUE-SIMULATED-FILL,MODELLED,2026-04-10,243.77,VENUE-SIMULATED-FILL,MODELLED,1,-937.88,-3.284075,0.1279,,,,,MODELLED,False
Season 1:@SpreadHarvester_MM:2026-04-10:NVDA:2026-04-10,Season 1,@SpreadHarvester_MM,NVDA,,long,120,29252.4,2026-04-10,243.77,VENUE-SIMULATED-FILL,MODELLED,2026-04-10,243.81,VENUE-SIMULATED-FILL,MODELLED,0,4.65,0.015896,0.1461,,,,,MODELLED,False
Season 1:@SqueezeHunter_TF:2026-03-06:CVNA:2026-04-10,Season 1,@SqueezeHunter_TF,CVNA,,long,110,49842.01,2026-03-06,453.109189,VENUE-SIMULATED-FILL,MODELLED,2026-04-10,416.7,VENUE-SIMULATED-FILL,MODELLED,35,-4006.64,-8.03868,1.6257,,,,,MODELLED,False
Live Book (rehearsal):@DowNasdaq_SpreadMax:2025-12-15:SPY:2026-04-13,Live Book (rehearsal),@DowNasdaq_SpreadMax,SPY,,long,40,26937.99,2025-12-15,673.449852,VENUE-SIMULATED-FILL,SECONDARY,2026-04-13,677.4,VENUE-SIMULATED-FILL,SECONDARY,119,157.2,0.583562,0.806,,,0.147,9e-05,SECONDARY,False
Season 2:@FDACatalyst_Rider:2026-04-07:XBI:2026-04-13,Season 2,@FDACatalyst_Rider,XBI,,long,14,1794.02,2026-04-07,128.144336,VENUE-SIMULATED-FILL,MODELLED,2026-04-13,130.3,VENUE-SIMULATED-FILL,MODELLED,6,30.05,1.675009,0.1243,,,,,MODELLED,False
Season 1:@GapAndGo_YOLO:2026-04-13:CVNA:2026-04-13,Season 1,@GapAndGo_YOLO,CVNA,,long,27,11073.51,2026-04-13,410.13,VENUE-SIMULATED-FILL,MODELLED,2026-04-13,422.56,VENUE-SIMULATED-FILL,MODELLED,0,335.21,3.027134,0.4023,,,,,MODELLED,False
Season 1:@GapAndGo_YOLO:2026-04-13:RIVN:2026-04-13,Season 1,@GapAndGo_YOLO,RIVN,,long,465,11350.65,2026-04-13,24.41,VENUE-SIMULATED-FILL,MODELLED,2026-04-13,25.56,VENUE-SIMULATED-FILL,MODELLED,0,531.62,4.683608,3.1255,,,,,MODELLED,False
Season 1:@KitchenSink_AllIn:2026-04-09:CAT:2026-04-13,Season 1,@KitchenSink_AllIn,CAT,,long,17,8701.62,2026-04-09,511.86,VENUE-SIMULATED-FILL,MODELLED,2026-04-13,513.27,VENUE-SIMULATED-FILL,MODELLED,4,23.68,0.272133,0.2851,,,,,MODELLED,False
Live Book (rehearsal):@KitchenSink_Official:2026-04-09:SPY:2026-04-13,Live Book (rehearsal),@KitchenSink_Official,SPY,,long,40,26994.0,2026-04-09,674.85,VENUE-SIMULATED-FILL,SECONDARY,2026-04-13,677.4,VENUE-SIMULATED-FILL,SECONDARY,4,101.19,0.374861,0.806,,,0.147,0.00014,SECONDARY,False
Live Book (rehearsal):@LeapStyle_AutoLiquidate:2026-04-06:GLD:2026-04-13,Live Book (rehearsal),@LeapStyle_AutoLiquidate,GLD,,long,40,17155.6,2026-04-06,428.89,VENUE-SIMULATED-FILL,SECONDARY,2026-04-13,434.76,VENUE-SIMULATED-FILL,SECONDARY,7,234.19,1.365094,0.606,,,0.46,0.00222,SECONDARY,False
Live Book (rehearsal):@LeapStyle_AutoLiquidate:2026-04-08:NVDA:2026-04-13,Live Book (rehearsal),@LeapStyle_AutoLiquidate,NVDA,,long,300,55086.0,2026-04-08,183.62,VENUE-SIMULATED-FILL,SECONDARY,2026-04-13,186.02,VENUE-SIMULATED-FILL,SECONDARY,5,716.99,1.301583,3.0081,,,0.537,0.00014,SECONDARY,False
Live Book (rehearsal):@MLB_Attention_Live:2026-03-31:DKNG:2026-04-13,Live Book (rehearsal),@MLB_Attention_Live,DKNG,,long,100,2084.0,2026-03-31,20.84,VENUE-SIMULATED-FILL,SECONDARY,2026-04-13,22.02,VENUE-SIMULATED-FILL,SECONDARY,13,117.34,5.630518,0.6649,,,-0.0,0.02845,SECONDARY,False
Season 2:@MLB_Attention_Momo:2026-03-26:DKNG:2026-04-13,Season 2,@MLB_Attention_Momo,DKNG,,long,153,3260.04,2026-03-26,21.307474,VENUE-SIMULATED-FILL,MODELLED,2026-04-13,22.02,VENUE-SIMULATED-FILL,MODELLED,18,108.0,3.312839,1.0172,,,,,MODELLED,False
Season 2:@MLB_Attention_Momo:2026-03-26:PENN:2026-04-13,Season 2,@MLB_Attention_Momo,PENN,,long,135,1961.48,2026-03-26,14.529513,VENUE-SIMULATED-FILL,MODELLED,2026-04-13,15.14,VENUE-SIMULATED-FILL,MODELLED,18,81.54,4.157056,0.8784,,,,,MODELLED,False
Season 1:@OvernightCarry_NO:2026-04-10:SPY:2026-04-13,Season 1,@OvernightCarry_NO,SPY,,long,19,12916.2,2026-04-10,679.8,VENUE-SIMULATED-FILL,MODELLED,2026-04-13,681.34,VENUE-SIMULATED-FILL,MODELLED,3,28.88,0.223595,0.3844,,,,,MODELLED,False
Season 1:@OverreactionFade_LT:2026-04-06:CVNA:2026-04-13,Season 1,@OverreactionFade_LT,CVNA,,long,128,53316.15,2026-04-06,416.532403,VENUE-SIMULATED-FILL,MODELLED,2026-04-13,410.03,VENUE-SIMULATED-FILL,MODELLED,7,-834.18,-1.564592,1.8741,,,,,MODELLED,False
Season 1:@SpreadHarvester_MM:2026-04-10:NVDA:2026-04-13,Season 1,@SpreadHarvester_MM,NVDA,,short,42,10240.02,2026-04-10,243.81,VENUE-SIMULATED-FILL,MODELLED,2026-04-13,245.02,VENUE-SIMULATED-FILL,MODELLED,3,-50.87,-0.496776,0.0511,,,,,MODELLED,False
Season 1:@SpreadHarvester_MM:2026-04-13:NVDA:2026-04-13,Season 1,@SpreadHarvester_MM,NVDA,,long,41,10045.82,2026-04-13,245.02,VENUE-SIMULATED-FILL,MODELLED,2026-04-13,245.05,VENUE-SIMULATED-FILL,MODELLED,0,1.18,0.011746,0.051,,,,,MODELLED,False
Official Auction Book:@BillCarry_TenX:2026-03-12:912797TH0:2026-04-14,Official Auction Book,@BillCarry_TenX,912797TH0,17-Week,long,866000.0,86354825.87,2026-03-12,99.716889,PRIMARY-AUCTION,OFFICIAL,2026-04-14,100.0,MATURITY-REDEMPTION,OFFICIAL,33,2451.74,0.002839,0.0,0.0,0.0,,,OFFICIAL,True
Live Book (rehearsal):@CurveSteepener_MaxBeta:2026-03-19:JPM:2026-04-14,Live Book (rehearsal),@CurveSteepener_MaxBeta,JPM,,long,280,80715.25,2026-03-19,288.26875,VENUE-SIMULATED-FILL,SECONDARY,2026-04-14,309.81,VENUE-SIMULATED-FILL,SECONDARY,26,6028.03,7.468267,3.5216,,,0.323,0.00162,SECONDARY,False
Live Book (rehearsal):@CurveSteepener_MaxBeta:2026-03-19:XOM:2026-04-14,Live Book (rehearsal),@CurveSteepener_MaxBeta,XOM,,long,600,95759.0,2026-03-19,159.598333,VENUE-SIMULATED-FILL,SECONDARY,2026-04-14,150.06,VENUE-SIMULATED-FILL,SECONDARY,26,-5728.57,-5.982278,5.5717,,,0.667,0.00111,SECONDARY,False
Season 1:@OvernightCarry_NO:2026-04-10:SPY:2026-04-14,Season 1,@OvernightCarry_NO,SPY,,long,286,196397.85,2026-04-10,686.705769,VENUE-SIMULATED-FILL,MODELLED,2026-04-14,689.96,VENUE-SIMULATED-FILL,MODELLED,4,924.87,0.470917,5.8367,,,,,MODELLED,False
Live Book (rehearsal):@SOFRPivot_Rider:2026-04-09:QQQ:2026-04-14,Live Book (rehearsal),@SOFRPivot_Rider,QQQ,,long,200,121802.8,2026-04-09,609.014,VENUE-SIMULATED-FILL,SECONDARY,2026-04-14,620.2,VENUE-SIMULATED-FILL,SECONDARY,5,2233.41,1.833628,3.7942,,,0.322,0.00021,SECONDARY,False
Live Book (rehearsal):@SOFRPivot_Rider:2026-04-09:TSLA:2026-04-14,Live Book (rehearsal),@SOFRPivot_Rider,TSLA,,long,120,41179.2,2026-04-09,343.16,VENUE-SIMULATED-FILL,SECONDARY,2026-04-14,357.67,VENUE-SIMULATED-FILL,SECONDARY,5,1739.57,4.22439,1.6276,,,0.0,0.00019,SECONDARY,False
Season 1:@SpreadHarvester_MM:2026-04-13:NVDA:2026-04-14,Season 1,@SpreadHarvester_MM,NVDA,,short,40,9802.0,2026-04-13,245.05,VENUE-SIMULATED-FILL,MODELLED,2026-04-14,256.0,VENUE-SIMULATED-FILL,MODELLED,1,-438.05,-4.468986,0.0497,,,,,MODELLED,False
Season 1:@SpreadHarvester_MM:2026-04-14:NVDA:2026-04-14,Season 1,@SpreadHarvester_MM,NVDA,,long,23,5888.0,2026-04-14,256.0,VENUE-SIMULATED-FILL,MODELLED,2026-04-14,256.03,VENUE-SIMULATED-FILL,MODELLED,0,0.66,0.011209,0.0338,,,,,MODELLED,False
Official Auction Book:@TBillLadder_MaxRoll:2026-03-12:912797TH0:2026-04-14,Official Auction Book,@TBillLadder_MaxRoll,912797TH0,17-Week,long,101400.0,10111292.54,2026-03-12,99.716889,PRIMARY-AUCTION,OFFICIAL,2026-04-14,100.0,MATURITY-REDEMPTION,OFFICIAL,33,287.07,0.002839,0.0,0.0,0.0,,,OFFICIAL,True
Official Auction Book:@ConcessionFade_Notes:2026-04-07:91282CQJ3:2026-04-15,Official Auction Book,@ConcessionFade_Notes,91282CQJ3,3-Year,long,19000.0,1898827.26,2026-04-07,99.938277,PRIMARY-AUCTION,OFFICIAL,2026-04-15,100.238483,SECONDARY-CURVE,OFFICIAL-DERIVED,8,57.04,0.003004,0.0,0.0,0.0,,,OFFICIAL-DERIVED,False
Live Book (rehearsal):@CurveSteepener_MaxBeta:2026-03-19:JPM:2026-04-15,Live Book (rehearsal),@CurveSteepener_MaxBeta,JPM,,long,40,11530.75,2026-03-19,288.26875,VENUE-SIMULATED-FILL,SECONDARY,2026-04-15,313.95,VENUE-SIMULATED-FILL,SECONDARY,27,1026.74,8.904364,0.5065,,,0.0,0.00162,SECONDARY,False
Live Book (rehearsal):@DowNasdaq_SpreadMax:2025-12-15:SPY:2026-04-15,Live Book (rehearsal),@DowNasdaq_SpreadMax,SPY,,long,160,107751.98,2025-12-15,673.449852,VENUE-SIMULATED-FILL,SECONDARY,2026-04-15,695.26,VENUE-SIMULATED-FILL,SECONDARY,121,3486.34,3.235523,3.2828,,,0.0,9e-05,SECONDARY,False
Season 1:@DriftRider_PEAD:2026-02-26:NVDA:2026-04-15,Season 1,@DriftRider_PEAD,NVDA,,short,1,270.04,2026-02-26,270.04,VENUE-SIMULATED-FILL,MODELLED,2026-04-15,278.36,VENUE-SIMULATED-FILL,MODELLED,48,-8.33,-3.084728,0.0062,,,,,MODELLED,False
Season 1:@GapAndGo_YOLO:2026-04-15:CVNA:2026-04-15,Season 1,@GapAndGo_YOLO,CVNA,,long,26,11679.46,2026-04-15,449.21,VENUE-SIMULATED-FILL,MODELLED,2026-04-15,407.37,VENUE-SIMULATED-FILL,MODELLED,0,-1088.22,-9.317383,0.3793,,,,,MODELLED,False
Season 1:@GapAndGo_YOLO:2026-04-15:RIVN:2026-04-15,Season 1,@GapAndGo_YOLO,RIVN,,long,432,11694.24,2026-04-15,27.07,VENUE-SIMULATED-FILL,MODELLED,2026-04-15,27.16,VENUE-SIMULATED-FILL,MODELLED,0,35.96,0.307502,2.9179,,,,,MODELLED,False
Live Book (rehearsal):@GoldVsRealRate_Live:2026-03-16:TLT:2026-04-15,Live Book (rehearsal),@GoldVsRealRate_Live,TLT,,long,1500,130851.0,2026-03-16,87.234,VENUE-SIMULATED-FILL,SECONDARY,2026-04-15,87.01,VENUE-SIMULATED-FILL,SECONDARY,30,-347.98,-0.265936,11.9811,,,1.149,0.00187,SECONDARY,False
Season 1:@KitchenSink_AllIn:2026-02-23:CVNA:2026-04-15,Season 1,@KitchenSink_AllIn,CVNA,,long,70,31704.83,2026-02-23,452.926149,VENUE-SIMULATED-FILL,MODELLED,2026-04-15,449.12,VENUE-SIMULATED-FILL,MODELLED,51,-267.51,-0.843752,1.0813,,,,,MODELLED,False
Season 1:@KitchenSink_AllIn:2026-04-09:CAT:2026-04-15,Season 1,@KitchenSink_AllIn,CAT,,long,48,24569.28,2026-04-09,511.86,VENUE-SIMULATED-FILL,MODELLED,2026-04-15,502.04,VENUE-SIMULATED-FILL,MODELLED,6,-472.15,-1.921709,0.7938,,,,,MODELLED,False
Live Book (rehearsal):@KitchenSink_Official:2026-04-10:QQQ:2026-04-15,Live Book (rehearsal),@KitchenSink_Official,QQQ,,long,160,98013.12,2026-04-10,612.582,VENUE-SIMULATED-FILL,SECONDARY,2026-04-15,629.06,VENUE-SIMULATED-FILL,SECONDARY,5,2633.42,2.686804,3.0646,,,0.318,0.00024,SECONDARY,False
Live Book (rehearsal):@OilDollar_FadeUNG:2025-12-03:XOM:2026-04-15,Live Book (rehearsal),@OilDollar_FadeUNG,XOM,,long,200,27690.29,2025-12-03,138.451429,VENUE-SIMULATED-FILL,SECONDARY,2026-04-15,148.6,VENUE-SIMULATED-FILL,SECONDARY,133,2027.86,7.323362,1.8512,,,0.0,0.00178,SECONDARY,False
Live Book (rehearsal):@OilDollar_FadeUNG:2026-04-10:UNG:2026-04-15,Live Book (rehearsal),@OilDollar_FadeUNG,UNG,,long,6000,64993.77,2026-04-10,10.832295,VENUE-SIMULATED-FILL,SECONDARY,2026-04-15,10.52,VENUE-SIMULATED-FILL,SECONDARY,5,-1912.24,-2.94219,38.4703,,,9.497,0.0806,SECONDARY,False
Season 1:@OvernightCarry_NO:2026-04-14:SPY:2026-04-15,Season 1,@OvernightCarry_NO,SPY,,long,18,12506.4,2026-04-14,694.8,VENUE-SIMULATED-FILL,MODELLED,2026-04-15,695.07,VENUE-SIMULATED-FILL,MODELLED,1,4.49,0.035902,0.3692,,,,,MODELLED,False
Season 1:@SpreadHarvester_MM:2026-04-14:NVDA:2026-04-15,Season 1,@SpreadHarvester_MM,NVDA,,short,22,5632.66,2026-04-14,256.03,VENUE-SIMULATED-FILL,MODELLED,2026-04-15,278.33,VENUE-SIMULATED-FILL,MODELLED,1,-490.63,-8.710449,0.0323,,,,,MODELLED,False
Season 1:@SpreadHarvester_MM:2026-04-15:NVDA:2026-04-15,Season 1,@SpreadHarvester_MM,NVDA,,long,21,5844.93,2026-04-15,278.33,VENUE-SIMULATED-FILL,MODELLED,2026-04-15,278.37,VENUE-SIMULATED-FILL,MODELLED,0,0.8,0.013687,0.0405,,,,,MODELLED,False
Season 1:@BetaChaser_3xProxy:2025-09-17:NVDA:2026-04-16,Season 1,@BetaChaser_3xProxy,NVDA,,long,5,1038.11,2025-09-17,207.622211,VENUE-SIMULATED-FILL,MODELLED,2026-04-16,280.48,VENUE-SIMULATED-FILL,MODELLED,211,364.23,35.085842,0.0599,,,,,MODELLED,False
Official Auction Book:@CalendarBarbell_Max:2026-03-03:912797QD2:2026-04-16,Official Auction Book,@CalendarBarbell_Max,912797QD2,52-Week,long,176300.0,17555131.21,2026-03-03,99.575333,PRIMARY-AUCTION,OFFICIAL,2026-04-16,100.0,MATURITY-REDEMPTION,OFFICIAL,44,748.69,0.004265,0.0,0.0,0.0,,,OFFICIAL,True
Season 1:@DriftRider_PEAD:2026-04-15:NVDA:2026-04-16,Season 1,@DriftRider_PEAD,NVDA,,long,129,35908.44,2026-04-15,278.36,VENUE-SIMULATED-FILL,MODELLED,2026-04-16,280.48,VENUE-SIMULATED-FILL,MODELLED,1,271.94,0.757315,1.5445,,,,,MODELLED,False
Season 2:@FDA_ClusterFade:2026-04-07:XBI:2026-04-16,Season 2,@FDA_ClusterFade,XBI,,short,56,7169.56,2026-04-07,128.027843,VENUE-SIMULATED-FILL,MODELLED,2026-04-16,136.14,VENUE-SIMULATED-FILL,MODELLED,9,-454.78,-6.343207,0.4946,,,,,MODELLED,False
Season 1:@KitchenSink_AllIn:2026-04-09:CAT:2026-04-16,Season 1,@KitchenSink_AllIn,CAT,,long,9,4606.74,2026-04-09,511.86,VENUE-SIMULATED-FILL,MODELLED,2026-04-16,502.49,VENUE-SIMULATED-FILL,MODELLED,7,-84.48,-1.833835,0.1489,,,,,MODELLED,False
Live Book (rehearsal):@KitchenSink_Official:2026-04-10:QQQ:2026-04-16,Live Book (rehearsal),@KitchenSink_Official,QQQ,,long,40,24503.28,2026-04-10,612.582,VENUE-SIMULATED-FILL,SECONDARY,2026-04-16,639.2,VENUE-SIMULATED-FILL,SECONDARY,6,1063.95,4.342072,0.7745,,,0.157,0.00024,SECONDARY,False
Season 1:@OvernightCarry_NO:2026-04-15:SPY:2026-04-16,Season 1,@OvernightCarry_NO,SPY,,long,282,197501.52,2026-04-15,700.36,VENUE-SIMULATED-FILL,MODELLED,2026-04-16,694.75,VENUE-SIMULATED-FILL,MODELLED,1,-1587.8,-0.803943,5.7829,,,,,MODELLED,False
Season 1:@SectorRotator_AlphaX:2025-09-17:AAPL:2026-04-16,Season 1,@SectorRotator_AlphaX,AAPL,,long,3,841.3,2025-09-17,280.434853,VENUE-SIMULATED-FILL,MODELLED,2026-04-16,324.25,VENUE-SIMULATED-FILL,MODELLED,211,131.41,15.619789,0.0386,,,,,MODELLED,False
Season 1:@SectorRotator_AlphaX:2025-09-17:META:2026-04-16,Season 1,@SectorRotator_AlphaX,META,,long,3,2557.63,2025-09-17,852.544032,VENUE-SIMULATED-FILL,MODELLED,2026-04-16,1277.18,VENUE-SIMULATED-FILL,MODELLED,211,1273.81,49.80427,0.0975,,,,,MODELLED,False
Season 1:@SpreadHarvester_MM:2026-04-15:NVDA:2026-04-16,Season 1,@SpreadHarvester_MM,NVDA,,short,20,5567.4,2026-04-15,278.37,VENUE-SIMULATED-FILL,MODELLED,2026-04-16,280.47,VENUE-SIMULATED-FILL,MODELLED,1,-42.04,-0.75511,0.0386,,,,,MODELLED,False
Season 1:@SpreadHarvester_MM:2026-04-16:NVDA:2026-04-16,Season 1,@SpreadHarvester_MM,NVDA,,long,19,5328.93,2026-04-16,280.47,VENUE-SIMULATED-FILL,MODELLED,2026-04-16,280.51,VENUE-SIMULATED-FILL,MODELLED,0,0.72,0.013511,0.0375,,,,,MODELLED,False
Live Book (rehearsal):@CurveSteepener_MaxBeta:2026-04-15:SPY:2026-04-17,Live Book (rehearsal),@CurveSteepener_MaxBeta,SPY,,long,120,83432.4,2026-04-15,695.27,VENUE-SIMULATED-FILL,SECONDARY,2026-04-17,706.14,VENUE-SIMULATED-FILL,SECONDARY,2,1301.91,1.560437,2.489,,,0.0,0.00021,SECONDARY,False
Season 2:@FDA_ClusterFade:2026-04-07:XBI:2026-04-17,Season 2,@FDA_ClusterFade,XBI,,short,21,2688.58,2026-04-07,128.027843,VENUE-SIMULATED-FILL,MODELLED,2026-04-17,137.78,VENUE-SIMULATED-FILL,MODELLED,10,-204.98,-7.624086,0.1855,,,,,MODELLED,False
Season 1:@GapAndGo_YOLO:2026-04-17:TSLA:2026-04-17,Season 1,@GapAndGo_YOLO,TSLA,,long,40,11206.8,2026-04-17,280.17,VENUE-SIMULATED-FILL,MODELLED,2026-04-17,299.94,VENUE-SIMULATED-FILL,MODELLED,0,790.3,7.051968,0.495,,,,,MODELLED,False
Live Book (rehearsal):@GoldVsRealRate_Live:2026-04-15:GLD:2026-04-17,Live Book (rehearsal),@GoldVsRealRate_Live,GLD,,long,240,106170.86,2026-04-15,442.378571,VENUE-SIMULATED-FILL,SECONDARY,2026-04-17,445.63,VENUE-SIMULATED-FILL,SECONDARY,2,776.65,0.73151,3.69,,,0.449,0.00124,SECONDARY,False
Season 1:@KitchenSink_AllIn:2026-04-09:CAT:2026-04-17,Season 1,@KitchenSink_AllIn,CAT,,long,29,14843.94,2026-04-09,511.86,VENUE-SIMULATED-FILL,MODELLED,2026-04-17,505.55,VENUE-SIMULATED-FILL,MODELLED,8,-183.47,-1.235993,0.4817,,,,,MODELLED,False
Live Book (rehearsal):@KitchenSink_Official:2026-04-15:SPY:2026-04-17,Live Book (rehearsal),@KitchenSink_Official,SPY,,long,40,27926.6,2026-04-15,698.165,VENUE-SIMULATED-FILL,SECONDARY,2026-04-17,706.14,VENUE-SIMULATED-FILL,SECONDARY,2,318.17,1.139308,0.8297,,,0.0,7e-05,SECONDARY,False
Season 1:@OvernightCarry_NO:2026-04-15:SPY:2026-04-17,Season 1,@OvernightCarry_NO,SPY,,long,14,9828.69,2026-04-15,702.049333,VENUE-SIMULATED-FILL,MODELLED,2026-04-17,701.45,VENUE-SIMULATED-FILL,MODELLED,2,-8.68,-0.088313,0.289,,,,,MODELLED,False
Season 1:@OverreactionFade_LT:2026-04-06:CVNA:2026-04-17,Season 1,@OverreactionFade_LT,CVNA,,long,132,52908.11,2026-04-06,400.819041,VENUE-SIMULATED-FILL,MODELLED,2026-04-17,406.71,VENUE-SIMULATED-FILL,MODELLED,11,775.68,1.466089,1.9237,,,,,MODELLED,False
Season 1:@SpreadHarvester_MM:2026-04-16:NVDA:2026-04-17,Season 1,@SpreadHarvester_MM,NVDA,,short,8,2244.08,2026-04-16,280.51,VENUE-SIMULATED-FILL,MODELLED,2026-04-17,262.87,VENUE-SIMULATED-FILL,MODELLED,1,141.1,6.287655,0.0158,,,,,MODELLED,False
Season 1:@SpreadHarvester_MM:2026-04-17:NVDA:2026-04-17,Season 1,@SpreadHarvester_MM,NVDA,,long,7,1840.09,2026-04-17,262.87,VENUE-SIMULATED-FILL,MODELLED,2026-04-17,262.91,VENUE-SIMULATED-FILL,MODELLED,0,0.27,0.014673,0.0113,,,,,MODELLED,False
Season 1:@VIXRegime_Timer:2025-09-17:SPY:2026-04-17,Season 1,@VIXRegime_Timer,SPY,,long,79,53213.36,2025-09-17,673.586823,VENUE-SIMULATED-FILL,MODELLED,2026-04-17,701.45,VENUE-SIMULATED-FILL,MODELLED,212,2199.56,4.133473,1.6309,,,,,MODELLED,False
Live Book (rehearsal):@CurveSteepener_MaxBeta:2026-04-17:JPM:2026-04-20,Live Book (rehearsal),@CurveSteepener_MaxBeta,JPM,,long,160,49998.4,2026-04-17,312.49,VENUE-SIMULATED-FILL,SECONDARY,2026-04-20,310.84,VENUE-SIMULATED-FILL,SECONDARY,3,-266.02,-0.532057,2.0157,,,0.322,0.0018,SECONDARY,False
Live Book (rehearsal):@CurveSteepener_MaxBeta:2026-04-17:XOM:2026-04-20,Live Book (rehearsal),@CurveSteepener_MaxBeta,XOM,,long,300,43461.0,2026-04-17,144.87,VENUE-SIMULATED-FILL,SECONDARY,2026-04-20,147.38,VENUE-SIMULATED-FILL,SECONDARY,3,750.23,1.726214,2.7693,,,0.0,0.00138,SECONDARY,False
Season 1:@KitchenSink_AllIn:2026-02-26:AAPL:2026-04-20,Season 1,@KitchenSink_AllIn,AAPL,,long,59,19293.44,2026-02-26,327.007482,VENUE-SIMULATED-FILL,MODELLED,2026-04-20,330.55,VENUE-SIMULATED-FILL,MODELLED,53,208.24,1.079331,0.7673,,,,,MODELLED,False
Season 1:@KitchenSink_AllIn:2026-04-09:CAT:2026-04-20,Season 1,@KitchenSink_AllIn,CAT,,long,38,19450.68,2026-04-09,511.86,VENUE-SIMULATED-FILL,MODELLED,2026-04-20,501.52,VENUE-SIMULATED-FILL,MODELLED,11,-393.55,-2.023323,0.628,,,,,MODELLED,False
Season 1:@KitchenSink_AllIn:2026-04-17:META:2026-04-20,Season 1,@KitchenSink_AllIn,META,,long,3,3777.57,2026-04-17,1259.19,VENUE-SIMULATED-FILL,MODELLED,2026-04-20,1280.87,VENUE-SIMULATED-FILL,MODELLED,3,64.94,1.719095,0.0977,,,,,MODELLED,False
Live Book (rehearsal):@KitchenSink_Official:2026-04-17:QQQ:2026-04-20,Live Book (rehearsal),@KitchenSink_Official,QQQ,,long,80,51648.0,2026-04-17,645.6,VENUE-SIMULATED-FILL,SECONDARY,2026-04-20,648.03,VENUE-SIMULATED-FILL,SECONDARY,3,192.84,0.373374,1.5636,,,0.154,0.00015,SECONDARY,False
Season 2:@MLB_Attention_Momo:2026-03-26:FLUT:2026-04-20,Season 2,@MLB_Attention_Momo,FLUT,,long,33,3394.86,2026-03-26,102.874644,VENUE-SIMULATED-FILL,MODELLED,2026-04-20,108.54,VENUE-SIMULATED-FILL,MODELLED,25,186.68,5.498896,0.2782,,,,,MODELLED,False
Season 2:@MLB_Attention_Momo:2026-03-26:PENN:2026-04-20,Season 2,@MLB_Attention_Momo,PENN,,long,235,3440.11,2026-03-26,14.638745,VENUE-SIMULATED-FILL,MODELLED,2026-04-20,15.61,VENUE-SIMULATED-FILL,MODELLED,25,226.71,6.590206,1.5314,,,,,MODELLED,False
Live Book (rehearsal):@OilDollar_FadeUNG:2025-12-03:XOM:2026-04-20,Live Book (rehearsal),@OilDollar_FadeUNG,XOM,,long,200,28203.77,2025-12-03,141.018857,VENUE-SIMULATED-FILL,SECONDARY,2026-04-20,147.38,VENUE-SIMULATED-FILL,SECONDARY,138,1270.38,4.504291,1.8462,,,0.0,0.00178,SECONDARY,False
Live Book (rehearsal):@OilDollar_FadeUNG:2026-04-10:UNG:2026-04-20,Live Book (rehearsal),@OilDollar_FadeUNG,UNG,,long,5300,56515.23,2026-04-10,10.663251,VENUE-SIMULATED-FILL,SECONDARY,2026-04-20,10.86,VENUE-SIMULATED-FILL,SECONDARY,10,1008.75,1.784917,34.0192,,,9.2,0.0806,SECONDARY,False
Season 1:@OvernightCarry_NO:2026-04-15:SPY:2026-04-20,Season 1,@OvernightCarry_NO,SPY,,long,279,198260.0,2026-04-15,710.609319,VENUE-SIMULATED-FILL,MODELLED,2026-04-20,711.69,VENUE-SIMULATED-FILL,MODELLED,5,295.69,0.149143,5.8188,,,,,MODELLED,False
Season 1:@SpreadHarvester_MM:2026-04-17:NVDA:2026-04-20,Season 1,@SpreadHarvester_MM,NVDA,,short,6,1577.46,2026-04-17,262.91,VENUE-SIMULATED-FILL,MODELLED,2026-04-20,277.63,VENUE-SIMULATED-FILL,MODELLED,3,-88.33,-5.599508,0.0096,,,,,MODELLED,False
Season 1:@SpreadHarvester_MM:2026-04-20:NVDA:2026-04-20,Season 1,@SpreadHarvester_MM,NVDA,,long,5,1388.15,2026-04-20,277.63,VENUE-SIMULATED-FILL,MODELLED,2026-04-20,277.67,VENUE-SIMULATED-FILL,MODELLED,0,0.19,0.013687,0.0096,,,,,MODELLED,False
Live Book (rehearsal):@CurveSteepener_MaxBeta:2026-04-17:JPM:2026-04-21,Live Book (rehearsal),@CurveSteepener_MaxBeta,JPM,,long,40,12499.6,2026-04-17,312.49,VENUE-SIMULATED-FILL,SECONDARY,2026-04-21,317.48,VENUE-SIMULATED-FILL,SECONDARY,4,199.09,1.592771,0.5094,,,0.315,0.0018,SECONDARY,False
Season 2:@GOLD_Trend_GLD:2026-04-15:GLD:2026-04-21,Season 2,@GOLD_Trend_GLD,GLD,,long,8,3543.39,2026-04-15,442.923264,VENUE-SIMULATED-FILL,MODELLED,2026-04-21,438.54,VENUE-SIMULATED-FILL,MODELLED,6,-35.19,-0.993118,0.1218,,,,,MODELLED,False
Season 1:@GapAndGo_YOLO:2026-04-21:CVNA:2026-04-21,Season 1,@GapAndGo_YOLO,CVNA,,long,29,11450.94,2026-04-21,394.86,VENUE-SIMULATED-FILL,MODELLED,2026-04-21,380.52,VENUE-SIMULATED-FILL,MODELLED,0,-416.27,-3.635247,0.407,,,,,MODELLED,False
Live Book (rehearsal):@GoldVsRealRate_Live:2026-04-17:TLT:2026-04-21,Live Book (rehearsal),@GoldVsRealRate_Live,TLT,,long,1400,121938.0,2026-04-17,87.098571,VENUE-SIMULATED-FILL,SECONDARY,2026-04-21,86.97,VENUE-SIMULATED-FILL,SECONDARY,4,-191.18,-0.156785,11.1812,,,0.0,0.00169,SECONDARY,False
Season 1:@KitchenSink_AllIn:2026-04-09:CAT:2026-04-21,Season 1,@KitchenSink_AllIn,CAT,,long,2,1023.72,2026-04-09,511.86,VENUE-SIMULATED-FILL,MODELLED,2026-04-21,504.99,VENUE-SIMULATED-FILL,MODELLED,12,-13.77,-1.345094,0.0332,,,,,MODELLED,False
Live Book (rehearsal):@KitchenSink_Official:2026-04-15:SPY:2026-04-21,Live Book (rehearsal),@KitchenSink_Official,SPY,,long,80,56278.2,2026-04-15,703.4775,VENUE-SIMULATED-FILL,SECONDARY,2026-04-21,710.28,VENUE-SIMULATED-FILL,SECONDARY,6,542.53,0.964014,1.6661,,,0.0,7e-05,SECONDARY,False
Official Auction Book:@LiquidityWeighted_Participant:2026-03-10:912797SM0:2026-04-21,Official Auction Book,@LiquidityWeighted_Participant,912797SM0,26-Week,long,64500.0,6422646.65,2026-03-10,99.575917,PRIMARY-AUCTION,OFFICIAL,2026-04-21,99.980111,SECONDARY-CURVE,OFFICIAL-DERIVED,42,260.71,0.004059,0.0,0.0,0.0,,,OFFICIAL-DERIVED,False
Season 1:@OvernightCarry_NO:2026-04-15:SPY:2026-04-21,Season 1,@OvernightCarry_NO,SPY,,long,12,8508.95,2026-04-15,709.07911,VENUE-SIMULATED-FILL,MODELLED,2026-04-21,706.05,VENUE-SIMULATED-FILL,MODELLED,6,-36.6,-0.430135,0.2489,,,,,MODELLED,False
Season 1:@SpreadHarvester_MM:2026-04-20:NVDA:2026-04-21,Season 1,@SpreadHarvester_MM,NVDA,,short,4,1110.68,2026-04-20,277.67,VENUE-SIMULATED-FILL,MODELLED,2026-04-21,280.91,VENUE-SIMULATED-FILL,MODELLED,1,-12.97,-1.167753,0.0076,,,,,MODELLED,False
Season 1:@SpreadHarvester_MM:2026-04-21:NVDA:2026-04-21,Season 1,@SpreadHarvester_MM,NVDA,,long,3,842.73,2026-04-21,280.91,VENUE-SIMULATED-FILL,MODELLED,2026-04-21,280.95,VENUE-SIMULATED-FILL,MODELLED,0,0.11,0.013053,0.0059,,,,,MODELLED,False
Live Book (rehearsal):@VolControl_MaxLev:2026-04-15:QQQ:2026-04-21,Live Book (rehearsal),@VolControl_MaxLev,QQQ,,long,80,50327.2,2026-04-15,629.09,VENUE-SIMULATED-FILL,SECONDARY,2026-04-21,648.4,VENUE-SIMULATED-FILL,SECONDARY,6,1543.24,3.066413,1.5642,,,0.154,0.00024,SECONDARY,False
Live Book (rehearsal):@CurveSteepener_MaxBeta:2026-04-17:XOM:2026-04-22,Live Book (rehearsal),@CurveSteepener_MaxBeta,XOM,,long,100,14487.0,2026-04-17,144.87,VENUE-SIMULATED-FILL,SECONDARY,2026-04-22,149.36,VENUE-SIMULATED-FILL,SECONDARY,5,448.07,3.092911,0.9272,,,0.669,0.00138,SECONDARY,False
Season 2:@GOLD_Trend_GLD:2026-04-15:GLD:2026-04-22,Season 2,@GOLD_Trend_GLD,GLD,,long,613,271511.96,2026-04-15,442.923264,VENUE-SIMULATED-FILL,MODELLED,2026-04-22,436.24,VENUE-SIMULATED-FILL,MODELLED,7,-4106.15,-1.512327,9.3063,,,,,MODELLED,False
Season 1:@GapAndGo_YOLO:2026-04-22:CVNA:2026-04-22,Season 1,@GapAndGo_YOLO,CVNA,,long,29,11252.58,2026-04-22,388.02,VENUE-SIMULATED-FILL,MODELLED,2026-04-22,357.67,VENUE-SIMULATED-FILL,MODELLED,0,-880.54,-7.825228,0.3933,,,,,MODELLED,False
Season 2:@MLB_Attention_Momo:2026-03-26:DKNG:2026-04-22,Season 2,@MLB_Attention_Momo,DKNG,,long,44,943.01,2026-03-26,21.432058,VENUE-SIMULATED-FILL,MODELLED,2026-04-22,22.99,VENUE-SIMULATED-FILL,MODELLED,27,68.26,7.238519,0.2934,,,,,MODELLED,False
Season 1:@OvernightCarry_NO:2026-04-21:SPY:2026-04-22,Season 1,@OvernightCarry_NO,SPY,,long,280,197246.0,2026-04-21,704.45,VENUE-SIMULATED-FILL,MODELLED,2026-04-22,707.59,VENUE-SIMULATED-FILL,MODELLED,1,873.38,0.442787,5.816,,,,,MODELLED,False
Season 1:@OverreactionFade_LT:2026-04-06:CVNA:2026-04-22,Season 1,@OverreactionFade_LT,CVNA,,long,136,53710.97,2026-04-06,394.933596,VENUE-SIMULATED-FILL,MODELLED,2026-04-22,387.93,VENUE-SIMULATED-FILL,MODELLED,16,-954.42,-1.776955,1.9293,,,,,MODELLED,False
Live Book (rehearsal):@VolControl_MaxLev:2026-04-15:QQQ:2026-04-22,Live Book (rehearsal),@VolControl_MaxLev,QQQ,,long,40,25163.6,2026-04-15,629.09,VENUE-SIMULATED-FILL,SECONDARY,2026-04-22,650.14,VENUE-SIMULATED-FILL,SECONDARY,7,841.22,3.343003,0.7835,,,0.154,0.00024,SECONDARY,False
Season 1:@BetaChaser_3xProxy:2025-09-17:NVDA:2026-04-23,Season 1,@BetaChaser_3xProxy,NVDA,,long,8,1660.98,2025-09-17,207.622211,VENUE-SIMULATED-FILL,MODELLED,2026-04-23,284.14,VENUE-SIMULATED-FILL,MODELLED,218,612.05,36.848779,0.0964,,,,,MODELLED,False
Season 1:@BetaChaser_3xProxy:2025-09-17:TSLA:2026-04-23,Season 1,@BetaChaser_3xProxy,TSLA,,long,22,7532.56,2025-09-17,342.389148,VENUE-SIMULATED-FILL,MODELLED,2026-04-23,294.73,VENUE-SIMULATED-FILL,MODELLED,218,-1048.77,-13.923153,0.2699,,,,,MODELLED,False
Season 2:@FDACatalyst_Rider:2026-04-07:XBI:2026-04-23,Season 2,@FDACatalyst_Rider,XBI,,long,10,1284.32,2026-04-07,128.431777,VENUE-SIMULATED-FILL,MODELLED,2026-04-23,136.82,VENUE-SIMULATED-FILL,MODELLED,16,83.79,6.524086,0.0901,,,,,MODELLED,False
Season 1:@GapAndGo_YOLO:2026-04-23:CVNA:2026-04-23,Season 1,@GapAndGo_YOLO,CVNA,,long,30,11040.9,2026-04-23,368.03,VENUE-SIMULATED-FILL,MODELLED,2026-04-23,343.31,VENUE-SIMULATED-FILL,MODELLED,0,-742.0,-6.720467,0.398,,,,,MODELLED,False
Season 1:@GapAndGo_YOLO:2026-04-23:NVDA:2026-04-23,Season 1,@GapAndGo_YOLO,NVDA,,long,39,11082.24,2026-04-23,284.16,VENUE-SIMULATED-FILL,MODELLED,2026-04-23,269.06,VENUE-SIMULATED-FILL,MODELLED,0,-589.36,-5.318058,0.4578,,,,,MODELLED,False
Season 1:@KitchenSink_AllIn:2026-04-09:CAT:2026-04-23,Season 1,@KitchenSink_AllIn,CAT,,long,3,1535.58,2026-04-09,511.86,VENUE-SIMULATED-FILL,MODELLED,2026-04-23,512.19,VENUE-SIMULATED-FILL,MODELLED,14,0.94,0.061215,0.0502,,,,,MODELLED,False
Season 1:@KitchenSink_AllIn:2026-04-17:META:2026-04-23,Season 1,@KitchenSink_AllIn,META,,long,1,1259.19,2026-04-17,1259.19,VENUE-SIMULATED-FILL,MODELLED,2026-04-23,1239.65,VENUE-SIMULATED-FILL,MODELLED,6,-19.57,-1.554174,0.0317,,,,,MODELLED,False
Live Book (rehearsal):@MLB_Attention_Live:2026-03-31:DKNG:2026-04-23,Live Book (rehearsal),@MLB_Attention_Live,DKNG,,long,400,8403.66,2026-03-31,21.009143,VENUE-SIMULATED-FILL,SECONDARY,2026-04-23,22.26,VENUE-SIMULATED-FILL,SECONDARY,23,497.68,5.922183,2.6614,,,2.245,0.02845,SECONDARY,False
Live Book (rehearsal):@MLB_Attention_Live:2026-03-31:FLUT:2026-04-23,Live Book (rehearsal),@MLB_Attention_Live,FLUT,,long,100,10285.17,2026-03-31,102.851667,VENUE-SIMULATED-FILL,SECONDARY,2026-04-23,105.08,VENUE-SIMULATED-FILL,SECONDARY,23,222.0,2.158448,0.836,,,1.903,0.01387,SECONDARY,False
Season 2:@MLB_Attention_Momo:2026-03-26:DKNG:2026-04-23,Season 2,@MLB_Attention_Momo,DKNG,,long,62,1328.79,2026-03-26,21.432058,VENUE-SIMULATED-FILL,MODELLED,2026-04-23,22.26,VENUE-SIMULATED-FILL,MODELLED,28,50.92,3.832065,0.4125,,,,,MODELLED,False
Season 2:@MLB_Attention_Momo:2026-03-26:PENN:2026-04-23,Season 2,@MLB_Attention_Momo,PENN,,long,183,2682.98,2026-03-26,14.661087,VENUE-SIMULATED-FILL,MODELLED,2026-04-23,15.5,VENUE-SIMULATED-FILL,MODELLED,28,152.33,5.677644,1.1921,,,,,MODELLED,False
Season 1:@OvernightCarry_NO:2026-04-21:SPY:2026-04-23,Season 1,@OvernightCarry_NO,SPY,,long,15,10669.79,2026-04-21,711.319333,VENUE-SIMULATED-FILL,MODELLED,2026-04-23,713.09,VENUE-SIMULATED-FILL,MODELLED,2,26.25,0.246022,0.3133,,,,,MODELLED,False
Season 2:@FDACatalyst_Rider:2026-04-07:XBI:2026-04-24,Season 2,@FDACatalyst_Rider,XBI,,long,18,2311.77,2026-04-07,128.431777,VENUE-SIMULATED-FILL,MODELLED,2026-04-24,134.52,VENUE-SIMULATED-FILL,MODELLED,17,109.43,4.733598,0.1614,,,,,MODELLED,False
Season 1:@GapAndGo_YOLO:2026-04-24:CAT:2026-04-24,Season 1,@GapAndGo_YOLO,CAT,,long,20,10300.8,2026-04-24,515.04,VENUE-SIMULATED-FILL,MODELLED,2026-04-24,522.39,VENUE-SIMULATED-FILL,MODELLED,0,146.66,1.423773,0.3391,,,,,MODELLED,False
Live Book (rehearsal):@GoldVsRealRate_Live:2026-04-15:GLD:2026-04-24,Live Book (rehearsal),@GoldVsRealRate_Live,GLD,,long,120,52375.03,2026-04-15,436.458571,VENUE-SIMULATED-FILL,SECONDARY,2026-04-24,431.32,VENUE-SIMULATED-FILL,SECONDARY,9,-618.44,-1.180792,1.8096,,,0.464,0.00124,SECONDARY,False
Season 2:@MLB_Attention_Momo:2026-03-26:PENN:2026-04-24,Season 2,@MLB_Attention_Momo,PENN,,long,201,2946.88,2026-03-26,14.661087,VENUE-SIMULATED-FILL,MODELLED,2026-04-24,17.23,VENUE-SIMULATED-FILL,MODELLED,29,515.03,17.477137,1.3165,,,,,MODELLED,False
Season 1:@OvernightCarry_NO:2026-04-23:SPY:2026-04-24,Season 1,@OvernightCarry_NO,SPY,,long,277,196359.76,2026-04-23,708.88,VENUE-SIMULATED-FILL,MODELLED,2026-04-24,710.26,VENUE-SIMULATED-FILL,MODELLED,1,376.49,0.191735,5.7689,,,,,MODELLED,False
Season 1:@OverreactionFade_LT:2026-04-21:RIVN:2026-04-24,Season 1,@OverreactionFade_LT,RIVN,,long,1898,53903.2,2026-04-21,28.4,VENUE-SIMULATED-FILL,MODELLED,2026-04-24,28.35,VENUE-SIMULATED-FILL,MODELLED,3,-107.77,-0.199932,12.8666,,,,,MODELLED,False
Live Book (rehearsal):@CrowdFade_Live:2025-10-02:MU:2026-04-27,Live Book (rehearsal),@CrowdFade_Live,MU,,short,160,29592.0,2025-10-02,184.95,VENUE-SIMULATED-FILL,SECONDARY,2026-04-27,510.59,VENUE-SIMULATED-FILL,SECONDARY,207,-52103.39,-176.072553,0.9866,,,0.588,0.0008,SECONDARY,False
Live Book (rehearsal):@CrowdFade_Live:2025-11-26:IWM:2026-04-27,Live Book (rehearsal),@CrowdFade_Live,IWM,,short,200,49010.0,2025-11-26,245.05,VENUE-SIMULATED-FILL,SECONDARY,2026-04-27,276.83,VENUE-SIMULATED-FILL,SECONDARY,152,-6357.23,-12.971292,1.2332,,,0.361,0.00058,SECONDARY,False
Live Book (rehearsal):@CrowdFade_Live:2026-02-05:NVDA:2026-04-27,Live Book (rehearsal),@CrowdFade_Live,NVDA,,long,100,17493.0,2026-02-05,174.93,VENUE-SIMULATED-FILL,SECONDARY,2026-04-27,209.64,VENUE-SIMULATED-FILL,SECONDARY,81,3469.95,19.83622,1.0514,,,0.477,0.00015,SECONDARY,False
Live Book (rehearsal):@CrowdFade_Live:2026-03-31:QQQ:2026-04-27,Live Book (rehearsal),@CrowdFade_Live,QQQ,,long,80,45143.2,2026-03-31,564.29,VENUE-SIMULATED-FILL,SECONDARY,2026-04-27,663.39,VENUE-SIMULATED-FILL,SECONDARY,27,7926.41,17.55837,1.5889,,,0.151,8e-05,SECONDARY,False
Season 2:@FDACatalyst_Rider:2026-04-07:XBI:2026-04-27,Season 2,@FDACatalyst_Rider,XBI,,long,12,1541.18,2026-04-07,128.431777,VENUE-SIMULATED-FILL,MODELLED,2026-04-27,133.44,VENUE-SIMULATED-FILL,MODELLED,20,59.99,3.892469,0.1073,,,,,MODELLED,False
Season 1:@GapAndGo_YOLO:2026-04-27:META:2026-04-27,Season 1,@GapAndGo_YOLO,META,,long,8,10018.0,2026-04-27,1252.25,VENUE-SIMULATED-FILL,MODELLED,2026-04-27,1213.14,VENUE-SIMULATED-FILL,MODELLED,0,-313.13,-3.125674,0.2495,,,,,MODELLED,False
Season 1:@GapAndGo_YOLO:2026-04-27:RIVN:2026-04-27,Season 1,@GapAndGo_YOLO,RIVN,,long,367,10606.3,2026-04-27,28.9,VENUE-SIMULATED-FILL,MODELLED,2026-04-27,27.71,VENUE-SIMULATED-FILL,MODELLED,0,-439.21,-4.141029,2.4831,,,,,MODELLED,False
Season 1:@OvernightCarry_NO:2026-04-24:SPY:2026-04-27,Season 1,@OvernightCarry_NO,SPY,,long,17,12146.84,2026-04-24,714.52,VENUE-SIMULATED-FILL,MODELLED,2026-04-27,714.53,VENUE-SIMULATED-FILL,MODELLED,3,-0.19,-0.001564,0.3555,,,,,MODELLED,False
Season 1:@GapAndGo_YOLO:2026-04-28:NVDA:2026-04-28,Season 1,@GapAndGo_YOLO,NVDA,,long,35,10238.2,2026-04-28,292.52,VENUE-SIMULATED-FILL,MODELLED,2026-04-28,276.74,VENUE-SIMULATED-FILL,MODELLED,0,-552.72,-5.398605,0.4164,,,,,MODELLED,False
Live Book (rehearsal):@GoldVsRealRate_Live:2026-04-15:GLD:2026-04-28,Live Book (rehearsal),@GoldVsRealRate_Live,GLD,,long,120,52159.99,2026-04-15,434.666607,VENUE-SIMULATED-FILL,SECONDARY,2026-04-28,420.71,VENUE-SIMULATED-FILL,SECONDARY,13,-1676.58,-3.214303,1.7834,,,0.238,0.00124,SECONDARY,False
Season 2:@MLB_Attention_Momo:2026-03-26:PENN:2026-04-28,Season 2,@MLB_Attention_Momo,PENN,,long,57,844.75,2026-03-26,14.820152,VENUE-SIMULATED-FILL,MODELLED,2026-04-28,17.74,VENUE-SIMULATED-FILL,MODELLED,33,166.06,19.657918,0.3739,,,,,MODELLED,False
Season 1:@OvernightCarry_NO:2026-04-24:SPY:2026-04-28,Season 1,@OvernightCarry_NO,SPY,,long,276,197452.27,2026-04-24,715.406775,VENUE-SIMULATED-FILL,MODELLED,2026-04-28,712.47,VENUE-SIMULATED-FILL,MODELLED,4,-816.31,-0.413421,5.7606,,,,,MODELLED,False
Season 1:@OverreactionFade_LT:2026-04-23:CVNA:2026-04-28,Season 1,@OverreactionFade_LT,CVNA,,long,141,51896.46,2026-04-23,368.06,VENUE-SIMULATED-FILL,MODELLED,2026-04-28,361.98,VENUE-SIMULATED-FILL,MODELLED,5,-859.2,-1.655604,1.9249,,,,,MODELLED,False
Season 1:@SqueezeHunter_TF:2026-04-27:NVDA:2026-04-28,Season 1,@SqueezeHunter_TF,NVDA,,long,169,48342.45,2026-04-27,286.05,VENUE-SIMULATED-FILL,MODELLED,2026-04-28,292.5,VENUE-SIMULATED-FILL,MODELLED,1,1087.98,2.250569,2.0653,,,,,MODELLED,False
Season 2:@FDACatalyst_Rider:2026-04-07:XBI:2026-04-29,Season 2,@FDACatalyst_Rider,XBI,,long,25,3210.79,2026-04-07,128.431777,VENUE-SIMULATED-FILL,MODELLED,2026-04-29,130.05,VENUE-SIMULATED-FILL,MODELLED,22,40.23,1.252961,0.2219,,,,,MODELLED,False
Live Book (rehearsal):@MLB_Attention_Live:2026-03-31:DKNG:2026-04-29,Live Book (rehearsal),@MLB_Attention_Live,DKNG,,long,100,2100.91,2026-03-31,21.009143,VENUE-SIMULATED-FILL,SECONDARY,2026-04-29,23.41,VENUE-SIMULATED-FILL,SECONDARY,29,239.42,11.395991,0.6677,,,-0.0,0.02845,SECONDARY,False
Season 1:@OvernightCarry_NO:2026-04-28:SPY:2026-04-29,Season 1,@OvernightCarry_NO,SPY,,long,15,10678.5,2026-04-28,711.9,VENUE-SIMULATED-FILL,MODELLED,2026-04-29,711.98,VENUE-SIMULATED-FILL,MODELLED,1,0.89,0.008335,0.3129,,,,,MODELLED,False
Season 1:@VIXRegime_Timer:2025-09-17:SPY:2026-04-29,Season 1,@VIXRegime_Timer,SPY,,long,81,55432.48,2025-09-17,684.351587,VENUE-SIMULATED-FILL,MODELLED,2026-04-29,711.98,VENUE-SIMULATED-FILL,MODELLED,224,2236.21,4.034115,1.6898,,,,,MODELLED,False
Season 1:@BetaChaser_3xProxy:2025-09-17:CVNA:2026-04-30,Season 1,@BetaChaser_3xProxy,CVNA,,long,2,649.39,2025-09-17,324.694329,VENUE-SIMULATED-FILL,MODELLED,2026-04-30,354.54,VENUE-SIMULATED-FILL,MODELLED,225,59.66,9.187102,0.027,,,,,MODELLED,False
Season 1:@BetaChaser_3xProxy:2025-09-17:RIVN:2026-04-30,Season 1,@BetaChaser_3xProxy,RIVN,,long,228,4265.42,2025-09-17,18.707992,VENUE-SIMULATED-FILL,MODELLED,2026-04-30,27.53,VENUE-SIMULATED-FILL,MODELLED,225,2009.88,47.120306,1.5418,,,,,MODELLED,False
Season 1:@BetaChaser_3xProxy:2025-09-17:TSLA:2026-04-30,Season 1,@BetaChaser_3xProxy,TSLA,,long,10,3423.89,2025-09-17,342.389148,VENUE-SIMULATED-FILL,MODELLED,2026-04-30,290.35,VENUE-SIMULATED-FILL,MODELLED,225,-520.51,-15.202293,0.1218,,,,,MODELLED,False
Official Auction Book:@BillCarry_TenX:2026-03-17:912797SN8:2026-04-30,Official Auction Book,@BillCarry_TenX,912797SN8,26-Week,long,5700.0,567582.73,2026-03-17,99.575917,PRIMARY-AUCTION,OFFICIAL,2026-04-30,100.0,MATURITY-REDEMPTION,OFFICIAL,44,24.17,0.004258,0.0,0.0,0.0,,,OFFICIAL,True
Live Book (rehearsal):@CurveSteepener_MaxBeta:2026-04-20:SPY:2026-04-30,Live Book (rehearsal),@CurveSteepener_MaxBeta,SPY,,long,80,56783.2,2026-04-20,709.79,VENUE-SIMULATED-FILL,SECONDARY,2026-04-30,714.63,VENUE-SIMULATED-FILL,SECONDARY,10,385.53,0.678951,1.6733,,,0.0,9e-05,SECONDARY,False
Season 1:@DriftRider_PEAD:2026-04-09:RIVN:2026-04-30,Season 1,@DriftRider_PEAD,RIVN,,long,1445,34997.9,2026-04-09,24.22,VENUE-SIMULATED-FILL,MODELLED,2026-04-30,27.53,VENUE-SIMULATED-FILL,MODELLED,21,4773.18,13.638475,9.7713,,,,,MODELLED,False
Season 1:@GapAndGo_YOLO:2026-04-30:RIVN:2026-04-30,Season 1,@GapAndGo_YOLO,RIVN,,long,366,10079.64,2026-04-30,27.54,VENUE-SIMULATED-FILL,MODELLED,2026-04-30,27.29,VENUE-SIMULATED-FILL,MODELLED,0,-93.97,-0.932275,2.4731,,,,,MODELLED,False
Season 1:@GapAndGo_YOLO:2026-04-30:TSLA:2026-04-30,Season 1,@GapAndGo_YOLO,TSLA,,long,34,9872.58,2026-04-30,290.37,VENUE-SIMULATED-FILL,MODELLED,2026-04-30,283.3,VENUE-SIMULATED-FILL,MODELLED,0,-240.79,-2.438977,0.4091,,,,,MODELLED,False
Season 2:@MLB_Attention_Momo:2026-03-26:PENN:2026-04-30,Season 2,@MLB_Attention_Momo,PENN,,long,79,1170.79,2026-03-26,14.820152,VENUE-SIMULATED-FILL,MODELLED,2026-04-30,17.85,VENUE-SIMULATED-FILL,MODELLED,35,238.84,20.399866,0.5185,,,,,MODELLED,False
Season 1:@OvernightCarry_NO:2026-04-29:SPY:2026-04-30,Season 1,@OvernightCarry_NO,SPY,,long,276,196407.12,2026-04-29,711.62,VENUE-SIMULATED-FILL,MODELLED,2026-04-30,715.08,VENUE-SIMULATED-FILL,MODELLED,1,949.18,0.483272,5.7755,,,,,MODELLED,False
Season 1:@SectorRotator_AlphaX:2025-09-17:GOOGL:2026-04-30,Season 1,@SectorRotator_AlphaX,GOOGL,,long,68,16866.08,2025-09-17,248.03055,VENUE-SIMULATED-FILL,MODELLED,2026-04-30,273.21,VENUE-SIMULATED-FILL,MODELLED,225,1711.4,10.146995,0.804,,,,,MODELLED,False
Season 1:@SectorRotator_AlphaX:2025-09-17:META:2026-04-30,Season 1,@SectorRotator_AlphaX,META,,long,11,9377.98,2025-09-17,852.544032,VENUE-SIMULATED-FILL,MODELLED,2026-04-30,1192.69,VENUE-SIMULATED-FILL,MODELLED,225,3741.27,39.89418,0.3384,,,,,MODELLED,False
Season 1:@TrendSurfer_GoldenX:2025-09-17:GOOGL:2026-04-30,Season 1,@TrendSurfer_GoldenX,GOOGL,,long,9,2266.67,2025-09-17,251.852416,VENUE-SIMULATED-FILL,MODELLED,2026-04-30,273.21,VENUE-SIMULATED-FILL,MODELLED,225,192.11,8.475422,0.1064,,,,,MODELLED,False
Live Book (rehearsal):@VolControl_MaxLev:2026-04-27:QQQ:2026-04-30,Live Book (rehearsal),@VolControl_MaxLev,QQQ,,long,80,53072.8,2026-04-27,663.41,VENUE-SIMULATED-FILL,SECONDARY,2026-04-30,665.34,VENUE-SIMULATED-FILL,SECONDARY,3,152.81,0.287925,1.5921,,,0.15,0.00037,SECONDARY,False
Season 2:@FDACatalyst_Rider:2026-03-12:IBB:2026-05-01,Season 2,@FDACatalyst_Rider,IBB,,long,8,1348.43,2026-03-12,168.553224,VENUE-SIMULATED-FILL,MODELLED,2026-05-01,167.97,VENUE-SIMULATED-FILL,MODELLED,50,-4.74,-0.351521,0.0772,,,,,MODELLED,False
Season 1:@GapAndGo_YOLO:2026-05-01:RIVN:2026-05-01,Season 1,@GapAndGo_YOLO,RIVN,,long,358,9941.66,2026-05-01,27.77,VENUE-SIMULATED-FILL,MODELLED,2026-05-01,25.59,VENUE-SIMULATED-FILL,MODELLED,0,-782.85,-7.874439,2.4065,,,,,MODELLED,False
Season 2:@MLB_Attention_Momo:2026-03-26:DKNG:2026-05-01,Season 2,@MLB_Attention_Momo,DKNG,,long,59,1268.28,2026-03-26,21.496236,VENUE-SIMULATED-FILL,MODELLED,2026-05-01,23.49,VENUE-SIMULATED-FILL,MODELLED,36,117.24,9.244031,0.3941,,,,,MODELLED,False
Season 1:@MomentumMax_12x1:2025-09-17:NVDA:2026-05-01,Season 1,@MomentumMax_12x1,NVDA,,long,22,4069.1,2025-09-17,184.95907,VENUE-SIMULATED-FILL,MODELLED,2026-05-01,269.18,VENUE-SIMULATED-FILL,MODELLED,226,1852.6,45.5285,0.2583,,,,,MODELLED,False
Season 1:@OvernightCarry_NO:2026-04-29:SPY:2026-05-01,Season 1,@OvernightCarry_NO,SPY,,long,16,11495.55,2026-04-29,718.471765,VENUE-SIMULATED-FILL,MODELLED,2026-05-01,720.04,VENUE-SIMULATED-FILL,MODELLED,2,24.76,0.215388,0.3364,,,,,MODELLED,False
Season 1:@VIXRegime_Timer:2025-09-17:SPY:2026-05-01,Season 1,@VIXRegime_Timer,SPY,,long,80,55561.13,2025-09-17,694.514083,VENUE-SIMULATED-FILL,MODELLED,2026-05-01,720.04,VENUE-SIMULATED-FILL,MODELLED,226,2040.39,3.672334,1.6822,,,,,MODELLED,False
Season 1:@VolCarry_LowHigh:2025-09-17:IWM:2026-05-01,Season 1,@VolCarry_LowHigh,IWM,,long,4,969.52,2025-09-17,242.38,VENUE-SIMULATED-FILL,MODELLED,2026-05-01,252.3,VENUE-SIMULATED-FILL,MODELLED,226,39.63,4.08759,0.0456,,,,,MODELLED,False
Season 1:@VolCarry_LowHigh:2025-09-17:QQQ:2026-05-01,Season 1,@VolCarry_LowHigh,QQQ,,long,4,2342.36,2025-09-17,585.59,VENUE-SIMULATED-FILL,MODELLED,2026-05-01,650.01,VENUE-SIMULATED-FILL,MODELLED,226,257.6,10.997456,0.0783,,,,,MODELLED,False
Season 1:@VolCarry_LowHigh:2025-09-17:RIVN:2026-05-01,Season 1,@VolCarry_LowHigh,RIVN,,short,88,1435.28,2025-09-17,16.31,VENUE-SIMULATED-FILL,MODELLED,2026-05-01,27.77,VENUE-SIMULATED-FILL,MODELLED,226,-1009.02,-70.301265,0.5426,,,,,MODELLED,False
Season 1:@VolCarry_LowHigh:2025-09-17:SPY:2026-05-01,Season 1,@VolCarry_LowHigh,SPY,,long,3,1966.23,2025-09-17,655.41,VENUE-SIMULATED-FILL,MODELLED,2026-05-01,720.04,VENUE-SIMULATED-FILL,MODELLED,226,193.83,9.857952,0.0631,,,,,MODELLED,False
Live Book (rehearsal):@CurveSteepener_MaxBeta:2026-04-30:JPM:2026-05-04,Live Book (rehearsal),@CurveSteepener_MaxBeta,JPM,,long,280,86534.8,2026-04-30,309.052857,VENUE-SIMULATED-FILL,SECONDARY,2026-05-04,310.6,VENUE-SIMULATED-FILL,SECONDARY,4,429.67,0.496529,3.5261,,,0.644,0.00226,SECONDARY,False
Live Book (rehearsal):@CurveSteepener_MaxBeta:2026-04-30:XOM:2026-05-04,Live Book (rehearsal),@CurveSteepener_MaxBeta,XOM,,long,600,91496.0,2026-04-30,152.493333,VENUE-SIMULATED-FILL,SECONDARY,2026-05-04,152.65,VENUE-SIMULATED-FILL,SECONDARY,4,88.4,0.096616,5.6038,,,1.31,0.00175,SECONDARY,False
Season 1:@GapAndGo_YOLO:2026-05-04:RIVN:2026-05-04,Season 1,@GapAndGo_YOLO,RIVN,,long,370,9631.1,2026-05-04,26.03,VENUE-SIMULATED-FILL,MODELLED,2026-05-04,25.31,VENUE-SIMULATED-FILL,MODELLED,0,-268.89,-2.791893,2.4851,,,,,MODELLED,False
Season 1:@GapAndGo_YOLO:2026-05-04:UNH:2026-05-04,Season 1,@GapAndGo_YOLO,UNH,,long,42,9609.6,2026-05-04,228.8,VENUE-SIMULATED-FILL,MODELLED,2026-05-04,216.94,VENUE-SIMULATED-FILL,MODELLED,0,-498.57,-5.188249,0.4479,,,,,MODELLED,False
Live Book (rehearsal):@GoldVsRealRate_Live:2026-04-15:GLD:2026-05-04,Live Book (rehearsal),@GoldVsRealRate_Live,GLD,,long,200,86933.32,2026-04-15,434.666607,VENUE-SIMULATED-FILL,SECONDARY,2026-05-04,418.82,VENUE-SIMULATED-FILL,SECONDARY,19,-3172.29,-3.649107,2.9645,,,0.477,0.00124,SECONDARY,False
Season 2:@MLB_Attention_Momo:2026-03-26:DKNG:2026-05-04,Season 2,@MLB_Attention_Momo,DKNG,,long,72,1547.73,2026-03-26,21.496236,VENUE-SIMULATED-FILL,MODELLED,2026-05-04,22.96,VENUE-SIMULATED-FILL,MODELLED,39,104.91,6.778318,0.4801,,,,,MODELLED,False
Season 2:@MLB_Attention_Momo:2026-03-26:FLUT:2026-05-04,Season 2,@MLB_Attention_Momo,FLUT,,long,10,1033.94,2026-03-26,103.394368,VENUE-SIMULATED-FILL,MODELLED,2026-05-04,106.12,VENUE-SIMULATED-FILL,MODELLED,39,27.17,2.627803,0.0838,,,,,MODELLED,False
Season 2:@MLB_Attention_Momo:2026-03-26:PENN:2026-05-04,Season 2,@MLB_Attention_Momo,PENN,,long,86,1280.2,2026-03-26,14.886065,VENUE-SIMULATED-FILL,MODELLED,2026-05-04,17.13,VENUE-SIMULATED-FILL,MODELLED,39,192.42,15.030445,0.5631,,,,,MODELLED,False
Season 1:@OvernightCarry_NO:2026-04-29:SPY:2026-05-04,Season 1,@OvernightCarry_NO,SPY,,long,274,197554.21,2026-04-29,721.00077,VENUE-SIMULATED-FILL,MODELLED,2026-05-04,725.42,VENUE-SIMULATED-FILL,MODELLED,5,1205.08,0.61,5.792,,,,,MODELLED,False
Official Auction Book:@ConcessionFade_Notes:2026-04-27:91282CQK0:2026-05-05,Official Auction Book,@ConcessionFade_Notes,91282CQK0,5-Year,long,3900.0,388597.06,2026-04-27,99.640273,PRIMARY-AUCTION,OFFICIAL,2026-05-05,99.083896,SECONDARY-CURVE,OFFICIAL-DERIVED,8,-21.7,-0.005584,0.0,0.0,0.0,,,OFFICIAL-DERIVED,False
Live Book (rehearsal):@CurveSteepener_MaxBeta:2026-04-20:SPY:2026-05-05,Live Book (rehearsal),@CurveSteepener_MaxBeta,SPY,,long,40,28391.6,2026-04-20,709.79,VENUE-SIMULATED-FILL,SECONDARY,2026-05-05,721.77,VENUE-SIMULATED-FILL,SECONDARY,15,478.36,1.684865,0.8425,,,0.0,9e-05,SECONDARY,False
Season 2:@FDA_ClusterFade:2026-04-07:XBI:2026-05-05,Season 2,@FDA_ClusterFade,XBI,,short,72,9242.63,2026-04-07,128.369875,VENUE-SIMULATED-FILL,MODELLED,2026-05-05,135.15,VENUE-SIMULATED-FILL,MODELLED,28,-488.81,-5.288646,0.6364,,,,,MODELLED,False
Season 1:@GapAndGo_YOLO:2026-05-05:RIVN:2026-05-05,Season 1,@GapAndGo_YOLO,RIVN,,long,362,9321.5,2026-05-05,25.75,VENUE-SIMULATED-FILL,MODELLED,2026-05-05,25.42,VENUE-SIMULATED-FILL,MODELLED,0,-121.89,-1.307622,2.4322,,,,,MODELLED,False
Season 2:@MLB_Attention_Momo:2026-03-26:DKNG:2026-05-05,Season 2,@MLB_Attention_Momo,DKNG,,long,111,2386.08,2026-03-26,21.496236,VENUE-SIMULATED-FILL,MODELLED,2026-05-05,23.57,VENUE-SIMULATED-FILL,MODELLED,40,229.45,9.616182,0.7415,,,,,MODELLED,False
Live Book (rehearsal):@OilDollar_FadeUNG:2025-12-03:XOM:2026-05-05,Live Book (rehearsal),@OilDollar_FadeUNG,XOM,,long,200,28911.06,2025-12-03,144.555314,VENUE-SIMULATED-FILL,SECONDARY,2026-05-05,153.1,VENUE-SIMULATED-FILL,SECONDARY,153,1707.07,5.904556,1.8698,,,0.0,0.00178,SECONDARY,False
Live Book (rehearsal):@OilDollar_FadeUNG:2026-04-23:UNG:2026-05-05,Live Book (rehearsal),@OilDollar_FadeUNG,UNG,,long,6100,65149.0,2026-04-23,10.680164,VENUE-SIMULATED-FILL,SECONDARY,2026-05-05,10.89,VENUE-SIMULATED-FILL,SECONDARY,12,1240.84,1.904619,39.1579,,,-0.0,0.05841,SECONDARY,False
Season 1:@OvernightCarry_NO:2026-04-29:SPY:2026-05-05,Season 1,@OvernightCarry_NO,SPY,,long,17,12210.12,2026-04-29,718.242265,VENUE-SIMULATED-FILL,MODELLED,2026-05-05,716.53,VENUE-SIMULATED-FILL,MODELLED,6,-29.46,-0.241275,0.3562,,,,,MODELLED,False
Live Book (rehearsal):@SOFRPivot_Rider:2026-04-15:SPY:2026-05-05,Live Book (rehearsal),@SOFRPivot_Rider,SPY,,long,80,55621.6,2026-04-15,695.27,VENUE-SIMULATED-FILL,SECONDARY,2026-05-05,721.77,VENUE-SIMULATED-FILL,SECONDARY,20,2118.31,3.808431,1.6851,,,0.0,0.00014,SECONDARY,False
Season 1:@GapAndGo_YOLO:2026-05-06:CVNA:2026-05-06,Season 1,@GapAndGo_YOLO,CVNA,,long,22,8960.38,2026-05-06,407.29,VENUE-SIMULATED-FILL,MODELLED,2026-05-06,384.88,VENUE-SIMULATED-FILL,MODELLED,0,-493.33,-5.505682,0.3107,,,,,MODELLED,False
Season 1:@MeanRev_Z2Sigma:2026-04-24:CVNA:2026-05-06,Season 1,@MeanRev_Z2Sigma,CVNA,,long,127,43653.71,2026-04-24,343.73,VENUE-SIMULATED-FILL,MODELLED,2026-05-06,407.2,VENUE-SIMULATED-FILL,MODELLED,12,8058.84,18.460836,1.8521,,,,,MODELLED,False
Season 1:@OvernightCarry_NO:2026-04-29:SPY:2026-05-06,Season 1,@OvernightCarry_NO,SPY,,long,279,201965.22,2026-04-29,723.889686,VENUE-SIMULATED-FILL,MODELLED,2026-05-06,724.03,VENUE-SIMULATED-FILL,MODELLED,7,33.26,0.016468,5.8897,,,,,MODELLED,False
Live Book (rehearsal):@SOFRPivot_Rider:2026-05-05:QQQ:2026-05-06,Live Book (rehearsal),@SOFRPivot_Rider,QQQ,,long,80,54237.6,2026-05-05,677.97,VENUE-SIMULATED-FILL,SECONDARY,2026-05-06,687.78,VENUE-SIMULATED-FILL,SECONDARY,1,783.17,1.443961,1.6291,,,0.0,0.00022,SECONDARY,False
Live Book (rehearsal):@SOFRPivot_Rider:2026-05-05:TSLA:2026-05-06,Live Book (rehearsal),@SOFRPivot_Rider,TSLA,,long,80,31616.0,2026-05-05,395.2,VENUE-SIMULATED-FILL,SECONDARY,2026-05-06,386.25,VENUE-SIMULATED-FILL,SECONDARY,1,-717.13,-2.26825,1.1321,,,-0.0,0.00017,SECONDARY,False
Season 1:@VIXRegime_Timer:2025-09-17:SPY:2026-05-06,Season 1,@VIXRegime_Timer,SPY,,long,80,56141.32,2025-09-17,701.766519,VENUE-SIMULATED-FILL,MODELLED,2026-05-06,724.03,VENUE-SIMULATED-FILL,MODELLED,231,1779.39,3.169484,1.6888,,,,,MODELLED,False
Official Auction Book:@BellyMeanReversion_FiveY:2026-05-05:91282CQK0:2026-05-07,Official Auction Book,@BellyMeanReversion_FiveY,91282CQK0,5-Year,long,71900.0,7124132.12,2026-05-05,99.083896,SECONDARY-CURVE,OFFICIAL,2026-05-07,99.263383,SECONDARY-CURVE,OFFICIAL-DERIVED,2,129.05,0.001811,0.0,0.0,0.0,,,OFFICIAL-DERIVED,False
Official Auction Book:@BellyMeanReversion_FiveY:2026-05-06:91282CQK0:2026-05-07,Official Auction Book,@BellyMeanReversion_FiveY,91282CQK0,5-Year,long,34200.0,3402436.04,2026-05-06,99.486434,SECONDARY-CURVE,OFFICIAL,2026-05-07,99.263383,SECONDARY-CURVE,OFFICIAL-DERIVED,1,-76.28,-0.002242,0.0,0.0,0.0,,,OFFICIAL-DERIVED,False
Season 1:@BetaChaser_3xProxy:2025-09-17:CVNA:2026-05-07,Season 1,@BetaChaser_3xProxy,CVNA,,long,7,2272.86,2025-09-17,324.694329,VENUE-SIMULATED-FILL,MODELLED,2026-05-07,385.22,VENUE-SIMULATED-FILL,MODELLED,232,423.58,18.636429,0.0989,,,,,MODELLED,False
Live Book (rehearsal):@CurveSteepener_MaxBeta:2026-05-05:JPM:2026-05-07,Live Book (rehearsal),@CurveSteepener_MaxBeta,JPM,,long,280,86292.5,2026-05-05,308.1875,VENUE-SIMULATED-FILL,SECONDARY,2026-05-07,314.63,VENUE-SIMULATED-FILL,SECONDARY,2,1800.35,2.086334,3.5494,,,0.635,0.00443,SECONDARY,False
Live Book (rehearsal):@CurveSteepener_MaxBeta:2026-05-05:XOM:2026-05-07,Live Book (rehearsal),@CurveSteepener_MaxBeta,XOM,,long,600,91872.0,2026-05-05,153.12,VENUE-SIMULATED-FILL,SECONDARY,2026-05-07,146.79,VENUE-SIMULATED-FILL,SECONDARY,2,-3803.53,-4.140032,5.5313,,,0.681,0.0048,SECONDARY,False
Season 1:@DriftRider_PEAD:2026-03-23:GOOGL:2026-05-07,Season 1,@DriftRider_PEAD,GOOGL,,short,1,219.2,2026-03-23,219.2,VENUE-SIMULATED-FILL,MODELLED,2026-05-07,300.47,VENUE-SIMULATED-FILL,MODELLED,45,-81.28,-37.080292,0.0062,,,,,MODELLED,False
Season 2:@FDACatalyst_Rider:2026-03-12:IBB:2026-05-07,Season 2,@FDACatalyst_Rider,IBB,,long,258,43511.27,2026-03-12,168.648324,VENUE-SIMULATED-FILL,MODELLED,2026-05-07,172.82,VENUE-SIMULATED-FILL,MODELLED,56,1073.78,2.467821,2.5168,,,,,MODELLED,False
Season 2:@FDACatalyst_Rider:2026-04-07:XBI:2026-05-07,Season 2,@FDACatalyst_Rider,XBI,,long,1232,158469.81,2026-04-07,128.628089,VENUE-SIMULATED-FILL,MODELLED,2026-05-07,136.79,VENUE-SIMULATED-FILL,MODELLED,30,10044.37,6.338349,11.1039,,,,,MODELLED,False
Season 2:@FDA_ClusterFade:2026-04-07:XBI:2026-05-07,Season 2,@FDA_ClusterFade,XBI,,short,889,114120.82,2026-04-07,128.369875,VENUE-SIMULATED-FILL,MODELLED,2026-05-07,136.82,VENUE-SIMULATED-FILL,MODELLED,30,-7520.02,-6.589525,7.8582,,,,,MODELLED,False
Live Book (rehearsal):@MLB_Attention_Live:2026-03-31:DKNG:2026-05-07,Live Book (rehearsal),@MLB_Attention_Live,DKNG,,long,100,2100.91,2026-03-31,21.009143,VENUE-SIMULATED-FILL,SECONDARY,2026-05-07,24.2,VENUE-SIMULATED-FILL,SECONDARY,37,318.42,15.156258,0.6694,,,0.0,0.02845,SECONDARY,False
Season 2:@MLB_Attention_Momo:2026-03-26:DKNG:2026-05-07,Season 2,@MLB_Attention_Momo,DKNG,,long,118,2541.4,2026-03-26,21.537275,VENUE-SIMULATED-FILL,MODELLED,2026-05-07,24.2,VENUE-SIMULATED-FILL,MODELLED,42,313.41,12.332187,0.7898,,,,,MODELLED,False
Season 2:@MLB_Attention_Momo:2026-03-26:PENN:2026-05-07,Season 2,@MLB_Attention_Momo,PENN,,long,67,1002.32,2026-03-26,14.960053,VENUE-SIMULATED-FILL,MODELLED,2026-05-07,16.7,VENUE-SIMULATED-FILL,MODELLED,42,116.14,11.587077,0.4381,,,,,MODELLED,False
Season 1:@OvernightCarry_NO:2026-05-06:SPY:2026-05-07,Season 1,@OvernightCarry_NO,SPY,,long,14,10282.58,2026-05-06,734.47,VENUE-SIMULATED-FILL,MODELLED,2026-05-07,739.07,VENUE-SIMULATED-FILL,MODELLED,1,64.1,0.623384,0.2999,,,,,MODELLED,False
Season 1:@DriftRider_PEAD:2026-05-07:GOOGL:2026-05-08,Season 1,@DriftRider_PEAD,GOOGL,,long,121,36356.87,2026-05-07,300.47,VENUE-SIMULATED-FILL,MODELLED,2026-05-08,302.49,VENUE-SIMULATED-FILL,MODELLED,1,242.92,0.668154,1.5036,,,,,MODELLED,False
Live Book (rehearsal):@FDA_Fade_Live:2026-04-08:XBI:2026-05-08,Live Book (rehearsal),@FDA_Fade_Live,XBI,,short,800,105920.0,2026-04-08,132.4,VENUE-SIMULATED-FILL,SECONDARY,2026-05-08,133.88,VENUE-SIMULATED-FILL,SECONDARY,30,-1191.14,-1.124566,7.138,,,0.747,0.01198,SECONDARY,False
Live Book (rehearsal):@FDA_PDUFA_Drifter:2026-04-02:XBI:2026-05-08,Live Book (rehearsal),@FDA_PDUFA_Drifter,XBI,,long,1200,157629.0,2026-04-02,131.3575,VENUE-SIMULATED-FILL,SECONDARY,2026-05-08,133.85,VENUE-SIMULATED-FILL,SECONDARY,36,2980.26,1.89068,10.7428,,,1.494,0.00808,SECONDARY,False
Live Book (rehearsal):@FDA_PDUFA_Drifter:2026-04-08:IBB:2026-05-08,Live Book (rehearsal),@FDA_PDUFA_Drifter,IBB,,long,100,17238.0,2026-04-08,172.38,VENUE-SIMULATED-FILL,SECONDARY,2026-05-08,169.54,VENUE-SIMULATED-FILL,SECONDARY,30,-284.97,-1.65315,0.9688,,,0.59,0.01569,SECONDARY,False
Season 1:@GapAndGo_YOLO:2026-05-08:RIVN:2026-05-08,Season 1,@GapAndGo_YOLO,RIVN,,long,348,9096.72,2026-05-08,26.14,VENUE-SIMULATED-FILL,MODELLED,2026-05-08,26.74,VENUE-SIMULATED-FILL,MODELLED,0,206.45,2.269499,2.3476,,,,,MODELLED,False
Season 1:@GapAndGo_YOLO:2026-05-08:UNH:2026-05-08,Season 1,@GapAndGo_YOLO,UNH,,long,41,8910.12,2026-05-08,217.32,VENUE-SIMULATED-FILL,MODELLED,2026-05-08,215.26,VENUE-SIMULATED-FILL,MODELLED,0,-84.9,-0.952849,0.4358,,,,,MODELLED,False
Season 2:@MLB_Attention_Momo:2026-03-26:DKNG:2026-05-08,Season 2,@MLB_Attention_Momo,DKNG,,long,88,1895.28,2026-03-26,21.537275,VENUE-SIMULATED-FILL,MODELLED,2026-05-08,26.39,VENUE-SIMULATED-FILL,MODELLED,43,426.45,22.500631,0.593,,,,,MODELLED,False
Season 1:@OvernightCarry_NO:2026-05-07:SPY:2026-05-08,Season 1,@OvernightCarry_NO,SPY,,long,272,199016.96,2026-05-07,731.68,VENUE-SIMULATED-FILL,MODELLED,2026-05-08,731.59,VENUE-SIMULATED-FILL,MODELLED,1,-30.26,-0.015205,5.7843,,,,,MODELLED,False
Season 1:@SqueezeHunter_TF:2026-05-07:GOOGL:2026-05-08,Season 1,@SqueezeHunter_TF,GOOGL,,long,162,48676.14,2026-05-07,300.47,VENUE-SIMULATED-FILL,MODELLED,2026-05-08,302.49,VENUE-SIMULATED-FILL,MODELLED,1,325.23,0.668151,2.0131,,,,,MODELLED,False
Live Book (rehearsal):@CurveSteepener_MaxBeta:2026-05-05:JPM:2026-05-11,Live Book (rehearsal),@CurveSteepener_MaxBeta,JPM,,long,240,73981.97,2026-05-05,308.258214,VENUE-SIMULATED-FILL,SECONDARY,2026-05-11,302.09,VENUE-SIMULATED-FILL,SECONDARY,6,-1483.35,-2.005016,2.9803,,,0.331,0.00443,SECONDARY,False
Live Book (rehearsal):@CurveSteepener_MaxBeta:2026-05-08:XOM:2026-05-11,Live Book (rehearsal),@CurveSteepener_MaxBeta,XOM,,long,500,72930.0,2026-05-08,145.86,VENUE-SIMULATED-FILL,SECONDARY,2026-05-11,146.02,VENUE-SIMULATED-FILL,SECONDARY,3,75.4,0.103387,4.6015,,,0.0,0.00307,SECONDARY,False
Season 1:@GapAndGo_YOLO:2026-05-11:NVDA:2026-05-11,Season 1,@GapAndGo_YOLO,NVDA,,long,32,8992.32,2026-05-11,281.01,VENUE-SIMULATED-FILL,MODELLED,2026-05-11,280.07,VENUE-SIMULATED-FILL,MODELLED,0,-30.46,-0.338733,0.3829,,,,,MODELLED,False
Season 1:@GapAndGo_YOLO:2026-05-11:RIVN:2026-05-11,Season 1,@GapAndGo_YOLO,RIVN,,long,332,9126.68,2026-05-11,27.49,VENUE-SIMULATED-FILL,MODELLED,2026-05-11,26.22,VENUE-SIMULATED-FILL,MODELLED,0,-423.88,-4.644405,2.2361,,,,,MODELLED,False
Season 1:@KitchenSink_AllIn:2026-02-23:CVNA:2026-05-11,Season 1,@KitchenSink_AllIn,CVNA,,long,80,36234.09,2026-02-23,452.926149,VENUE-SIMULATED-FILL,MODELLED,2026-05-11,423.14,VENUE-SIMULATED-FILL,MODELLED,77,-2384.08,-6.57966,1.1929,,,,,MODELLED,False
Live Book (rehearsal):@KitchenSink_Official:2026-04-21:QQQ:2026-05-11,Live Book (rehearsal),@KitchenSink_Official,QQQ,,long,200,130308.0,2026-04-21,651.54,VENUE-SIMULATED-FILL,SECONDARY,2026-05-11,710.35,VENUE-SIMULATED-FILL,SECONDARY,20,11757.83,9.023107,4.1656,,,0.141,0.0002,SECONDARY,False
Season 2:@MLB_Attention_Momo:2026-03-26:FLUT:2026-05-11,Season 2,@MLB_Attention_Momo,FLUT,,long,18,1860.91,2026-03-26,103.384035,VENUE-SIMULATED-FILL,MODELLED,2026-05-11,97.94,VENUE-SIMULATED-FILL,MODELLED,46,-98.14,-5.273756,0.1478,,,,,MODELLED,False
Season 2:@MLB_Attention_Momo:2026-03-26:PENN:2026-05-11,Season 2,@MLB_Attention_Momo,PENN,,long,180,2708.27,2026-03-26,15.045936,VENUE-SIMULATED-FILL,MODELLED,2026-05-11,16.59,VENUE-SIMULATED-FILL,MODELLED,46,276.75,10.218706,1.1766,,,,,MODELLED,False
Live Book (rehearsal):@OilDollar_FadeUNG:2025-12-03:XOM:2026-05-11,Live Book (rehearsal),@OilDollar_FadeUNG,XOM,,long,200,29015.44,2025-12-03,145.077189,VENUE-SIMULATED-FILL,SECONDARY,2026-05-11,146.02,VENUE-SIMULATED-FILL,SECONDARY,159,186.72,0.643519,1.8406,,,0.0,0.00178,SECONDARY,False
Live Book (rehearsal):@OilDollar_FadeUNG:2026-05-08:UNG:2026-05-11,Live Book (rehearsal),@OilDollar_FadeUNG,UNG,,long,5500,59840.0,2026-05-08,10.88,VENUE-SIMULATED-FILL,SECONDARY,2026-05-11,10.94,VENUE-SIMULATED-FILL,SECONDARY,3,294.69,0.492463,35.312,,,9.132,0.0648,SECONDARY,False
Season 1:@OvernightCarry_NO:2026-05-07:SPY:2026-05-11,Season 1,@OvernightCarry_NO,SPY,,long,18,13274.96,2026-05-07,737.497778,VENUE-SIMULATED-FILL,MODELLED,2026-05-11,735.94,VENUE-SIMULATED-FILL,MODELLED,4,-28.42,-0.214087,0.3844,,,,,MODELLED,False
Live Book (rehearsal):@FDA_PDUFA_Drifter:2026-04-08:IBB:2026-05-12,Live Book (rehearsal),@FDA_PDUFA_Drifter,IBB,,long,100,17238.0,2026-04-08,172.38,VENUE-SIMULATED-FILL,SECONDARY,2026-05-12,169.99,VENUE-SIMULATED-FILL,SECONDARY,34,-239.97,-1.392099,0.9697,,,1.176,0.01569,SECONDARY,False
Season 1:@GapAndGo_YOLO:2026-05-12:NVDA:2026-05-12,Season 1,@GapAndGo_YOLO,NVDA,,long,31,8832.21,2026-05-12,284.91,VENUE-SIMULATED-FILL,MODELLED,2026-05-12,277.28,VENUE-SIMULATED-FILL,MODELLED,0,-236.9,-2.682228,0.3691,,,,,MODELLED,False
Season 1:@GapAndGo_YOLO:2026-05-12:RIVN:2026-05-12,Season 1,@GapAndGo_YOLO,RIVN,,long,334,8941.18,2026-05-12,26.77,VENUE-SIMULATED-FILL,MODELLED,2026-05-12,25.38,VENUE-SIMULATED-FILL,MODELLED,0,-466.5,-5.217432,2.2438,,,,,MODELLED,False
Season 1:@GapAndGo_YOLO:2026-05-12:UNH:2026-05-12,Season 1,@GapAndGo_YOLO,UNH,,long,41,8960.14,2026-05-12,218.54,VENUE-SIMULATED-FILL,MODELLED,2026-05-12,212.03,VENUE-SIMULATED-FILL,MODELLED,0,-267.34,-2.983659,0.4331,,,,,MODELLED,False
Live Book (rehearsal):@MLB_Attention_Live:2026-03-31:DKNG:2026-05-12,Live Book (rehearsal),@MLB_Attention_Live,DKNG,,long,100,2100.91,2026-03-31,21.009143,VENUE-SIMULATED-FILL,SECONDARY,2026-05-12,24.49,VENUE-SIMULATED-FILL,SECONDARY,42,347.42,16.53661,0.6699,,,0.817,0.02845,SECONDARY,False
Season 2:@MLB_Attention_Momo:2026-03-26:DKNG:2026-05-12,Season 2,@MLB_Attention_Momo,DKNG,,long,148,3187.52,2026-03-26,21.537275,VENUE-SIMULATED-FILL,MODELLED,2026-05-12,24.49,VENUE-SIMULATED-FILL,MODELLED,47,436.01,13.678673,0.9915,,,,,MODELLED,False
Season 2:@MLB_Attention_Momo:2026-03-26:FLUT:2026-05-12,Season 2,@MLB_Attention_Momo,FLUT,,long,17,1757.53,2026-03-26,103.384035,VENUE-SIMULATED-FILL,MODELLED,2026-05-12,93.55,VENUE-SIMULATED-FILL,MODELLED,47,-167.32,-9.520186,0.1381,,,,,MODELLED,False
Season 2:@MLB_Attention_Momo:2026-03-26:PENN:2026-05-12,Season 2,@MLB_Attention_Momo,PENN,,long,123,1850.65,2026-03-26,15.045936,VENUE-SIMULATED-FILL,MODELLED,2026-05-12,15.93,VENUE-SIMULATED-FILL,MODELLED,47,107.94,5.832545,0.8023,,,,,MODELLED,False
Season 1:@OvernightCarry_NO:2026-05-11:SPY:2026-05-12,Season 1,@OvernightCarry_NO,SPY,,long,270,199592.1,2026-05-11,739.23,VENUE-SIMULATED-FILL,MODELLED,2026-05-12,739.86,VENUE-SIMULATED-FILL,MODELLED,1,164.31,0.082323,5.7878,,,,,MODELLED,False
Season 1:@KitchenSink_AllIn:2026-02-09:QQQ:2026-05-13,Season 1,@KitchenSink_AllIn,QQQ,,long,5,3280.41,2026-02-09,656.081757,VENUE-SIMULATED-FILL,MODELLED,2026-05-13,675.79,VENUE-SIMULATED-FILL,MODELLED,93,98.44,3.000846,0.1006,,,,,MODELLED,False
Season 1:@KitchenSink_AllIn:2026-02-23:CVNA:2026-05-13,Season 1,@KitchenSink_AllIn,CVNA,,long,4,1811.7,2026-02-23,452.926149,VENUE-SIMULATED-FILL,MODELLED,2026-05-13,467.57,VENUE-SIMULATED-FILL,MODELLED,79,58.51,3.229555,0.0633,,,,,MODELLED,False
Season 1:@KitchenSink_AllIn:2026-04-21:SPY:2026-05-13,Season 1,@KitchenSink_AllIn,SPY,,long,5,3559.91,2026-04-21,711.982093,VENUE-SIMULATED-FILL,MODELLED,2026-05-13,737.73,VENUE-SIMULATED-FILL,MODELLED,22,128.63,3.613293,0.107,,,,,MODELLED,False
Season 2:@MLB_Attention_Momo:2026-03-26:FLUT:2026-05-13,Season 2,@MLB_Attention_Momo,FLUT,,long,11,1137.22,2026-03-26,103.384035,VENUE-SIMULATED-FILL,MODELLED,2026-05-13,94.52,VENUE-SIMULATED-FILL,MODELLED,48,-97.59,-8.58142,0.0896,,,,,MODELLED,False
Season 1:@OvernightCarry_NO:2026-05-12:SPY:2026-05-13,Season 1,@OvernightCarry_NO,SPY,,long,17,12546.68,2026-05-12,738.04,VENUE-SIMULATED-FILL,MODELLED,2026-05-13,737.73,VENUE-SIMULATED-FILL,MODELLED,1,-5.63,-0.044872,0.3637,,,,,MODELLED,False
Season 1:@VIXRegime_Timer:2025-09-17:SPY:2026-05-13,Season 1,@VIXRegime_Timer,SPY,,long,81,57855.22,2025-09-17,714.261993,VENUE-SIMULATED-FILL,MODELLED,2026-05-13,737.73,VENUE-SIMULATED-FILL,MODELLED,238,1899.18,3.282642,1.7328,,,,,MODELLED,False
Season 1:@BetaChaser_3xProxy:2025-09-17:CVNA:2026-05-14,Season 1,@BetaChaser_3xProxy,CVNA,,long,14,4545.72,2025-09-17,324.694329,VENUE-SIMULATED-FILL,MODELLED,2026-05-14,477.45,VENUE-SIMULATED-FILL,MODELLED,239,2138.36,47.041167,0.2244,,,,,MODELLED,False
Live Book (rehearsal):@FDA_Fade_Live:2026-04-08:XBI:2026-05-14,Live Book (rehearsal),@FDA_Fade_Live,XBI,,short,100,13240.0,2026-04-08,132.4,VENUE-SIMULATED-FILL,SECONDARY,2026-05-14,136.26,VENUE-SIMULATED-FILL,SECONDARY,36,-386.89,-2.92213,0.8922,,,0.0,0.01198,SECONDARY,False
Season 1:@KitchenSink_AllIn:2026-02-09:QQQ:2026-05-14,Season 1,@KitchenSink_AllIn,QQQ,,long,9,5904.74,2026-02-09,656.081757,VENUE-SIMULATED-FILL,MODELLED,2026-05-14,671.67,VENUE-SIMULATED-FILL,MODELLED,94,140.11,2.372841,0.1803,,,,,MODELLED,False
Season 1:@KitchenSink_AllIn:2026-02-23:CVNA:2026-05-14,Season 1,@KitchenSink_AllIn,CVNA,,long,13,5888.04,2026-02-23,452.926149,VENUE-SIMULATED-FILL,MODELLED,2026-05-14,477.46,VENUE-SIMULATED-FILL,MODELLED,80,318.73,5.413177,0.2084,,,,,MODELLED,False
Season 1:@KitchenSink_AllIn:2026-02-26:AAPL:2026-05-14,Season 1,@KitchenSink_AllIn,AAPL,,long,10,3270.07,2026-02-26,327.007482,VENUE-SIMULATED-FILL,MODELLED,2026-05-14,317.59,VENUE-SIMULATED-FILL,MODELLED,77,-94.3,-2.883726,0.1274,,,,,MODELLED,False
Season 1:@KitchenSink_AllIn:2026-04-17:META:2026-05-14,Season 1,@KitchenSink_AllIn,META,,long,3,3775.64,2026-04-17,1258.547619,VENUE-SIMULATED-FILL,MODELLED,2026-05-14,1259.63,VENUE-SIMULATED-FILL,MODELLED,27,3.15,0.08343,0.0964,,,,,MODELLED,False
Season 1:@KitchenSink_AllIn:2026-04-21:SPY:2026-05-14,Season 1,@KitchenSink_AllIn,SPY,,long,8,5695.86,2026-04-21,711.982093,VENUE-SIMULATED-FILL,MODELLED,2026-05-14,744.88,VENUE-SIMULATED-FILL,MODELLED,23,263.01,4.617567,0.1723,,,,,MODELLED,False
Live Book (rehearsal):@MLB_Attention_Live:2026-03-31:DKNG:2026-05-14,Live Book (rehearsal),@MLB_Attention_Live,DKNG,,long,100,2100.91,2026-03-31,21.009143,VENUE-SIMULATED-FILL,SECONDARY,2026-05-14,24.57,VENUE-SIMULATED-FILL,SECONDARY,44,355.42,16.917396,0.6701,,,4.068,0.02845,SECONDARY,False
Season 2:@MLB_Upset_Short:2026-05-12:PENN:2026-05-14,Season 2,@MLB_Upset_Short,PENN,,short,97,1543.62,2026-05-12,15.91363,VENUE-SIMULATED-FILL,MODELLED,2026-05-14,15.99,VENUE-SIMULATED-FILL,MODELLED,2,-8.04,-0.520853,0.6327,,,,,MODELLED,False
Live Book (rehearsal):@OilDollar_FadeUNG:2025-12-03:XOM:2026-05-14,Live Book (rehearsal),@OilDollar_FadeUNG,XOM,,long,200,29510.06,2025-12-03,147.550313,VENUE-SIMULATED-FILL,SECONDARY,2026-05-14,151.89,VENUE-SIMULATED-FILL,SECONDARY,162,866.07,2.934829,1.8648,,,0.658,0.00178,SECONDARY,False
Live Book (rehearsal):@OilDollar_FadeUNG:2026-05-08:UNG:2026-05-14,Live Book (rehearsal),@OilDollar_FadeUNG,UNG,,long,5900,65006.2,2026-05-08,11.018,VENUE-SIMULATED-FILL,SECONDARY,2026-05-14,10.82,VENUE-SIMULATED-FILL,SECONDARY,6,-1206.07,-1.855315,37.8656,,,-0.0,0.0648,SECONDARY,False
Season 1:@OvernightCarry_NO:2026-05-13:SPY:2026-05-14,Season 1,@OvernightCarry_NO,SPY,,long,270,200437.2,2026-05-13,742.36,VENUE-SIMULATED-FILL,MODELLED,2026-05-14,744.88,VENUE-SIMULATED-FILL,MODELLED,1,674.58,0.336554,5.8157,,,,,MODELLED,False
Live Book (rehearsal):@SOFRPivot_Rider:2026-05-06:SPY:2026-05-14,Live Book (rehearsal),@SOFRPivot_Rider,SPY,,long,40,29264.2,2026-05-06,731.605,VENUE-SIMULATED-FILL,SECONDARY,2026-05-14,743.65,VENUE-SIMULATED-FILL,SECONDARY,8,480.94,1.643441,0.8606,,,0.0,8e-05,SECONDARY,False
Season 1:@SectorRotator_AlphaX:2025-09-17:GOOGL:2026-05-14,Season 1,@SectorRotator_AlphaX,GOOGL,,long,104,27513.71,2025-09-17,264.554878,VENUE-SIMULATED-FILL,MODELLED,2026-05-14,318.51,VENUE-SIMULATED-FILL,MODELLED,239,5610.01,20.389873,1.3267,,,,,MODELLED,False
Season 1:@SpreadHarvester_MM:2025-09-19:SPY:2026-05-14,Season 1,@SpreadHarvester_MM,SPY,,short,127,84109.82,2025-09-19,662.282047,VENUE-SIMULATED-FILL,MODELLED,2026-05-14,744.89,VENUE-SIMULATED-FILL,MODELLED,237,-10491.36,-12.473407,0.1481,,,,,MODELLED,False
Season 1:@SpreadHarvester_MM:2026-03-30:TSLA:2026-05-14,Season 1,@SpreadHarvester_MM,TSLA,,short,447,94540.42,2026-03-30,211.499821,VENUE-SIMULATED-FILL,MODELLED,2026-05-14,309.01,VENUE-SIMULATED-FILL,MODELLED,45,-43587.58,-46.104703,0.5341,,,,,MODELLED,False
Season 1:@SpreadHarvester_MM:2026-05-14:NVDA:2026-05-14,Season 1,@SpreadHarvester_MM,NVDA,,long,125,34826.25,2026-05-14,278.61,VENUE-SIMULATED-FILL,MODELLED,2026-05-14,278.64,VENUE-SIMULATED-FILL,MODELLED,0,3.51,0.010079,0.2419,,,,,MODELLED,False
Season 1:@SpreadHarvester_MM:2026-05-14:SPY:2026-05-14,Season 1,@SpreadHarvester_MM,SPY,,long,33,24580.71,2026-05-14,744.87,VENUE-SIMULATED-FILL,MODELLED,2026-05-14,744.9,VENUE-SIMULATED-FILL,MODELLED,0,0.61,0.002482,0.3808,,,,,MODELLED,False
Season 1:@SpreadHarvester_MM:2026-05-14:TSLA:2026-05-14,Season 1,@SpreadHarvester_MM,TSLA,,long,60,18538.2,2026-05-14,308.97,VENUE-SIMULATED-FILL,MODELLED,2026-05-14,309.01,VENUE-SIMULATED-FILL,MODELLED,0,2.25,0.012137,0.1536,,,,,MODELLED,False
Season 1:@DriftRider_PEAD:2025-11-20:AMZN:2026-05-15,Season 1,@DriftRider_PEAD,AMZN,,short,1,238.08,2025-11-20,238.08,VENUE-SIMULATED-FILL,MODELLED,2026-05-15,244.35,VENUE-SIMULATED-FILL,MODELLED,176,-6.28,-2.637769,0.0062,,,,,MODELLED,False
Season 1:@GapAndGo_YOLO:2026-05-15:CVNA:2026-05-15,Season 1,@GapAndGo_YOLO,CVNA,,long,17,8393.58,2026-05-15,493.74,VENUE-SIMULATED-FILL,MODELLED,2026-05-15,462.25,VENUE-SIMULATED-FILL,MODELLED,0,-535.6,-6.381067,0.2672,,,,,MODELLED,False
Season 1:@GapAndGo_YOLO:2026-05-15:TSLA:2026-05-15,Season 1,@GapAndGo_YOLO,TSLA,,long,26,8539.7,2026-05-15,328.45,VENUE-SIMULATED-FILL,MODELLED,2026-05-15,320.96,VENUE-SIMULATED-FILL,MODELLED,0,-195.07,-2.284272,0.333,,,,,MODELLED,False
Season 2:@MLB_Attention_Momo:2026-03-26:DKNG:2026-05-15,Season 2,@MLB_Attention_Momo,DKNG,,long,43,926.1,2026-03-26,21.537275,VENUE-SIMULATED-FILL,MODELLED,2026-05-15,24.99,VENUE-SIMULATED-FILL,MODELLED,50,148.18,16.000383,0.2885,,,,,MODELLED,False
Season 2:@MLB_Upset_Short:2026-05-12:DKNG:2026-05-15,Season 2,@MLB_Upset_Short,DKNG,,short,50,1224.5,2026-05-12,24.49,VENUE-SIMULATED-FILL,MODELLED,2026-05-15,25.0,VENUE-SIMULATED-FILL,MODELLED,3,-25.84,-2.110249,0.335,,,,,MODELLED,False
Season 1:@OvernightCarry_NO:2026-05-13:SPY:2026-05-15,Season 1,@OvernightCarry_NO,SPY,,long,17,12711.0,2026-05-13,747.705882,VENUE-SIMULATED-FILL,MODELLED,2026-05-15,746.1,VENUE-SIMULATED-FILL,MODELLED,2,-27.67,-0.217685,0.3666,,,,,MODELLED,False
Season 1:@SpreadHarvester_MM:2026-05-14:NVDA:2026-05-15,Season 1,@SpreadHarvester_MM,NVDA,,long,117,31968.3,2026-05-14,273.233353,VENUE-SIMULATED-FILL,MODELLED,2026-05-15,272.49,VENUE-SIMULATED-FILL,MODELLED,1,-87.18,-0.272708,0.2116,,,,,MODELLED,False
Season 1:@SpreadHarvester_MM:2026-05-14:SPY:2026-05-15,Season 1,@SpreadHarvester_MM,SPY,,short,21,15642.9,2026-05-14,744.9,VENUE-SIMULATED-FILL,MODELLED,2026-05-15,746.09,VENUE-SIMULATED-FILL,MODELLED,1,-25.23,-0.161287,0.2424,,,,,MODELLED,False
Season 1:@SpreadHarvester_MM:2026-05-14:TSLA:2026-05-15,Season 1,@SpreadHarvester_MM,TSLA,,short,71,21939.71,2026-05-14,309.01,VENUE-SIMULATED-FILL,MODELLED,2026-05-15,328.42,VENUE-SIMULATED-FILL,MODELLED,1,-1378.29,-6.282171,0.1818,,,,,MODELLED,False
Season 1:@SpreadHarvester_MM:2026-05-15:SPY:2026-05-15,Season 1,@SpreadHarvester_MM,SPY,,long,32,23874.88,2026-05-15,746.09,VENUE-SIMULATED-FILL,MODELLED,2026-05-15,746.12,VENUE-SIMULATED-FILL,MODELLED,0,0.59,0.002471,0.3701,,,,,MODELLED,False
Season 1:@SpreadHarvester_MM:2026-05-15:TSLA:2026-05-15,Season 1,@SpreadHarvester_MM,TSLA,,long,50,16421.0,2026-05-15,328.42,VENUE-SIMULATED-FILL,MODELLED,2026-05-15,328.46,VENUE-SIMULATED-FILL,MODELLED,0,1.85,0.011266,0.148,,,,,MODELLED,False
Season 1:@DriftRider_PEAD:2026-05-15:AMZN:2026-05-18,Season 1,@DriftRider_PEAD,AMZN,,long,149,36408.15,2026-05-15,244.35,VENUE-SIMULATED-FILL,MODELLED,2026-05-18,236.59,VENUE-SIMULATED-FILL,MODELLED,3,-1157.89,-3.180304,1.6492,,,,,MODELLED,False
Season 2:@FDACatalyst_Rider:2026-05-15:XBI:2026-05-18,Season 2,@FDACatalyst_Rider,XBI,,long,1277,170134.71,2026-05-15,133.23,VENUE-SIMULATED-FILL,MODELLED,2026-05-18,130.88,VENUE-SIMULATED-FILL,MODELLED,3,-3012.3,-1.770538,11.354,,,,,MODELLED,False
Live Book (rehearsal):@KitchenSink_Official:2026-04-21:QQQ:2026-05-18,Live Book (rehearsal),@KitchenSink_Official,QQQ,,long,240,168031.6,2026-04-21,700.131667,VENUE-SIMULATED-FILL,SECONDARY,2026-05-18,711.52,VENUE-SIMULATED-FILL,SECONDARY,27,2728.2,1.623623,5.0046,,,0.281,0.0002,SECONDARY,False
Season 2:@MLB_Attention_Momo:2026-03-26:PENN:2026-05-18,Season 2,@MLB_Attention_Momo,PENN,,long,145,2183.72,2026-03-26,15.060134,VENUE-SIMULATED-FILL,MODELLED,2026-05-18,16.46,VENUE-SIMULATED-FILL,MODELLED,53,202.03,9.251646,0.9474,,,,,MODELLED,False
Season 2:@MLB_Upset_Short:2026-05-12:PENN:2026-05-18,Season 2,@MLB_Upset_Short,PENN,,short,212,3372.17,2026-05-12,15.906485,VENUE-SIMULATED-FILL,MODELLED,2026-05-18,16.47,VENUE-SIMULATED-FILL,MODELLED,6,-120.85,-3.583741,1.3828,,,,,MODELLED,False
Season 1:@OvernightCarry_NO:2026-05-15:SPY:2026-05-18,Season 1,@OvernightCarry_NO,SPY,,long,269,198737.2,2026-05-15,738.8,VENUE-SIMULATED-FILL,MODELLED,2026-05-18,741.75,VENUE-SIMULATED-FILL,MODELLED,3,787.77,0.396388,5.7768,,,,,MODELLED,False
Season 2:@PinePilot_EMA_Cross:2026-04-17:QQQ:2026-05-18,Season 2,@PinePilot_EMA_Cross,QQQ,,long,1,646.44,2026-04-17,646.4438,VENUE-SIMULATED-FILL,MODELLED,2026-05-18,711.53,VENUE-SIMULATED-FILL,MODELLED,31,65.07,10.06584,0.0209,,,,,MODELLED,False
Season 1:@SpreadHarvester_MM:2026-05-14:NVDA:2026-05-18,Season 1,@SpreadHarvester_MM,NVDA,,long,150,39856.25,2026-05-14,265.708338,VENUE-SIMULATED-FILL,MODELLED,2026-05-18,263.23,VENUE-SIMULATED-FILL,MODELLED,4,-371.99,-0.933329,0.2426,,,,,MODELLED,False
Season 1:@SpreadHarvester_MM:2026-05-15:SPY:2026-05-18,Season 1,@SpreadHarvester_MM,SPY,,short,17,12684.04,2026-05-15,746.12,VENUE-SIMULATED-FILL,MODELLED,2026-05-18,741.74,VENUE-SIMULATED-FILL,MODELLED,3,74.26,0.58546,0.1966,,,,,MODELLED,False
Season 1:@SpreadHarvester_MM:2026-05-15:TSLA:2026-05-18,Season 1,@SpreadHarvester_MM,TSLA,,short,1,328.46,2026-05-15,328.46,VENUE-SIMULATED-FILL,MODELLED,2026-05-18,323.11,VENUE-SIMULATED-FILL,MODELLED,3,5.35,1.628813,0.003,,,,,MODELLED,False
Season 1:@SpreadHarvester_MM:2026-05-18:SPY:2026-05-18,Season 1,@SpreadHarvester_MM,SPY,,long,36,26702.64,2026-05-18,741.74,VENUE-SIMULATED-FILL,MODELLED,2026-05-18,741.77,VENUE-SIMULATED-FILL,MODELLED,0,0.67,0.002509,0.4131,,,,,MODELLED,False
Season 1:@SpreadHarvester_MM:2026-05-18:TSLA:2026-05-18,Season 1,@SpreadHarvester_MM,TSLA,,long,121,39096.31,2026-05-18,323.11,VENUE-SIMULATED-FILL,MODELLED,2026-05-18,323.15,VENUE-SIMULATED-FILL,MODELLED,0,4.5,0.01151,0.345,,,,,MODELLED,False
Official Auction Book:@BillCarry_TenX:2026-04-16:912797TS6:2026-05-19,Official Auction Book,@BillCarry_TenX,912797TS6,17-Week,long,851400.0,84901939.19,2026-04-16,99.720389,PRIMARY-AUCTION,OFFICIAL,2026-05-19,100.0,MATURITY-REDEMPTION,OFFICIAL,33,2380.61,0.002804,0.0,0.0,0.0,,,OFFICIAL,True
Official Auction Book:@CalendarBarbell_Max:2025-11-04:912810UM8:2026-05-19,Official Auction Book,@CalendarBarbell_Max,912810UM8,30-Year,long,592700.0,60035037.01,2025-11-04,101.290766,SECONDARY-CURVE,OFFICIAL,2026-05-19,93.524547,MARGIN-LIQUIDATION,OFFICIAL-DERIVED,196,-46030.38,-0.076673,0.0,0.0,0.0,,,OFFICIAL-DERIVED,False
Live Book (rehearsal):@FDA_PDUFA_Drifter:2026-05-18:IBB:2026-05-19,Live Book (rehearsal),@FDA_PDUFA_Drifter,IBB,,long,100,16599.0,2026-05-18,165.99,VENUE-SIMULATED-FILL,SECONDARY,2026-05-19,163.4,VENUE-SIMULATED-FILL,SECONDARY,1,-259.96,-1.566118,0.9561,,,0.612,0.00997,SECONDARY,False
Live Book (rehearsal):@FDA_PDUFA_Drifter:2026-05-18:XBI:2026-05-19,Live Book (rehearsal),@FDA_PDUFA_Drifter,XBI,,long,800,104728.0,2026-05-18,130.91,VENUE-SIMULATED-FILL,SECONDARY,2026-05-19,127.26,VENUE-SIMULATED-FILL,SECONDARY,1,-2927.05,-2.794907,7.0532,,,1.571,0.00991,SECONDARY,False
Season 1:@GapAndGo_YOLO:2026-05-19:RIVN:2026-05-19,Season 1,@GapAndGo_YOLO,RIVN,,long,308,8266.72,2026-05-19,26.84,VENUE-SIMULATED-FILL,MODELLED,2026-05-19,25.09,VENUE-SIMULATED-FILL,MODELLED,0,-541.07,-6.545159,2.0673,,,,,MODELLED,False
Official Auction Book:@LiquidityWeighted_Participant:2026-04-07:912797SV0:2026-05-19,Official Auction Book,@LiquidityWeighted_Participant,912797SV0,26-Week,long,234700.0,23371015.27,2026-04-07,99.57825,PRIMARY-AUCTION,OFFICIAL,2026-05-19,99.980222,SECONDARY-CURVE,OFFICIAL-DERIVED,42,943.43,0.004037,0.0,0.0,0.0,,,OFFICIAL-DERIVED,False
Season 2:@MLB_Upset_Short:2026-05-12:DKNG:2026-05-19,Season 2,@MLB_Upset_Short,DKNG,,short,211,5167.39,2026-05-12,24.49,VENUE-SIMULATED-FILL,MODELLED,2026-05-19,25.97,VENUE-SIMULATED-FILL,MODELLED,7,-313.69,-6.070569,1.4136,,,,,MODELLED,False
Season 2:@MLB_Upset_Short:2026-05-12:FLUT:2026-05-19,Season 2,@MLB_Upset_Short,FLUT,,short,64,5986.56,2026-05-12,93.54,VENUE-SIMULATED-FILL,MODELLED,2026-05-19,98.52,VENUE-SIMULATED-FILL,MODELLED,7,-319.24,-5.332612,0.5198,,,,,MODELLED,False
Season 2:@MLB_Upset_Short:2026-05-12:PENN:2026-05-19,Season 2,@MLB_Upset_Short,PENN,,short,176,2799.54,2026-05-12,15.906485,VENUE-SIMULATED-FILL,MODELLED,2026-05-19,16.52,VENUE-SIMULATED-FILL,MODELLED,7,-109.13,-3.898139,1.148,,,,,MODELLED,False
Season 1:@OvernightCarry_NO:2026-05-18:SPY:2026-05-19,Season 1,@OvernightCarry_NO,SPY,,long,20,14765.0,2026-05-18,738.25,VENUE-SIMULATED-FILL,MODELLED,2026-05-19,737.53,VENUE-SIMULATED-FILL,MODELLED,1,-14.83,-0.10044,0.4278,,,,,MODELLED,False
Season 2:@PinePilot_EMA_Cross:2025-09-17:SPY:2026-05-19,Season 2,@PinePilot_EMA_Cross,SPY,,long,2,1413.47,2025-09-17,706.73447,VENUE-SIMULATED-FILL,MODELLED,2026-05-19,734.78,VENUE-SIMULATED-FILL,MODELLED,244,56.05,3.965421,0.0427,,,,,MODELLED,False
Season 2:@PinePilot_EMA_Cross:2026-04-17:QQQ:2026-05-19,Season 2,@PinePilot_EMA_Cross,QQQ,,long,1,646.44,2026-04-17,646.4438,VENUE-SIMULATED-FILL,MODELLED,2026-05-19,699.8,VENUE-SIMULATED-FILL,MODELLED,32,53.34,8.251297,0.0206,,,,,MODELLED,False
Live Book (rehearsal):@SOFRPivot_Rider:2026-05-06:SPY:2026-05-19,Live Book (rehearsal),@SOFRPivot_Rider,SPY,,long,40,29264.2,2026-05-06,731.605,VENUE-SIMULATED-FILL,SECONDARY,2026-05-19,734.78,VENUE-SIMULATED-FILL,SECONDARY,13,126.15,0.431073,0.8533,,,0.0,8e-05,SECONDARY,False
Official Auction Book:@SOFRPivot_Switch:2025-11-04:91282CNT4:2026-05-19,Official Auction Book,@SOFRPivot_Switch,91282CNT4,10-Year,long,833200.0,84445349.08,2025-11-04,101.350635,SECONDARY-CURVE,OFFICIAL,2026-05-19,97.248176,MARGIN-LIQUIDATION,OFFICIAL-DERIVED,196,-34181.69,-0.040478,0.0,0.0,0.0,,,OFFICIAL-DERIVED,False
Season 1:@SpreadHarvester_MM:2026-05-14:NVDA:2026-05-19,Season 1,@SpreadHarvester_MM,NVDA,,long,84,22650.56,2026-05-14,269.649477,VENUE-SIMULATED-FILL,MODELLED,2026-05-19,271.02,VENUE-SIMULATED-FILL,MODELLED,5,114.97,0.507581,0.1494,,,,,MODELLED,False
Season 1:@SpreadHarvester_MM:2026-05-18:SPY:2026-05-19,Season 1,@SpreadHarvester_MM,SPY,,short,2,1483.54,2026-05-18,741.77,VENUE-SIMULATED-FILL,MODELLED,2026-05-19,737.52,VENUE-SIMULATED-FILL,MODELLED,1,8.48,0.571606,0.023,,,,,MODELLED,False
Season 1:@SpreadHarvester_MM:2026-05-18:TSLA:2026-05-19,Season 1,@SpreadHarvester_MM,TSLA,,short,1,323.15,2026-05-18,323.15,VENUE-SIMULATED-FILL,MODELLED,2026-05-19,319.87,VENUE-SIMULATED-FILL,MODELLED,1,3.28,1.015009,0.0029,,,,,MODELLED,False
Season 1:@SpreadHarvester_MM:2026-05-19:SPY:2026-05-19,Season 1,@SpreadHarvester_MM,SPY,,long,52,38351.04,2026-05-19,737.52,VENUE-SIMULATED-FILL,MODELLED,2026-05-19,737.55,VENUE-SIMULATED-FILL,MODELLED,0,0.97,0.002529,0.5922,,,,,MODELLED,False
Season 1:@SpreadHarvester_MM:2026-05-19:TSLA:2026-05-19,Season 1,@SpreadHarvester_MM,TSLA,,long,74,23670.38,2026-05-19,319.87,VENUE-SIMULATED-FILL,MODELLED,2026-05-19,319.91,VENUE-SIMULATED-FILL,MODELLED,0,2.75,0.011618,0.2061,,,,,MODELLED,False
Season 1:@SqueezeHunter_TF:2026-05-14:TSLA:2026-05-19,Season 1,@SqueezeHunter_TF,TSLA,,long,159,49131.0,2026-05-14,309.0,VENUE-SIMULATED-FILL,MODELLED,2026-05-19,319.88,VENUE-SIMULATED-FILL,MODELLED,5,1727.89,3.516904,2.0327,,,,,MODELLED,False
Official Auction Book:@TBillLadder_MaxRoll:2026-04-16:912797TS6:2026-05-19,Official Auction Book,@TBillLadder_MaxRoll,912797TS6,17-Week,long,101700.0,10141563.56,2026-04-16,99.720389,PRIMARY-AUCTION,OFFICIAL,2026-05-19,100.0,MATURITY-REDEMPTION,OFFICIAL,33,284.36,0.002804,0.0,0.0,0.0,,,OFFICIAL,True
Season 1:@VIXRegime_Timer:2025-09-17:SPY:2026-05-19,Season 1,@VIXRegime_Timer,SPY,,long,82,59308.92,2025-09-17,723.279558,VENUE-SIMULATED-FILL,MODELLED,2026-05-19,737.53,VENUE-SIMULATED-FILL,MODELLED,244,1166.78,1.967292,1.7538,,,,,MODELLED,False
Season 2:@MLB_Attention_Momo:2026-03-26:FLUT:2026-05-20,Season 2,@MLB_Attention_Momo,FLUT,,long,16,1644.8,2026-03-26,102.800077,VENUE-SIMULATED-FILL,MODELLED,2026-05-20,96.79,VENUE-SIMULATED-FILL,MODELLED,55,-96.29,-5.854203,0.131,,,,,MODELLED,False
Season 2:@MLB_Attention_Momo:2026-03-26:PENN:2026-05-20,Season 2,@MLB_Attention_Momo,PENN,,long,80,1211.92,2026-03-26,15.148949,VENUE-SIMULATED-FILL,MODELLED,2026-05-20,16.2,VENUE-SIMULATED-FILL,MODELLED,55,83.56,6.894868,0.5223,,,,,MODELLED,False
Season 1:@OvernightCarry_NO:2026-05-18:SPY:2026-05-20,Season 1,@OvernightCarry_NO,SPY,,long,271,198734.63,2026-05-18,733.338125,VENUE-SIMULATED-FILL,MODELLED,2026-05-20,731.2,VENUE-SIMULATED-FILL,MODELLED,2,-585.19,-0.294458,5.7608,,,,,MODELLED,False
Season 1:@SpreadHarvester_MM:2026-05-14:NVDA:2026-05-20,Season 1,@SpreadHarvester_MM,NVDA,,long,149,39640.59,2026-05-14,266.044202,VENUE-SIMULATED-FILL,MODELLED,2026-05-20,263.34,VENUE-SIMULATED-FILL,MODELLED,6,-403.17,-1.017064,0.2414,,,,,MODELLED,False
Season 1:@SpreadHarvester_MM:2026-05-19:SPY:2026-05-20,Season 1,@SpreadHarvester_MM,SPY,,short,2,1475.1,2026-05-19,737.55,VENUE-SIMULATED-FILL,MODELLED,2026-05-20,731.19,VENUE-SIMULATED-FILL,MODELLED,1,12.7,0.860959,0.0228,,,,,MODELLED,False
Season 1:@SpreadHarvester_MM:2026-05-19:TSLA:2026-05-20,Season 1,@SpreadHarvester_MM,TSLA,,long,124,39210.29,2026-05-19,316.212,VENUE-SIMULATED-FILL,MODELLED,2026-05-20,315.19,VENUE-SIMULATED-FILL,MODELLED,1,-127.06,-0.324048,0.3333,,,,,MODELLED,False
Season 1:@SpreadHarvester_MM:2026-05-20:SPY:2026-05-20,Season 1,@SpreadHarvester_MM,SPY,,long,51,37290.69,2026-05-20,731.19,VENUE-SIMULATED-FILL,MODELLED,2026-05-20,731.22,VENUE-SIMULATED-FILL,MODELLED,0,0.96,0.002574,0.5742,,,,,MODELLED,False
Season 1:@TrendSurfer_GoldenX:2025-09-17:GOOGL:2026-05-20,Season 1,@TrendSurfer_GoldenX,GOOGL,,long,12,3022.23,2025-09-17,251.852416,VENUE-SIMULATED-FILL,MODELLED,2026-05-20,332.26,VENUE-SIMULATED-FILL,MODELLED,245,964.73,31.921142,0.1565,,,,,MODELLED,False
Season 1:@BetaChaser_3xProxy:2025-09-17:CVNA:2026-05-21,Season 1,@BetaChaser_3xProxy,CVNA,,long,8,2597.55,2025-09-17,324.694329,VENUE-SIMULATED-FILL,MODELLED,2026-05-21,483.47,VENUE-SIMULATED-FILL,MODELLED,246,1270.08,48.895218,0.1292,,,,,MODELLED,False
Season 1:@BetaChaser_3xProxy:2025-09-17:TSLA:2026-05-21,Season 1,@BetaChaser_3xProxy,TSLA,,long,18,6092.17,2025-09-17,338.453999,VENUE-SIMULATED-FILL,MODELLED,2026-05-21,321.49,VENUE-SIMULATED-FILL,MODELLED,246,-305.58,-5.015945,0.2307,,,,,MODELLED,False
Official Auction Book:@BillCarry_TenX:2026-04-07:912797SV0:2026-05-21,Official Auction Book,@BillCarry_TenX,912797SV0,26-Week,long,19700.0,1961691.52,2026-04-07,99.57825,PRIMARY-AUCTION,OFFICIAL,2026-05-21,100.0,MATURITY-REDEMPTION,OFFICIAL,44,83.08,0.004235,0.0,0.0,0.0,,,OFFICIAL,True
Season 2:@FDACatalyst_Rider:2026-05-19:XBI:2026-05-21,Season 2,@FDACatalyst_Rider,XBI,,long,1300,165477.0,2026-05-19,127.29,VENUE-SIMULATED-FILL,MODELLED,2026-05-21,130.62,VENUE-SIMULATED-FILL,MODELLED,2,4317.45,2.609094,11.5515,,,,,MODELLED,False
Live Book (rehearsal):@KitchenSink_Official:2026-05-19:SPY:2026-05-21,Live Book (rehearsal),@KitchenSink_Official,SPY,,long,80,58783.2,2026-05-19,734.79,VENUE-SIMULATED-FILL,SECONDARY,2026-05-21,738.64,VENUE-SIMULATED-FILL,SECONDARY,2,306.29,0.52105,1.7129,,,0.0,0.00015,SECONDARY,False
Season 2:@MLB_Attention_Momo:2026-03-26:DKNG:2026-05-21,Season 2,@MLB_Attention_Momo,DKNG,,long,72,1563.63,2026-03-26,21.717126,VENUE-SIMULATED-FILL,MODELLED,2026-05-21,25.01,VENUE-SIMULATED-FILL,MODELLED,56,236.6,15.131427,0.4831,,,,,MODELLED,False
Season 2:@MLB_Upset_Short:2026-05-12:DKNG:2026-05-21,Season 2,@MLB_Upset_Short,DKNG,,short,1881,46147.5,2026-05-12,24.533493,VENUE-SIMULATED-FILL,MODELLED,2026-05-21,25.02,VENUE-SIMULATED-FILL,MODELLED,9,-927.72,-2.010336,12.6034,,,,,MODELLED,False
Season 2:@MLB_Upset_Short:2026-05-12:FLUT:2026-05-21,Season 2,@MLB_Upset_Short,FLUT,,short,491,45999.49,2026-05-12,93.685325,VENUE-SIMULATED-FILL,MODELLED,2026-05-21,94.96,VENUE-SIMULATED-FILL,MODELLED,9,-629.85,-1.369254,3.9894,,,,,MODELLED,False
Season 2:@MLB_Upset_Short:2026-05-12:PENN:2026-05-21,Season 2,@MLB_Upset_Short,PENN,,short,2939,46790.53,2026-05-12,15.920562,VENUE-SIMULATED-FILL,MODELLED,2026-05-21,16.0,VENUE-SIMULATED-FILL,MODELLED,9,-252.64,-0.539938,19.171,,,,,MODELLED,False
Season 1:@OneBigBet_Concentra:2025-09-17:GOOGL:2026-05-21,Season 1,@OneBigBet_Concentra,GOOGL,,long,907,301290.97,2025-09-17,332.18409,VENUE-SIMULATED-FILL,MODELLED,2026-05-21,326.95,VENUE-SIMULATED-FILL,MODELLED,246,-4759.05,-1.579553,11.7277,,,,,MODELLED,False
Season 1:@OvernightCarry_NO:2026-05-18:SPY:2026-05-21,Season 1,@OvernightCarry_NO,SPY,,long,21,15558.5,2026-05-18,740.880824,VENUE-SIMULATED-FILL,MODELLED,2026-05-21,740.36,VENUE-SIMULATED-FILL,MODELLED,3,-11.39,-0.073208,0.4504,,,,,MODELLED,False
Season 1:@OverreactionFade_LT:2026-05-20:CVNA:2026-05-21,Season 1,@OverreactionFade_LT,CVNA,,long,121,52327.66,2026-05-20,432.46,VENUE-SIMULATED-FILL,MODELLED,2026-05-21,483.43,VENUE-SIMULATED-FILL,MODELLED,1,6165.42,11.782335,1.9546,,,,,MODELLED,False
Season 1:@SectorRotator_AlphaX:2025-09-17:GOOGL:2026-05-21,Season 1,@SectorRotator_AlphaX,GOOGL,,long,10,2645.55,2025-09-17,264.554878,VENUE-SIMULATED-FILL,MODELLED,2026-05-21,326.96,VENUE-SIMULATED-FILL,MODELLED,246,623.92,23.583765,0.1293,,,,,MODELLED,False
Season 1:@SectorRotator_AlphaX:2025-09-17:META:2026-05-21,Season 1,@SectorRotator_AlphaX,META,,long,2,1752.06,2025-09-17,876.030915,VENUE-SIMULATED-FILL,MODELLED,2026-05-21,1295.32,VENUE-SIMULATED-FILL,MODELLED,246,838.51,47.858471,0.0658,,,,,MODELLED,False
Season 1:@SpreadHarvester_MM:2026-05-14:NVDA:2026-05-21,Season 1,@SpreadHarvester_MM,NVDA,,long,150,39667.84,2026-05-14,264.452277,VENUE-SIMULATED-FILL,MODELLED,2026-05-21,261.27,VENUE-SIMULATED-FILL,MODELLED,7,-477.58,-1.203948,0.2366,,,,,MODELLED,False
Season 1:@SpreadHarvester_MM:2026-05-19:TSLA:2026-05-21,Season 1,@SpreadHarvester_MM,TSLA,,long,122,39074.12,2026-05-19,320.279696,VENUE-SIMULATED-FILL,MODELLED,2026-05-21,321.52,VENUE-SIMULATED-FILL,MODELLED,2,150.97,0.386368,0.3438,,,,,MODELLED,False
Season 1:@SpreadHarvester_MM:2026-05-20:SPY:2026-05-21,Season 1,@SpreadHarvester_MM,SPY,,short,2,1462.44,2026-05-20,731.22,VENUE-SIMULATED-FILL,MODELLED,2026-05-21,740.35,VENUE-SIMULATED-FILL,MODELLED,1,-18.28,-1.249966,0.0225,,,,,MODELLED,False
Season 1:@SpreadHarvester_MM:2026-05-21:SPY:2026-05-21,Season 1,@SpreadHarvester_MM,SPY,,long,26,19249.1,2026-05-21,740.35,VENUE-SIMULATED-FILL,MODELLED,2026-05-21,740.38,VENUE-SIMULATED-FILL,MODELLED,0,0.48,0.002494,0.2976,,,,,MODELLED,False
Season 1:@VIXRegime_Timer:2025-09-17:SPY:2026-05-21,Season 1,@VIXRegime_Timer,SPY,,long,80,58071.26,2025-09-17,725.890801,VENUE-SIMULATED-FILL,MODELLED,2026-05-21,740.36,VENUE-SIMULATED-FILL,MODELLED,246,1155.82,1.990348,1.7157,,,,,MODELLED,False
Live Book (rehearsal):@FDA_PDUFA_Drifter:2026-05-18:IBB:2026-05-22,Live Book (rehearsal),@FDA_PDUFA_Drifter,IBB,,long,200,33109.0,2026-05-18,165.545,VENUE-SIMULATED-FILL,SECONDARY,2026-05-22,169.07,VENUE-SIMULATED-FILL,SECONDARY,4,703.06,2.123471,1.9356,,,0.592,0.00997,SECONDARY,False
Live Book (rehearsal):@FDA_PDUFA_Drifter:2026-05-20:XBI:2026-05-22,Live Book (rehearsal),@FDA_PDUFA_Drifter,XBI,,long,1000,128666.0,2026-05-20,128.666,VENUE-SIMULATED-FILL,SECONDARY,2026-05-22,132.48,VENUE-SIMULATED-FILL,SECONDARY,2,3805.08,2.957331,8.9241,,,0.755,0.00652,SECONDARY,False
Season 1:@OneBigBet_Concentra:2026-05-21:GOOGL:2026-05-22,Season 1,@OneBigBet_Concentra,GOOGL,,short,12,3923.52,2026-05-21,326.96,VENUE-SIMULATED-FILL,MODELLED,2026-05-22,321.24,VENUE-SIMULATED-FILL,MODELLED,1,68.48,1.745372,0.1552,,,,,MODELLED,False
Season 1:@OvernightCarry_NO:2026-05-18:SPY:2026-05-22,Season 1,@OvernightCarry_NO,SPY,,long,267,198248.55,2026-05-18,742.503921,VENUE-SIMULATED-FILL,MODELLED,2026-05-22,741.17,VENUE-SIMULATED-FILL,MODELLED,4,-361.89,-0.182544,5.7306,,,,,MODELLED,False
Season 1:@SpreadHarvester_MM:2026-05-14:NVDA:2026-05-22,Season 1,@SpreadHarvester_MM,NVDA,,long,139,39030.64,2026-05-14,280.79597,VENUE-SIMULATED-FILL,MODELLED,2026-05-22,283.06,VENUE-SIMULATED-FILL,MODELLED,8,314.42,0.805572,0.2816,,,,,MODELLED,False
Season 1:@SpreadHarvester_MM:2026-05-19:TSLA:2026-05-22,Season 1,@SpreadHarvester_MM,TSLA,,long,121,39267.71,2026-05-19,324.526491,VENUE-SIMULATED-FILL,MODELLED,2026-05-22,325.83,VENUE-SIMULATED-FILL,MODELLED,3,157.37,0.400762,0.3518,,,,,MODELLED,False
Season 1:@SpreadHarvester_MM:2026-05-21:SPY:2026-05-22,Season 1,@SpreadHarvester_MM,SPY,,short,27,19990.26,2026-05-21,740.38,VENUE-SIMULATED-FILL,MODELLED,2026-05-22,741.16,VENUE-SIMULATED-FILL,MODELLED,1,-21.37,-0.106902,0.3091,,,,,MODELLED,False
Season 1:@SpreadHarvester_MM:2026-05-22:SPY:2026-05-22,Season 1,@SpreadHarvester_MM,SPY,,long,7,5188.12,2026-05-22,741.16,VENUE-SIMULATED-FILL,MODELLED,2026-05-22,741.19,VENUE-SIMULATED-FILL,MODELLED,0,0.13,0.002506,0.0802,,,,,MODELLED,False
Season 1:@GapAndGo_YOLO:2026-05-26:RIVN:2026-05-26,Season 1,@GapAndGo_YOLO,RIVN,,long,314,8044.68,2026-05-26,25.62,VENUE-SIMULATED-FILL,MODELLED,2026-05-26,24.93,VENUE-SIMULATED-FILL,MODELLED,0,-218.77,-2.719437,2.1065,,,,,MODELLED,False
Season 1:@KitchenSink_AllIn:2026-02-09:QQQ:2026-05-26,Season 1,@KitchenSink_AllIn,QQQ,,long,6,3948.47,2026-02-09,658.07911,VENUE-SIMULATED-FILL,MODELLED,2026-05-26,681.44,VENUE-SIMULATED-FILL,MODELLED,106,140.04,3.546686,0.1214,,,,,MODELLED,False
Season 1:@KitchenSink_AllIn:2026-02-23:CVNA:2026-05-26,Season 1,@KitchenSink_AllIn,CVNA,,long,4,1811.7,2026-02-23,452.926149,VENUE-SIMULATED-FILL,MODELLED,2026-05-26,474.39,VENUE-SIMULATED-FILL,MODELLED,92,85.79,4.735319,0.0639,,,,,MODELLED,False
Season 1:@KitchenSink_AllIn:2026-04-09:CAT:2026-05-26,Season 1,@KitchenSink_AllIn,CAT,,long,13,6663.83,2026-04-09,512.602353,VENUE-SIMULATED-FILL,MODELLED,2026-05-26,536.77,VENUE-SIMULATED-FILL,MODELLED,47,313.96,4.711404,0.2243,,,,,MODELLED,False
Season 1:@KitchenSink_AllIn:2026-04-17:META:2026-05-26,Season 1,@KitchenSink_AllIn,META,,long,3,3778.72,2026-04-17,1259.571955,VENUE-SIMULATED-FILL,MODELLED,2026-05-26,1305.76,VENUE-SIMULATED-FILL,MODELLED,39,138.46,3.664208,0.0993,,,,,MODELLED,False
Season 1:@KitchenSink_AllIn:2026-04-21:SPY:2026-05-26,Season 1,@KitchenSink_AllIn,SPY,,long,5,3575.42,2026-04-21,715.08463,VENUE-SIMULATED-FILL,MODELLED,2026-05-26,745.44,VENUE-SIMULATED-FILL,MODELLED,35,151.67,4.242015,0.1078,,,,,MODELLED,False
Season 1:@KitchenSink_AllIn:2026-05-12:IWM:2026-05-26,Season 1,@KitchenSink_AllIn,IWM,,long,17,4431.93,2026-05-12,260.701915,VENUE-SIMULATED-FILL,MODELLED,2026-05-26,264.09,VENUE-SIMULATED-FILL,MODELLED,14,57.4,1.295146,0.1978,,,,,MODELLED,False
Season 1:@KitchenSink_AllIn:2026-05-15:GOOGL:2026-05-26,Season 1,@KitchenSink_AllIn,GOOGL,,long,15,4888.65,2026-05-15,325.91,VENUE-SIMULATED-FILL,MODELLED,2026-05-26,333.18,VENUE-SIMULATED-FILL,MODELLED,11,108.85,2.226586,0.1959,,,,,MODELLED,False
Season 2:@MLB_Attention_Momo:2026-03-26:PENN:2026-05-26,Season 2,@MLB_Attention_Momo,PENN,,long,140,2120.85,2026-03-26,15.148949,VENUE-SIMULATED-FILL,MODELLED,2026-05-26,16.89,VENUE-SIMULATED-FILL,MODELLED,61,242.83,11.449639,0.916,,,,,MODELLED,False
Season 1:@OvernightCarry_NO:2026-05-18:SPY:2026-05-26,Season 1,@OvernightCarry_NO,SPY,,long,20,14902.77,2026-05-18,745.138282,VENUE-SIMULATED-FILL,MODELLED,2026-05-26,745.44,VENUE-SIMULATED-FILL,MODELLED,8,5.6,0.037577,0.431,,,,,MODELLED,False
Season 1:@SpreadHarvester_MM:2026-05-14:NVDA:2026-05-26,Season 1,@SpreadHarvester_MM,NVDA,,long,97,26965.3,2026-05-14,277.992819,VENUE-SIMULATED-FILL,MODELLED,2026-05-26,277.34,VENUE-SIMULATED-FILL,MODELLED,12,-63.51,-0.235525,0.1851,,,,,MODELLED,False
Season 1:@SpreadHarvester_MM:2026-05-19:TSLA:2026-05-26,Season 1,@SpreadHarvester_MM,TSLA,,long,133,39352.45,2026-05-19,295.883099,VENUE-SIMULATED-FILL,MODELLED,2026-05-26,288.17,VENUE-SIMULATED-FILL,MODELLED,7,-1026.13,-2.607538,0.2835,,,,,MODELLED,False
Season 1:@SpreadHarvester_MM:2026-05-22:SPY:2026-05-26,Season 1,@SpreadHarvester_MM,SPY,,short,35,25941.65,2026-05-22,741.19,VENUE-SIMULATED-FILL,MODELLED,2026-05-26,745.43,VENUE-SIMULATED-FILL,MODELLED,4,-148.8,-0.573595,0.4012,,,,,MODELLED,False
Season 1:@GapAndGo_YOLO:2026-05-27:CVNA:2026-05-27,Season 1,@GapAndGo_YOLO,CVNA,,long,15,7492.2,2026-05-27,499.48,VENUE-SIMULATED-FILL,MODELLED,2026-05-27,487.89,VENUE-SIMULATED-FILL,MODELLED,0,-174.09,-2.323617,0.2437,,,,,MODELLED,False
Live Book (rehearsal):@KitchenSink_Official:2026-05-21:QQQ:2026-05-27,Live Book (rehearsal),@KitchenSink_Official,QQQ,,long,200,143204.4,2026-05-21,716.022,VENUE-SIMULATED-FILL,SECONDARY,2026-05-27,732.95,VENUE-SIMULATED-FILL,SECONDARY,6,3381.34,2.361198,4.2588,,,0.137,0.00022,SECONDARY,False
Season 2:@MLB_Attention_Momo:2026-03-26:FLUT:2026-05-27,Season 2,@MLB_Attention_Momo,FLUT,,long,12,1231.83,2026-03-26,102.652915,VENUE-SIMULATED-FILL,MODELLED,2026-05-27,94.51,VENUE-SIMULATED-FILL,MODELLED,62,-97.81,-7.940187,0.0977,,,,,MODELLED,False
Season 2:@MLB_Attention_Momo:2026-03-26:PENN:2026-05-27,Season 2,@MLB_Attention_Momo,PENN,,long,159,2408.68,2026-03-26,15.148949,VENUE-SIMULATED-FILL,MODELLED,2026-05-27,17.17,VENUE-SIMULATED-FILL,MODELLED,62,320.31,13.298139,1.0412,,,,,MODELLED,False
Live Book (rehearsal):@OilDollar_FadeUNG:2025-12-03:XOM:2026-05-27,Live Book (rehearsal),@OilDollar_FadeUNG,XOM,,long,200,29510.06,2025-12-03,147.550313,VENUE-SIMULATED-FILL,SECONDARY,2026-05-27,147.22,VENUE-SIMULATED-FILL,SECONDARY,175,-67.91,-0.230125,1.8455,,,0.679,0.00178,SECONDARY,False
Live Book (rehearsal):@OilDollar_FadeUNG:2026-05-08:UNG:2026-05-27,Live Book (rehearsal),@OilDollar_FadeUNG,UNG,,long,100,1101.8,2026-05-08,11.018,VENUE-SIMULATED-FILL,SECONDARY,2026-05-27,11.09,VENUE-SIMULATED-FILL,SECONDARY,19,6.56,0.595389,0.6423,,,-0.0,0.0648,SECONDARY,False
Season 1:@OvernightCarry_NO:2026-05-18:SPY:2026-05-27,Season 1,@OvernightCarry_NO,SPY,,long,266,199450.09,2026-05-18,749.812362,VENUE-SIMULATED-FILL,MODELLED,2026-05-27,751.16,VENUE-SIMULATED-FILL,MODELLED,9,352.71,0.176841,5.7639,,,,,MODELLED,False
Season 1:@SpreadHarvester_MM:2026-05-19:TSLA:2026-05-27,Season 1,@SpreadHarvester_MM,TSLA,,long,128,38097.51,2026-05-19,297.636778,VENUE-SIMULATED-FILL,MODELLED,2026-05-27,298.17,VENUE-SIMULATED-FILL,MODELLED,8,67.95,0.178358,0.2992,,,,,MODELLED,False
Season 1:@SpreadHarvester_MM:2026-05-26:NVDA:2026-05-27,Season 1,@SpreadHarvester_MM,NVDA,,short,42,11648.28,2026-05-26,277.34,VENUE-SIMULATED-FILL,MODELLED,2026-05-27,285.79,VENUE-SIMULATED-FILL,MODELLED,1,-354.98,-3.047489,0.0801,,,,,MODELLED,False
Season 1:@SpreadHarvester_MM:2026-05-27:NVDA:2026-05-27,Season 1,@SpreadHarvester_MM,NVDA,,long,92,26292.68,2026-05-27,285.79,VENUE-SIMULATED-FILL,MODELLED,2026-05-27,285.82,VENUE-SIMULATED-FILL,MODELLED,0,2.57,0.009775,0.1916,,,,,MODELLED,False
Official Auction Book:@BillCarry_TenX:2026-04-14:912797SW8:2026-05-28,Official Auction Book,@BillCarry_TenX,912797SW8,26-Week,long,2200.0,219068.3,2026-04-14,99.5765,PRIMARY-AUCTION,OFFICIAL,2026-05-28,100.0,MATURITY-REDEMPTION,OFFICIAL,44,9.32,0.004254,0.0,0.0,0.0,,,OFFICIAL,True
Season 1:@KitchenSink_AllIn:2026-02-09:QQQ:2026-05-28,Season 1,@KitchenSink_AllIn,QQQ,,long,3,1980.92,2026-02-09,660.306464,VENUE-SIMULATED-FILL,MODELLED,2026-05-28,686.42,VENUE-SIMULATED-FILL,MODELLED,108,78.28,3.9517,0.061,,,,,MODELLED,False
Season 1:@KitchenSink_AllIn:2026-04-21:SPY:2026-05-28,Season 1,@KitchenSink_AllIn,SPY,,long,2,1434.98,2026-04-21,717.490321,VENUE-SIMULATED-FILL,MODELLED,2026-05-28,750.44,VENUE-SIMULATED-FILL,MODELLED,37,65.86,4.589609,0.0433,,,,,MODELLED,False
Season 1:@KitchenSink_AllIn:2026-05-12:IWM:2026-05-28,Season 1,@KitchenSink_AllIn,IWM,,long,8,2088.79,2026-05-12,261.098911,VENUE-SIMULATED-FILL,MODELLED,2026-05-28,266.39,VENUE-SIMULATED-FILL,MODELLED,16,42.24,2.022222,0.0935,,,,,MODELLED,False
Season 1:@KitchenSink_AllIn:2026-05-15:GOOGL:2026-05-28,Season 1,@KitchenSink_AllIn,GOOGL,,long,5,1629.54,2026-05-15,325.907681,VENUE-SIMULATED-FILL,MODELLED,2026-05-28,320.3,VENUE-SIMULATED-FILL,MODELLED,13,-28.1,-1.724415,0.064,,,,,MODELLED,False
Season 1:@KitchenSink_AllIn:2026-05-27:AMZN:2026-05-28,Season 1,@KitchenSink_AllIn,AMZN,,long,8,2022.8,2026-05-27,252.85,VENUE-SIMULATED-FILL,MODELLED,2026-05-28,253.37,VENUE-SIMULATED-FILL,MODELLED,1,4.07,0.201206,0.0913,,,,,MODELLED,False
Season 2:@MLB_Upset_Short:2026-05-12:FLUT:2026-05-28,Season 2,@MLB_Upset_Short,FLUT,,short,37,3496.44,2026-05-12,94.498415,VENUE-SIMULATED-FILL,MODELLED,2026-05-28,94.63,VENUE-SIMULATED-FILL,MODELLED,16,-5.17,-0.147865,0.3012,,,,,MODELLED,False
Season 2:@MLB_Upset_Short:2026-05-12:PENN:2026-05-28,Season 2,@MLB_Upset_Short,PENN,,short,440,7554.61,2026-05-12,17.169559,VENUE-SIMULATED-FILL,MODELLED,2026-05-28,18.86,VENUE-SIMULATED-FILL,MODELLED,16,-746.68,-9.883772,2.8814,,,,,MODELLED,False
Season 2:@MLB_Upset_Short:2026-05-27:DKNG:2026-05-28,Season 2,@MLB_Upset_Short,DKNG,,short,236,5628.6,2026-05-27,23.85,VENUE-SIMULATED-FILL,MODELLED,2026-05-28,25.0,VENUE-SIMULATED-FILL,MODELLED,1,-272.98,-4.849874,1.578,,,,,MODELLED,False
Live Book (rehearsal):@OilDollar_FadeUNG:2026-05-27:UNG:2026-05-28,Live Book (rehearsal),@OilDollar_FadeUNG,UNG,,short,200,2218.0,2026-05-27,11.09,VENUE-SIMULATED-FILL,SECONDARY,2026-05-28,11.29,VENUE-SIMULATED-FILL,SECONDARY,1,-41.28,-1.861136,1.2847,,,0.0,0.08254,SECONDARY,False
Season 1:@OvernightCarry_NO:2026-05-27:SPY:2026-05-28,Season 1,@OvernightCarry_NO,SPY,,long,18,13499.1,2026-05-27,749.95,VENUE-SIMULATED-FILL,MODELLED,2026-05-28,750.44,VENUE-SIMULATED-FILL,MODELLED,1,8.43,0.062449,0.3898,,,,,MODELLED,False
Season 1:@SpreadHarvester_MM:2026-05-19:TSLA:2026-05-28,Season 1,@SpreadHarvester_MM,TSLA,,long,126,38117.01,2026-05-19,302.515951,VENUE-SIMULATED-FILL,MODELLED,2026-05-28,303.95,VENUE-SIMULATED-FILL,MODELLED,9,180.38,0.473227,0.3095,,,,,MODELLED,False
Season 1:@SpreadHarvester_MM:2026-05-27:NVDA:2026-05-28,Season 1,@SpreadHarvester_MM,NVDA,,short,42,12004.44,2026-05-27,285.82,VENUE-SIMULATED-FILL,MODELLED,2026-05-28,292.56,VENUE-SIMULATED-FILL,MODELLED,1,-283.17,-2.358877,0.0875,,,,,MODELLED,False
Season 1:@SpreadHarvester_MM:2026-05-28:NVDA:2026-05-28,Season 1,@SpreadHarvester_MM,NVDA,,long,89,26037.84,2026-05-28,292.56,VENUE-SIMULATED-FILL,MODELLED,2026-05-28,292.59,VENUE-SIMULATED-FILL,MODELLED,0,2.47,0.009486,0.1978,,,,,MODELLED,False
Season 1:@BetaChaser_3xProxy:2025-09-17:NVDA:2026-05-29,Season 1,@BetaChaser_3xProxy,NVDA,,long,25,5473.05,2025-09-17,218.921933,VENUE-SIMULATED-FILL,MODELLED,2026-05-29,304.24,VENUE-SIMULATED-FILL,MODELLED,254,2132.64,38.966219,0.3116,,,,,MODELLED,False
Official Auction Book:@ConcessionFade_Notes:2026-01-22:91282CPU9:2026-05-29,Official Auction Book,@ConcessionFade_Notes,91282CPU9,10-Year,long,623900.0,61886860.21,2026-01-22,99.193557,PRIMARY-AUCTION,OFFICIAL,2026-05-29,98.609484,SECONDARY-CURVE,OFFICIAL-DERIVED,127,-3644.03,-0.005888,0.0,0.0,0.0,,,OFFICIAL-DERIVED,False
Live Book (rehearsal):@CurveSteepener_MaxBeta:2026-05-05:JPM:2026-05-29,Live Book (rehearsal),@CurveSteepener_MaxBeta,JPM,,long,320,96427.93,2026-05-05,301.337277,VENUE-SIMULATED-FILL,SECONDARY,2026-05-29,296.38,VENUE-SIMULATED-FILL,SECONDARY,24,-1590.26,-1.64917,3.9361,,,0.675,0.00443,SECONDARY,False
Live Book (rehearsal):@CurveSteepener_MaxBeta:2026-05-08:XOM:2026-05-29,Live Book (rehearsal),@CurveSteepener_MaxBeta,XOM,,long,600,90216.0,2026-05-08,150.36,VENUE-SIMULATED-FILL,SECONDARY,2026-05-29,146.18,VENUE-SIMULATED-FILL,SECONDARY,21,-2513.52,-2.786113,5.5238,,,0.684,0.00307,SECONDARY,False
Season 1:@KitchenSink_AllIn:2026-02-09:QQQ:2026-05-29,Season 1,@KitchenSink_AllIn,QQQ,,long,2,1320.61,2026-02-09,660.306464,VENUE-SIMULATED-FILL,MODELLED,2026-05-29,686.31,VENUE-SIMULATED-FILL,MODELLED,109,51.97,3.935294,0.0407,,,,,MODELLED,False
Season 1:@KitchenSink_AllIn:2026-02-23:CVNA:2026-05-29,Season 1,@KitchenSink_AllIn,CVNA,,long,4,1811.7,2026-02-23,452.926149,VENUE-SIMULATED-FILL,MODELLED,2026-05-29,487.69,VENUE-SIMULATED-FILL,MODELLED,95,138.99,7.671781,0.065,,,,,MODELLED,False
Season 1:@KitchenSink_AllIn:2026-04-09:CAT:2026-05-29,Season 1,@KitchenSink_AllIn,CAT,,long,3,1537.81,2026-04-09,512.602353,VENUE-SIMULATED-FILL,MODELLED,2026-05-29,543.13,VENUE-SIMULATED-FILL,MODELLED,50,91.53,5.951982,0.0522,,,,,MODELLED,False
Season 1:@KitchenSink_AllIn:2026-04-17:META:2026-05-29,Season 1,@KitchenSink_AllIn,META,,long,1,1259.57,2026-04-17,1259.571955,VENUE-SIMULATED-FILL,MODELLED,2026-05-29,1330.08,VENUE-SIMULATED-FILL,MODELLED,42,70.47,5.594758,0.0336,,,,,MODELLED,False
Season 1:@KitchenSink_AllIn:2026-04-21:SPY:2026-05-29,Season 1,@KitchenSink_AllIn,SPY,,long,3,2152.47,2026-04-21,717.490321,VENUE-SIMULATED-FILL,MODELLED,2026-05-29,752.97,VENUE-SIMULATED-FILL,MODELLED,38,106.37,4.941762,0.0651,,,,,MODELLED,False
Season 1:@KitchenSink_AllIn:2026-05-12:IWM:2026-05-29,Season 1,@KitchenSink_AllIn,IWM,,long,7,1827.69,2026-05-12,261.098911,VENUE-SIMULATED-FILL,MODELLED,2026-05-29,266.71,VENUE-SIMULATED-FILL,MODELLED,17,39.2,2.144781,0.0818,,,,,MODELLED,False
Season 1:@KitchenSink_AllIn:2026-05-15:GOOGL:2026-05-29,Season 1,@KitchenSink_AllIn,GOOGL,,long,6,1955.45,2026-05-15,325.907681,VENUE-SIMULATED-FILL,MODELLED,2026-05-29,325.89,VENUE-SIMULATED-FILL,MODELLED,14,-0.18,-0.009205,0.0775,,,,,MODELLED,False
Season 1:@KitchenSink_AllIn:2026-05-27:AMZN:2026-05-29,Season 1,@KitchenSink_AllIn,AMZN,,long,7,1769.95,2026-05-27,252.85,VENUE-SIMULATED-FILL,MODELLED,2026-05-29,252.92,VENUE-SIMULATED-FILL,MODELLED,2,0.41,0.023164,0.0798,,,,,MODELLED,False
Season 2:@MLB_Attention_Momo:2026-03-26:PENN:2026-05-29,Season 2,@MLB_Attention_Momo,PENN,,long,105,1590.64,2026-03-26,15.148949,VENUE-SIMULATED-FILL,MODELLED,2026-05-29,19.48,VENUE-SIMULATED-FILL,MODELLED,64,454.07,28.546378,0.6926,,,,,MODELLED,False
Season 2:@MLB_Upset_Short:2026-05-12:FLUT:2026-05-29,Season 2,@MLB_Upset_Short,FLUT,,short,476,44981.25,2026-05-12,94.498415,VENUE-SIMULATED-FILL,MODELLED,2026-05-29,95.68,VENUE-SIMULATED-FILL,MODELLED,17,-566.31,-1.258991,3.8754,,,,,MODELLED,False
Season 2:@MLB_Upset_Short:2026-05-12:PENN:2026-05-29,Season 2,@MLB_Upset_Short,PENN,,short,2390,41035.25,2026-05-12,17.169559,VENUE-SIMULATED-FILL,MODELLED,2026-05-29,19.5,VENUE-SIMULATED-FILL,MODELLED,17,-5585.41,-13.61125,15.6514,,,,,MODELLED,False
Season 2:@MLB_Upset_Short:2026-05-27:DKNG:2026-05-29,Season 2,@MLB_Upset_Short,DKNG,,short,1802,42977.7,2026-05-27,23.85,VENUE-SIMULATED-FILL,MODELLED,2026-05-29,24.5,VENUE-SIMULATED-FILL,MODELLED,2,-1183.35,-2.753405,12.0487,,,,,MODELLED,False
Live Book (rehearsal):@OilDollar_FadeUNG:2026-05-27:UNG:2026-05-29,Live Book (rehearsal),@OilDollar_FadeUNG,UNG,,short,900,9981.0,2026-05-27,11.09,VENUE-SIMULATED-FILL,SECONDARY,2026-05-29,12.15,VENUE-SIMULATED-FILL,SECONDARY,2,-959.78,-9.616071,5.7811,,,0.0,0.08254,SECONDARY,False
Season 1:@OvernightCarry_NO:2026-05-27:SPY:2026-05-29,Season 1,@OvernightCarry_NO,SPY,,long,266,200631.52,2026-05-27,754.25382,VENUE-SIMULATED-FILL,MODELLED,2026-05-29,752.97,VENUE-SIMULATED-FILL,MODELLED,2,-347.27,-0.173088,5.7738,,,,,MODELLED,False
Live Book (rehearsal):@SOFRPivot_Rider:2026-05-14:QQQ:2026-05-29,Live Book (rehearsal),@SOFRPivot_Rider,QQQ,,long,160,113787.2,2026-05-14,711.17,VENUE-SIMULATED-FILL,SECONDARY,2026-05-29,737.84,VENUE-SIMULATED-FILL,SECONDARY,15,4263.78,3.747153,3.4231,,,0.0,0.00024,SECONDARY,False
Live Book (rehearsal):@SOFRPivot_Rider:2026-05-14:TSLA:2026-05-29,Live Book (rehearsal),@SOFRPivot_Rider,TSLA,,long,80,35720.0,2026-05-14,446.5,VENUE-SIMULATED-FILL,SECONDARY,2026-05-29,439.84,VENUE-SIMULATED-FILL,SECONDARY,15,-534.02,-1.495017,1.2205,,,0.227,0.00017,SECONDARY,False
Season 1:@SpreadHarvester_MM:2026-05-19:TSLA:2026-05-29,Season 1,@SpreadHarvester_MM,TSLA,,long,120,37612.13,2026-05-19,313.43445,VENUE-SIMULATED-FILL,MODELLED,2026-05-29,316.75,VENUE-SIMULATED-FILL,MODELLED,10,397.54,1.056946,0.3264,,,,,MODELLED,False
Season 1:@SpreadHarvester_MM:2026-05-28:NVDA:2026-05-29,Season 1,@SpreadHarvester_MM,NVDA,,short,42,12288.78,2026-05-28,292.59,VENUE-SIMULATED-FILL,MODELLED,2026-05-29,304.23,VENUE-SIMULATED-FILL,MODELLED,1,-488.97,-3.978995,0.0933,,,,,MODELLED,False
Season 1:@SpreadHarvester_MM:2026-05-29:NVDA:2026-05-29,Season 1,@SpreadHarvester_MM,NVDA,,long,83,25251.09,2026-05-29,304.23,VENUE-SIMULATED-FILL,MODELLED,2026-05-29,304.26,VENUE-SIMULATED-FILL,MODELLED,0,2.29,0.009069,0.2044,,,,,MODELLED,False
Season 1:@GapAndGo_YOLO:2026-06-01:TSLA:2026-06-01,Season 1,@GapAndGo_YOLO,TSLA,,long,23,7780.44,2026-06-01,338.28,VENUE-SIMULATED-FILL,MODELLED,2026-06-01,329.1,VENUE-SIMULATED-FILL,MODELLED,0,-211.44,-2.717584,0.2984,,,,,MODELLED,False
Season 1:@KitchenSink_AllIn:2026-02-23:CVNA:2026-06-01,Season 1,@KitchenSink_AllIn,CVNA,,long,2,905.85,2026-02-23,452.926149,VENUE-SIMULATED-FILL,MODELLED,2026-06-01,511.42,VENUE-SIMULATED-FILL,MODELLED,98,116.95,12.910493,0.0335,,,,,MODELLED,False
Season 1:@KitchenSink_AllIn:2026-04-17:META:2026-06-01,Season 1,@KitchenSink_AllIn,META,,long,1,1259.57,2026-04-17,1259.571955,VENUE-SIMULATED-FILL,MODELLED,2026-06-01,1342.88,VENUE-SIMULATED-FILL,MODELLED,45,83.27,6.610976,0.0339,,,,,MODELLED,False
Live Book (rehearsal):@KitchenSink_Official:2026-05-27:SPY:2026-06-01,Live Book (rehearsal),@KitchenSink_Official,SPY,,long,80,60037.6,2026-05-27,750.47,VENUE-SIMULATED-FILL,SECONDARY,2026-06-01,755.35,VENUE-SIMULATED-FILL,SECONDARY,5,388.66,0.647361,1.7404,,,0.132,9e-05,SECONDARY,False
Season 2:@MLB_Attention_Momo:2026-03-26:FLUT:2026-06-01,Season 2,@MLB_Attention_Momo,FLUT,,long,13,1326.31,2026-03-26,102.023869,VENUE-SIMULATED-FILL,MODELLED,2026-06-01,99.15,VENUE-SIMULATED-FILL,MODELLED,67,-37.47,-2.825131,0.1071,,,,,MODELLED,False
Season 1:@MeanRev_Z2Sigma:2026-05-19:AAPL:2026-06-01,Season 1,@MeanRev_Z2Sigma,AAPL,,long,152,45790.0,2026-05-19,301.25,VENUE-SIMULATED-FILL,MODELLED,2026-06-01,305.82,VENUE-SIMULATED-FILL,MODELLED,13,692.74,1.512863,1.8992,,,,,MODELLED,False
Season 1:@MomentumMax_12x1:2025-09-17:GOOGL:2026-06-01,Season 1,@MomentumMax_12x1,GOOGL,,long,13,3186.17,2025-09-17,245.089853,VENUE-SIMULATED-FILL,MODELLED,2026-06-01,317.54,VENUE-SIMULATED-FILL,MODELLED,257,941.69,29.555566,0.1656,,,,,MODELLED,False
Live Book (rehearsal):@OilDollar_FadeUNG:2026-05-27:UNG:2026-06-01,Live Book (rehearsal),@OilDollar_FadeUNG,UNG,,short,6400,70976.0,2026-05-27,11.09,VENUE-SIMULATED-FILL,SECONDARY,2026-06-01,11.63,VENUE-SIMULATED-FILL,SECONDARY,5,-3497.11,-4.927173,41.1101,,,17.227,0.08254,SECONDARY,False
Season 1:@OvernightCarry_NO:2026-05-27:SPY:2026-06-01,Season 1,@OvernightCarry_NO,SPY,,long,16,12092.85,2026-05-27,755.803166,VENUE-SIMULATED-FILL,MODELLED,2026-06-01,756.89,VENUE-SIMULATED-FILL,MODELLED,5,17.04,0.14091,0.3486,,,,,MODELLED,False
Season 1:@SpreadHarvester_MM:2026-05-19:TSLA:2026-06-01,Season 1,@SpreadHarvester_MM,TSLA,,long,114,37881.55,2026-05-19,332.294268,VENUE-SIMULATED-FILL,MODELLED,2026-06-01,338.29,VENUE-SIMULATED-FILL,MODELLED,13,683.15,1.803385,0.3607,,,,,MODELLED,False
Season 1:@SpreadHarvester_MM:2026-05-29:NVDA:2026-06-01,Season 1,@SpreadHarvester_MM,NVDA,,short,42,12778.92,2026-05-29,304.26,VENUE-SIMULATED-FILL,MODELLED,2026-06-01,296.35,VENUE-SIMULATED-FILL,MODELLED,3,332.12,2.598968,0.1034,,,,,MODELLED,False
Season 1:@SpreadHarvester_MM:2026-06-01:NVDA:2026-06-01,Season 1,@SpreadHarvester_MM,NVDA,,long,88,26078.8,2026-06-01,296.35,VENUE-SIMULATED-FILL,MODELLED,2026-06-01,296.38,VENUE-SIMULATED-FILL,MODELLED,0,2.44,0.009356,0.2025,,,,,MODELLED,False
Season 1:@VolCarry_LowHigh:2025-09-17:CVNA:2026-06-01,Season 1,@VolCarry_LowHigh,CVNA,,short,10,2872.5,2025-09-17,287.25,VENUE-SIMULATED-FILL,MODELLED,2026-06-01,511.46,VENUE-SIMULATED-FILL,MODELLED,257,-2242.16,-78.056049,0.0617,,,,,MODELLED,False
Season 1:@VolCarry_LowHigh:2025-09-17:IWM:2026-06-01,Season 1,@VolCarry_LowHigh,IWM,,long,11,2666.18,2025-09-17,242.38,VENUE-SIMULATED-FILL,MODELLED,2026-06-01,268.34,VENUE-SIMULATED-FILL,MODELLED,257,285.43,10.705579,0.129,,,,,MODELLED,False
Season 1:@VolCarry_LowHigh:2025-09-17:QQQ:2026-06-01,Season 1,@VolCarry_LowHigh,QQQ,,long,4,2342.36,2025-09-17,585.59,VENUE-SIMULATED-FILL,MODELLED,2026-06-01,690.08,VENUE-SIMULATED-FILL,MODELLED,257,417.88,17.840127,0.0816,,,,,MODELLED,False
Season 1:@VolCarry_LowHigh:2025-09-17:SPY:2026-06-01,Season 1,@VolCarry_LowHigh,SPY,,long,3,1966.23,2025-09-17,655.41,VENUE-SIMULATED-FILL,MODELLED,2026-06-01,756.89,VENUE-SIMULATED-FILL,MODELLED,257,304.37,15.479878,0.0654,,,,,MODELLED,False
Season 2:@Weather_ColdSnap_Max:2026-02-18:XLU:2026-06-01,Season 2,@Weather_ColdSnap_Max,XLU,,long,55,2503.36,2026-02-18,45.515665,VENUE-SIMULATED-FILL,MODELLED,2026-06-01,43.9,VENUE-SIMULATED-FILL,MODELLED,103,-89.25,-3.565206,0.3905,,,,,MODELLED,False
Season 2:@Weather_ColdSnap_Max:2026-05-26:UNG:2026-06-01,Season 2,@Weather_ColdSnap_Max,UNG,,long,175,1949.5,2026-05-26,11.14,VENUE-SIMULATED-FILL,MODELLED,2026-06-01,11.61,VENUE-SIMULATED-FILL,MODELLED,6,81.12,4.161067,1.126,,,,,MODELLED,False
Season 2:@FDA_ClusterFade:2026-05-26:XBI:2026-06-02,Season 2,@FDA_ClusterFade,XBI,,long,20,2650.49,2026-05-26,132.524598,VENUE-SIMULATED-FILL,MODELLED,2026-06-02,131.53,VENUE-SIMULATED-FILL,MODELLED,7,-20.07,-0.757218,0.1781,,,,,MODELLED,False
Season 1:@GapAndGo_YOLO:2026-06-02:CVNA:2026-06-02,Season 1,@GapAndGo_YOLO,CVNA,,long,14,7420.28,2026-06-02,530.02,VENUE-SIMULATED-FILL,MODELLED,2026-06-02,534.66,VENUE-SIMULATED-FILL,MODELLED,0,64.72,0.872204,0.2409,,,,,MODELLED,False
Season 1:@GapAndGo_YOLO:2026-06-02:UNH:2026-06-02,Season 1,@GapAndGo_YOLO,UNH,,long,40,7810.0,2026-06-02,195.25,VENUE-SIMULATED-FILL,MODELLED,2026-06-02,187.86,VENUE-SIMULATED-FILL,MODELLED,0,-296.0,-3.790013,0.4026,,,,,MODELLED,False
Live Book (rehearsal):@GoldVsRealRate_Live:2026-05-04:TLT:2026-06-02,Live Book (rehearsal),@GoldVsRealRate_Live,TLT,,long,1300,110831.5,2026-05-04,85.255,VENUE-SIMULATED-FILL,SECONDARY,2026-06-02,85.8,VENUE-SIMULATED-FILL,SECONDARY,29,698.15,0.62992,10.3512,,,0.0,0.00257,SECONDARY,False
Season 1:@KitchenSink_AllIn:2026-02-09:QQQ:2026-06-02,Season 1,@KitchenSink_AllIn,QQQ,,long,2,1320.61,2026-02-09,660.306464,VENUE-SIMULATED-FILL,MODELLED,2026-06-02,694.52,VENUE-SIMULATED-FILL,MODELLED,113,68.39,5.178656,0.041,,,,,MODELLED,False
Season 1:@KitchenSink_AllIn:2026-02-23:CVNA:2026-06-02,Season 1,@KitchenSink_AllIn,CVNA,,long,3,1358.78,2026-02-23,452.926149,VENUE-SIMULATED-FILL,MODELLED,2026-06-02,529.97,VENUE-SIMULATED-FILL,MODELLED,99,231.08,17.006452,0.0513,,,,,MODELLED,False
Season 1:@KitchenSink_AllIn:2026-04-09:CAT:2026-06-02,Season 1,@KitchenSink_AllIn,CAT,,long,3,1537.81,2026-04-09,512.602353,VENUE-SIMULATED-FILL,MODELLED,2026-06-02,561.11,VENUE-SIMULATED-FILL,MODELLED,54,145.47,9.459574,0.0533,,,,,MODELLED,False
Season 1:@KitchenSink_AllIn:2026-04-17:META:2026-06-02,Season 1,@KitchenSink_AllIn,META,,long,1,1259.57,2026-04-17,1259.571955,VENUE-SIMULATED-FILL,MODELLED,2026-06-02,1356.93,VENUE-SIMULATED-FILL,MODELLED,46,97.32,7.726434,0.0341,,,,,MODELLED,False
Season 1:@KitchenSink_AllIn:2026-04-21:SPY:2026-06-02,Season 1,@KitchenSink_AllIn,SPY,,long,1,717.49,2026-04-21,717.490321,VENUE-SIMULATED-FILL,MODELLED,2026-06-02,757.91,VENUE-SIMULATED-FILL,MODELLED,42,40.4,5.630738,0.0218,,,,,MODELLED,False
Season 1:@KitchenSink_AllIn:2026-05-12:IWM:2026-06-02,Season 1,@KitchenSink_AllIn,IWM,,long,4,1044.4,2026-05-12,261.098911,VENUE-SIMULATED-FILL,MODELLED,2026-06-02,267.29,VENUE-SIMULATED-FILL,MODELLED,21,24.72,2.366919,0.0468,,,,,MODELLED,False
Season 1:@KitchenSink_AllIn:2026-05-15:GOOGL:2026-06-02,Season 1,@KitchenSink_AllIn,GOOGL,,long,3,977.72,2026-05-15,325.907681,VENUE-SIMULATED-FILL,MODELLED,2026-06-02,324.86,VENUE-SIMULATED-FILL,MODELLED,18,-3.18,-0.325245,0.0387,,,,,MODELLED,False
Live Book (rehearsal):@KitchenSink_Official:2026-06-01:QQQ:2026-06-02,Live Book (rehearsal),@KitchenSink_Official,QQQ,,long,80,58963.2,2026-06-01,737.04,VENUE-SIMULATED-FILL,SECONDARY,2026-06-02,742.4,VENUE-SIMULATED-FILL,SECONDARY,1,427.08,0.724316,1.7191,,,0.0,0.00024,SECONDARY,False
Official Auction Book:@LiquidityWeighted_Participant:2026-04-21:912797SX6:2026-06-02,Official Auction Book,@LiquidityWeighted_Participant,912797SX6,26-Week,long,64200.0,6392961.08,2026-04-21,99.578833,PRIMARY-AUCTION,OFFICIAL,2026-06-02,99.979833,SECONDARY-CURVE,OFFICIAL-DERIVED,42,257.44,0.004027,0.0,0.0,0.0,,,OFFICIAL-DERIVED,False
Season 2:@MLB_Attention_Momo:2026-03-26:DKNG:2026-06-02,Season 2,@MLB_Attention_Momo,DKNG,,long,3052,67458.43,2026-03-26,22.103023,VENUE-SIMULATED-FILL,MODELLED,2026-06-02,25.85,VENUE-SIMULATED-FILL,MODELLED,68,11415.24,16.921889,20.5324,,,,,MODELLED,False
Season 2:@MLB_Attention_Momo:2026-03-26:FLUT:2026-06-02,Season 2,@MLB_Attention_Momo,FLUT,,long,764,77946.24,2026-03-26,102.023869,VENUE-SIMULATED-FILL,MODELLED,2026-06-02,102.35,VENUE-SIMULATED-FILL,MODELLED,68,242.82,0.311522,6.3438,,,,,MODELLED,False
Season 2:@MLB_Attention_Momo:2026-03-26:PENN:2026-06-02,Season 2,@MLB_Attention_Momo,PENN,,long,3984,60916.16,2026-03-26,15.290202,VENUE-SIMULATED-FILL,MODELLED,2026-06-02,20.12,VENUE-SIMULATED-FILL,MODELLED,68,19215.58,31.544304,26.3321,,,,,MODELLED,False
Live Book (rehearsal):@OilDollar_FadeUNG:2025-12-03:XOM:2026-06-02,Live Book (rehearsal),@OilDollar_FadeUNG,XOM,,long,200,29458.03,2025-12-03,147.290157,VENUE-SIMULATED-FILL,SECONDARY,2026-06-02,149.02,VENUE-SIMULATED-FILL,SECONDARY,181,344.12,1.16817,1.853,,,0.671,0.00178,SECONDARY,False
Season 1:@OvernightCarry_NO:2026-05-27:SPY:2026-06-02,Season 1,@OvernightCarry_NO,SPY,,long,266,201596.65,2026-05-27,757.882155,VENUE-SIMULATED-FILL,MODELLED,2026-06-02,757.91,VENUE-SIMULATED-FILL,MODELLED,6,1.61,0.000799,5.8009,,,,,MODELLED,False
Season 1:@SpreadHarvester_MM:2026-05-19:TSLA:2026-06-02,Season 1,@SpreadHarvester_MM,TSLA,,long,117,38517.48,2026-05-19,329.20924,VENUE-SIMULATED-FILL,MODELLED,2026-06-02,328.3,VENUE-SIMULATED-FILL,MODELLED,14,-106.73,-0.277095,0.3461,,,,,MODELLED,False
Season 1:@SpreadHarvester_MM:2026-06-01:NVDA:2026-06-02,Season 1,@SpreadHarvester_MM,NVDA,,short,42,12447.96,2026-06-01,296.38,VENUE-SIMULATED-FILL,MODELLED,2026-06-02,298.63,VENUE-SIMULATED-FILL,MODELLED,1,-94.6,-0.759964,0.0966,,,,,MODELLED,False
Season 1:@SpreadHarvester_MM:2026-06-02:NVDA:2026-06-02,Season 1,@SpreadHarvester_MM,NVDA,,long,86,25682.18,2026-06-02,298.63,VENUE-SIMULATED-FILL,MODELLED,2026-06-02,298.66,VENUE-SIMULATED-FILL,MODELLED,0,2.38,0.009267,0.2019,,,,,MODELLED,False
Season 2:@Weather_ColdSnap_Max:2026-02-18:XLU:2026-06-02,Season 2,@Weather_ColdSnap_Max,XLU,,long,1257,57213.19,2026-02-18,45.515665,VENUE-SIMULATED-FILL,MODELLED,2026-06-02,43.2,VENUE-SIMULATED-FILL,MODELLED,104,-2919.7,-5.103194,8.9057,,,,,MODELLED,False
Season 2:@Weather_ColdSnap_Max:2026-05-26:UNG:2026-06-02,Season 2,@Weather_ColdSnap_Max,UNG,,long,8708,97007.12,2026-05-26,11.14,VENUE-SIMULATED-FILL,MODELLED,2026-06-02,11.34,VENUE-SIMULATED-FILL,MODELLED,7,1685.62,1.737625,55.9803,,,,,MODELLED,False
Live Book (rehearsal):@GoldVsRealRate_Live:2026-06-02:GLD:2026-06-03,Live Book (rehearsal),@GoldVsRealRate_Live,GLD,,long,80,33127.2,2026-06-02,414.09,VENUE-SIMULATED-FILL,SECONDARY,2026-06-03,408.37,VENUE-SIMULATED-FILL,SECONDARY,1,-458.77,-1.384874,1.1686,,,0.245,0.00209,SECONDARY,False
Season 1:@KitchenSink_AllIn:2026-05-27:AMZN:2026-06-03,Season 1,@KitchenSink_AllIn,AMZN,,long,5,1264.25,2026-05-27,252.85,VENUE-SIMULATED-FILL,MODELLED,2026-06-03,253.17,VENUE-SIMULATED-FILL,MODELLED,7,1.54,0.121811,0.0571,,,,,MODELLED,False
Season 1:@OvernightCarry_NO:2026-06-02:SPY:2026-06-03,Season 1,@OvernightCarry_NO,SPY,,long,14,10624.18,2026-06-02,758.87,VENUE-SIMULATED-FILL,MODELLED,2026-06-03,756.92,VENUE-SIMULATED-FILL,MODELLED,1,-27.61,-0.259879,0.305,,,,,MODELLED,False
Season 1:@SpreadHarvester_MM:2026-05-19:TSLA:2026-06-03,Season 1,@SpreadHarvester_MM,TSLA,,long,121,38618.35,2026-05-19,319.159889,VENUE-SIMULATED-FILL,MODELLED,2026-06-03,316.21,VENUE-SIMULATED-FILL,MODELLED,15,-357.26,-0.925104,0.3278,,,,,MODELLED,False
Season 1:@SpreadHarvester_MM:2026-06-02:NVDA:2026-06-03,Season 1,@SpreadHarvester_MM,NVDA,,short,7,2090.62,2026-06-02,298.66,VENUE-SIMULATED-FILL,MODELLED,2026-06-03,288.67,VENUE-SIMULATED-FILL,MODELLED,1,69.91,3.343984,0.0164,,,,,MODELLED,False
Season 1:@SpreadHarvester_MM:2026-06-03:NVDA:2026-06-03,Season 1,@SpreadHarvester_MM,NVDA,,long,125,36083.75,2026-06-03,288.67,VENUE-SIMULATED-FILL,MODELLED,2026-06-03,288.7,VENUE-SIMULATED-FILL,MODELLED,0,3.48,0.009644,0.2678,,,,,MODELLED,False
Official Auction Book:@BillCarry_TenX:2026-04-21:912797SX6:2026-06-04,Official Auction Book,@BillCarry_TenX,912797SX6,26-Week,long,11400.0,1135198.7,2026-04-21,99.578833,PRIMARY-AUCTION,OFFICIAL,2026-06-04,100.0,MATURITY-REDEMPTION,OFFICIAL,44,48.01,0.004229,0.0,0.0,0.0,,,OFFICIAL,True
Season 2:@FDA_ClusterFade:2026-05-26:XBI:2026-06-04,Season 2,@FDA_ClusterFade,XBI,,long,1336,177052.86,2026-05-26,132.524598,VENUE-SIMULATED-FILL,MODELLED,2026-06-04,130.43,VENUE-SIMULATED-FILL,MODELLED,9,-2810.25,-1.587238,11.8662,,,,,MODELLED,False
Season 1:@GapAndGo_YOLO:2026-06-04:CVNA:2026-06-04,Season 1,@GapAndGo_YOLO,CVNA,,long,14,7381.78,2026-06-04,527.27,VENUE-SIMULATED-FILL,MODELLED,2026-06-04,514.0,VENUE-SIMULATED-FILL,MODELLED,0,-186.01,-2.519853,0.235,,,,,MODELLED,False
Season 1:@GapAndGo_YOLO:2026-06-04:RIVN:2026-06-04,Season 1,@GapAndGo_YOLO,RIVN,,long,315,7714.35,2026-06-04,24.49,VENUE-SIMULATED-FILL,MODELLED,2026-06-04,24.12,VENUE-SIMULATED-FILL,MODELLED,0,-118.66,-1.538172,2.1079,,,,,MODELLED,False
Live Book (rehearsal):@OilDollar_FadeUNG:2026-06-02:UNG:2026-06-04,Live Book (rehearsal),@OilDollar_FadeUNG,UNG,,short,300,3402.0,2026-06-02,11.34,VENUE-SIMULATED-FILL,SECONDARY,2026-06-04,11.99,VENUE-SIMULATED-FILL,SECONDARY,2,-196.93,-5.788654,1.9286,,,0.0,0.11306,SECONDARY,False
Season 1:@OvernightCarry_NO:2026-06-02:SPY:2026-06-04,Season 1,@OvernightCarry_NO,SPY,,long,267,201128.67,2026-06-02,753.290896,VENUE-SIMULATED-FILL,MODELLED,2026-06-04,750.84,VENUE-SIMULATED-FILL,MODELLED,2,-660.17,-0.328233,5.7838,,,,,MODELLED,False
Season 1:@SpreadHarvester_MM:2026-05-19:TSLA:2026-06-04,Season 1,@SpreadHarvester_MM,TSLA,,long,124,38537.96,2026-05-19,310.789975,VENUE-SIMULATED-FILL,MODELLED,2026-06-04,308.4,VENUE-SIMULATED-FILL,MODELLED,16,-296.67,-0.769812,0.316,,,,,MODELLED,False
Season 1:@SpreadHarvester_MM:2026-06-03:NVDA:2026-06-04,Season 1,@SpreadHarvester_MM,NVDA,,short,7,2020.9,2026-06-03,288.7,VENUE-SIMULATED-FILL,MODELLED,2026-06-04,279.94,VENUE-SIMULATED-FILL,MODELLED,1,61.3,3.033302,0.015,,,,,MODELLED,False
Season 1:@SpreadHarvester_MM:2026-06-04:NVDA:2026-06-04,Season 1,@SpreadHarvester_MM,NVDA,,long,130,36392.2,2026-06-04,279.94,VENUE-SIMULATED-FILL,MODELLED,2026-06-04,279.97,VENUE-SIMULATED-FILL,MODELLED,0,3.64,0.010002,0.2551,,,,,MODELLED,False
Season 1:@BetaChaser_3xProxy:2025-09-17:CVNA:2026-06-05,Season 1,@BetaChaser_3xProxy,CVNA,,long,17,5670.43,2025-09-17,333.554963,VENUE-SIMULATED-FILL,MODELLED,2026-06-05,524.74,VENUE-SIMULATED-FILL,MODELLED,261,3249.86,57.312364,0.2891,,,,,MODELLED,False
Live Book (rehearsal):@FDA_Fade_Live:2026-05-27:XBI:2026-06-05,Live Book (rehearsal),@FDA_Fade_Live,XBI,,long,1300,173754.0,2026-05-27,133.656923,VENUE-SIMULATED-FILL,SECONDARY,2026-06-05,132.76,VENUE-SIMULATED-FILL,SECONDARY,9,-1177.61,-0.677746,11.6088,,,0.753,0.01056,SECONDARY,False
Season 1:@GapAndGo_YOLO:2026-06-05:CVNA:2026-06-05,Season 1,@GapAndGo_YOLO,CVNA,,long,14,7347.34,2026-06-05,524.81,VENUE-SIMULATED-FILL,MODELLED,2026-06-05,470.39,VENUE-SIMULATED-FILL,MODELLED,0,-762.1,-10.372461,0.2224,,,,,MODELLED,False
Live Book (rehearsal):@GoldVsRealRate_Live:2026-05-04:TLT:2026-06-05,Live Book (rehearsal),@GoldVsRealRate_Live,TLT,,long,1400,119543.5,2026-05-04,85.388214,VENUE-SIMULATED-FILL,SECONDARY,2026-06-05,84.98,VENUE-SIMULATED-FILL,SECONDARY,32,-582.62,-0.487371,11.1238,,,1.176,0.00257,SECONDARY,False
Live Book (rehearsal):@OilDollar_FadeUNG:2026-06-02:UNG:2026-06-05,Live Book (rehearsal),@OilDollar_FadeUNG,UNG,,short,400,4536.0,2026-06-02,11.34,VENUE-SIMULATED-FILL,SECONDARY,2026-06-05,11.88,VENUE-SIMULATED-FILL,SECONDARY,3,-218.57,-4.818563,2.5714,,,0.0,0.11306,SECONDARY,False
Season 1:@OvernightCarry_NO:2026-06-02:SPY:2026-06-05,Season 1,@OvernightCarry_NO,SPY,,long,14,10585.78,2026-06-02,756.127393,VENUE-SIMULATED-FILL,MODELLED,2026-06-05,757.51,VENUE-SIMULATED-FILL,MODELLED,3,19.05,0.179958,0.3052,,,,,MODELLED,False
Season 1:@SpreadHarvester_MM:2026-05-19:TSLA:2026-06-05,Season 1,@SpreadHarvester_MM,TSLA,,long,112,34364.06,2026-05-19,306.821994,VENUE-SIMULATED-FILL,MODELLED,2026-06-05,305.71,VENUE-SIMULATED-FILL,MODELLED,17,-124.82,-0.363228,0.2792,,,,,MODELLED,False
Season 1:@SpreadHarvester_MM:2026-06-04:NVDA:2026-06-05,Season 1,@SpreadHarvester_MM,NVDA,,short,7,1959.79,2026-06-04,279.97,VENUE-SIMULATED-FILL,MODELLED,2026-06-05,285.89,VENUE-SIMULATED-FILL,MODELLED,1,-41.45,-2.115023,0.0137,,,,,MODELLED,False
Season 1:@SpreadHarvester_MM:2026-06-05:NVDA:2026-06-05,Season 1,@SpreadHarvester_MM,NVDA,,long,126,36022.14,2026-06-05,285.89,VENUE-SIMULATED-FILL,MODELLED,2026-06-05,285.92,VENUE-SIMULATED-FILL,MODELLED,0,3.52,0.009772,0.2627,,,,,MODELLED,False
Season 2:@FDACatalyst_Rider:2026-05-19:XBI:2026-06-08,Season 2,@FDACatalyst_Rider,XBI,,long,12,1565.72,2026-05-19,130.476805,VENUE-SIMULATED-FILL,MODELLED,2026-06-08,130.21,VENUE-SIMULATED-FILL,MODELLED,20,-3.31,-0.211404,0.1065,,,,,MODELLED,False
Live Book (rehearsal):@GoldVsRealRate_Live:2026-06-05:GLD:2026-06-08,Live Book (rehearsal),@GoldVsRealRate_Live,GLD,,long,80,32352.0,2026-06-05,404.4,VENUE-SIMULATED-FILL,SECONDARY,2026-06-08,397.5,VENUE-SIMULATED-FILL,SECONDARY,3,-553.15,-1.709786,1.1507,,,0.503,0.0007,SECONDARY,False
Live Book (rehearsal):@KitchenSink_Official:2026-05-27:SPY:2026-06-08,Live Book (rehearsal),@KitchenSink_Official,SPY,,long,80,60388.0,2026-05-27,754.85,VENUE-SIMULATED-FILL,SECONDARY,2026-06-08,743.35,VENUE-SIMULATED-FILL,SECONDARY,12,-921.72,-1.52633,1.7206,,,0.134,9e-05,SECONDARY,False
Season 2:@MLB_Attention_Momo:2026-03-26:DKNG:2026-06-08,Season 2,@MLB_Attention_Momo,DKNG,,long,83,2141.3,2026-03-26,25.798836,VENUE-SIMULATED-FILL,MODELLED,2026-06-08,24.7,VENUE-SIMULATED-FILL,MODELLED,74,-91.76,-4.28524,0.5564,,,,,MODELLED,False
Season 2:@MLB_Attention_Momo:2026-03-26:FLUT:2026-06-08,Season 2,@MLB_Attention_Momo,FLUT,,long,27,2763.71,2026-03-26,102.35958,VENUE-SIMULATED-FILL,MODELLED,2026-06-08,98.98,VENUE-SIMULATED-FILL,MODELLED,74,-91.47,-3.309683,0.2223,,,,,MODELLED,False
Season 2:@MLB_Attention_Momo:2026-06-05:PENN:2026-06-08,Season 2,@MLB_Attention_Momo,PENN,,long,135,2678.4,2026-06-05,19.84,VENUE-SIMULATED-FILL,MODELLED,2026-06-08,19.12,VENUE-SIMULATED-FILL,MODELLED,3,-98.09,-3.662261,0.8895,,,,,MODELLED,False
Season 1:@OvernightCarry_NO:2026-06-02:SPY:2026-06-08,Season 1,@OvernightCarry_NO,SPY,,long,266,195883.58,2026-06-02,736.404426,VENUE-SIMULATED-FILL,MODELLED,2026-06-08,739.18,VENUE-SIMULATED-FILL,MODELLED,6,732.6,0.373998,5.6983,,,,,MODELLED,False
Season 1:@OverreactionFade_LT:2026-06-03:RIVN:2026-06-08,Season 1,@OverreactionFade_LT,RIVN,,long,2396,55611.16,2026-06-03,23.21,VENUE-SIMULATED-FILL,MODELLED,2026-06-08,23.24,VENUE-SIMULATED-FILL,MODELLED,5,55.89,0.100501,15.9903,,,,,MODELLED,False
Season 2:@PinePilot_EMA_Cross:2025-09-17:IWM:2026-06-08,Season 2,@PinePilot_EMA_Cross,IWM,,long,4,1079.99,2025-09-17,269.99852,VENUE-SIMULATED-FILL,MODELLED,2026-06-08,285.51,VENUE-SIMULATED-FILL,MODELLED,264,62.0,5.740772,0.0483,,,,,MODELLED,False
Season 2:@PinePilot_EMA_Cross:2025-09-17:SPY:2026-06-08,Season 2,@PinePilot_EMA_Cross,SPY,,long,1,708.85,2025-09-17,708.848426,VENUE-SIMULATED-FILL,MODELLED,2026-06-08,743.35,VENUE-SIMULATED-FILL,MODELLED,264,34.48,4.864227,0.0215,,,,,MODELLED,False
Season 1:@SpreadHarvester_MM:2026-05-19:TSLA:2026-06-08,Season 1,@SpreadHarvester_MM,TSLA,,long,138,38931.74,2026-05-19,282.114063,VENUE-SIMULATED-FILL,MODELLED,2026-06-08,273.56,VENUE-SIMULATED-FILL,MODELLED,20,-1180.71,-3.03277,0.2526,,,,,MODELLED,False
Season 1:@SpreadHarvester_MM:2026-06-05:NVDA:2026-06-08,Season 1,@SpreadHarvester_MM,NVDA,,short,7,2001.44,2026-06-05,285.92,VENUE-SIMULATED-FILL,MODELLED,2026-06-08,269.82,VENUE-SIMULATED-FILL,MODELLED,3,112.69,5.630446,0.0146,,,,,MODELLED,False
Season 1:@SpreadHarvester_MM:2026-06-08:NVDA:2026-06-08,Season 1,@SpreadHarvester_MM,NVDA,,long,133,35886.06,2026-06-08,269.82,VENUE-SIMULATED-FILL,MODELLED,2026-06-08,269.85,VENUE-SIMULATED-FILL,MODELLED,0,3.76,0.010478,0.2332,,,,,MODELLED,False
Season 1:@TrendSurfer_GoldenX:2025-09-17:SPY:2026-06-08,Season 1,@TrendSurfer_GoldenX,SPY,,long,2,1355.36,2025-09-17,677.678767,VENUE-SIMULATED-FILL,MODELLED,2026-06-08,739.18,VENUE-SIMULATED-FILL,MODELLED,264,122.96,9.072145,0.0428,,,,,MODELLED,False
Live Book (rehearsal):@VIXRegime_LiveMax:2026-04-09:QQQ:2026-06-08,Live Book (rehearsal),@VIXRegime_LiveMax,QQQ,,long,160,98852.11,2026-04-09,617.825714,VENUE-SIMULATED-FILL,SECONDARY,2026-06-08,717.79,VENUE-SIMULATED-FILL,SECONDARY,60,15990.93,16.176619,3.357,,,0.279,0.00053,SECONDARY,False
Live Book (rehearsal):@VolControl_MaxLev:2026-04-27:QQQ:2026-06-08,Live Book (rehearsal),@VolControl_MaxLev,QQQ,,long,160,111017.92,2026-04-27,693.862,VENUE-SIMULATED-FILL,SECONDARY,2026-06-08,717.79,VENUE-SIMULATED-FILL,SECONDARY,42,3825.12,3.445498,3.357,,,0.279,0.00037,SECONDARY,False
Live Book (rehearsal):@KitchenSink_Official:2026-06-08:TLT:2026-06-09,Live Book (rehearsal),@KitchenSink_Official,TLT,,long,700,59668.0,2026-06-08,85.24,VENUE-SIMULATED-FILL,SECONDARY,2026-06-09,84.97,VENUE-SIMULATED-FILL,SECONDARY,1,-194.56,-0.326071,5.5618,,,0.0,0.00305,SECONDARY,False
Season 2:@MLB_Upset_Short:2026-05-12:FLUT:2026-06-09,Season 2,@MLB_Upset_Short,FLUT,,short,469,48072.97,2026-05-12,102.500997,VENUE-SIMULATED-FILL,MODELLED,2026-06-09,104.96,VENUE-SIMULATED-FILL,MODELLED,28,-1157.17,-2.407112,3.8957,,,,,MODELLED,False
Season 2:@MLB_Upset_Short:2026-05-27:DKNG:2026-06-09,Season 2,@MLB_Upset_Short,DKNG,,short,1884,47893.49,2026-05-27,25.421173,VENUE-SIMULATED-FILL,MODELLED,2026-06-09,25.15,VENUE-SIMULATED-FILL,MODELLED,13,498.23,1.040288,12.658,,,,,MODELLED,False
Season 2:@MLB_Upset_Short:2026-06-04:PENN:2026-06-09,Season 2,@MLB_Upset_Short,PENN,,short,2433,47738.28,2026-06-04,19.621159,VENUE-SIMULATED-FILL,MODELLED,2026-06-09,19.19,VENUE-SIMULATED-FILL,MODELLED,5,1032.95,2.163777,16.0559,,,,,MODELLED,False
Season 1:@OvernightCarry_NO:2026-06-08:SPY:2026-06-09,Season 1,@OvernightCarry_NO,SPY,,long,23,16985.96,2026-06-08,738.52,VENUE-SIMULATED-FILL,MODELLED,2026-06-09,742.84,VENUE-SIMULATED-FILL,MODELLED,1,98.87,0.582069,0.4944,,,,,MODELLED,False
Season 1:@OverreactionFade_LT:2025-10-15:AMZN:2026-06-09,Season 1,@OverreactionFade_LT,AMZN,,long,233,55169.0,2025-10-15,236.776825,VENUE-SIMULATED-FILL,MODELLED,2026-06-09,246.01,VENUE-SIMULATED-FILL,MODELLED,237,2148.71,3.894778,2.6242,,,,,MODELLED,False
Season 1:@OverreactionFade_LT:2026-03-20:NVDA:2026-06-09,Season 1,@OverreactionFade_LT,NVDA,,long,205,55289.3,2026-03-20,269.703883,VENUE-SIMULATED-FILL,MODELLED,2026-06-09,270.73,VENUE-SIMULATED-FILL,MODELLED,81,207.94,0.376094,2.4133,,,,,MODELLED,False
Season 1:@OverreactionFade_LT:2026-05-20:CVNA:2026-06-09,Season 1,@OverreactionFade_LT,CVNA,,long,119,54713.87,2026-05-20,459.780417,VENUE-SIMULATED-FILL,MODELLED,2026-06-09,450.81,VENUE-SIMULATED-FILL,MODELLED,20,-1069.32,-1.954386,1.8423,,,,,MODELLED,False
Season 1:@SpreadHarvester_MM:2026-05-19:TSLA:2026-06-09,Season 1,@SpreadHarvester_MM,TSLA,,long,145,37971.31,2026-05-19,261.871114,VENUE-SIMULATED-FILL,MODELLED,2026-06-09,255.21,VENUE-SIMULATED-FILL,MODELLED,21,-966.07,-2.54421,0.2106,,,,,MODELLED,False
Season 1:@SpreadHarvester_MM:2026-06-08:NVDA:2026-06-09,Season 1,@SpreadHarvester_MM,NVDA,,short,7,1888.95,2026-06-08,269.85,VENUE-SIMULATED-FILL,MODELLED,2026-06-09,270.72,VENUE-SIMULATED-FILL,MODELLED,1,-6.1,-0.322931,0.0123,,,,,MODELLED,False
Season 1:@SpreadHarvester_MM:2026-06-09:NVDA:2026-06-09,Season 1,@SpreadHarvester_MM,NVDA,,long,130,35193.6,2026-06-09,270.72,VENUE-SIMULATED-FILL,MODELLED,2026-06-09,270.75,VENUE-SIMULATED-FILL,MODELLED,0,3.67,0.010428,0.2304,,,,,MODELLED,False
Live Book (rehearsal):@VolControl_MaxLev:2026-04-27:QQQ:2026-06-09,Live Book (rehearsal),@VolControl_MaxLev,QQQ,,long,40,27754.48,2026-04-27,693.862,VENUE-SIMULATED-FILL,SECONDARY,2026-06-09,722.97,VENUE-SIMULATED-FILL,SECONDARY,43,1163.48,4.192044,0.8435,,,0.138,0.00037,SECONDARY,False
Season 2:@Weather_ColdSnap_Max:2026-05-26:UNG:2026-06-09,Season 2,@Weather_ColdSnap_Max,UNG,,long,102,1164.84,2026-05-26,11.419967,VENUE-SIMULATED-FILL,MODELLED,2026-06-09,11.34,VENUE-SIMULATED-FILL,MODELLED,14,-8.81,-0.756329,0.6557,,,,,MODELLED,False
Season 1:@GapAndGo_YOLO:2026-06-10:CVNA:2026-06-10,Season 1,@GapAndGo_YOLO,CVNA,,long,15,7122.15,2026-06-10,474.81,VENUE-SIMULATED-FILL,MODELLED,2026-06-10,442.39,VENUE-SIMULATED-FILL,MODELLED,0,-486.53,-6.831224,0.2296,,,,,MODELLED,False
Season 1:@GapAndGo_YOLO:2026-06-10:RIVN:2026-06-10,Season 1,@GapAndGo_YOLO,RIVN,,long,312,7300.8,2026-06-10,23.4,VENUE-SIMULATED-FILL,MODELLED,2026-06-10,19.73,VENUE-SIMULATED-FILL,MODELLED,0,-1147.1,-15.711977,2.0596,,,,,MODELLED,False
Live Book (rehearsal):@KitchenSink_Official:2026-05-27:SPY:2026-06-10,Live Book (rehearsal),@KitchenSink_Official,SPY,,long,80,59790.13,2026-05-27,747.376667,VENUE-SIMULATED-FILL,SECONDARY,2026-06-10,733.39,VENUE-SIMULATED-FILL,SECONDARY,14,-1120.64,-1.874289,1.7042,,,0.0,9e-05,SECONDARY,False
Season 1:@OvernightCarry_NO:2026-06-09:SPY:2026-06-10,Season 1,@OvernightCarry_NO,SPY,,long,264,194467.68,2026-06-09,736.62,VENUE-SIMULATED-FILL,MODELLED,2026-06-10,736.26,VENUE-SIMULATED-FILL,MODELLED,1,-100.68,-0.051772,5.6396,,,,,MODELLED,False
Season 2:@PinePilot_EMA_Cross:2025-09-17:IWM:2026-06-10,Season 2,@PinePilot_EMA_Cross,IWM,,long,5,1349.99,2025-09-17,269.99852,VENUE-SIMULATED-FILL,MODELLED,2026-06-10,284.58,VENUE-SIMULATED-FILL,MODELLED,266,72.85,5.396326,0.0603,,,,,MODELLED,False
Season 2:@PinePilot_EMA_Cross:2025-09-17:SPY:2026-06-10,Season 2,@PinePilot_EMA_Cross,SPY,,long,1,708.85,2025-09-17,708.848426,VENUE-SIMULATED-FILL,MODELLED,2026-06-10,733.39,VENUE-SIMULATED-FILL,MODELLED,266,24.52,3.459132,0.0213,,,,,MODELLED,False
Season 1:@SpreadHarvester_MM:2026-05-19:TSLA:2026-06-10,Season 1,@SpreadHarvester_MM,TSLA,,long,139,37382.55,2026-05-19,268.939216,VENUE-SIMULATED-FILL,MODELLED,2026-06-10,271.42,VENUE-SIMULATED-FILL,MODELLED,22,344.58,0.921767,0.2483,,,,,MODELLED,False
Season 1:@SpreadHarvester_MM:2026-06-09:NVDA:2026-06-10,Season 1,@SpreadHarvester_MM,NVDA,,short,7,1895.25,2026-06-09,270.75,VENUE-SIMULATED-FILL,MODELLED,2026-06-10,261.39,VENUE-SIMULATED-FILL,MODELLED,1,65.51,3.456536,0.0124,,,,,MODELLED,False
Season 1:@SpreadHarvester_MM:2026-06-10:NVDA:2026-06-10,Season 1,@SpreadHarvester_MM,NVDA,,long,92,24047.88,2026-06-10,261.39,VENUE-SIMULATED-FILL,MODELLED,2026-06-10,261.42,VENUE-SIMULATED-FILL,MODELLED,0,2.61,0.010853,0.1454,,,,,MODELLED,False
Season 1:@OneBigBet_Concentra:2026-05-21:GOOGL:2026-06-11,Season 1,@OneBigBet_Concentra,GOOGL,,short,1,326.96,2026-05-21,326.96,VENUE-SIMULATED-FILL,MODELLED,2026-06-11,304.34,VENUE-SIMULATED-FILL,MODELLED,21,22.61,6.915219,0.0129,,,,,MODELLED,False
Season 1:@OvernightCarry_NO:2026-06-09:SPY:2026-06-11,Season 1,@OvernightCarry_NO,SPY,,long,25,18128.48,2026-06-09,725.139231,VENUE-SIMULATED-FILL,MODELLED,2026-06-11,723.13,VENUE-SIMULATED-FILL,MODELLED,2,-50.76,-0.280001,0.5273,,,,,MODELLED,False
Season 1:@SpreadHarvester_MM:2026-05-19:TSLA:2026-06-11,Season 1,@SpreadHarvester_MM,TSLA,,long,142,37774.5,2026-05-19,266.017592,VENUE-SIMULATED-FILL,MODELLED,2026-06-11,265.07,VENUE-SIMULATED-FILL,MODELLED,23,-134.79,-0.356828,0.2351,,,,,MODELLED,False
Season 1:@SpreadHarvester_MM:2026-06-10:NVDA:2026-06-11,Season 1,@SpreadHarvester_MM,NVDA,,long,154,38335.68,2026-06-10,248.933011,VENUE-SIMULATED-FILL,MODELLED,2026-06-11,244.87,VENUE-SIMULATED-FILL,MODELLED,1,-625.89,-1.632656,0.1909,,,,,MODELLED,False
Season 1:@TrendSurfer_GoldenX:2025-09-17:GOOGL:2026-06-11,Season 1,@TrendSurfer_GoldenX,GOOGL,,long,5,1288.84,2025-09-17,257.768048,VENUE-SIMULATED-FILL,MODELLED,2026-06-11,304.32,VENUE-SIMULATED-FILL,MODELLED,267,232.7,18.054992,0.0623,,,,,MODELLED,False
Season 1:@TrendSurfer_GoldenX:2025-09-17:IWM:2026-06-11,Season 1,@TrendSurfer_GoldenX,IWM,,long,5,1224.26,2025-09-17,244.851562,VENUE-SIMULATED-FILL,MODELLED,2026-06-11,254.89,VENUE-SIMULATED-FILL,MODELLED,267,50.13,4.094726,0.0572,,,,,MODELLED,False
Season 1:@TrendSurfer_GoldenX:2025-09-25:QQQ:2026-06-11,Season 1,@TrendSurfer_GoldenX,QQQ,,long,1,597.52,2025-09-25,597.51912,VENUE-SIMULATED-FILL,MODELLED,2026-06-11,659.05,VENUE-SIMULATED-FILL,MODELLED,259,61.51,10.294231,0.0198,,,,,MODELLED,False
Live Book (rehearsal):@VIXRegime_LiveMax:2026-04-09:QQQ:2026-06-11,Live Book (rehearsal),@VIXRegime_LiveMax,QQQ,,long,120,80022.54,2026-04-09,666.854524,VENUE-SIMULATED-FILL,SECONDARY,2026-06-11,699.27,VENUE-SIMULATED-FILL,SECONDARY,63,3887.39,4.857869,2.472,,,0.286,0.00053,SECONDARY,False
Season 1:@VIXRegime_Timer:2025-09-17:SPY:2026-06-11,Season 1,@VIXRegime_Timer,SPY,,long,2,1460.58,2025-09-17,730.288117,VENUE-SIMULATED-FILL,MODELLED,2026-06-11,723.13,VENUE-SIMULATED-FILL,MODELLED,267,-14.36,-0.983174,0.0422,,,,,MODELLED,False
Season 2:@Weather_ColdSnap_Max:2026-06-08:XLU:2026-06-11,Season 2,@Weather_ColdSnap_Max,XLU,,long,35,1551.13,2026-06-08,44.31802,VENUE-SIMULATED-FILL,MODELLED,2026-06-11,44.22,VENUE-SIMULATED-FILL,MODELLED,3,-3.68,-0.237246,0.2487,,,,,MODELLED,False
Season 1:@BetaChaser_3xProxy:2025-09-17:CVNA:2026-06-12,Season 1,@BetaChaser_3xProxy,CVNA,,long,9,3001.99,2025-09-17,333.554963,VENUE-SIMULATED-FILL,MODELLED,2026-06-12,453.2,VENUE-SIMULATED-FILL,MODELLED,268,1076.67,35.865154,0.1398,,,,,MODELLED,False
Season 1:@BetaChaser_3xProxy:2025-09-17:NVDA:2026-06-12,Season 1,@BetaChaser_3xProxy,NVDA,,long,34,7503.28,2025-09-17,220.684777,VENUE-SIMULATED-FILL,MODELLED,2026-06-12,264.75,VENUE-SIMULATED-FILL,MODELLED,268,1497.82,19.962197,0.3961,,,,,MODELLED,False
Season 1:@BetaChaser_3xProxy:2025-09-17:RIVN:2026-06-12,Season 1,@BetaChaser_3xProxy,RIVN,,long,260,5366.67,2025-09-17,20.641027,VENUE-SIMULATED-FILL,MODELLED,2026-06-12,20.83,VENUE-SIMULATED-FILL,MODELLED,268,47.41,0.883416,1.7223,,,,,MODELLED,False
Season 1:@BetaChaser_3xProxy:2025-09-17:TSLA:2026-06-12,Season 1,@BetaChaser_3xProxy,TSLA,,long,30,10105.28,2025-09-17,336.842713,VENUE-SIMULATED-FILL,MODELLED,2026-06-12,282.5,VENUE-SIMULATED-FILL,MODELLED,268,-1630.64,-16.136513,0.3604,,,,,MODELLED,False
Live Book (rehearsal):@GoldVsRealRate_Live:2026-06-08:TLT:2026-06-12,Live Book (rehearsal),@GoldVsRealRate_Live,TLT,,long,1400,119232.0,2026-06-08,85.165714,VENUE-SIMULATED-FILL,SECONDARY,2026-06-12,85.63,VENUE-SIMULATED-FILL,SECONDARY,4,638.86,0.535813,11.1426,,,1.168,0.00436,SECONDARY,False
Live Book (rehearsal):@KitchenSink_Official:2026-05-27:SPY:2026-06-12,Live Book (rehearsal),@KitchenSink_Official,SPY,,long,40,29895.07,2026-05-27,747.376667,VENUE-SIMULATED-FILL,SECONDARY,2026-06-12,740.71,VENUE-SIMULATED-FILL,SECONDARY,16,-267.52,-0.894863,0.8581,,,0.0,9e-05,SECONDARY,False
Season 2:@MLB_Attention_Momo:2026-03-26:DKNG:2026-06-12,Season 2,@MLB_Attention_Momo,DKNG,,long,3320,85930.56,2026-03-26,25.882699,VENUE-SIMULATED-FILL,MODELLED,2026-06-12,29.88,VENUE-SIMULATED-FILL,MODELLED,78,13248.43,15.4176,22.611,,,,,MODELLED,False
Season 2:@MLB_Attention_Momo:2026-03-26:FLUT:2026-06-12,Season 2,@MLB_Attention_Momo,FLUT,,long,865,89398.5,2026-03-26,103.350862,VENUE-SIMULATED-FILL,MODELLED,2026-06-12,111.28,VENUE-SIMULATED-FILL,MODELLED,78,6851.36,7.663843,7.3416,,,,,MODELLED,False
Season 2:@MLB_Attention_Momo:2026-06-05:PENN:2026-06-12,Season 2,@MLB_Attention_Momo,PENN,,long,4498,89315.33,2026-06-05,19.856677,VENUE-SIMULATED-FILL,MODELLED,2026-06-12,21.11,VENUE-SIMULATED-FILL,MODELLED,7,5607.63,6.278463,29.8211,,,,,MODELLED,False
Season 1:@OneBigBet_Concentra:2026-06-11:GOOGL:2026-06-12,Season 1,@OneBigBet_Concentra,GOOGL,,long,958,291557.72,2026-06-11,304.34,VENUE-SIMULATED-FILL,MODELLED,2026-06-12,298.84,VENUE-SIMULATED-FILL,MODELLED,1,-5280.83,-1.811247,11.8324,,,,,MODELLED,False
Season 1:@OneBigBet_Concentra:2026-06-11:GOOGL:2026-06-12,Season 1,@OneBigBet_Concentra,GOOGL,,long,1,304.34,2026-06-11,304.34,VENUE-SIMULATED-FILL,MODELLED,2026-06-12,298.85,VENUE-SIMULATED-FILL,MODELLED,1,-5.5,-1.807189,0.0124,,,,,MODELLED,False
Season 1:@OvernightCarry_NO:2026-06-09:SPY:2026-06-12,Season 1,@OvernightCarry_NO,SPY,,long,270,199080.36,2026-06-09,737.334664,VENUE-SIMULATED-FILL,MODELLED,2026-06-12,736.99,VENUE-SIMULATED-FILL,MODELLED,3,-98.83,-0.049643,5.7718,,,,,MODELLED,False
Season 1:@OverreactionFade_LT:2026-03-20:NVDA:2026-06-12,Season 1,@OverreactionFade_LT,NVDA,,long,228,55852.82,2026-03-20,244.968489,VENUE-SIMULATED-FILL,MODELLED,2026-06-12,264.75,VENUE-SIMULATED-FILL,MODELLED,84,4507.53,8.070372,2.6559,,,,,MODELLED,False
Season 1:@SpreadHarvester_MM:2026-05-19:TSLA:2026-06-12,Season 1,@SpreadHarvester_MM,TSLA,,long,135,37552.86,2026-05-19,278.169368,VENUE-SIMULATED-FILL,MODELLED,2026-06-12,282.53,VENUE-SIMULATED-FILL,MODELLED,24,588.41,1.566884,0.272,,,,,MODELLED,False
Season 1:@SpreadHarvester_MM:2026-06-10:NVDA:2026-06-12,Season 1,@SpreadHarvester_MM,NVDA,,long,82,21202.86,2026-06-10,258.571419,VENUE-SIMULATED-FILL,MODELLED,2026-06-12,264.78,VENUE-SIMULATED-FILL,MODELLED,2,508.97,2.400478,0.1352,,,,,MODELLED,False
Live Book (rehearsal):@MLB_Attention_Live:2026-03-31:DKNG:2026-06-15,Live Book (rehearsal),@MLB_Attention_Live,DKNG,,long,3100,66855.68,2026-03-31,21.56635,VENUE-SIMULATED-FILL,SECONDARY,2026-06-15,28.52,VENUE-SIMULATED-FILL,SECONDARY,76,21535.29,32.211606,21.0258,,,3.505,0.02845,SECONDARY,False
Live Book (rehearsal):@MLB_Attention_Live:2026-03-31:FLUT:2026-06-15,Live Book (rehearsal),@MLB_Attention_Live,FLUT,,long,500,52173.19,2026-03-31,104.346389,VENUE-SIMULATED-FILL,SECONDARY,2026-06-15,109.75,VENUE-SIMULATED-FILL,SECONDARY,76,2697.58,5.170433,4.2279,,,0.911,0.01387,SECONDARY,False
Live Book (rehearsal):@MLB_Attention_Live:2026-03-31:SRAD:2026-06-15,Live Book (rehearsal),@MLB_Attention_Live,SRAD,,long,3700,60646.9,2026-03-31,16.391053,VENUE-SIMULATED-FILL,SECONDARY,2026-06-15,15.9,VENUE-SIMULATED-FILL,SECONDARY,76,-1841.03,-3.035654,24.1334,,,12.563,0.16012,SECONDARY,False
Season 1:@MeanRev_Z2Sigma:2026-06-11:NVDA:2026-06-15,Season 1,@MeanRev_Z2Sigma,NVDA,,long,188,46033.68,2026-06-11,244.86,VENUE-SIMULATED-FILL,MODELLED,2026-06-15,277.03,VENUE-SIMULATED-FILL,MODELLED,4,6045.72,13.133254,2.2375,,,,,MODELLED,False
Live Book (rehearsal):@OilDollar_FadeUNG:2026-06-02:UNG:2026-06-15,Live Book (rehearsal),@OilDollar_FadeUNG,UNG,,short,200,2267.2,2026-06-02,11.336,VENUE-SIMULATED-FILL,SECONDARY,2026-06-15,11.22,VENUE-SIMULATED-FILL,SECONDARY,13,21.91,0.96639,1.2857,,,8.921,0.11306,SECONDARY,False
Season 1:@OneBigBet_Concentra:2026-06-12:GOOGL:2026-06-15,Season 1,@OneBigBet_Concentra,GOOGL,,short,14,4183.9,2026-06-12,298.85,VENUE-SIMULATED-FILL,MODELLED,2026-06-15,314.49,VENUE-SIMULATED-FILL,MODELLED,3,-219.13,-5.237458,0.1729,,,,,MODELLED,False
Season 1:@OvernightCarry_NO:2026-06-12:SPY:2026-06-15,Season 1,@OvernightCarry_NO,SPY,,long,19,14080.52,2026-06-12,741.08,VENUE-SIMULATED-FILL,MODELLED,2026-06-15,746.03,VENUE-SIMULATED-FILL,MODELLED,3,93.64,0.665032,0.4097,,,,,MODELLED,False
Live Book (rehearsal):@SOFRPivot_Rider:2026-06-01:SPY:2026-06-15,Live Book (rehearsal),@SOFRPivot_Rider,SPY,,long,80,60428.8,2026-06-01,755.36,VENUE-SIMULATED-FILL,SECONDARY,2026-06-15,751.84,VENUE-SIMULATED-FILL,SECONDARY,14,-283.33,-0.468866,1.7346,,,0.133,0.00018,SECONDARY,False
Season 1:@SpreadHarvester_MM:2026-05-19:TSLA:2026-06-15,Season 1,@SpreadHarvester_MM,TSLA,,long,136,37292.75,2026-05-19,274.211403,VENUE-SIMULATED-FILL,MODELLED,2026-06-15,272.79,VENUE-SIMULATED-FILL,MODELLED,27,-193.56,-0.519028,0.2468,,,,,MODELLED,False
Season 1:@SpreadHarvester_MM:2026-06-12:NVDA:2026-06-15,Season 1,@SpreadHarvester_MM,NVDA,,short,62,16416.36,2026-06-12,264.78,VENUE-SIMULATED-FILL,MODELLED,2026-06-15,277.02,VENUE-SIMULATED-FILL,MODELLED,3,-758.98,-4.623315,0.1023,,,,,MODELLED,False
Season 1:@SpreadHarvester_MM:2026-06-15:NVDA:2026-06-15,Season 1,@SpreadHarvester_MM,NVDA,,long,72,19945.44,2026-06-15,277.02,VENUE-SIMULATED-FILL,MODELLED,2026-06-15,277.06,VENUE-SIMULATED-FILL,MODELLED,0,2.74,0.013737,0.137,,,,,MODELLED,False
Season 1:@VIXRegime_Timer:2025-09-17:SPY:2026-06-15,Season 1,@VIXRegime_Timer,SPY,,long,80,58425.23,2025-09-17,730.315331,VENUE-SIMULATED-FILL,MODELLED,2026-06-15,746.03,VENUE-SIMULATED-FILL,MODELLED,271,1255.45,2.148815,1.7251,,,,,MODELLED,False
Live Book (rehearsal):@KitchenSink_Official:2026-06-10:TLT:2026-06-16,Live Book (rehearsal),@KitchenSink_Official,TLT,,long,1900,162062.0,2026-06-10,85.295789,VENUE-SIMULATED-FILL,SECONDARY,2026-06-16,85.95,VENUE-SIMULATED-FILL,SECONDARY,6,1227.87,0.757654,15.1346,,,1.163,0.00329,SECONDARY,False
Live Book (rehearsal):@MLB_Attention_Live:2026-03-31:FLUT:2026-06-16,Live Book (rehearsal),@MLB_Attention_Live,FLUT,,long,100,10434.64,2026-03-31,104.346389,VENUE-SIMULATED-FILL,SECONDARY,2026-06-16,110.82,VENUE-SIMULATED-FILL,SECONDARY,77,646.51,6.195806,0.8478,,,0.902,0.01387,SECONDARY,False
Season 1:@OvernightCarry_NO:2026-06-15:SPY:2026-06-16,Season 1,@OvernightCarry_NO,SPY,,long,266,200391.1,2026-06-15,753.35,VENUE-SIMULATED-FILL,MODELLED,2026-06-16,749.96,VENUE-SIMULATED-FILL,MODELLED,1,-907.5,-0.452864,5.7574,,,,,MODELLED,False
Season 1:@SpreadHarvester_MM:2026-05-19:TSLA:2026-06-16,Season 1,@SpreadHarvester_MM,TSLA,,long,55,15047.11,2026-05-19,273.583814,VENUE-SIMULATED-FILL,MODELLED,2026-06-16,273.43,VENUE-SIMULATED-FILL,MODELLED,28,-8.56,-0.056888,0.1005,,,,,MODELLED,False
Season 1:@SpreadHarvester_MM:2026-06-15:NVDA:2026-06-16,Season 1,@SpreadHarvester_MM,NVDA,,short,62,17177.72,2026-06-15,277.06,VENUE-SIMULATED-FILL,MODELLED,2026-06-16,270.96,VENUE-SIMULATED-FILL,MODELLED,1,378.08,2.200991,0.1179,,,,,MODELLED,False
Season 1:@SpreadHarvester_MM:2026-06-16:NVDA:2026-06-16,Season 1,@SpreadHarvester_MM,NVDA,,long,75,20322.0,2026-06-16,270.96,VENUE-SIMULATED-FILL,MODELLED,2026-06-16,271.0,VENUE-SIMULATED-FILL,MODELLED,0,2.87,0.014123,0.1333,,,,,MODELLED,False
Official Auction Book:@ConcessionFade_Notes:2026-06-09:91282CQV6:2026-06-17,Official Auction Book,@ConcessionFade_Notes,91282CQV6,3-Year,long,501700.0,50076161.03,2026-06-09,99.812958,PRIMARY-AUCTION,OFFICIAL,2026-06-17,99.707292,SECONDARY-CURVE,OFFICIAL-DERIVED,8,-530.13,-0.001059,0.0,0.0,0.0,,,OFFICIAL-DERIVED,False
Live Book (rehearsal):@CurveSteepener_MaxBeta:2026-06-01:SPY:2026-06-17,Live Book (rehearsal),@CurveSteepener_MaxBeta,SPY,,long,80,60428.8,2026-06-01,755.36,VENUE-SIMULATED-FILL,SECONDARY,2026-06-17,751.28,VENUE-SIMULATED-FILL,SECONDARY,16,-328.13,-0.543003,1.7337,,,0.133,0.00028,SECONDARY,False
Season 1:@DriftRider_PEAD:2026-04-09:RIVN:2026-06-17,Season 1,@DriftRider_PEAD,RIVN,,long,1,24.22,2026-04-09,24.22,VENUE-SIMULATED-FILL,MODELLED,2026-06-17,18.07,VENUE-SIMULATED-FILL,MODELLED,69,-6.16,-25.433526,0.0066,,,,,MODELLED,False
Season 1:@GapAndGo_YOLO:2026-06-17:RIVN:2026-06-17,Season 1,@GapAndGo_YOLO,RIVN,,long,368,6653.44,2026-06-17,18.08,VENUE-SIMULATED-FILL,MODELLED,2026-06-17,17.8,VENUE-SIMULATED-FILL,MODELLED,0,-105.45,-1.584894,2.4147,,,,,MODELLED,False
Season 1:@GapAndGo_YOLO:2026-06-17:UNH:2026-06-17,Season 1,@GapAndGo_YOLO,UNH,,long,39,6552.39,2026-06-17,168.01,VENUE-SIMULATED-FILL,MODELLED,2026-06-17,157.69,VENUE-SIMULATED-FILL,MODELLED,0,-402.85,-6.148138,0.3683,,,,,MODELLED,False
Live Book (rehearsal):@KitchenSink_Official:2026-06-16:SPY:2026-06-17,Live Book (rehearsal),@KitchenSink_Official,SPY,,long,40,30182.0,2026-06-16,754.55,VENUE-SIMULATED-FILL,SECONDARY,2026-06-17,751.28,VENUE-SIMULATED-FILL,SECONDARY,1,-131.67,-0.436253,0.8669,,,0.133,6e-05,SECONDARY,False
Live Book (rehearsal):@MLB_Attention_Live:2026-06-15:PENN:2026-06-17,Live Book (rehearsal),@MLB_Attention_Live,PENN,,short,3400,74190.0,2026-06-15,21.820588,VENUE-SIMULATED-FILL,SECONDARY,2026-06-17,22.09,VENUE-SIMULATED-FILL,SECONDARY,2,-938.59,-1.265117,22.5914,,,9.062,0.05943,SECONDARY,False
Season 2:@MLB_Attention_Momo:2026-06-05:PENN:2026-06-17,Season 2,@MLB_Attention_Momo,PENN,,long,102,2228.65,2026-06-05,21.849552,VENUE-SIMULATED-FILL,MODELLED,2026-06-17,22.07,VENUE-SIMULATED-FILL,MODELLED,12,21.81,0.978617,0.6783,,,,,MODELLED,False
Live Book (rehearsal):@OilDollar_FadeUNG:2026-06-02:UNG:2026-06-17,Live Book (rehearsal),@OilDollar_FadeUNG,UNG,,short,6800,77084.8,2026-06-02,11.336,VENUE-SIMULATED-FILL,SECONDARY,2026-06-17,11.45,VENUE-SIMULATED-FILL,SECONDARY,15,-818.91,-1.06235,43.714,,,8.741,0.11306,SECONDARY,False
Season 1:@OvernightCarry_NO:2026-06-15:SPY:2026-06-17,Season 1,@OvernightCarry_NO,SPY,,long,16,11989.1,2026-06-15,749.31875,VENUE-SIMULATED-FILL,MODELLED,2026-06-17,747.76,VENUE-SIMULATED-FILL,MODELLED,2,-25.29,-0.210942,0.3456,,,,,MODELLED,False
Season 1:@SpreadHarvester_MM:2026-05-19:TSLA:2026-06-17,Season 1,@SpreadHarvester_MM,TSLA,,long,107,29133.02,2026-05-19,272.271237,VENUE-SIMULATED-FILL,MODELLED,2026-06-17,271.04,VENUE-SIMULATED-FILL,MODELLED,29,-131.93,-0.452854,0.1903,,,,,MODELLED,False
Season 1:@SpreadHarvester_MM:2026-06-16:NVDA:2026-06-17,Season 1,@SpreadHarvester_MM,NVDA,,short,1,271.0,2026-06-16,271.0,VENUE-SIMULATED-FILL,MODELLED,2026-06-17,268.8,VENUE-SIMULATED-FILL,MODELLED,1,2.2,0.811808,0.0018,,,,,MODELLED,False
Season 1:@SpreadHarvester_MM:2026-06-17:NVDA:2026-06-17,Season 1,@SpreadHarvester_MM,NVDA,,long,101,27148.8,2026-06-17,268.8,VENUE-SIMULATED-FILL,MODELLED,2026-06-17,268.84,VENUE-SIMULATED-FILL,MODELLED,0,3.87,0.014255,0.175,,,,,MODELLED,False
Season 1:@SqueezeHunter_TF:2026-03-06:CVNA:2026-06-17,Season 1,@SqueezeHunter_TF,CVNA,,long,100,50031.32,2026-03-06,500.313192,VENUE-SIMULATED-FILL,MODELLED,2026-06-17,478.03,VENUE-SIMULATED-FILL,MODELLED,103,-2229.92,-4.457048,1.6042,,,,,MODELLED,False
Season 1:@SqueezeHunter_TF:2026-06-16:AAPL:2026-06-17,Season 1,@SqueezeHunter_TF,AAPL,,long,163,49884.52,2026-06-16,306.04,VENUE-SIMULATED-FILL,MODELLED,2026-06-17,300.31,VENUE-SIMULATED-FILL,MODELLED,1,-936.01,-1.876354,2.0182,,,,,MODELLED,False
Official Auction Book:@BillCarry_TenX:2026-05-21:912797TD9:2026-06-18,Official Auction Book,@BillCarry_TenX,912797TD9,26-Week,long,10800.0,1077079.95,2026-05-21,99.729625,PRIMARY-AUCTION,OFFICIAL,2026-06-18,100.0,MATURITY-REDEMPTION,OFFICIAL,28,29.2,0.002711,0.0,0.0,0.0,,,OFFICIAL,True
Live Book (rehearsal):@CurveSteepener_MaxBeta:2026-06-01:SPY:2026-06-18,Live Book (rehearsal),@CurveSteepener_MaxBeta,SPY,,long,40,30214.4,2026-06-01,755.36,VENUE-SIMULATED-FILL,SECONDARY,2026-06-18,747.76,VENUE-SIMULATED-FILL,SECONDARY,17,-304.86,-1.008989,0.864,,,0.0,0.00028,SECONDARY,False
Season 1:@DriftRider_PEAD:2026-06-17:RIVN:2026-06-18,Season 1,@DriftRider_PEAD,RIVN,,short,1982,35814.74,2026-06-17,18.07,VENUE-SIMULATED-FILL,MODELLED,2026-06-18,17.31,VENUE-SIMULATED-FILL,MODELLED,1,1493.3,4.169512,13.0162,,,,,MODELLED,False
Live Book (rehearsal):@KitchenSink_Official:2026-06-17:QQQ:2026-06-18,Live Book (rehearsal),@KitchenSink_Official,QQQ,,long,120,88225.2,2026-06-17,735.21,VENUE-SIMULATED-FILL,SECONDARY,2026-06-18,737.18,VENUE-SIMULATED-FILL,SECONDARY,1,233.83,0.265038,2.5657,,,0.271,0.00023,SECONDARY,False
Season 2:@MLB_Attention_Momo:2026-06-05:PENN:2026-06-18,Season 2,@MLB_Attention_Momo,PENN,,long,389,8499.48,2026-06-05,21.849552,VENUE-SIMULATED-FILL,MODELLED,2026-06-18,21.42,VENUE-SIMULATED-FILL,MODELLED,13,-169.68,-1.996358,2.5815,,,,,MODELLED,False
Season 2:@MLB_Attention_Momo:2026-06-16:DKNG:2026-06-18,Season 2,@MLB_Attention_Momo,DKNG,,long,116,3353.56,2026-06-16,28.91,VENUE-SIMULATED-FILL,MODELLED,2026-06-18,26.13,VENUE-SIMULATED-FILL,MODELLED,2,-323.26,-9.639309,0.7811,,,,,MODELLED,False
Season 2:@MLB_Attention_Momo:2026-06-16:FLUT:2026-06-18,Season 2,@MLB_Attention_Momo,FLUT,,long,41,4543.68,2026-06-16,110.821486,VENUE-SIMULATED-FILL,MODELLED,2026-06-18,100.2,VENUE-SIMULATED-FILL,MODELLED,2,-435.82,-9.591783,0.3386,,,,,MODELLED,False
Live Book (rehearsal):@OilDollar_FadeUNG:2026-06-17:XOM:2026-06-18,Live Book (rehearsal),@OilDollar_FadeUNG,XOM,,long,200,28246.0,2026-06-17,141.23,VENUE-SIMULATED-FILL,SECONDARY,2026-06-18,138.32,VENUE-SIMULATED-FILL,SECONDARY,1,-583.81,-2.066877,1.8089,,,0.001,0.0012,SECONDARY,False
Season 1:@OvernightCarry_NO:2026-06-17:SPY:2026-06-18,Season 1,@OvernightCarry_NO,SPY,,long,266,196829.36,2026-06-17,739.96,VENUE-SIMULATED-FILL,MODELLED,2026-06-18,742.37,VENUE-SIMULATED-FILL,MODELLED,1,635.34,0.322787,5.7158,,,,,MODELLED,False
Season 1:@SpreadHarvester_MM:2026-06-17:NVDA:2026-06-18,Season 1,@SpreadHarvester_MM,NVDA,,long,139,36620.28,2026-06-17,263.455241,VENUE-SIMULATED-FILL,MODELLED,2026-06-18,261.73,VENUE-SIMULATED-FILL,MODELLED,1,-240.03,-0.655457,0.2205,,,,,MODELLED,False
Season 1:@SpreadHarvester_MM:2026-06-18:QQQ:2026-06-18,Season 1,@SpreadHarvester_MM,QQQ,,long,45,30399.75,2026-06-18,675.55,VENUE-SIMULATED-FILL,MODELLED,2026-06-18,675.58,VENUE-SIMULATED-FILL,MODELLED,0,0.9,0.002961,0.455,,,,,MODELLED,False
Official Auction Book:@TBillLadder_MaxRoll:2026-05-21:912797TD9:2026-06-18,Official Auction Book,@TBillLadder_MaxRoll,912797TD9,26-Week,long,500.0,49864.81,2026-05-21,99.729625,PRIMARY-AUCTION,OFFICIAL,2026-06-18,100.0,MATURITY-REDEMPTION,OFFICIAL,28,1.35,0.002707,0.0,0.0,0.0,,,OFFICIAL,True
Season 1:@TrendSurfer_GoldenX:2025-09-17:IWM:2026-06-18,Season 1,@TrendSurfer_GoldenX,IWM,,long,4,981.71,2025-09-17,245.427283,VENUE-SIMULATED-FILL,MODELLED,2026-06-18,259.03,VENUE-SIMULATED-FILL,MODELLED,274,54.36,5.537282,0.0461,,,,,MODELLED,False
Season 1:@TrendSurfer_GoldenX:2025-09-25:QQQ:2026-06-18,Season 1,@TrendSurfer_GoldenX,QQQ,,long,1,599.1,2025-09-25,599.098526,VENUE-SIMULATED-FILL,MODELLED,2026-06-18,675.56,VENUE-SIMULATED-FILL,MODELLED,266,76.44,12.75917,0.0201,,,,,MODELLED,False
Live Book (rehearsal):@VolControl_MaxLev:2026-06-15:QQQ:2026-06-18,Live Book (rehearsal),@VolControl_MaxLev,QQQ,,long,160,118264.8,2026-06-15,739.155,VENUE-SIMULATED-FILL,SECONDARY,2026-06-18,737.18,VENUE-SIMULATED-FILL,SECONDARY,3,-319.42,-0.270089,3.4209,,,0.271,0.00026,SECONDARY,False
Season 2:@Weather_ColdSnap_Max:2026-05-26:UNG:2026-06-18,Season 2,@Weather_ColdSnap_Max,UNG,,long,8539,97535.34,2026-05-26,11.422338,VENUE-SIMULATED-FILL,MODELLED,2026-06-18,11.41,VENUE-SIMULATED-FILL,MODELLED,23,-160.26,-0.16431,54.9062,,,,,MODELLED,False
Season 2:@Weather_ColdSnap_Max:2026-06-08:XLU:2026-06-18,Season 2,@Weather_ColdSnap_Max,XLU,,long,1191,52782.76,2026-06-08,44.31802,VENUE-SIMULATED-FILL,MODELLED,2026-06-18,44.59,VENUE-SIMULATED-FILL,MODELLED,10,315.46,0.597657,8.4722,,,,,MODELLED,False
Season 1:@BetaChaser_3xProxy:2025-09-17:CVNA:2026-06-22,Season 1,@BetaChaser_3xProxy,CVNA,,long,24,8005.32,2025-09-17,333.554963,VENUE-SIMULATED-FILL,MODELLED,2026-06-22,560.31,VENUE-SIMULATED-FILL,MODELLED,278,5441.7,67.976053,0.4257,,,,,MODELLED,False
Season 2:@MLB_Attention_Momo:2026-06-05:PENN:2026-06-22,Season 2,@MLB_Attention_Momo,PENN,,long,3959,86502.38,2026-06-05,21.849552,VENUE-SIMULATED-FILL,MODELLED,2026-06-22,21.15,VENUE-SIMULATED-FILL,MODELLED,17,-2795.78,-3.232027,26.2509,,,,,MODELLED,False
Season 2:@MLB_Attention_Momo:2026-06-16:DKNG:2026-06-22,Season 2,@MLB_Attention_Momo,DKNG,,long,3245,93812.95,2026-06-16,28.91,VENUE-SIMULATED-FILL,MODELLED,2026-06-22,25.57,VENUE-SIMULATED-FILL,MODELLED,6,-10860.11,-11.576344,21.8121,,,,,MODELLED,False
Season 2:@MLB_Attention_Momo:2026-06-16:FLUT:2026-06-22,Season 2,@MLB_Attention_Momo,FLUT,,long,846,93754.98,2026-06-16,110.821486,VENUE-SIMULATED-FILL,MODELLED,2026-06-22,99.28,VENUE-SIMULATED-FILL,MODELLED,6,-9771.07,-10.421921,6.9712,,,,,MODELLED,False
Live Book (rehearsal):@OilDollar_FadeUNG:2026-06-18:UNG:2026-06-22,Live Book (rehearsal),@OilDollar_FadeUNG,UNG,,short,200,2282.0,2026-06-18,11.41,VENUE-SIMULATED-FILL,SECONDARY,2026-06-22,11.87,VENUE-SIMULATED-FILL,SECONDARY,4,-93.29,-4.088081,1.286,,,0.0,0.09549,SECONDARY,False
Season 1:@OvernightCarry_NO:2026-06-17:SPY:2026-06-22,Season 1,@OvernightCarry_NO,SPY,,long,21,15699.56,2026-06-17,747.598095,VENUE-SIMULATED-FILL,MODELLED,2026-06-22,751.56,VENUE-SIMULATED-FILL,MODELLED,5,82.74,0.527021,0.4552,,,,,MODELLED,False
Season 1:@SpreadHarvester_MM:2026-06-17:NVDA:2026-06-22,Season 1,@SpreadHarvester_MM,NVDA,,long,120,30836.55,2026-06-17,256.971262,VENUE-SIMULATED-FILL,MODELLED,2026-06-22,256.67,VENUE-SIMULATED-FILL,MODELLED,5,-36.33,-0.117815,0.1779,,,,,MODELLED,False
Season 1:@SpreadHarvester_MM:2026-06-18:QQQ:2026-06-22,Season 1,@SpreadHarvester_MM,QQQ,,short,9,6080.22,2026-06-18,675.58,VENUE-SIMULATED-FILL,MODELLED,2026-06-22,683.32,VENUE-SIMULATED-FILL,MODELLED,4,-69.75,-1.147162,0.091,,,,,MODELLED,False
Season 1:@SpreadHarvester_MM:2026-06-22:QQQ:2026-06-22,Season 1,@SpreadHarvester_MM,QQQ,,long,44,30066.08,2026-06-22,683.32,VENUE-SIMULATED-FILL,MODELLED,2026-06-22,683.35,VENUE-SIMULATED-FILL,MODELLED,0,0.87,0.002894,0.452,,,,,MODELLED,False
Season 1:@VIXRegime_Timer:2025-09-17:SPY:2026-06-22,Season 1,@VIXRegime_Timer,SPY,,long,81,59477.63,2025-09-17,734.291728,VENUE-SIMULATED-FILL,MODELLED,2026-06-22,751.56,VENUE-SIMULATED-FILL,MODELLED,278,1396.97,2.348732,1.7558,,,,,MODELLED,False
Official Auction Book:@BillCarry_TenX:2026-05-21:912797UB1:2026-06-23,Official Auction Book,@BillCarry_TenX,912797UB1,17-Week,long,836900.0,83455016.89,2026-05-21,99.719222,PRIMARY-AUCTION,OFFICIAL,2026-06-23,100.0,MATURITY-REDEMPTION,OFFICIAL,33,2349.83,0.002816,0.0,0.0,0.0,,,OFFICIAL,True
Live Book (rehearsal):@MLB_Attention_Live:2026-03-31:SRAD:2026-06-23,Live Book (rehearsal),@MLB_Attention_Live,SRAD,,long,3800,60171.64,2026-03-31,15.834642,VENUE-SIMULATED-FILL,SECONDARY,2026-06-23,14.48,VENUE-SIMULATED-FILL,SECONDARY,84,-5172.32,-8.595943,24.6745,,,13.793,0.16012,SECONDARY,False
Live Book (rehearsal):@MLB_Attention_Live:2026-06-17:DKNG:2026-06-23,Live Book (rehearsal),@MLB_Attention_Live,DKNG,,long,3000,86340.0,2026-06-17,28.78,VENUE-SIMULATED-FILL,SECONDARY,2026-06-23,25.41,VENUE-SIMULATED-FILL,SECONDARY,6,-10130.16,-11.73287,20.1553,,,7.865,0.02314,SECONDARY,False
Live Book (rehearsal):@MLB_Attention_Live:2026-06-17:FLUT:2026-06-23,Live Book (rehearsal),@MLB_Attention_Live,FLUT,,long,600,64818.0,2026-06-17,108.03,VENUE-SIMULATED-FILL,SECONDARY,2026-06-23,97.61,VENUE-SIMULATED-FILL,SECONDARY,6,-6256.92,-9.653059,4.9235,,,3.072,0.0271,SECONDARY,False
Season 1:@OvernightCarry_NO:2026-06-22:SPY:2026-06-23,Season 1,@OvernightCarry_NO,SPY,,long,262,195247.64,2026-06-22,745.22,VENUE-SIMULATED-FILL,MODELLED,2026-06-23,744.97,VENUE-SIMULATED-FILL,MODELLED,1,-71.14,-0.036436,5.6438,,,,,MODELLED,False
Season 2:@PinePilot_EMA_Cross:2025-09-17:IWM:2026-06-23,Season 2,@PinePilot_EMA_Cross,IWM,,long,5,1353.15,2025-09-17,270.630936,VENUE-SIMULATED-FILL,MODELLED,2026-06-23,293.26,VENUE-SIMULATED-FILL,MODELLED,279,113.08,8.356768,0.0612,,,,,MODELLED,False
Season 2:@PinePilot_EMA_Cross:2025-09-17:SPY:2026-06-23,Season 2,@PinePilot_EMA_Cross,SPY,,long,1,710.42,2025-09-17,710.415789,VENUE-SIMULATED-FILL,MODELLED,2026-06-23,733.8,VENUE-SIMULATED-FILL,MODELLED,279,23.36,3.288215,0.0213,,,,,MODELLED,False
Season 1:@SpreadHarvester_MM:2026-06-22:NVDA:2026-06-23,Season 1,@SpreadHarvester_MM,NVDA,,short,22,5646.74,2026-06-22,256.67,VENUE-SIMULATED-FILL,MODELLED,2026-06-23,245.94,VENUE-SIMULATED-FILL,MODELLED,1,236.03,4.179934,0.0326,,,,,MODELLED,False
Season 1:@SpreadHarvester_MM:2026-06-22:QQQ:2026-06-23,Season 1,@SpreadHarvester_MM,QQQ,,short,9,6150.15,2026-06-22,683.35,VENUE-SIMULATED-FILL,MODELLED,2026-06-23,683.55,VENUE-SIMULATED-FILL,MODELLED,1,-1.89,-0.030731,0.0924,,,,,MODELLED,False
Season 1:@SpreadHarvester_MM:2026-06-23:NVDA:2026-06-23,Season 1,@SpreadHarvester_MM,NVDA,,long,123,30250.62,2026-06-23,245.94,VENUE-SIMULATED-FILL,MODELLED,2026-06-23,245.98,VENUE-SIMULATED-FILL,MODELLED,0,4.76,0.015735,0.1552,,,,,MODELLED,False
Season 1:@SpreadHarvester_MM:2026-06-23:QQQ:2026-06-23,Season 1,@SpreadHarvester_MM,QQQ,,long,34,23240.7,2026-06-23,683.55,VENUE-SIMULATED-FILL,MODELLED,2026-06-23,683.58,VENUE-SIMULATED-FILL,MODELLED,0,0.67,0.002883,0.3494,,,,,MODELLED,False
Official Auction Book:@TBillLadder_MaxRoll:2026-05-21:912797UB1:2026-06-23,Official Auction Book,@TBillLadder_MaxRoll,912797UB1,17-Week,long,102000.0,10171360.64,2026-05-21,99.719222,PRIMARY-AUCTION,OFFICIAL,2026-06-23,100.0,MATURITY-REDEMPTION,OFFICIAL,33,286.39,0.002816,0.0,0.0,0.0,,,OFFICIAL,True
Season 1:@TrendSurfer_GoldenX:2025-09-17:GOOGL:2026-06-23,Season 1,@TrendSurfer_GoldenX,GOOGL,,long,3,779.01,2025-09-17,259.670454,VENUE-SIMULATED-FILL,MODELLED,2026-06-23,309.24,VENUE-SIMULATED-FILL,MODELLED,279,148.67,19.084446,0.0377,,,,,MODELLED,False
Season 1:@GapAndGo_YOLO:2026-06-24:TSLA:2026-06-24,Season 1,@GapAndGo_YOLO,TSLA,,long,24,6402.72,2026-06-24,266.78,VENUE-SIMULATED-FILL,MODELLED,2026-06-24,273.78,VENUE-SIMULATED-FILL,MODELLED,0,167.72,2.619512,0.284,,,,,MODELLED,False
Live Book (rehearsal):@KitchenSink_Official:2026-06-18:SPY:2026-06-24,Live Book (rehearsal),@KitchenSink_Official,SPY,,long,80,59820.0,2026-06-18,747.75,VENUE-SIMULATED-FILL,SECONDARY,2026-06-24,735.16,VENUE-SIMULATED-FILL,SECONDARY,6,-1008.91,-1.686576,1.7071,,,0.136,0.0001,SECONDARY,False
Live Book (rehearsal):@MLB_Attention_Live:2026-06-23:PENN:2026-06-24,Live Book (rehearsal),@MLB_Attention_Live,PENN,,short,800,16560.0,2026-06-23,20.7,VENUE-SIMULATED-FILL,SECONDARY,2026-06-24,20.5,VENUE-SIMULATED-FILL,SECONDARY,1,154.7,0.934179,5.2971,,,0.0,0.02834,SECONDARY,False
Season 2:@MLB_Attention_Momo:2026-06-16:FLUT:2026-06-24,Season 2,@MLB_Attention_Momo,FLUT,,long,15,1465.13,2026-06-16,97.675576,VENUE-SIMULATED-FILL,MODELLED,2026-06-24,97.97,VENUE-SIMULATED-FILL,MODELLED,8,4.29,0.292806,0.1232,,,,,MODELLED,False
Season 1:@OvernightCarry_NO:2026-06-23:SPY:2026-06-24,Season 1,@OvernightCarry_NO,SPY,,long,24,17628.0,2026-06-23,734.5,VENUE-SIMULATED-FILL,MODELLED,2026-06-24,736.42,VENUE-SIMULATED-FILL,MODELLED,1,45.57,0.258509,0.5128,,,,,MODELLED,False
Season 1:@SpreadHarvester_MM:2026-06-23:NVDA:2026-06-24,Season 1,@SpreadHarvester_MM,NVDA,,short,22,5411.56,2026-06-23,245.98,VENUE-SIMULATED-FILL,MODELLED,2026-06-24,245.94,VENUE-SIMULATED-FILL,MODELLED,1,0.85,0.015707,0.0278,,,,,MODELLED,False
Season 1:@SpreadHarvester_MM:2026-06-23:QQQ:2026-06-24,Season 1,@SpreadHarvester_MM,QQQ,,long,31,20873.25,2026-06-23,673.330645,VENUE-SIMULATED-FILL,MODELLED,2026-06-24,669.18,VENUE-SIMULATED-FILL,MODELLED,1,-128.98,-0.61792,0.3094,,,,,MODELLED,False
Season 1:@SpreadHarvester_MM:2026-06-24:NVDA:2026-06-24,Season 1,@SpreadHarvester_MM,NVDA,,long,52,12788.88,2026-06-24,245.94,VENUE-SIMULATED-FILL,MODELLED,2026-06-24,245.98,VENUE-SIMULATED-FILL,MODELLED,0,2.01,0.015717,0.0656,,,,,MODELLED,False
Live Book (rehearsal):@VIXRegime_LiveMax:2026-04-09:QQQ:2026-06-24,Live Book (rehearsal),@VIXRegime_LiveMax,QQQ,,long,160,112370.14,2026-04-09,702.313367,VENUE-SIMULATED-FILL,SECONDARY,2026-06-24,715.35,VENUE-SIMULATED-FILL,SECONDARY,76,2082.51,1.853259,3.349,,,0.28,0.00053,SECONDARY,False
Live Book (rehearsal):@VolControl_MaxLev:2026-06-22:QQQ:2026-06-24,Live Book (rehearsal),@VolControl_MaxLev,QQQ,,long,80,59363.2,2026-06-22,742.04,VENUE-SIMULATED-FILL,SECONDARY,2026-06-24,715.35,VENUE-SIMULATED-FILL,SECONDARY,2,-2136.87,-3.599654,1.6745,,,0.28,0.00028,SECONDARY,False
Season 1:@GapAndGo_YOLO:2026-06-25:CVNA:2026-06-25,Season 1,@GapAndGo_YOLO,CVNA,,long,11,5985.32,2026-06-25,544.12,VENUE-SIMULATED-FILL,MODELLED,2026-06-25,513.65,VENUE-SIMULATED-FILL,MODELLED,0,-335.35,-5.602875,0.1845,,,,,MODELLED,False
Season 1:@GapAndGo_YOLO:2026-06-25:RIVN:2026-06-25,Season 1,@GapAndGo_YOLO,RIVN,,long,326,6516.74,2026-06-25,19.99,VENUE-SIMULATED-FILL,MODELLED,2026-06-25,18.88,VENUE-SIMULATED-FILL,MODELLED,0,-364.01,-5.585768,2.1464,,,,,MODELLED,False
Live Book (rehearsal):@KitchenSink_Official:2026-06-18:SPY:2026-06-25,Live Book (rehearsal),@KitchenSink_Official,SPY,,long,40,29910.0,2026-06-18,747.75,VENUE-SIMULATED-FILL,SECONDARY,2026-06-25,738.9,VENUE-SIMULATED-FILL,SECONDARY,7,-354.86,-1.186426,0.8567,,,0.135,0.0001,SECONDARY,False
Live Book (rehearsal):@OilDollar_FadeUNG:2026-06-18:UNG:2026-06-25,Live Book (rehearsal),@OilDollar_FadeUNG,UNG,,short,200,2282.68,2026-06-18,11.413385,VENUE-SIMULATED-FILL,SECONDARY,2026-06-25,11.94,VENUE-SIMULATED-FILL,SECONDARY,7,-106.61,-4.670394,1.286,,,0.0,0.09549,SECONDARY,False
Season 1:@OvernightCarry_NO:2026-06-24:SPY:2026-06-25,Season 1,@OvernightCarry_NO,SPY,,long,265,194454.35,2026-06-24,733.79,VENUE-SIMULATED-FILL,MODELLED,2026-06-25,733.82,VENUE-SIMULATED-FILL,MODELLED,1,2.3,0.001183,5.6476,,,,,MODELLED,False
Season 1:@OverreactionFade_LT:2026-05-20:CVNA:2026-06-25,Season 1,@OverreactionFade_LT,CVNA,,long,112,57643.65,2026-05-20,514.67545,VENUE-SIMULATED-FILL,MODELLED,2026-06-25,544.03,VENUE-SIMULATED-FILL,MODELLED,36,3285.76,5.700125,1.949,,,,,MODELLED,False
Season 1:@SpreadHarvester_MM:2026-06-24:NVDA:2026-06-25,Season 1,@SpreadHarvester_MM,NVDA,,long,98,24043.38,2026-06-24,245.340612,VENUE-SIMULATED-FILL,MODELLED,2026-06-25,243.31,VENUE-SIMULATED-FILL,MODELLED,1,-199.12,-0.82817,0.1183,,,,,MODELLED,False
Season 1:@TrendSurfer_GoldenX:2025-09-17:GOOGL:2026-06-25,Season 1,@TrendSurfer_GoldenX,GOOGL,,long,3,779.01,2025-09-17,259.670454,VENUE-SIMULATED-FILL,MODELLED,2026-06-25,310.22,VENUE-SIMULATED-FILL,MODELLED,281,151.61,19.461847,0.0378,,,,,MODELLED,False
Live Book (rehearsal):@VolControl_MaxLev:2026-06-22:QQQ:2026-06-25,Live Book (rehearsal),@VolControl_MaxLev,QQQ,,long,40,29681.6,2026-06-22,742.04,VENUE-SIMULATED-FILL,SECONDARY,2026-06-25,725.89,VENUE-SIMULATED-FILL,SECONDARY,3,-646.85,-2.179296,0.8459,,,0.138,0.00028,SECONDARY,False
Season 1:@GapAndGo_YOLO:2026-06-26:RIVN:2026-06-26,Season 1,@GapAndGo_YOLO,RIVN,,long,317,6229.05,2026-06-26,19.65,VENUE-SIMULATED-FILL,MODELLED,2026-06-26,18.76,VENUE-SIMULATED-FILL,MODELLED,0,-284.22,-4.562815,2.0863,,,,,MODELLED,False
Season 1:@GapAndGo_YOLO:2026-06-26:TSLA:2026-06-26,Season 1,@GapAndGo_YOLO,TSLA,,long,22,5980.04,2026-06-26,271.82,VENUE-SIMULATED-FILL,MODELLED,2026-06-26,275.0,VENUE-SIMULATED-FILL,MODELLED,0,69.7,1.165544,0.2609,,,,,MODELLED,False
Season 2:@MLB_Attention_Momo:2026-06-23:PENN:2026-06-26,Season 2,@MLB_Attention_Momo,PENN,,long,253,5242.16,2026-06-23,20.72,VENUE-SIMULATED-FILL,MODELLED,2026-06-26,21.57,VENUE-SIMULATED-FILL,MODELLED,3,213.37,4.070269,1.6798,,,,,MODELLED,False
Season 2:@MLB_Upset_Short:2026-05-12:FLUT:2026-06-26,Season 2,@MLB_Upset_Short,FLUT,,short,452,44607.18,2026-05-12,98.688454,VENUE-SIMULATED-FILL,MODELLED,2026-06-26,96.46,VENUE-SIMULATED-FILL,MODELLED,45,1003.54,2.249727,3.719,,,,,MODELLED,False
Season 2:@MLB_Upset_Short:2026-06-25:DKNG:2026-06-26,Season 2,@MLB_Upset_Short,DKNG,,short,1801,44610.77,2026-06-25,24.77,VENUE-SIMULATED-FILL,MODELLED,2026-06-26,23.71,VENUE-SIMULATED-FILL,MODELLED,1,1896.98,4.252292,12.0762,,,,,MODELLED,False
Season 2:@MLB_Upset_Short:2026-06-25:PENN:2026-06-26,Season 2,@MLB_Upset_Short,PENN,,short,2146,44593.88,2026-06-25,20.78,VENUE-SIMULATED-FILL,MODELLED,2026-06-26,21.59,VENUE-SIMULATED-FILL,MODELLED,1,-1752.47,-3.929844,14.2131,,,,,MODELLED,False
Season 1:@OvernightCarry_NO:2026-06-25:SPY:2026-06-26,Season 1,@OvernightCarry_NO,SPY,,long,24,17609.04,2026-06-25,733.71,VENUE-SIMULATED-FILL,MODELLED,2026-06-26,735.5,VENUE-SIMULATED-FILL,MODELLED,1,42.45,0.241069,0.5123,,,,,MODELLED,False
Season 2:@PinePilot_EMA_Cross:2025-09-17:IWM:2026-06-26,Season 2,@PinePilot_EMA_Cross,IWM,,long,4,1082.52,2025-09-17,270.630936,VENUE-SIMULATED-FILL,MODELLED,2026-06-26,296.6,VENUE-SIMULATED-FILL,MODELLED,282,103.83,9.591476,0.0492,,,,,MODELLED,False
Live Book (rehearsal):@SOFRPivot_Rider:2026-06-15:TLT:2026-06-26,Live Book (rehearsal),@SOFRPivot_Rider,TLT,,long,2100,180801.41,2026-06-15,86.095909,VENUE-SIMULATED-FILL,SECONDARY,2026-06-26,87.01,VENUE-SIMULATED-FILL,SECONDARY,11,1902.82,1.052436,16.7736,,,0.0,0.00454,SECONDARY,False
Season 1:@SpreadHarvester_MM:2026-06-24:QQQ:2026-06-26,Season 1,@SpreadHarvester_MM,QQQ,,short,24,16060.32,2026-06-24,669.18,VENUE-SIMULATED-FILL,MODELLED,2026-06-26,670.58,VENUE-SIMULATED-FILL,MODELLED,2,-33.84,-0.210706,0.2395,,,,,MODELLED,False
Season 1:@SpreadHarvester_MM:2026-06-25:NVDA:2026-06-26,Season 1,@SpreadHarvester_MM,NVDA,,short,54,13138.74,2026-06-25,243.31,VENUE-SIMULATED-FILL,MODELLED,2026-06-26,249.45,VENUE-SIMULATED-FILL,MODELLED,1,-331.63,-2.524062,0.0652,,,,,MODELLED,False
Season 1:@SpreadHarvester_MM:2026-06-26:NVDA:2026-06-26,Season 1,@SpreadHarvester_MM,NVDA,,long,92,22949.4,2026-06-26,249.45,VENUE-SIMULATED-FILL,MODELLED,2026-06-26,249.49,VENUE-SIMULATED-FILL,MODELLED,0,3.56,0.015512,0.1228,,,,,MODELLED,False
Season 1:@SpreadHarvester_MM:2026-06-26:QQQ:2026-06-26,Season 1,@SpreadHarvester_MM,QQQ,,long,31,20787.98,2026-06-26,670.58,VENUE-SIMULATED-FILL,MODELLED,2026-06-26,670.61,VENUE-SIMULATED-FILL,MODELLED,0,0.62,0.002982,0.3103,,,,,MODELLED,False
Season 1:@TrendSurfer_GoldenX:2025-09-17:SPY:2026-06-26,Season 1,@TrendSurfer_GoldenX,SPY,,long,1,677.68,2025-09-17,677.678767,VENUE-SIMULATED-FILL,MODELLED,2026-06-26,735.5,VENUE-SIMULATED-FILL,MODELLED,282,57.8,8.529115,0.0213,,,,,MODELLED,False
Season 1:@BetaChaser_3xProxy:2025-09-17:RIVN:2026-06-29,Season 1,@BetaChaser_3xProxy,RIVN,,long,112,2280.7,2025-09-17,20.36337,VENUE-SIMULATED-FILL,MODELLED,2026-06-29,19.03,VENUE-SIMULATED-FILL,MODELLED,285,-150.08,-6.580443,0.7377,,,,,MODELLED,False
Season 1:@BetaChaser_3xProxy:2025-09-17:TSLA:2026-06-29,Season 1,@BetaChaser_3xProxy,TSLA,,long,8,2645.93,2025-09-17,330.74085,VENUE-SIMULATED-FILL,MODELLED,2026-06-29,274.12,VENUE-SIMULATED-FILL,MODELLED,285,-453.06,-17.122923,0.0947,,,,,MODELLED,False
Season 1:@GapAndGo_YOLO:2026-06-29:CVNA:2026-06-29,Season 1,@GapAndGo_YOLO,CVNA,,long,11,6089.16,2026-06-29,553.56,VENUE-SIMULATED-FILL,MODELLED,2026-06-29,579.14,VENUE-SIMULATED-FILL,MODELLED,0,281.18,4.617714,0.1994,,,,,MODELLED,False
Season 1:@KitchenSink_AllIn:2025-11-26:JPM:2026-06-29,Season 1,@KitchenSink_AllIn,JPM,,long,20,5756.71,2025-11-26,287.835383,VENUE-SIMULATED-FILL,MODELLED,2026-06-29,269.5,VENUE-SIMULATED-FILL,MODELLED,215,-366.94,-6.374129,0.2349,,,,,MODELLED,False
Season 1:@KitchenSink_AllIn:2026-02-09:QQQ:2026-06-29,Season 1,@KitchenSink_AllIn,QQQ,,long,25,16507.66,2026-02-09,660.306464,VENUE-SIMULATED-FILL,MODELLED,2026-06-29,672.77,VENUE-SIMULATED-FILL,MODELLED,140,311.09,1.884519,0.5014,,,,,MODELLED,False
Season 1:@KitchenSink_AllIn:2026-02-23:CVNA:2026-06-29,Season 1,@KitchenSink_AllIn,CVNA,,long,33,14946.56,2026-02-23,452.926149,VENUE-SIMULATED-FILL,MODELLED,2026-06-29,553.49,VENUE-SIMULATED-FILL,MODELLED,126,3318.03,22.199284,0.5807,,,,,MODELLED,False
Season 1:@KitchenSink_AllIn:2026-02-23:NVDA:2026-06-29,Season 1,@KitchenSink_AllIn,NVDA,,long,60,17582.47,2026-02-23,293.041167,VENUE-SIMULATED-FILL,MODELLED,2026-06-29,245.52,VENUE-SIMULATED-FILL,MODELLED,126,-2851.95,-16.220417,0.6752,,,,,MODELLED,False
Season 1:@KitchenSink_AllIn:2026-02-26:AAPL:2026-06-29,Season 1,@KitchenSink_AllIn,AAPL,,long,69,22563.52,2026-02-26,327.007482,VENUE-SIMULATED-FILL,MODELLED,2026-06-29,319.09,VENUE-SIMULATED-FILL,MODELLED,123,-547.19,-2.42511,0.881,,,,,MODELLED,False
Season 1:@KitchenSink_AllIn:2026-02-26:MSFT:2026-06-29,Season 1,@KitchenSink_AllIn,MSFT,,long,28,18273.6,2026-02-26,652.628436,VENUE-SIMULATED-FILL,MODELLED,2026-06-29,602.55,VENUE-SIMULATED-FILL,MODELLED,123,-1402.72,-7.676212,0.521,,,,,MODELLED,False
Season 1:@KitchenSink_AllIn:2026-04-09:CAT:2026-06-29,Season 1,@KitchenSink_AllIn,CAT,,long,32,16403.28,2026-04-09,512.602353,VENUE-SIMULATED-FILL,MODELLED,2026-06-29,486.23,VENUE-SIMULATED-FILL,MODELLED,81,-844.43,-5.147935,0.5188,,,,,MODELLED,False
Season 1:@KitchenSink_AllIn:2026-04-17:META:2026-06-29,Season 1,@KitchenSink_AllIn,META,,long,12,15114.86,2026-04-17,1259.571955,VENUE-SIMULATED-FILL,MODELLED,2026-06-29,1308.12,VENUE-SIMULATED-FILL,MODELLED,73,582.18,3.851705,0.3977,,,,,MODELLED,False
Season 1:@KitchenSink_AllIn:2026-04-21:SPY:2026-06-29,Season 1,@KitchenSink_AllIn,SPY,,long,25,18014.24,2026-04-21,720.569527,VENUE-SIMULATED-FILL,MODELLED,2026-06-29,733.07,VENUE-SIMULATED-FILL,MODELLED,69,311.98,1.731852,0.5324,,,,,MODELLED,False
Season 1:@KitchenSink_AllIn:2026-05-12:IWM:2026-06-29,Season 1,@KitchenSink_AllIn,IWM,,long,65,16971.43,2026-05-12,261.098911,VENUE-SIMULATED-FILL,MODELLED,2026-06-29,256.37,VENUE-SIMULATED-FILL,MODELLED,48,-308.13,-1.815581,0.746,,,,,MODELLED,False
Season 1:@KitchenSink_AllIn:2026-05-15:GOOGL:2026-06-29,Season 1,@KitchenSink_AllIn,GOOGL,,long,54,17599.01,2026-05-15,325.907681,VENUE-SIMULATED-FILL,MODELLED,2026-06-29,302.9,VENUE-SIMULATED-FILL,MODELLED,45,-1243.09,-7.063407,0.6715,,,,,MODELLED,False
Season 1:@KitchenSink_AllIn:2026-05-27:AMZN:2026-06-29,Season 1,@KitchenSink_AllIn,AMZN,,long,69,17446.65,2026-05-27,252.85,VENUE-SIMULATED-FILL,MODELLED,2026-06-29,237.11,VENUE-SIMULATED-FILL,MODELLED,33,-1086.82,-6.229391,0.7645,,,,,MODELLED,False
Live Book (rehearsal):@KitchenSink_Official:2026-06-24:TLT:2026-06-29,Live Book (rehearsal),@KitchenSink_Official,TLT,,long,1900,165835.0,2026-06-24,87.281579,VENUE-SIMULATED-FILL,SECONDARY,2026-06-29,87.36,VENUE-SIMULATED-FILL,SECONDARY,5,133.81,0.080689,15.1898,,,0.0,0.00167,SECONDARY,False
Season 1:@OvernightCarry_NO:2026-06-25:SPY:2026-06-29,Season 1,@OvernightCarry_NO,SPY,,long,265,194343.39,2026-06-25,733.371278,VENUE-SIMULATED-FILL,MODELLED,2026-06-29,733.06,VENUE-SIMULATED-FILL,MODELLED,4,-88.13,-0.045348,5.6434,,,,,MODELLED,False
Live Book (rehearsal):@PinePilot_EMA_Live:2026-04-10:QQQ:2026-06-29,Live Book (rehearsal),@PinePilot_EMA_Live,QQQ,,long,200,122612.0,2026-04-10,613.06,VENUE-SIMULATED-FILL,SECONDARY,2026-06-29,713.97,VENUE-SIMULATED-FILL,SECONDARY,80,20177.82,16.456644,4.1806,,,0.28,0.00082,SECONDARY,False
Season 1:@SpreadHarvester_MM:2026-06-26:NVDA:2026-06-29,Season 1,@SpreadHarvester_MM,NVDA,,short,56,13971.44,2026-06-26,249.49,VENUE-SIMULATED-FILL,MODELLED,2026-06-29,245.51,VENUE-SIMULATED-FILL,MODELLED,3,222.81,1.594753,0.0747,,,,,MODELLED,False
Season 1:@SpreadHarvester_MM:2026-06-29:NVDA:2026-06-29,Season 1,@SpreadHarvester_MM,NVDA,,long,96,23568.96,2026-06-29,245.51,VENUE-SIMULATED-FILL,MODELLED,2026-06-29,245.54,VENUE-SIMULATED-FILL,MODELLED,0,2.76,0.01171,0.1203,,,,,MODELLED,False
Season 1:@TrendSurfer_GoldenX:2025-09-25:QQQ:2026-06-29,Season 1,@TrendSurfer_GoldenX,QQQ,,long,1,599.1,2025-09-25,599.098526,VENUE-SIMULATED-FILL,MODELLED,2026-06-29,672.77,VENUE-SIMULATED-FILL,MODELLED,277,73.65,12.29347,0.0201,,,,,MODELLED,False
Official Auction Book:@ConcessionFade_Notes:2026-04-23:91282CQP9:2026-06-30,Official Auction Book,@ConcessionFade_Notes,91282CQP9,5-Year,long,25200.0,2511790.34,2026-04-23,99.67422,PRIMARY-AUCTION,OFFICIAL,2026-06-30,96.773702,SECONDARY-CURVE,OFFICIAL-DERIVED,68,-730.93,-0.0291,0.0,0.0,0.0,,,OFFICIAL-DERIVED,False
Season 1:@DriftRider_PEAD:2026-06-08:UNH:2026-06-30,Season 1,@DriftRider_PEAD,UNH,,short,202,36117.6,2026-06-08,178.8,VENUE-SIMULATED-FILL,MODELLED,2026-06-30,144.87,VENUE-SIMULATED-FILL,MODELLED,22,6851.86,18.970973,1.9954,,,,,MODELLED,False
Season 1:@DriftRider_PEAD:2026-06-09:TSLA:2026-06-30,Season 1,@DriftRider_PEAD,TSLA,,short,144,36744.48,2026-06-09,255.17,VENUE-SIMULATED-FILL,MODELLED,2026-06-30,286.14,VENUE-SIMULATED-FILL,MODELLED,21,-4461.33,-12.141497,1.649,,,,,MODELLED,False
Season 1:@GapAndGo_YOLO:2026-06-30:RIVN:2026-06-30,Season 1,@GapAndGo_YOLO,RIVN,,long,320,6252.8,2026-06-30,19.54,VENUE-SIMULATED-FILL,MODELLED,2026-06-30,18.3,VENUE-SIMULATED-FILL,MODELLED,0,-398.9,-6.379542,2.103,,,,,MODELLED,False
Official Auction Book:@LiquidityWeighted_Participant:2026-05-19:912797TF4:2026-06-30,Official Auction Book,@LiquidityWeighted_Participant,912797TF4,26-Week,long,234700.0,23371973.56,2026-05-19,99.582333,PRIMARY-AUCTION,OFFICIAL,2026-06-30,99.979944,SECONDARY-CURVE,OFFICIAL-DERIVED,42,933.19,0.003993,0.0,0.0,0.0,,,OFFICIAL-DERIVED,False
Season 2:@MLB_Attention_Momo:2026-06-16:DKNG:2026-06-30,Season 2,@MLB_Attention_Momo,DKNG,,long,50,1269.91,2026-06-16,25.398278,VENUE-SIMULATED-FILL,MODELLED,2026-06-30,25.62,VENUE-SIMULATED-FILL,MODELLED,14,10.75,0.846514,0.3361,,,,,MODELLED,False
Season 2:@MLB_Attention_Momo:2026-06-23:PENN:2026-06-30,Season 2,@MLB_Attention_Momo,PENN,,long,102,2125.12,2026-06-23,20.834488,VENUE-SIMULATED-FILL,MODELLED,2026-06-30,21.84,VENUE-SIMULATED-FILL,MODELLED,7,101.88,4.794087,0.6778,,,,,MODELLED,False
Season 1:@OvernightCarry_NO:2026-06-25:SPY:2026-06-30,Season 1,@OvernightCarry_NO,SPY,,long,24,17799.26,2026-06-25,741.635651,VENUE-SIMULATED-FILL,MODELLED,2026-06-30,741.27,VENUE-SIMULATED-FILL,MODELLED,5,-9.29,-0.052193,0.5152,,,,,MODELLED,False
Live Book (rehearsal):@PinePilot_EMA_Live:2026-06-29:QQQ:2026-06-30,Live Book (rehearsal),@PinePilot_EMA_Live,QQQ,,short,120,85676.4,2026-06-29,713.97,VENUE-SIMULATED-FILL,SECONDARY,2026-06-30,724.2,VENUE-SIMULATED-FILL,SECONDARY,1,-1230.11,-1.435763,2.5083,,,0.276,0.00071,SECONDARY,False
Live Book (rehearsal):@SOFRPivot_Rider:2026-06-15:TLT:2026-06-30,Live Book (rehearsal),@SOFRPivot_Rider,TLT,,long,100,8609.59,2026-06-15,86.095909,VENUE-SIMULATED-FILL,SECONDARY,2026-06-30,87.15,VENUE-SIMULATED-FILL,SECONDARY,15,104.61,1.21504,0.799,,,0.0,0.00454,SECONDARY,False
Season 1:@SpreadHarvester_MM:2026-06-29:NVDA:2026-06-30,Season 1,@SpreadHarvester_MM,NVDA,,short,56,13750.24,2026-06-29,245.54,VENUE-SIMULATED-FILL,MODELLED,2026-06-30,246.65,VENUE-SIMULATED-FILL,MODELLED,1,-62.23,-0.452574,0.0702,,,,,MODELLED,False
Season 1:@SpreadHarvester_MM:2026-06-30:NVDA:2026-06-30,Season 1,@SpreadHarvester_MM,NVDA,,long,98,24171.7,2026-06-30,246.65,VENUE-SIMULATED-FILL,MODELLED,2026-06-30,246.68,VENUE-SIMULATED-FILL,MODELLED,0,2.81,0.011625,0.1251,,,,,MODELLED,False
Season 1:@VIXRegime_Timer:2025-09-17:SPY:2026-06-30,Season 1,@VIXRegime_Timer,SPY,,long,82,60269.9,2025-09-17,734.998806,VENUE-SIMULATED-FILL,MODELLED,2026-06-30,741.27,VENUE-SIMULATED-FILL,MODELLED,286,512.48,0.850308,1.7601,,,,,MODELLED,False
Official Auction Book:@ConcessionFade_Notes:2026-06-23:91282CQY0:2026-07-01,Official Auction Book,@ConcessionFade_Notes,91282CQY0,2-Year,long,490000.0,48940431.68,2026-06-23,99.878432,PRIMARY-AUCTION,OFFICIAL,2026-07-01,99.914503,SECONDARY-CURVE,OFFICIAL-DERIVED,8,176.75,0.000361,0.0,0.0,0.0,,,OFFICIAL-DERIVED,False
Season 1:@GapAndGo_YOLO:2026-07-01:CVNA:2026-07-01,Season 1,@GapAndGo_YOLO,CVNA,,long,9,5504.49,2026-07-01,611.61,VENUE-SIMULATED-FILL,MODELLED,2026-07-01,583.39,VENUE-SIMULATED-FILL,MODELLED,0,-254.14,-4.616958,0.1639,,,,,MODELLED,False
Season 1:@KitchenSink_AllIn:2026-02-23:CVNA:2026-07-01,Season 1,@KitchenSink_AllIn,CVNA,,long,77,42546.06,2026-02-23,552.546242,VENUE-SIMULATED-FILL,MODELLED,2026-07-01,611.51,VENUE-SIMULATED-FILL,MODELLED,128,4538.76,10.667874,1.447,,,,,MODELLED,False
Season 1:@KitchenSink_AllIn:2026-02-26:AAPL:2026-07-01,Season 1,@KitchenSink_AllIn,AAPL,,long,133,42893.2,2026-02-26,322.505262,VENUE-SIMULATED-FILL,MODELLED,2026-07-01,330.91,VENUE-SIMULATED-FILL,MODELLED,125,1116.1,2.602044,1.7306,,,,,MODELLED,False
Season 2:@LeapMaxLever_Momentum:2025-09-17:QQQ:2026-07-01,Season 2,@LeapMaxLever_Momentum,QQQ,,long,2,1217.53,2025-09-17,608.766026,VENUE-SIMULATED-FILL,MODELLED,2026-07-01,729.18,VENUE-SIMULATED-FILL,MODELLED,287,240.79,19.776892,0.0424,,,,,MODELLED,False
Season 2:@MLB_Attention_Momo:2026-06-16:FLUT:2026-07-01,Season 2,@MLB_Attention_Momo,FLUT,,long,14,1370.7,2026-06-16,97.907043,VENUE-SIMULATED-FILL,MODELLED,2026-07-01,104.15,VENUE-SIMULATED-FILL,MODELLED,15,87.28,6.367556,0.1168,,,,,MODELLED,False
Season 1:@MomentumMax_12x1:2025-09-17:GOOGL:2026-07-01,Season 1,@MomentumMax_12x1,GOOGL,,long,23,5637.07,2025-09-17,245.089853,VENUE-SIMULATED-FILL,MODELLED,2026-07-01,301.19,VENUE-SIMULATED-FILL,MODELLED,287,1290.02,22.884597,0.2852,,,,,MODELLED,False
Live Book (rehearsal):@OilDollar_FadeUNG:2026-06-18:UNG:2026-07-01,Live Book (rehearsal),@OilDollar_FadeUNG,UNG,,short,300,3428.06,2026-06-18,11.426867,VENUE-SIMULATED-FILL,SECONDARY,2026-07-01,11.65,VENUE-SIMULATED-FILL,SECONDARY,13,-68.87,-2.009008,1.9291,,,0.0,0.09549,SECONDARY,False
Season 1:@OvernightCarry_NO:2026-06-25:SPY:2026-07-01,Season 1,@OvernightCarry_NO,SPY,,long,262,195935.73,2026-06-25,747.846295,VENUE-SIMULATED-FILL,MODELLED,2026-07-01,752.95,VENUE-SIMULATED-FILL,MODELLED,6,1331.48,0.679549,5.6869,,,,,MODELLED,False
Live Book (rehearsal):@SOFRPivot_Rider:2026-06-29:SPY:2026-07-01,Live Book (rehearsal),@SOFRPivot_Rider,SPY,,long,40,29461.6,2026-06-29,736.54,VENUE-SIMULATED-FILL,SECONDARY,2026-07-01,745.0,VENUE-SIMULATED-FILL,SECONDARY,2,337.54,1.145695,0.8617,,,-0.0,0.00014,SECONDARY,False
Season 1:@SpreadHarvester_MM:2026-06-30:NVDA:2026-07-01,Season 1,@SpreadHarvester_MM,NVDA,,short,56,13814.08,2026-06-30,246.68,VENUE-SIMULATED-FILL,MODELLED,2026-07-01,244.01,VENUE-SIMULATED-FILL,MODELLED,1,149.45,1.081867,0.0715,,,,,MODELLED,False
Season 1:@SpreadHarvester_MM:2026-07-01:NVDA:2026-07-01,Season 1,@SpreadHarvester_MM,NVDA,,long,98,23912.98,2026-07-01,244.01,VENUE-SIMULATED-FILL,MODELLED,2026-07-01,244.04,VENUE-SIMULATED-FILL,MODELLED,0,2.82,0.011793,0.1198,,,,,MODELLED,False
Season 1:@VolCarry_LowHigh:2025-09-17:CVNA:2026-07-01,Season 1,@VolCarry_LowHigh,CVNA,,short,3,861.75,2025-09-17,287.25,VENUE-SIMULATED-FILL,MODELLED,2026-07-01,611.6,VENUE-SIMULATED-FILL,MODELLED,287,-973.07,-112.9179,0.0185,,,,,MODELLED,False
Season 2:@YieldCurve_Rotator:2025-09-17:TLT:2026-07-01,Season 2,@YieldCurve_Rotator,TLT,,long,15,1359.34,2025-09-17,90.622873,VENUE-SIMULATED-FILL,MODELLED,2026-07-01,85.48,VENUE-SIMULATED-FILL,MODELLED,287,-77.26,-5.683628,0.1193,,,,,MODELLED,False
Official Auction Book:@ConcessionFade_Notes:2026-06-24:91282CQM6:2026-07-02,Official Auction Book,@ConcessionFade_Notes,91282CQM6,2-Year,long,6600.0,660270.47,2026-06-24,100.04098,PRIMARY-AUCTION,OFFICIAL,2026-07-02,92.18659,SECONDARY-CURVE,OFFICIAL-DERIVED,8,-518.39,-0.078512,0.0,0.0,0.0,,,OFFICIAL-DERIVED,False
Live Book (rehearsal):@GoldVsRealRate_Live:2026-06-12:GLD:2026-07-02,Live Book (rehearsal),@GoldVsRealRate_Live,GLD,,long,240,94882.69,2026-06-12,395.344545,VENUE-SIMULATED-FILL,SECONDARY,2026-07-02,377.43,VENUE-SIMULATED-FILL,SECONDARY,20,-4302.84,-4.534905,3.3528,,,0.265,0.00106,SECONDARY,False
Season 1:@OvernightCarry_NO:2026-06-25:SPY:2026-07-02,Season 1,@OvernightCarry_NO,SPY,,long,24,17911.6,2026-06-25,746.316512,VENUE-SIMULATED-FILL,MODELLED,2026-07-02,743.03,VENUE-SIMULATED-FILL,MODELLED,7,-79.39,-0.443232,0.516,,,,,MODELLED,False
Live Book (rehearsal):@SOFRPivot_Rider:2026-07-01:TLT:2026-07-02,Live Book (rehearsal),@SOFRPivot_Rider,TLT,,long,700,59843.0,2026-07-01,85.49,VENUE-SIMULATED-FILL,SECONDARY,2026-07-02,85.37,VENUE-SIMULATED-FILL,SECONDARY,1,-89.57,-0.149675,5.5675,,,1.171,0.00285,SECONDARY,False
Season 1:@SpreadHarvester_MM:2026-07-01:NVDA:2026-07-02,Season 1,@SpreadHarvester_MM,NVDA,,short,56,13666.24,2026-07-01,244.04,VENUE-SIMULATED-FILL,MODELLED,2026-07-02,239.74,VENUE-SIMULATED-FILL,MODELLED,1,240.73,1.761494,0.0684,,,,,MODELLED,False
Season 1:@SpreadHarvester_MM:2026-07-02:NVDA:2026-07-02,Season 1,@SpreadHarvester_MM,NVDA,,long,98,23494.52,2026-07-02,239.74,VENUE-SIMULATED-FILL,MODELLED,2026-07-02,239.77,VENUE-SIMULATED-FILL,MODELLED,0,2.83,0.012045,0.1112,,,,,MODELLED,False
Season 1:@TrendSurfer_GoldenX:2025-09-17:AMZN:2026-07-02,Season 1,@TrendSurfer_GoldenX,AMZN,,long,4,932.71,2025-09-17,233.177894,VENUE-SIMULATED-FILL,MODELLED,2026-07-02,253.34,VENUE-SIMULATED-FILL,MODELLED,288,80.6,8.641471,0.0457,,,,,MODELLED,False
Live Book (rehearsal):@CurveSteepener_MaxBeta:2026-06-17:TLT:2026-07-06,Live Book (rehearsal),@CurveSteepener_MaxBeta,TLT,,long,2200,190616.0,2026-06-17,86.643636,VENUE-SIMULATED-FILL,SECONDARY,2026-07-06,85.43,VENUE-SIMULATED-FILL,SECONDARY,19,-2687.5,-1.409903,17.5007,,,-0.0,0.00174,SECONDARY,False
Season 2:@FDACatalyst_Rider:2026-03-12:IBB:2026-07-06,Season 2,@FDACatalyst_Rider,IBB,,long,324,59639.82,2026-03-12,184.073513,VENUE-SIMULATED-FILL,MODELLED,2026-07-06,195.68,VENUE-SIMULATED-FILL,MODELLED,116,3757.19,6.299801,3.3132,,,,,MODELLED,False
Season 2:@FDACatalyst_Rider:2026-05-19:XBI:2026-07-06,Season 2,@FDACatalyst_Rider,XBI,,long,1474,194987.74,2026-05-19,132.284761,VENUE-SIMULATED-FILL,MODELLED,2026-07-06,160.21,VENUE-SIMULATED-FILL,MODELLED,48,41147.81,21.102768,13.9961,,,,,MODELLED,False
Season 1:@GapAndGo_YOLO:2026-07-06:META:2026-07-06,Season 1,@GapAndGo_YOLO,META,,long,4,5452.28,2026-07-06,1363.07,VENUE-SIMULATED-FILL,MODELLED,2026-07-06,1306.7,VENUE-SIMULATED-FILL,MODELLED,0,-225.61,-4.137902,0.1325,,,,,MODELLED,False
Season 1:@GapAndGo_YOLO:2026-07-06:TSLA:2026-07-06,Season 1,@GapAndGo_YOLO,TSLA,,long,21,5869.71,2026-07-06,279.51,VENUE-SIMULATED-FILL,MODELLED,2026-07-06,289.35,VENUE-SIMULATED-FILL,MODELLED,0,206.38,3.516017,0.2553,,,,,MODELLED,False
Season 1:@KitchenSink_AllIn:2026-02-23:CVNA:2026-07-06,Season 1,@KitchenSink_AllIn,CVNA,,long,20,11050.92,2026-02-23,552.546242,VENUE-SIMULATED-FILL,MODELLED,2026-07-06,632.64,VENUE-SIMULATED-FILL,MODELLED,133,1601.49,14.491909,0.3845,,,,,MODELLED,False
Season 1:@KitchenSink_AllIn:2026-02-26:AAPL:2026-07-06,Season 1,@KitchenSink_AllIn,AAPL,,long,29,9352.65,2026-02-26,322.505262,VENUE-SIMULATED-FILL,MODELLED,2026-07-06,325.53,VENUE-SIMULATED-FILL,MODELLED,130,87.34,0.933853,0.3741,,,,,MODELLED,False
Season 1:@KitchenSink_AllIn:2026-04-17:META:2026-07-06,Season 1,@KitchenSink_AllIn,META,,long,3,4145.04,2026-04-17,1381.678627,VENUE-SIMULATED-FILL,MODELLED,2026-07-06,1363.02,VENUE-SIMULATED-FILL,MODELLED,80,-56.08,-1.352944,0.1028,,,,,MODELLED,False
Season 1:@KitchenSink_AllIn:2026-07-02:AMZN:2026-07-06,Season 1,@KitchenSink_AllIn,AMZN,,long,34,8614.24,2026-07-02,253.36,VENUE-SIMULATED-FILL,MODELLED,2026-07-06,254.72,VENUE-SIMULATED-FILL,MODELLED,4,45.85,0.532258,0.389,,,,,MODELLED,False
Season 1:@OvernightCarry_NO:2026-07-02:SPY:2026-07-06,Season 1,@OvernightCarry_NO,SPY,,long,265,197758.9,2026-07-02,746.26,VENUE-SIMULATED-FILL,MODELLED,2026-07-06,748.29,VENUE-SIMULATED-FILL,MODELLED,4,532.22,0.269126,5.7266,,,,,MODELLED,False
Live Book (rehearsal):@SOFRPivot_Rider:2026-07-01:TLT:2026-07-06,Live Book (rehearsal),@SOFRPivot_Rider,TLT,,long,100,8549.0,2026-07-01,85.49,VENUE-SIMULATED-FILL,SECONDARY,2026-07-06,85.43,VENUE-SIMULATED-FILL,SECONDARY,5,-6.8,-0.079541,0.7955,,,-0.0,0.00285,SECONDARY,False
Season 1:@SpreadHarvester_MM:2026-07-02:NVDA:2026-07-06,Season 1,@SpreadHarvester_MM,NVDA,,short,56,13427.12,2026-07-02,239.77,VENUE-SIMULATED-FILL,MODELLED,2026-07-06,241.89,VENUE-SIMULATED-FILL,MODELLED,4,-118.78,-0.884628,0.0635,,,,,MODELLED,False
Season 1:@SpreadHarvester_MM:2026-07-06:NVDA:2026-07-06,Season 1,@SpreadHarvester_MM,NVDA,,long,98,23705.22,2026-07-06,241.89,VENUE-SIMULATED-FILL,MODELLED,2026-07-06,241.92,VENUE-SIMULATED-FILL,MODELLED,0,2.82,0.011896,0.1155,,,,,MODELLED,False
Season 1:@BetaChaser_3xProxy:2025-09-17:CVNA:2026-07-07,Season 1,@BetaChaser_3xProxy,CVNA,,long,13,4336.21,2025-09-17,333.554963,VENUE-SIMULATED-FILL,MODELLED,2026-07-07,657.75,VENUE-SIMULATED-FILL,MODELLED,293,4214.28,97.187996,0.2567,,,,,MODELLED,False
Live Book (rehearsal):@FDA_PDUFA_Drifter:2026-06-05:IBB:2026-07-07,Live Book (rehearsal),@FDA_PDUFA_Drifter,IBB,,long,200,34961.33,2026-06-05,174.806667,VENUE-SIMULATED-FILL,SECONDARY,2026-07-07,197.77,VENUE-SIMULATED-FILL,SECONDARY,32,4590.61,13.130535,2.0538,,,1.011,0.01349,SECONDARY,False
Live Book (rehearsal):@FDA_PDUFA_Drifter:2026-06-05:XBI:2026-07-07,Live Book (rehearsal),@FDA_PDUFA_Drifter,XBI,,long,1400,188167.0,2026-06-05,134.405,VENUE-SIMULATED-FILL,SECONDARY,2026-07-07,162.02,VENUE-SIMULATED-FILL,SECONDARY,32,38647.65,20.539016,13.3457,,,1.234,0.00951,SECONDARY,False
Season 1:@GapAndGo_YOLO:2026-07-07:RIVN:2026-07-07,Season 1,@GapAndGo_YOLO,RIVN,,long,326,5991.88,2026-07-07,18.38,VENUE-SIMULATED-FILL,MODELLED,2026-07-07,16.59,VENUE-SIMULATED-FILL,MODELLED,0,-585.67,-9.774395,2.131,,,,,MODELLED,False
Live Book (rehearsal):@KitchenSink_Official:2026-06-30:TLT:2026-07-07,Live Book (rehearsal),@KitchenSink_Official,TLT,,long,1800,155770.1,2026-06-30,86.538947,VENUE-SIMULATED-FILL,SECONDARY,2026-07-07,85.12,VENUE-SIMULATED-FILL,SECONDARY,7,-2568.41,-1.648847,14.3072,,,0.0,0.00386,SECONDARY,False
Season 2:@MLB_Attention_Momo:2026-06-16:DKNG:2026-07-07,Season 2,@MLB_Attention_Momo,DKNG,,long,3501,88942.99,2026-06-16,25.405023,VENUE-SIMULATED-FILL,MODELLED,2026-07-07,26.36,VENUE-SIMULATED-FILL,MODELLED,21,3319.78,3.732481,23.5898,,,,,MODELLED,False
Season 2:@MLB_Attention_Momo:2026-06-16:FLUT:2026-07-07,Season 2,@MLB_Attention_Momo,FLUT,,long,849,83214.63,2026-06-16,98.014881,VENUE-SIMULATED-FILL,MODELLED,2026-07-07,108.03,VENUE-SIMULATED-FILL,MODELLED,21,8495.69,10.20937,7.1489,,,,,MODELLED,False
Season 2:@MLB_Attention_Momo:2026-06-23:PENN:2026-07-07,Season 2,@MLB_Attention_Momo,PENN,,long,4152,86578.0,2026-06-23,20.85212,VENUE-SIMULATED-FILL,MODELLED,2026-07-07,20.98,VENUE-SIMULATED-FILL,MODELLED,14,503.44,0.581487,27.5161,,,,,MODELLED,False
Season 1:@OvernightCarry_NO:2026-07-02:SPY:2026-07-07,Season 1,@OvernightCarry_NO,SPY,,long,23,17282.78,2026-07-02,751.425417,VENUE-SIMULATED-FILL,MODELLED,2026-07-07,746.31,VENUE-SIMULATED-FILL,MODELLED,5,-118.15,-0.683628,0.4961,,,,,MODELLED,False
Season 1:@SpreadHarvester_MM:2026-07-06:NVDA:2026-07-07,Season 1,@SpreadHarvester_MM,NVDA,,short,56,13547.52,2026-07-06,241.92,VENUE-SIMULATED-FILL,MODELLED,2026-07-07,243.9,VENUE-SIMULATED-FILL,MODELLED,1,-110.95,-0.818969,0.066,,,,,MODELLED,False
Season 1:@SpreadHarvester_MM:2026-07-07:NVDA:2026-07-07,Season 1,@SpreadHarvester_MM,NVDA,,long,99,24146.1,2026-07-07,243.9,VENUE-SIMULATED-FILL,MODELLED,2026-07-07,243.93,VENUE-SIMULATED-FILL,MODELLED,0,2.85,0.011803,0.1208,,,,,MODELLED,False
Season 1:@SqueezeHunter_TF:2026-07-06:CVNA:2026-07-07,Season 1,@SqueezeHunter_TF,CVNA,,long,75,47456.25,2026-07-06,632.75,VENUE-SIMULATED-FILL,MODELLED,2026-07-07,657.71,VENUE-SIMULATED-FILL,MODELLED,1,1870.52,3.941567,1.4808,,,,,MODELLED,False
Season 1:@GapAndGo_YOLO:2026-07-08:CVNA:2026-07-08,Season 1,@GapAndGo_YOLO,CVNA,,long,8,5615.76,2026-07-08,701.97,VENUE-SIMULATED-FILL,MODELLED,2026-07-08,616.01,VENUE-SIMULATED-FILL,MODELLED,0,-687.83,-12.248209,0.1511,,,,,MODELLED,False
Season 1:@GapAndGo_YOLO:2026-07-08:TSLA:2026-07-08,Season 1,@GapAndGo_YOLO,TSLA,,long,19,5525.01,2026-07-08,290.79,VENUE-SIMULATED-FILL,MODELLED,2026-07-08,295.11,VENUE-SIMULATED-FILL,MODELLED,0,81.85,1.481445,0.2332,,,,,MODELLED,False
Live Book (rehearsal):@MLB_Attention_Live:2026-03-31:SRAD:2026-07-08,Live Book (rehearsal),@MLB_Attention_Live,SRAD,,long,3500,51665.46,2026-03-31,14.761561,VENUE-SIMULATED-FILL,SECONDARY,2026-07-08,15.65,VENUE-SIMULATED-FILL,SECONDARY,99,3086.72,5.974436,22.8109,,,12.763,0.16012,SECONDARY,False
Live Book (rehearsal):@MLB_Attention_Live:2026-06-24:DKNG:2026-07-08,Live Book (rehearsal),@MLB_Attention_Live,DKNG,,long,3000,75245.81,2026-06-24,25.081935,VENUE-SIMULATED-FILL,SECONDARY,2026-07-08,26.65,VENUE-SIMULATED-FILL,SECONDARY,14,4683.96,6.224879,20.232,,,3.751,0.02394,SECONDARY,False
Live Book (rehearsal):@MLB_Attention_Live:2026-06-24:FLUT:2026-07-08,Live Book (rehearsal),@MLB_Attention_Live,FLUT,,long,400,39196.0,2026-06-24,97.99,VENUE-SIMULATED-FILL,SECONDARY,2026-07-08,107.1,VENUE-SIMULATED-FILL,SECONDARY,14,3640.64,9.288295,3.3605,,,0.934,0.01895,SECONDARY,False
Live Book (rehearsal):@OilDollar_FadeUNG:2026-06-18:UNG:2026-07-08,Live Book (rehearsal),@OilDollar_FadeUNG,UNG,,short,200,2285.58,2026-06-18,11.427887,VENUE-SIMULATED-FILL,SECONDARY,2026-07-08,11.85,VENUE-SIMULATED-FILL,SECONDARY,20,-85.71,-3.750037,1.2861,,,8.446,0.09549,SECONDARY,False
Season 1:@OvernightCarry_NO:2026-07-02:SPY:2026-07-08,Season 1,@OvernightCarry_NO,SPY,,long,266,199056.21,2026-07-02,748.331631,VENUE-SIMULATED-FILL,MODELLED,2026-07-08,744.58,VENUE-SIMULATED-FILL,MODELLED,6,-1003.66,-0.504209,5.7279,,,,,MODELLED,False
Season 2:@PinePilot_EMA_Cross:2025-09-17:SPY:2026-07-08,Season 2,@PinePilot_EMA_Cross,SPY,,long,1,710.42,2025-09-17,710.415789,VENUE-SIMULATED-FILL,MODELLED,2026-07-08,743.15,VENUE-SIMULATED-FILL,MODELLED,294,32.71,4.604346,0.0215,,,,,MODELLED,False
Live Book (rehearsal):@PinePilot_EMA_Live:2026-06-30:QQQ:2026-07-08,Live Book (rehearsal),@PinePilot_EMA_Live,QQQ,,long,200,145096.4,2026-06-30,725.482,VENUE-SIMULATED-FILL,SECONDARY,2026-07-08,704.93,VENUE-SIMULATED-FILL,SECONDARY,8,-4114.54,-2.835729,4.1433,,,0.284,0.00057,SECONDARY,False
Season 1:@SpreadHarvester_MM:2026-07-07:NVDA:2026-07-08,Season 1,@SpreadHarvester_MM,NVDA,,short,56,13660.08,2026-07-07,243.93,VENUE-SIMULATED-FILL,MODELLED,2026-07-08,247.28,VENUE-SIMULATED-FILL,MODELLED,1,-187.67,-1.373857,0.0683,,,,,MODELLED,False
Season 1:@SpreadHarvester_MM:2026-07-08:NVDA:2026-07-08,Season 1,@SpreadHarvester_MM,NVDA,,long,99,24480.72,2026-07-08,247.28,VENUE-SIMULATED-FILL,MODELLED,2026-07-08,247.31,VENUE-SIMULATED-FILL,MODELLED,0,2.84,0.011601,0.1277,,,,,MODELLED,False
Official Auction Book:@BillCarry_TenX:2026-05-26:912797RF6:2026-07-09,Official Auction Book,@BillCarry_TenX,912797RF6,52-Week,long,17500.0,1742609.17,2026-05-26,99.577667,PRIMARY-AUCTION,OFFICIAL,2026-07-09,100.0,MATURITY-REDEMPTION,OFFICIAL,44,73.91,0.004241,0.0,0.0,0.0,,,OFFICIAL,True
Season 1:@DriftRider_PEAD:2026-06-16:CVNA:2026-07-09,Season 1,@DriftRider_PEAD,CVNA,,long,72,36056.16,2026-06-16,500.78,VENUE-SIMULATED-FILL,MODELLED,2026-07-09,622.96,VENUE-SIMULATED-FILL,MODELLED,23,8795.59,24.39414,1.37,,,,,MODELLED,False
Live Book (rehearsal):@GoldVsRealRate_Live:2026-06-12:GLD:2026-07-09,Live Book (rehearsal),@GoldVsRealRate_Live,GLD,,long,160,63255.13,2026-06-12,395.344545,VENUE-SIMULATED-FILL,SECONDARY,2026-07-09,378.5,VENUE-SIMULATED-FILL,SECONDARY,27,-2697.37,-4.264271,2.2387,,,0.264,0.00106,SECONDARY,False
Season 1:@KitchenSink_AllIn:2026-02-26:AAPL:2026-07-09,Season 1,@KitchenSink_AllIn,AAPL,,long,62,20075.24,2026-02-26,323.794137,VENUE-SIMULATED-FILL,MODELLED,2026-07-09,337.51,VENUE-SIMULATED-FILL,MODELLED,133,849.57,4.23193,0.8152,,,,,MODELLED,False
Season 1:@KitchenSink_AllIn:2026-07-02:AMZN:2026-07-09,Season 1,@KitchenSink_AllIn,AMZN,,long,79,20125.39,2026-07-02,254.751818,VENUE-SIMULATED-FILL,MODELLED,2026-07-09,255.13,VENUE-SIMULATED-FILL,MODELLED,7,28.97,0.143947,0.9046,,,,,MODELLED,False
Live Book (rehearsal):@KitchenSink_Official:2026-06-30:TLT:2026-07-09,Live Book (rehearsal),@KitchenSink_Official,TLT,,long,1200,101377.75,2026-06-30,84.481457,VENUE-SIMULATED-FILL,SECONDARY,2026-07-09,84.27,VENUE-SIMULATED-FILL,SECONDARY,9,-263.27,-0.259692,9.5172,,,1.186,0.00386,SECONDARY,False
Live Book (rehearsal):@MLB_Attention_Live:2026-06-24:FLUT:2026-07-09,Live Book (rehearsal),@MLB_Attention_Live,FLUT,,long,100,9799.0,2026-06-24,97.99,VENUE-SIMULATED-FILL,SECONDARY,2026-07-09,109.92,VENUE-SIMULATED-FILL,SECONDARY,15,1192.15,12.166037,0.8459,,,0.91,0.01895,SECONDARY,False
Season 1:@OvernightCarry_NO:2026-07-02:SPY:2026-07-09,Season 1,@OvernightCarry_NO,SPY,,long,22,16418.32,2026-07-02,746.287347,VENUE-SIMULATED-FILL,MODELLED,2026-07-09,746.89,VENUE-SIMULATED-FILL,MODELLED,7,12.78,0.07784,0.4748,,,,,MODELLED,False
Live Book (rehearsal):@SOFRPivot_Rider:2026-06-29:SPY:2026-07-09,Live Book (rehearsal),@SOFRPivot_Rider,SPY,,long,80,59358.0,2026-06-29,741.975,VENUE-SIMULATED-FILL,SECONDARY,2026-07-09,747.34,VENUE-SIMULATED-FILL,SECONDARY,10,427.47,0.720156,1.7272,,,0.133,0.00014,SECONDARY,False
Season 1:@SpreadHarvester_MM:2026-07-08:NVDA:2026-07-09,Season 1,@SpreadHarvester_MM,NVDA,,short,56,13849.36,2026-07-08,247.31,VENUE-SIMULATED-FILL,MODELLED,2026-07-09,245.77,VENUE-SIMULATED-FILL,MODELLED,1,86.17,0.622195,0.0722,,,,,MODELLED,False
Season 1:@SpreadHarvester_MM:2026-07-09:NVDA:2026-07-09,Season 1,@SpreadHarvester_MM,NVDA,,long,48,11796.96,2026-07-09,245.77,VENUE-SIMULATED-FILL,MODELLED,2026-07-09,245.8,VENUE-SIMULATED-FILL,MODELLED,0,1.38,0.011698,0.0604,,,,,MODELLED,False
Live Book (rehearsal):@VolControl_MaxLev:2026-06-30:QQQ:2026-07-09,Live Book (rehearsal),@VolControl_MaxLev,QQQ,,long,40,28853.92,2026-06-30,721.348,VENUE-SIMULATED-FILL,SECONDARY,2026-07-09,718.32,VENUE-SIMULATED-FILL,SECONDARY,9,-121.96,-0.422681,0.8397,,,0.139,0.00028,SECONDARY,False
Season 1:@GapAndGo_YOLO:2026-07-10:CVNA:2026-07-10,Season 1,@GapAndGo_YOLO,CVNA,,long,8,4968.16,2026-07-10,621.02,VENUE-SIMULATED-FILL,MODELLED,2026-07-10,624.89,VENUE-SIMULATED-FILL,MODELLED,0,30.81,0.620149,0.1525,,,,,MODELLED,False
Season 1:@GapAndGo_YOLO:2026-07-10:TSLA:2026-07-10,Season 1,@GapAndGo_YOLO,TSLA,,long,18,5308.56,2026-07-10,294.92,VENUE-SIMULATED-FILL,MODELLED,2026-07-10,297.52,VENUE-SIMULATED-FILL,MODELLED,0,46.58,0.877451,0.2218,,,,,MODELLED,False
Season 1:@KitchenSink_AllIn:2026-02-26:AAPL:2026-07-10,Season 1,@KitchenSink_AllIn,AAPL,,long,28,9066.24,2026-02-26,323.794137,VENUE-SIMULATED-FILL,MODELLED,2026-07-10,343.38,VENUE-SIMULATED-FILL,MODELLED,134,548.03,6.044736,0.3715,,,,,MODELLED,False
Season 1:@KitchenSink_AllIn:2026-07-02:AMZN:2026-07-10,Season 1,@KitchenSink_AllIn,AMZN,,long,35,8916.31,2026-07-02,254.751818,VENUE-SIMULATED-FILL,MODELLED,2026-07-10,252.97,VENUE-SIMULATED-FILL,MODELLED,8,-62.76,-0.703878,0.3992,,,,,MODELLED,False
Live Book (rehearsal):@KitchenSink_Official:2026-07-09:SPY:2026-07-10,Live Book (rehearsal),@KitchenSink_Official,SPY,,long,40,29894.0,2026-07-09,747.35,VENUE-SIMULATED-FILL,SECONDARY,2026-07-10,752.04,VENUE-SIMULATED-FILL,SECONDARY,1,186.73,0.62464,0.8675,,,0.133,0.0001,SECONDARY,False
Season 1:@OvernightCarry_NO:2026-07-09:SPY:2026-07-10,Season 1,@OvernightCarry_NO,SPY,,long,265,199354.2,2026-07-09,752.28,VENUE-SIMULATED-FILL,MODELLED,2026-07-10,753.21,VENUE-SIMULATED-FILL,MODELLED,1,240.7,0.12074,5.7534,,,,,MODELLED,False
Season 1:@SpreadHarvester_MM:2026-07-09:NVDA:2026-07-10,Season 1,@SpreadHarvester_MM,NVDA,,short,64,15731.2,2026-07-09,245.8,VENUE-SIMULATED-FILL,MODELLED,2026-07-10,261.96,VENUE-SIMULATED-FILL,MODELLED,1,-1034.32,-6.574959,0.0806,,,,,MODELLED,False
Season 2:@FDACatalyst_Rider:2026-07-07:XBI:2026-07-13,Season 2,@FDACatalyst_Rider,XBI,,long,1487,240983.07,2026-07-07,162.059899,VENUE-SIMULATED-FILL,MODELLED,2026-07-13,157.21,VENUE-SIMULATED-FILL,MODELLED,6,-7225.83,-2.99848,14.0277,,,,,MODELLED,False
Season 1:@GapAndGo_YOLO:2026-07-13:RIVN:2026-07-13,Season 1,@GapAndGo_YOLO,RIVN,,long,290,5536.1,2026-07-13,19.09,VENUE-SIMULATED-FILL,MODELLED,2026-07-13,17.63,VENUE-SIMULATED-FILL,MODELLED,0,-425.3,-7.682303,1.9019,,,,,MODELLED,False
Season 1:@KitchenSink_AllIn:2026-04-17:META:2026-07-13,Season 1,@KitchenSink_AllIn,META,,long,12,16580.14,2026-04-17,1381.678627,VENUE-SIMULATED-FILL,MODELLED,2026-07-13,1345.62,VENUE-SIMULATED-FILL,MODELLED,87,-433.11,-2.612221,0.407,,,,,MODELLED,False
Live Book (rehearsal):@KitchenSink_Official:2026-07-10:QQQ:2026-07-13,Live Book (rehearsal),@KitchenSink_Official,QQQ,,long,120,86486.4,2026-07-10,720.72,VENUE-SIMULATED-FILL,SECONDARY,2026-07-13,717.7,VENUE-SIMULATED-FILL,SECONDARY,3,-364.92,-0.421939,2.5176,,,0.278,0.00045,SECONDARY,False
Live Book (rehearsal):@MLB_Attention_Live:2026-07-08:PENN:2026-07-13,Live Book (rehearsal),@MLB_Attention_Live,PENN,,short,3500,72375.0,2026-07-08,20.678571,VENUE-SIMULATED-FILL,SECONDARY,2026-07-13,20.38,VENUE-SIMULATED-FILL,SECONDARY,5,1021.83,1.411855,23.1734,,,9.823,0.04003,SECONDARY,False
Season 2:@MLB_Attention_Momo:2026-07-10:DKNG:2026-07-13,Season 2,@MLB_Attention_Momo,DKNG,,long,52,1391.0,2026-07-10,26.75,VENUE-SIMULATED-FILL,MODELLED,2026-07-13,26.8,VENUE-SIMULATED-FILL,MODELLED,3,2.25,0.161754,0.3508,,,,,MODELLED,False
Season 1:@OvernightCarry_NO:2026-07-10:SPY:2026-07-13,Season 1,@OvernightCarry_NO,SPY,,long,20,15108.8,2026-07-10,755.44,VENUE-SIMULATED-FILL,MODELLED,2026-07-13,760.23,VENUE-SIMULATED-FILL,MODELLED,3,95.36,0.631155,0.4371,,,,,MODELLED,False
Live Book (rehearsal):@PinePilot_EMA_Live:2026-07-08:QQQ:2026-07-13,Live Book (rehearsal),@PinePilot_EMA_Live,QQQ,,short,120,84591.6,2026-07-08,704.93,VENUE-SIMULATED-FILL,SECONDARY,2026-07-13,717.74,VENUE-SIMULATED-FILL,SECONDARY,5,-1539.69,-1.820145,2.486,,,0.279,0.0009,SECONDARY,False
Season 1:@SpreadHarvester_MM:2026-07-09:NVDA:2026-07-13,Season 1,@SpreadHarvester_MM,NVDA,,short,85,21540.6,2026-07-09,253.418824,VENUE-SIMULATED-FILL,MODELLED,2026-07-13,265.21,VENUE-SIMULATED-FILL,MODELLED,4,-1002.37,-4.653399,0.1203,,,,,MODELLED,False
Season 1:@SpreadHarvester_MM:2026-07-13:NVDA:2026-07-13,Season 1,@SpreadHarvester_MM,NVDA,,long,54,14321.34,2026-07-13,265.21,VENUE-SIMULATED-FILL,MODELLED,2026-07-13,265.24,VENUE-SIMULATED-FILL,MODELLED,0,1.53,0.010683,0.0896,,,,,MODELLED,False
Season 1:@BetaChaser_3xProxy:2025-09-17:NVDA:2026-07-14,Season 1,@BetaChaser_3xProxy,NVDA,,long,6,1352.3,2025-09-17,225.383055,VENUE-SIMULATED-FILL,MODELLED,2026-07-14,258.08,VENUE-SIMULATED-FILL,MODELLED,300,196.11,14.501978,0.0691,,,,,MODELLED,False
Live Book (rehearsal):@FDA_PDUFA_Drifter:2026-06-05:IBB:2026-07-14,Live Book (rehearsal),@FDA_PDUFA_Drifter,IBB,,long,200,37915.11,2026-06-05,189.575556,VENUE-SIMULATED-FILL,SECONDARY,2026-07-14,189.54,VENUE-SIMULATED-FILL,SECONDARY,39,-9.13,-0.02408,2.0199,,,0.528,0.01349,SECONDARY,False
Live Book (rehearsal):@FDA_PDUFA_Drifter:2026-07-08:XBI:2026-07-14,Live Book (rehearsal),@FDA_PDUFA_Drifter,XBI,,long,1400,226974.0,2026-07-08,162.124286,VENUE-SIMULATED-FILL,SECONDARY,2026-07-14,155.71,VENUE-SIMULATED-FILL,SECONDARY,6,-8993.16,-3.962198,13.1637,,,0.642,0.00834,SECONDARY,False
Season 1:@GapAndGo_YOLO:2026-07-14:RIVN:2026-07-14,Season 1,@GapAndGo_YOLO,RIVN,,long,294,5371.38,2026-07-14,18.27,VENUE-SIMULATED-FILL,MODELLED,2026-07-14,16.91,VENUE-SIMULATED-FILL,MODELLED,0,-401.76,-7.479642,1.9237,,,,,MODELLED,False
Live Book (rehearsal):@GoldVsRealRate_Live:2026-06-12:GLD:2026-07-14,Live Book (rehearsal),@GoldVsRealRate_Live,GLD,,long,40,15813.78,2026-06-12,395.344545,VENUE-SIMULATED-FILL,SECONDARY,2026-07-14,374.51,VENUE-SIMULATED-FILL,SECONDARY,32,-833.94,-5.273501,0.5564,,,0.534,0.00106,SECONDARY,False
Season 1:@KitchenSink_AllIn:2026-02-23:CVNA:2026-07-14,Season 1,@KitchenSink_AllIn,CVNA,,long,35,19923.26,2026-02-23,569.235984,VENUE-SIMULATED-FILL,MODELLED,2026-07-14,677.24,VENUE-SIMULATED-FILL,MODELLED,141,3779.44,18.969988,0.7051,,,,,MODELLED,False
Official Auction Book:@LiquidityWeighted_Participant:2026-06-02:912797TN7:2026-07-14,Official Auction Book,@LiquidityWeighted_Participant,912797TN7,26-Week,long,63900.0,6362975.6,2026-06-02,99.577083,PRIMARY-AUCTION,OFFICIAL,2026-07-14,99.979778,SECONDARY-CURVE,OFFICIAL-DERIVED,42,257.32,0.004044,0.0,0.0,0.0,,,OFFICIAL-DERIVED,False
Season 2:@MLB_Attention_Momo:2026-06-16:FLUT:2026-07-14,Season 2,@MLB_Attention_Momo,FLUT,,long,794,90087.67,2026-06-16,113.460547,VENUE-SIMULATED-FILL,MODELLED,2026-07-14,109.27,VENUE-SIMULATED-FILL,MODELLED,28,-3334.0,-3.700839,6.7061,,,,,MODELLED,False
Season 2:@MLB_Attention_Momo:2026-07-10:DKNG:2026-07-14,Season 2,@MLB_Attention_Momo,DKNG,,long,3323,88890.25,2026-07-10,26.75,VENUE-SIMULATED-FILL,MODELLED,2026-07-14,25.86,VENUE-SIMULATED-FILL,MODELLED,4,-2979.83,-3.352257,22.3562,,,,,MODELLED,False
Season 2:@MLB_Attention_Momo:2026-07-10:PENN:2026-07-14,Season 2,@MLB_Attention_Momo,PENN,,long,4357,90277.04,2026-07-10,20.72,VENUE-SIMULATED-FILL,MODELLED,2026-07-14,20.36,VENUE-SIMULATED-FILL,MODELLED,4,-1597.34,-1.769376,28.819,,,,,MODELLED,False
Season 1:@OvernightCarry_NO:2026-07-13:SPY:2026-07-14,Season 1,@OvernightCarry_NO,SPY,,long,262,196358.52,2026-07-13,749.46,VENUE-SIMULATED-FILL,MODELLED,2026-07-14,749.67,VENUE-SIMULATED-FILL,MODELLED,1,49.35,0.025133,5.6692,,,,,MODELLED,False
Season 1:@OverreactionFade_LT:2026-07-09:CVNA:2026-07-14,Season 1,@OverreactionFade_LT,CVNA,,long,95,59194.5,2026-07-09,623.1,VENUE-SIMULATED-FILL,MODELLED,2026-07-14,677.21,VENUE-SIMULATED-FILL,MODELLED,5,5138.54,8.680773,1.9138,,,,,MODELLED,False
Live Book (rehearsal):@PinePilot_EMA_Live:2026-07-13:QQQ:2026-07-14,Live Book (rehearsal),@PinePilot_EMA_Live,QQQ,,long,120,86128.8,2026-07-13,717.74,VENUE-SIMULATED-FILL,SECONDARY,2026-07-14,720.2,VENUE-SIMULATED-FILL,SECONDARY,1,292.68,0.339817,2.5237,,,0.277,0.00066,SECONDARY,False
Live Book (rehearsal):@SOFRPivot_Rider:2026-07-09:QQQ:2026-07-14,Live Book (rehearsal),@SOFRPivot_Rider,QQQ,,long,160,115005.6,2026-07-09,718.785,VENUE-SIMULATED-FILL,SECONDARY,2026-07-14,720.2,VENUE-SIMULATED-FILL,SECONDARY,5,223.03,0.19393,3.365,,,0.277,0.00024,SECONDARY,False
Live Book (rehearsal):@SOFRPivot_Rider:2026-07-09:TSLA:2026-07-14,Live Book (rehearsal),@SOFRPivot_Rider,TSLA,,long,120,47281.2,2026-07-09,394.01,VENUE-SIMULATED-FILL,SECONDARY,2026-07-14,399.03,VENUE-SIMULATED-FILL,SECONDARY,5,600.67,1.27042,1.7298,,,0.501,0.00032,SECONDARY,False
Season 1:@SpreadHarvester_MM:2026-07-13:NVDA:2026-07-14,Season 1,@SpreadHarvester_MM,NVDA,,short,23,6100.52,2026-07-13,265.24,VENUE-SIMULATED-FILL,MODELLED,2026-07-14,258.07,VENUE-SIMULATED-FILL,MODELLED,1,164.87,2.702557,0.0381,,,,,MODELLED,False
Season 1:@SpreadHarvester_MM:2026-07-14:NVDA:2026-07-14,Season 1,@SpreadHarvester_MM,NVDA,,long,82,21161.74,2026-07-14,258.07,VENUE-SIMULATED-FILL,MODELLED,2026-07-14,258.1,VENUE-SIMULATED-FILL,MODELLED,0,2.34,0.011058,0.124,,,,,MODELLED,False
Live Book (rehearsal):@VolControl_MaxLev:2026-06-30:QQQ:2026-07-14,Live Book (rehearsal),@VolControl_MaxLev,QQQ,,long,40,28848.82,2026-06-30,721.2204,VENUE-SIMULATED-FILL,SECONDARY,2026-07-14,720.21,VENUE-SIMULATED-FILL,SECONDARY,14,-41.26,-0.143021,0.8413,,,0.138,0.00028,SECONDARY,False
Official Auction Book:@ConcessionFade_Notes:2026-06-10:91282CQQ7:2026-07-15,Official Auction Book,@ConcessionFade_Notes,91282CQQ7,10-Year,long,33000.0,3257202.1,2026-06-10,98.703094,PRIMARY-AUCTION,OFFICIAL,2026-07-15,98.673452,SECONDARY-CURVE,OFFICIAL-DERIVED,35,-9.78,-0.0003,0.0,0.0,0.0,,,OFFICIAL-DERIVED,False
Official Auction Book:@ConcessionFade_Notes:2026-07-07:91282CQZ7:2026-07-15,Official Auction Book,@ConcessionFade_Notes,91282CQZ7,3-Year,long,487200.0,48646538.52,2026-07-07,99.849217,PRIMARY-AUCTION,OFFICIAL,2026-07-15,99.846122,SECONDARY-CURVE,OFFICIAL-DERIVED,8,-15.08,-3.1e-05,0.0,0.0,0.0,,,OFFICIAL-DERIVED,False
Season 2:@FDACatalyst_Rider:2026-07-14:XBI:2026-07-15,Season 2,@FDACatalyst_Rider,XBI,,long,7,1090.18,2026-07-14,155.74,VENUE-SIMULATED-FILL,MODELLED,2026-07-15,154.25,VENUE-SIMULATED-FILL,MODELLED,1,-10.5,-0.963144,0.0656,,,,,MODELLED,False
Live Book (rehearsal):@GoldVsRealRate_Live:2026-07-09:TLT:2026-07-15,Live Book (rehearsal),@GoldVsRealRate_Live,TLT,,long,1300,109732.0,2026-07-09,84.409231,VENUE-SIMULATED-FILL,SECONDARY,2026-07-15,84.08,VENUE-SIMULATED-FILL,SECONDARY,6,-438.31,-0.399437,10.3052,,,0.0,0.00322,SECONDARY,False
Live Book (rehearsal):@MLB_Attention_Live:2026-06-24:DKNG:2026-07-15,Live Book (rehearsal),@MLB_Attention_Live,DKNG,,long,3000,80291.8,2026-06-24,26.763933,VENUE-SIMULATED-FILL,SECONDARY,2026-07-15,25.19,VENUE-SIMULATED-FILL,SECONDARY,21,-4741.94,-5.905883,20.1417,,,5.951,0.02394,SECONDARY,False
Live Book (rehearsal):@MLB_Attention_Live:2026-07-13:FLUT:2026-07-15,Live Book (rehearsal),@MLB_Attention_Live,FLUT,,long,400,45148.0,2026-07-13,112.87,VENUE-SIMULATED-FILL,SECONDARY,2026-07-15,109.99,VENUE-SIMULATED-FILL,SECONDARY,2,-1155.38,-2.559095,3.3843,,,0.909,0.01707,SECONDARY,False
Live Book (rehearsal):@MLB_Attention_Live:2026-07-13:SRAD:2026-07-15,Live Book (rehearsal),@MLB_Attention_Live,SRAD,,long,3800,59280.0,2026-07-13,15.6,VENUE-SIMULATED-FILL,SECONDARY,2026-07-15,15.1,VENUE-SIMULATED-FILL,SECONDARY,2,-1924.72,-3.246829,24.723,,,13.228,0.17613,SECONDARY,False
Season 1:@OvernightCarry_NO:2026-07-13:SPY:2026-07-15,Season 1,@OvernightCarry_NO,SPY,,long,25,18803.94,2026-07-13,752.1576,VENUE-SIMULATED-FILL,MODELLED,2026-07-15,753.54,VENUE-SIMULATED-FILL,MODELLED,2,34.02,0.18092,0.5429,,,,,MODELLED,False
Season 1:@SpreadHarvester_MM:2026-07-14:NVDA:2026-07-15,Season 1,@SpreadHarvester_MM,NVDA,,long,78,20063.24,2026-07-14,257.221026,VENUE-SIMULATED-FILL,MODELLED,2026-07-15,257.24,VENUE-SIMULATED-FILL,MODELLED,1,1.36,0.006779,0.1165,,,,,MODELLED,False
Season 1:@SqueezeHunter_TF:2026-07-14:JPM:2026-07-15,Season 1,@SqueezeHunter_TF,JPM,,long,164,49055.68,2026-07-14,299.12,VENUE-SIMULATED-FILL,MODELLED,2026-07-15,295.99,VENUE-SIMULATED-FILL,MODELLED,1,-515.34,-1.050521,2.016,,,,,MODELLED,False
Official Auction Book:@CalendarBarbell_Max:2026-06-02:912797TN7:2026-07-16,Official Auction Book,@CalendarBarbell_Max,912797TN7,26-Week,long,107600.0,10714494.13,2026-06-02,99.577083,PRIMARY-AUCTION,OFFICIAL,2026-07-16,100.0,MATURITY-REDEMPTION,OFFICIAL,44,455.06,0.004247,0.0,0.0,0.0,,,OFFICIAL,True
Season 1:@GapAndGo_YOLO:2026-07-16:CVNA:2026-07-16,Season 1,@GapAndGo_YOLO,CVNA,,long,7,4743.55,2026-07-16,677.65,VENUE-SIMULATED-FILL,MODELLED,2026-07-16,724.14,VENUE-SIMULATED-FILL,MODELLED,0,325.28,6.857312,0.1478,,,,,MODELLED,False
Season 1:@GapAndGo_YOLO:2026-07-16:RIVN:2026-07-16,Season 1,@GapAndGo_YOLO,RIVN,,long,294,5203.8,2026-07-16,17.7,VENUE-SIMULATED-FILL,MODELLED,2026-07-16,16.94,VENUE-SIMULATED-FILL,MODELLED,0,-225.36,-4.330681,1.9239,,,,,MODELLED,False
Live Book (rehearsal):@GoldVsRealRate_Live:2026-07-15:GLD:2026-07-16,Live Book (rehearsal),@GoldVsRealRate_Live,GLD,,long,80,29769.6,2026-07-15,372.12,VENUE-SIMULATED-FILL,SECONDARY,2026-07-16,367.44,VENUE-SIMULATED-FILL,SECONDARY,1,-375.5,-1.261354,1.1011,,,0.272,0.00104,SECONDARY,False
Season 1:@KitchenSink_AllIn:2026-02-09:QQQ:2026-07-16,Season 1,@KitchenSink_AllIn,QQQ,,long,4,2755.08,2026-02-09,688.769699,VENUE-SIMULATED-FILL,MODELLED,2026-07-16,692.59,VENUE-SIMULATED-FILL,MODELLED,157,15.2,0.551708,0.0818,,,,,MODELLED,False
Season 1:@KitchenSink_AllIn:2026-02-23:CVNA:2026-07-16,Season 1,@KitchenSink_AllIn,CVNA,,long,7,4003.95,2026-02-23,571.992883,VENUE-SIMULATED-FILL,MODELLED,2026-07-16,677.58,VENUE-SIMULATED-FILL,MODELLED,143,738.97,18.456024,0.1411,,,,,MODELLED,False
Season 1:@KitchenSink_AllIn:2026-02-26:AAPL:2026-07-16,Season 1,@KitchenSink_AllIn,AAPL,,long,9,2935.07,2026-02-26,326.119276,VENUE-SIMULATED-FILL,MODELLED,2026-07-16,334.66,VENUE-SIMULATED-FILL,MODELLED,140,76.75,2.614926,0.1178,,,,,MODELLED,False
Season 1:@KitchenSink_AllIn:2026-04-21:SPY:2026-07-16,Season 1,@KitchenSink_AllIn,SPY,,long,3,2255.74,2026-04-21,751.913891,VENUE-SIMULATED-FILL,MODELLED,2026-07-16,752.16,VENUE-SIMULATED-FILL,MODELLED,86,0.67,0.029702,0.0651,,,,,MODELLED,False
Season 1:@KitchenSink_AllIn:2026-05-12:IWM:2026-07-16,Season 1,@KitchenSink_AllIn,IWM,,long,13,3412.25,2026-05-12,262.480491,VENUE-SIMULATED-FILL,MODELLED,2026-07-16,262.85,VENUE-SIMULATED-FILL,MODELLED,65,4.65,0.136274,0.1509,,,,,MODELLED,False
Live Book (rehearsal):@MLB_Attention_Live:2026-07-13:FLUT:2026-07-16,Live Book (rehearsal),@MLB_Attention_Live,FLUT,,long,100,11287.0,2026-07-13,112.87,VENUE-SIMULATED-FILL,SECONDARY,2026-07-16,110.92,VENUE-SIMULATED-FILL,SECONDARY,3,-195.85,-1.735182,0.848,,,0.901,0.01707,SECONDARY,False
Season 1:@OvernightCarry_NO:2026-07-15:SPY:2026-07-16,Season 1,@OvernightCarry_NO,SPY,,long,259,195581.26,2026-07-15,755.14,VENUE-SIMULATED-FILL,MODELLED,2026-07-16,752.16,VENUE-SIMULATED-FILL,MODELLED,1,-777.44,-0.397502,5.6176,,,,,MODELLED,False
Official Auction Book:@SOFRPivot_Switch:2026-06-02:912797TN7:2026-07-16,Official Auction Book,@SOFRPivot_Switch,912797TN7,26-Week,long,3900.0,388350.62,2026-06-02,99.577083,PRIMARY-AUCTION,OFFICIAL,2026-07-16,100.0,MATURITY-REDEMPTION,OFFICIAL,44,16.49,0.004246,0.0,0.0,0.0,,,OFFICIAL,True
Official Auction Book:@SOFRPivot_Switch:2026-07-15:91282CQQ7:2026-07-16,Official Auction Book,@SOFRPivot_Switch,91282CQQ7,10-Year,long,400.0,39469.38,2026-07-15,98.673452,SECONDARY-CURVE,OFFICIAL,2026-07-16,98.516699,SECONDARY-CURVE,OFFICIAL-DERIVED,1,-0.63,-0.001596,0.0,0.0,0.0,,,OFFICIAL-DERIVED,False
Season 1:@SpreadHarvester_MM:2026-07-15:NVDA:2026-07-16,Season 1,@SpreadHarvester_MM,NVDA,,short,41,10546.84,2026-07-15,257.24,VENUE-SIMULATED-FILL,MODELLED,2026-07-16,246.28,VENUE-SIMULATED-FILL,MODELLED,1,449.3,4.260044,0.0613,,,,,MODELLED,False
Season 1:@SpreadHarvester_MM:2026-07-16:NVDA:2026-07-16,Season 1,@SpreadHarvester_MM,NVDA,,long,89,21918.92,2026-07-16,246.28,VENUE-SIMULATED-FILL,MODELLED,2026-07-16,246.31,VENUE-SIMULATED-FILL,MODELLED,0,2.56,0.011679,0.113,,,,,MODELLED,False
Live Book (rehearsal):@DowNasdaq_SpreadMax:2026-04-13:QQQ:2026-07-17,Live Book (rehearsal),@DowNasdaq_SpreadMax,QQQ,,long,120,77118.9,2026-04-13,642.6575,VENUE-SIMULATED-FILL,SECONDARY,2026-07-17,691.63,VENUE-SIMULATED-FILL,SECONDARY,95,5874.25,7.617134,2.4531,,,0.29,0.00012,SECONDARY,False
Season 2:@FDACatalyst_Rider:2026-07-14:XBI:2026-07-17,Season 2,@FDACatalyst_Rider,XBI,,long,23,3582.02,2026-07-14,155.74,VENUE-SIMULATED-FILL,MODELLED,2026-07-17,149.57,VENUE-SIMULATED-FILL,MODELLED,3,-142.12,-3.967594,0.2134,,,,,MODELLED,False
Season 1:@OvernightCarry_NO:2026-07-15:SPY:2026-07-17,Season 1,@OvernightCarry_NO,SPY,,long,25,18786.1,2026-07-15,751.444,VENUE-SIMULATED-FILL,MODELLED,2026-07-17,753.38,VENUE-SIMULATED-FILL,MODELLED,2,47.86,0.254763,0.5429,,,,,MODELLED,False
Season 1:@OverreactionFade_LT:2026-07-14:TSLA:2026-07-17,Season 1,@OverreactionFade_LT,TSLA,,long,215,61178.25,2026-07-14,284.55,VENUE-SIMULATED-FILL,MODELLED,2026-07-17,287.28,VENUE-SIMULATED-FILL,MODELLED,3,584.35,0.95516,2.6043,,,,,MODELLED,False
Season 2:@PinePilot_EMA_Cross:2025-09-17:IWM:2026-07-17,Season 2,@PinePilot_EMA_Cross,IWM,,long,8,2171.75,2025-09-17,271.468516,VENUE-SIMULATED-FILL,MODELLED,2026-07-17,292.02,VENUE-SIMULATED-FILL,MODELLED,303,164.31,7.565794,0.0977,,,,,MODELLED,False
Season 2:@PinePilot_EMA_Cross:2025-09-17:SPY:2026-07-17,Season 2,@PinePilot_EMA_Cross,SPY,,long,2,1420.83,2025-09-17,710.415789,VENUE-SIMULATED-FILL,MODELLED,2026-07-17,742.08,VENUE-SIMULATED-FILL,MODELLED,303,63.29,4.454434,0.043,,,,,MODELLED,False
Live Book (rehearsal):@SOFRPivot_Rider:2026-07-15:SPY:2026-07-17,Live Book (rehearsal),@SOFRPivot_Rider,SPY,,long,80,60339.2,2026-07-15,754.24,VENUE-SIMULATED-FILL,SECONDARY,2026-07-17,742.08,VENUE-SIMULATED-FILL,SECONDARY,2,-974.52,-1.615069,1.7185,,,0.0,0.00018,SECONDARY,False
Official Auction Book:@SOFRPivot_Switch:2026-07-15:91282CQQ7:2026-07-17,Official Auction Book,@SOFRPivot_Switch,91282CQQ7,10-Year,long,5900.0,582173.37,2026-07-15,98.673452,SECONDARY-CURVE,OFFICIAL,2026-07-17,98.671431,SECONDARY-CURVE,OFFICIAL-DERIVED,2,-0.12,-2.1e-05,0.0,0.0,0.0,,,OFFICIAL-DERIVED,False
Season 1:@SpreadHarvester_MM:2026-07-16:NVDA:2026-07-17,Season 1,@SpreadHarvester_MM,NVDA,,short,60,14778.6,2026-07-16,246.31,VENUE-SIMULATED-FILL,MODELLED,2026-07-17,251.62,VENUE-SIMULATED-FILL,MODELLED,1,-318.68,-2.156361,0.0761,,,,,MODELLED,False
Season 1:@SpreadHarvester_MM:2026-07-17:NVDA:2026-07-17,Season 1,@SpreadHarvester_MM,NVDA,,long,84,21136.08,2026-07-17,251.62,VENUE-SIMULATED-FILL,MODELLED,2026-07-17,251.65,VENUE-SIMULATED-FILL,MODELLED,0,2.4,0.011355,0.1159,,,,,MODELLED,False
Live Book (rehearsal):@VolControl_MaxLev:2026-06-30:QQQ:2026-07-17,Live Book (rehearsal),@VolControl_MaxLev,QQQ,,long,40,28775.21,2026-06-30,719.38032,VENUE-SIMULATED-FILL,SECONDARY,2026-07-17,691.64,VENUE-SIMULATED-FILL,SECONDARY,17,-1110.43,-3.858981,0.8177,,,0.145,0.00028,SECONDARY,False
Live Book (rehearsal):@DowNasdaq_SpreadMax:2026-04-13:QQQ:2026-07-20,Live Book (rehearsal),@DowNasdaq_SpreadMax,QQQ,,long,160,102825.2,2026-04-13,642.6575,VENUE-SIMULATED-FILL,SECONDARY,2026-07-20,702.14,VENUE-SIMULATED-FILL,SECONDARY,98,9513.89,9.252489,3.3055,,,0.284,0.00012,SECONDARY,False
Season 2:@FDACatalyst_Rider:2026-07-14:XBI:2026-07-20,Season 2,@FDACatalyst_Rider,XBI,,long,1440,224265.6,2026-07-14,155.74,VENUE-SIMULATED-FILL,MODELLED,2026-07-20,154.62,VENUE-SIMULATED-FILL,MODELLED,6,-1626.31,-0.725171,13.5074,,,,,MODELLED,False
Season 1:@GapAndGo_YOLO:2026-07-20:CVNA:2026-07-20,Season 1,@GapAndGo_YOLO,CVNA,,long,6,4649.28,2026-07-20,774.88,VENUE-SIMULATED-FILL,MODELLED,2026-07-20,675.29,VENUE-SIMULATED-FILL,MODELLED,0,-597.66,-12.854894,0.1206,,,,,MODELLED,False
Season 1:@KitchenSink_AllIn:2026-02-09:QQQ:2026-07-20,Season 1,@KitchenSink_AllIn,QQQ,,long,41,28239.56,2026-02-09,688.769699,VENUE-SIMULATED-FILL,MODELLED,2026-07-20,679.07,VENUE-SIMULATED-FILL,MODELLED,161,-398.52,-1.411212,0.8275,,,,,MODELLED,False
Season 1:@KitchenSink_AllIn:2026-02-23:CVNA:2026-07-20,Season 1,@KitchenSink_AllIn,CVNA,,long,59,35610.56,2026-02-23,603.568832,VENUE-SIMULATED-FILL,MODELLED,2026-07-20,774.77,VENUE-SIMULATED-FILL,MODELLED,147,10099.56,28.361137,1.3072,,,,,MODELLED,False
Season 1:@KitchenSink_AllIn:2026-02-26:AAPL:2026-07-20,Season 1,@KitchenSink_AllIn,AAPL,,long,134,44157.02,2026-02-26,329.529994,VENUE-SIMULATED-FILL,MODELLED,2026-07-20,323.07,VENUE-SIMULATED-FILL,MODELLED,144,-867.36,-1.964263,1.7219,,,,,MODELLED,False
Season 1:@KitchenSink_AllIn:2026-04-17:META:2026-07-20,Season 1,@KitchenSink_AllIn,META,,long,20,27633.57,2026-04-17,1381.678627,VENUE-SIMULATED-FILL,MODELLED,2026-07-20,1294.35,VENUE-SIMULATED-FILL,MODELLED,94,-1747.23,-6.322852,0.6572,,,,,MODELLED,False
Season 1:@KitchenSink_AllIn:2026-04-21:SPY:2026-07-20,Season 1,@KitchenSink_AllIn,SPY,,long,38,28572.73,2026-04-21,751.913891,VENUE-SIMULATED-FILL,MODELLED,2026-07-20,742.79,VENUE-SIMULATED-FILL,MODELLED,90,-347.52,-1.216265,0.8169,,,,,MODELLED,False
Season 1:@KitchenSink_AllIn:2026-05-12:IWM:2026-07-20,Season 1,@KitchenSink_AllIn,IWM,,long,107,28085.41,2026-05-12,262.480491,VENUE-SIMULATED-FILL,MODELLED,2026-07-20,257.96,VENUE-SIMULATED-FILL,MODELLED,69,-484.92,-1.72659,1.2315,,,,,MODELLED,False
Season 1:@KitchenSink_AllIn:2026-07-02:AMZN:2026-07-20,Season 1,@KitchenSink_AllIn,AMZN,,long,106,27003.69,2026-07-02,254.751818,VENUE-SIMULATED-FILL,MODELLED,2026-07-20,241.79,VENUE-SIMULATED-FILL,MODELLED,18,-1375.14,-5.092415,1.1846,,,,,MODELLED,False
Live Book (rehearsal):@OilDollar_FadeUNG:2026-06-18:UNG:2026-07-20,Live Book (rehearsal),@OilDollar_FadeUNG,UNG,,short,7900,88778.68,2026-06-18,11.237808,VENUE-SIMULATED-FILL,SECONDARY,2026-07-20,10.39,VENUE-SIMULATED-FILL,SECONDARY,32,6646.92,7.487068,50.7694,,,9.634,0.09549,SECONDARY,False
Season 1:@OvernightCarry_NO:2026-07-17:SPY:2026-07-20,Season 1,@OvernightCarry_NO,SPY,,long,257,191130.9,2026-07-17,743.7,VENUE-SIMULATED-FILL,MODELLED,2026-07-20,742.79,VENUE-SIMULATED-FILL,MODELLED,3,-239.39,-0.125249,5.5246,,,,,MODELLED,False
Season 1:@SpreadHarvester_MM:2026-07-17:NVDA:2026-07-20,Season 1,@SpreadHarvester_MM,NVDA,,short,61,15350.65,2026-07-17,251.65,VENUE-SIMULATED-FILL,MODELLED,2026-07-20,249.85,VENUE-SIMULATED-FILL,MODELLED,3,109.72,0.714758,0.0841,,,,,MODELLED,False
Season 1:@SpreadHarvester_MM:2026-07-20:NVDA:2026-07-20,Season 1,@SpreadHarvester_MM,NVDA,,long,88,21986.8,2026-07-20,249.85,VENUE-SIMULATED-FILL,MODELLED,2026-07-20,249.88,VENUE-SIMULATED-FILL,MODELLED,0,2.52,0.011461,0.1181,,,,,MODELLED,False
Season 1:@TrendSurfer_GoldenX:2025-09-19:JPM:2026-07-20,Season 1,@TrendSurfer_GoldenX,JPM,,long,11,3191.83,2025-09-19,290.166085,VENUE-SIMULATED-FILL,MODELLED,2026-07-20,298.83,VENUE-SIMULATED-FILL,MODELLED,304,95.17,2.981678,0.1359,,,,,MODELLED,False
Live Book (rehearsal):@VIXRegime_LiveMax:2026-04-09:QQQ:2026-07-20,Live Book (rehearsal),@VIXRegime_LiveMax,QQQ,,long,200,143147.15,2026-04-09,715.735729,VENUE-SIMULATED-FILL,SECONDARY,2026-07-20,702.14,VENUE-SIMULATED-FILL,SECONDARY,102,-2723.28,-1.902434,4.1318,,,0.284,0.00053,SECONDARY,False
Live Book (rehearsal):@VolControl_MaxLev:2026-06-30:QQQ:2026-07-20,Live Book (rehearsal),@VolControl_MaxLev,QQQ,,long,160,115100.85,2026-06-30,719.38032,VENUE-SIMULATED-FILL,SECONDARY,2026-07-20,702.14,VENUE-SIMULATED-FILL,SECONDARY,20,-2761.76,-2.399426,3.3055,,,0.284,0.00028,SECONDARY,False
Season 1:@BetaChaser_3xProxy:2025-09-17:CVNA:2026-07-21,Season 1,@BetaChaser_3xProxy,CVNA,,long,6,2001.33,2025-09-17,333.554963,VENUE-SIMULATED-FILL,MODELLED,2026-07-21,690.24,VENUE-SIMULATED-FILL,MODELLED,307,2139.99,106.928404,0.1225,,,,,MODELLED,False
Season 1:@BetaChaser_3xProxy:2025-09-17:TSLA:2026-07-21,Season 1,@BetaChaser_3xProxy,TSLA,,long,5,1639.36,2025-09-17,327.87104,VENUE-SIMULATED-FILL,MODELLED,2026-07-21,279.32,VENUE-SIMULATED-FILL,MODELLED,307,-242.81,-14.811311,0.0597,,,,,MODELLED,False
Live Book (rehearsal):@CurveSteepener_MaxBeta:2026-07-07:SPY:2026-07-21,Live Book (rehearsal),@CurveSteepener_MaxBeta,SPY,,long,80,60017.6,2026-07-07,750.22,VENUE-SIMULATED-FILL,SECONDARY,2026-07-21,746.28,VENUE-SIMULATED-FILL,SECONDARY,14,-316.93,-0.528062,1.7255,,,0.134,0.00027,SECONDARY,False
Live Book (rehearsal):@FDA_PDUFA_Drifter:2026-06-05:IBB:2026-07-21,Live Book (rehearsal),@FDA_PDUFA_Drifter,IBB,,long,200,37741.04,2026-06-05,188.705185,VENUE-SIMULATED-FILL,SECONDARY,2026-07-21,186.23,VENUE-SIMULATED-FILL,SECONDARY,46,-497.04,-1.316975,2.0063,,,0.537,0.01349,SECONDARY,False
Live Book (rehearsal):@FDA_PDUFA_Drifter:2026-07-15:XBI:2026-07-21,Live Book (rehearsal),@FDA_PDUFA_Drifter,XBI,,long,1300,199928.86,2026-07-15,153.791429,VENUE-SIMULATED-FILL,SECONDARY,2026-07-21,151.01,VENUE-SIMULATED-FILL,SECONDARY,6,-3627.95,-1.81462,12.0975,,,0.662,0.01426,SECONDARY,False
Season 1:@GapAndGo_YOLO:2026-07-21:CVNA:2026-07-21,Season 1,@GapAndGo_YOLO,CVNA,,long,7,4832.17,2026-07-21,690.31,VENUE-SIMULATED-FILL,MODELLED,2026-07-21,686.97,VENUE-SIMULATED-FILL,MODELLED,0,-23.52,-0.486738,0.1424,,,,,MODELLED,False
Live Book (rehearsal):@KitchenSink_Official:2026-06-30:TLT:2026-07-21,Live Book (rehearsal),@KitchenSink_Official,TLT,,long,100,8448.15,2026-06-30,84.481457,VENUE-SIMULATED-FILL,SECONDARY,2026-07-21,83.73,VENUE-SIMULATED-FILL,SECONDARY,21,-75.94,-0.898895,0.792,,,1.194,0.00386,SECONDARY,False
Season 1:@OvernightCarry_NO:2026-07-17:SPY:2026-07-21,Season 1,@OvernightCarry_NO,SPY,,long,29,21526.93,2026-07-17,742.308,VENUE-SIMULATED-FILL,MODELLED,2026-07-21,740.1,VENUE-SIMULATED-FILL,MODELLED,4,-64.65,-0.300321,0.6218,,,,,MODELLED,False
Official Auction Book:@SOFRPivot_Switch:2026-07-15:91282CQQ7:2026-07-21,Official Auction Book,@SOFRPivot_Switch,91282CQQ7,10-Year,long,10100.0,996601.87,2026-07-15,98.673452,SECONDARY-CURVE,OFFICIAL,2026-07-21,98.036765,SECONDARY-CURVE,OFFICIAL-DERIVED,6,-64.31,-0.006453,0.0,0.0,0.0,,,OFFICIAL-DERIVED,False
Season 1:@SpreadHarvester_MM:2026-07-20:NVDA:2026-07-21,Season 1,@SpreadHarvester_MM,NVDA,,short,60,14992.8,2026-07-20,249.88,VENUE-SIMULATED-FILL,MODELLED,2026-07-21,248.1,VENUE-SIMULATED-FILL,MODELLED,1,106.72,0.711808,0.0805,,,,,MODELLED,False
Live Book (rehearsal):@CurveSteepener_MaxBeta:2026-07-21:JPM:2026-07-22,Live Book (rehearsal),@CurveSteepener_MaxBeta,JPM,,long,120,40815.6,2026-07-21,340.13,VENUE-SIMULATED-FILL,SECONDARY,2026-07-22,345.06,VENUE-SIMULATED-FILL,SECONDARY,1,590.0,1.445526,1.5964,,,0.29,0.00199,SECONDARY,False
Live Book (rehearsal):@CurveSteepener_MaxBeta:2026-07-21:XOM:2026-07-22,Live Book (rehearsal),@CurveSteepener_MaxBeta,XOM,,long,300,44703.0,2026-07-21,149.01,VENUE-SIMULATED-FILL,SECONDARY,2026-07-22,153.86,VENUE-SIMULATED-FILL,SECONDARY,1,1452.19,3.248529,2.8094,,,0.0,0.00228,SECONDARY,False
Live Book (rehearsal):@FDA_PDUFA_Drifter:2026-06-05:IBB:2026-07-22,Live Book (rehearsal),@FDA_PDUFA_Drifter,IBB,,long,100,18870.52,2026-06-05,188.705185,VENUE-SIMULATED-FILL,SECONDARY,2026-07-22,188.35,VENUE-SIMULATED-FILL,SECONDARY,47,-36.53,-0.193582,1.0075,,,0.531,0.01349,SECONDARY,False
Live Book (rehearsal):@FDA_PDUFA_Drifter:2026-07-15:XBI:2026-07-22,Live Book (rehearsal),@FDA_PDUFA_Drifter,XBI,,long,100,15379.14,2026-07-15,153.791429,VENUE-SIMULATED-FILL,SECONDARY,2026-07-22,153.63,VENUE-SIMULATED-FILL,SECONDARY,7,-17.08,-0.11106,0.936,,,0.651,0.01426,SECONDARY,False
Season 1:@OvernightCarry_NO:2026-07-17:SPY:2026-07-22,Season 1,@OvernightCarry_NO,SPY,,long,259,193943.03,2026-07-17,748.81478,VENUE-SIMULATED-FILL,MODELLED,2026-07-22,750.23,VENUE-SIMULATED-FILL,MODELLED,5,360.93,0.186101,5.6073,,,,,MODELLED,False
Live Book (rehearsal):@SOFRPivot_Rider:2026-07-17:QQQ:2026-07-22,Live Book (rehearsal),@SOFRPivot_Rider,QQQ,,long,160,111508.0,2026-07-17,696.925,VENUE-SIMULATED-FILL,SECONDARY,2026-07-22,703.6,VENUE-SIMULATED-FILL,SECONDARY,5,1064.69,0.95481,3.3103,,,0.284,0.00015,SECONDARY,False
Live Book (rehearsal):@SOFRPivot_Rider:2026-07-17:TSLA:2026-07-22,Live Book (rehearsal),@SOFRPivot_Rider,TSLA,,long,120,45816.0,2026-07-17,381.8,VENUE-SIMULATED-FILL,SECONDARY,2026-07-22,375.51,VENUE-SIMULATED-FILL,SECONDARY,5,-756.47,-1.651104,1.6717,,,0.533,0.00038,SECONDARY,False
Official Auction Book:@SOFRPivot_Switch:2026-07-15:91282CQQ7:2026-07-22,Official Auction Book,@SOFRPivot_Switch,91282CQQ7,10-Year,long,366000.0,36114483.43,2026-07-15,98.673452,SECONDARY-CURVE,OFFICIAL,2026-07-22,97.729251,SECONDARY-CURVE,OFFICIAL-DERIVED,7,-3455.78,-0.009569,0.0,0.0,0.0,,,OFFICIAL-DERIVED,False
Season 1:@SpreadHarvester_MM:2026-07-20:NVDA:2026-07-22,Season 1,@SpreadHarvester_MM,NVDA,,short,95,23574.1,2026-07-20,248.148421,VENUE-SIMULATED-FILL,MODELLED,2026-07-22,258.92,VENUE-SIMULATED-FILL,MODELLED,2,-1023.42,-4.34129,0.1241,,,,,MODELLED,False
Season 1:@SpreadHarvester_MM:2026-07-22:NVDA:2026-07-22,Season 1,@SpreadHarvester_MM,NVDA,,long,51,13204.92,2026-07-22,258.92,VENUE-SIMULATED-FILL,MODELLED,2026-07-22,258.95,VENUE-SIMULATED-FILL,MODELLED,0,1.45,0.010981,0.078,,,,,MODELLED,False
Season 1:@VIXRegime_Timer:2025-09-17:SPY:2026-07-22,Season 1,@VIXRegime_Timer,SPY,,long,82,60480.6,2025-09-17,737.568247,VENUE-SIMULATED-FILL,MODELLED,2026-07-22,750.23,VENUE-SIMULATED-FILL,MODELLED,308,1036.49,1.713756,1.7753,,,,,MODELLED,False
Official Auction Book:@BillCarry_TenX:2026-06-09:912797TP2:2026-07-23,Official Auction Book,@BillCarry_TenX,912797TP2,26-Week,long,4200.0,418236.0,2026-06-09,99.58,PRIMARY-AUCTION,OFFICIAL,2026-07-23,100.0,MATURITY-REDEMPTION,OFFICIAL,44,17.64,0.004218,0.0,0.0,0.0,,,OFFICIAL,True
Live Book (rehearsal):@CurveSteepener_MaxBeta:2026-07-07:SPY:2026-07-23,Live Book (rehearsal),@CurveSteepener_MaxBeta,SPY,,long,40,29936.8,2026-07-07,748.42,VENUE-SIMULATED-FILL,SECONDARY,2026-07-23,739.36,VENUE-SIMULATED-FILL,SECONDARY,16,-363.26,-1.213423,0.857,,,0.135,0.00027,SECONDARY,False
Season 2:@FDACatalyst_Rider:2026-07-22:XBI:2026-07-23,Season 2,@FDACatalyst_Rider,XBI,,long,17,2612.05,2026-07-22,153.65,VENUE-SIMULATED-FILL,MODELLED,2026-07-23,149.99,VENUE-SIMULATED-FILL,MODELLED,1,-62.38,-2.388163,0.1578,,,,,MODELLED,False
Season 1:@GapAndGo_YOLO:2026-07-23:CVNA:2026-07-23,Season 1,@GapAndGo_YOLO,CVNA,,long,6,4350.42,2026-07-23,725.07,VENUE-SIMULATED-FILL,MODELLED,2026-07-23,680.22,VENUE-SIMULATED-FILL,MODELLED,0,-269.22,-6.188368,0.1212,,,,,MODELLED,False
Season 1:@GapAndGo_YOLO:2026-07-23:RIVN:2026-07-23,Season 1,@GapAndGo_YOLO,RIVN,,long,287,5011.02,2026-07-23,17.46,VENUE-SIMULATED-FILL,MODELLED,2026-07-23,16.13,VENUE-SIMULATED-FILL,MODELLED,0,-383.58,-7.654729,1.8733,,,,,MODELLED,False
Season 1:@OvernightCarry_NO:2026-07-22:SPY:2026-07-23,Season 1,@OvernightCarry_NO,SPY,,long,26,19443.32,2026-07-22,747.82,VENUE-SIMULATED-FILL,MODELLED,2026-07-23,750.68,VENUE-SIMULATED-FILL,MODELLED,1,73.8,0.379565,0.5631,,,,,MODELLED,False
Season 1:@SpreadHarvester_MM:2026-07-22:NVDA:2026-07-23,Season 1,@SpreadHarvester_MM,NVDA,,short,89,23046.55,2026-07-22,258.95,VENUE-SIMULATED-FILL,MODELLED,2026-07-23,256.0,VENUE-SIMULATED-FILL,MODELLED,1,262.41,1.138609,0.1361,,,,,MODELLED,False
Season 1:@SpreadHarvester_MM:2026-07-23:NVDA:2026-07-23,Season 1,@SpreadHarvester_MM,NVDA,,long,64,16384.0,2026-07-23,256.0,VENUE-SIMULATED-FILL,MODELLED,2026-07-23,256.03,VENUE-SIMULATED-FILL,MODELLED,0,1.83,0.011169,0.094,,,,,MODELLED,False
Live Book (rehearsal):@DowNasdaq_SpreadMax:2026-04-13:QQQ:2026-07-24,Live Book (rehearsal),@DowNasdaq_SpreadMax,QQQ,,long,120,82233.5,2026-04-13,685.279167,VENUE-SIMULATED-FILL,SECONDARY,2026-07-24,690.39,VENUE-SIMULATED-FILL,SECONDARY,102,610.85,0.742824,2.45,,,0.289,0.00012,SECONDARY,False
Season 1:@KitchenSink_AllIn:2026-07-10:XOM:2026-07-24,Season 1,@KitchenSink_AllIn,XOM,,long,435,45179.3,2026-07-10,103.86046,VENUE-SIMULATED-FILL,MODELLED,2026-07-24,102.0,VENUE-SIMULATED-FILL,MODELLED,14,-812.91,-1.799297,3.6088,,,,,MODELLED,False
Season 1:@KitchenSink_AllIn:2026-07-22:AAPL:2026-07-24,Season 1,@KitchenSink_AllIn,AAPL,,long,137,44937.37,2026-07-22,328.01,VENUE-SIMULATED-FILL,MODELLED,2026-07-24,318.96,VENUE-SIMULATED-FILL,MODELLED,2,-1241.6,-2.762957,1.7489,,,,,MODELLED,False
Season 1:@KitchenSink_AllIn:2026-07-22:JPM:2026-07-24,Season 1,@KitchenSink_AllIn,JPM,,long,150,45195.0,2026-07-22,301.3,VENUE-SIMULATED-FILL,MODELLED,2026-07-24,287.71,VENUE-SIMULATED-FILL,MODELLED,2,-2040.32,-4.514482,1.8183,,,,,MODELLED,False
Season 1:@KitchenSink_AllIn:2026-07-22:QQQ:2026-07-24,Season 1,@KitchenSink_AllIn,QQQ,,long,65,44523.05,2026-07-22,684.97,VENUE-SIMULATED-FILL,MODELLED,2026-07-24,673.46,VENUE-SIMULATED-FILL,MODELLED,2,-749.45,-1.683285,1.3044,,,,,MODELLED,False
Season 1:@KitchenSink_AllIn:2026-07-22:SPY:2026-07-24,Season 1,@KitchenSink_AllIn,SPY,,long,59,44264.16,2026-07-22,750.24,VENUE-SIMULATED-FILL,MODELLED,2026-07-24,736.08,VENUE-SIMULATED-FILL,MODELLED,2,-836.7,-1.890243,1.2601,,,,,MODELLED,False
Season 1:@OvernightCarry_NO:2026-07-23:SPY:2026-07-24,Season 1,@OvernightCarry_NO,SPY,,long,258,190605.24,2026-07-23,738.78,VENUE-SIMULATED-FILL,MODELLED,2026-07-24,736.08,VENUE-SIMULATED-FILL,MODELLED,1,-702.11,-0.368358,5.5104,,,,,MODELLED,False
Season 1:@OverreactionFade_LT:2026-07-21:CVNA:2026-07-24,Season 1,@OverreactionFade_LT,CVNA,,long,89,61442.93,2026-07-21,690.37,VENUE-SIMULATED-FILL,MODELLED,2026-07-24,668.73,VENUE-SIMULATED-FILL,MODELLED,3,-1927.74,-3.137448,1.7774,,,,,MODELLED,False
Season 2:@PinePilot_EMA_Cross:2025-09-17:IWM:2026-07-24,Season 2,@PinePilot_EMA_Cross,IWM,,long,4,1086.95,2025-09-17,271.736339,VENUE-SIMULATED-FILL,MODELLED,2026-07-24,293.41,VENUE-SIMULATED-FILL,MODELLED,310,86.65,7.971882,0.049,,,,,MODELLED,False
Season 1:@SpreadHarvester_MM:2026-07-23:NVDA:2026-07-24,Season 1,@SpreadHarvester_MM,NVDA,,short,89,22786.67,2026-07-23,256.03,VENUE-SIMULATED-FILL,MODELLED,2026-07-24,246.75,VENUE-SIMULATED-FILL,MODELLED,1,825.79,3.624005,0.1308,,,,,MODELLED,False
Season 1:@SpreadHarvester_MM:2026-07-24:NVDA:2026-07-24,Season 1,@SpreadHarvester_MM,NVDA,,long,76,18753.0,2026-07-24,246.75,VENUE-SIMULATED-FILL,MODELLED,2026-07-24,246.78,VENUE-SIMULATED-FILL,MODELLED,0,2.18,0.011625,0.0972,,,,,MODELLED,False
Season 1:@SqueezeHunter_TF:2026-07-22:TSLA:2026-07-24,Season 1,@SqueezeHunter_TF,TSLA,,long,161,49166.18,2026-07-22,305.38,VENUE-SIMULATED-FILL,MODELLED,2026-07-24,324.65,VENUE-SIMULATED-FILL,MODELLED,2,3100.4,6.305961,2.0741,,,,,MODELLED,False
Live Book (rehearsal):@VIXRegime_LiveMax:2026-04-09:QQQ:2026-07-24,Live Book (rehearsal),@VIXRegime_LiveMax,QQQ,,long,120,84802.36,2026-04-09,706.686292,VENUE-SIMULATED-FILL,SECONDARY,2026-07-24,690.39,VENUE-SIMULATED-FILL,SECONDARY,106,-1958.01,-2.30891,2.45,,,0.289,0.00053,SECONDARY,False
Live Book (rehearsal):@VolControl_MaxLev:2026-07-22:QQQ:2026-07-24,Live Book (rehearsal),@VolControl_MaxLev,QQQ,,long,120,84436.8,2026-07-22,703.64,VENUE-SIMULATED-FILL,SECONDARY,2026-07-24,690.39,VENUE-SIMULATED-FILL,SECONDARY,2,-1592.45,-1.885967,2.45,,,0.289,0.00051,SECONDARY,False
Live Book (rehearsal):@CurveSteepener_MaxBeta:2026-07-23:JPM:2026-07-27,Live Book (rehearsal),@CurveSteepener_MaxBeta,JPM,,long,240,83344.0,2026-07-23,347.266667,VENUE-SIMULATED-FILL,SECONDARY,2026-07-27,357.88,VENUE-SIMULATED-FILL,SECONDARY,4,2543.94,3.052337,3.2562,,,0.28,0.00183,SECONDARY,False
Live Book (rehearsal):@CurveSteepener_MaxBeta:2026-07-23:XOM:2026-07-27,Live Book (rehearsal),@CurveSteepener_MaxBeta,XOM,,long,400,62675.2,2026-07-23,156.688,VENUE-SIMULATED-FILL,SECONDARY,2026-07-27,153.07,VENUE-SIMULATED-FILL,SECONDARY,4,-1450.94,-2.315015,3.7393,,,0.0,0.00253,SECONDARY,False
Season 2:@FDACatalyst_Rider:2026-07-22:XBI:2026-07-27,Season 2,@FDACatalyst_Rider,XBI,,long,1467,225394.11,2026-07-22,153.642883,VENUE-SIMULATED-FILL,MODELLED,2026-07-27,151.74,VENUE-SIMULATED-FILL,MODELLED,5,-2805.2,-1.244576,13.6737,,,,,MODELLED,False
Live Book (rehearsal):@MLB_Attention_Live:2026-07-15:PENN:2026-07-27,Live Book (rehearsal),@MLB_Attention_Live,PENN,,short,3100,64787.09,2026-07-15,20.899062,VENUE-SIMULATED-FILL,SECONDARY,2026-07-27,20.64,VENUE-SIMULATED-FILL,SECONDARY,12,782.55,1.207879,20.5391,,,4.848,0.04307,SECONDARY,False
Season 1:@OvernightCarry_NO:2026-07-23:SPY:2026-07-27,Season 1,@OvernightCarry_NO,SPY,,long,31,22912.98,2026-07-23,739.128387,VENUE-SIMULATED-FILL,MODELLED,2026-07-27,739.6,VENUE-SIMULATED-FILL,MODELLED,4,13.96,0.060926,0.6644,,,,,MODELLED,False
Season 1:@SpreadHarvester_MM:2026-07-24:NVDA:2026-07-27,Season 1,@SpreadHarvester_MM,NVDA,,short,89,21963.42,2026-07-24,246.78,VENUE-SIMULATED-FILL,MODELLED,2026-07-27,242.06,VENUE-SIMULATED-FILL,MODELLED,3,419.97,1.912134,0.1138,,,,,MODELLED,False
Season 1:@SpreadHarvester_MM:2026-07-27:NVDA:2026-07-27,Season 1,@SpreadHarvester_MM,NVDA,,long,18,4357.08,2026-07-27,242.06,VENUE-SIMULATED-FILL,MODELLED,2026-07-27,242.09,VENUE-SIMULATED-FILL,MODELLED,0,0.52,0.011935,0.0213,,,,,MODELLED,False
Season 1:@BetaChaser_3xProxy:2025-09-17:TSLA:2026-07-28,Season 1,@BetaChaser_3xProxy,TSLA,,long,30,9836.13,2025-09-17,327.87104,VENUE-SIMULATED-FILL,MODELLED,2026-07-28,313.03,VENUE-SIMULATED-FILL,MODELLED,314,-445.61,-4.530338,0.3793,,,,,MODELLED,False
Official Auction Book:@BillCarry_TenX:2026-06-25:912797UR6:2026-07-28,Official Auction Book,@BillCarry_TenX,912797UR6,17-Week,long,822800.0,82048975.86,2026-06-25,99.719222,PRIMARY-AUCTION,OFFICIAL,2026-07-28,100.0,MATURITY-REDEMPTION,OFFICIAL,33,2310.24,0.002816,0.0,0.0,0.0,,,OFFICIAL,True
Live Book (rehearsal):@CurveSteepener_MaxBeta:2026-07-07:SPY:2026-07-28,Live Book (rehearsal),@CurveSteepener_MaxBeta,SPY,,long,40,29936.8,2026-07-07,748.42,VENUE-SIMULATED-FILL,SECONDARY,2026-07-28,739.19,VENUE-SIMULATED-FILL,SECONDARY,21,-370.06,-1.236137,0.8569,,,0.0,0.00027,SECONDARY,False
Live Book (rehearsal):@FDA_PDUFA_Drifter:2026-07-23:IBB:2026-07-28,Live Book (rehearsal),@FDA_PDUFA_Drifter,IBB,,long,200,37248.0,2026-07-23,186.24,VENUE-SIMULATED-FILL,SECONDARY,2026-07-28,190.01,VENUE-SIMULATED-FILL,SECONDARY,5,751.98,2.018847,2.0218,,,1.052,0.02323,SECONDARY,False
Live Book (rehearsal):@FDA_PDUFA_Drifter:2026-07-23:XBI:2026-07-28,Live Book (rehearsal),@FDA_PDUFA_Drifter,XBI,,long,1200,180943.38,2026-07-23,150.786154,VENUE-SIMULATED-FILL,SECONDARY,2026-07-28,150.49,VENUE-SIMULATED-FILL,SECONDARY,5,-366.54,-0.202572,11.1541,,,0.664,0.01354,SECONDARY,False
Season 1:@GapAndGo_YOLO:2026-07-28:CVNA:2026-07-28,Season 1,@GapAndGo_YOLO,CVNA,,long,7,4538.94,2026-07-28,648.42,VENUE-SIMULATED-FILL,MODELLED,2026-07-28,628.25,VENUE-SIMULATED-FILL,MODELLED,0,-141.32,-3.113502,0.134,,,,,MODELLED,False
Season 2:@MLB_Attention_Momo:2026-06-16:FLUT:2026-07-28,Season 2,@MLB_Attention_Momo,FLUT,,long,842,85390.86,2026-06-16,101.414324,VENUE-SIMULATED-FILL,MODELLED,2026-07-28,108.48,VENUE-SIMULATED-FILL,MODELLED,42,5942.2,6.958824,7.0978,,,,,MODELLED,False
Season 2:@MLB_Attention_Momo:2026-07-10:PENN:2026-07-28,Season 2,@MLB_Attention_Momo,PENN,,long,4322,88662.91,2026-07-10,20.514324,VENUE-SIMULATED-FILL,MODELLED,2026-07-28,21.23,VENUE-SIMULATED-FILL,MODELLED,18,3064.49,3.456338,28.665,,,,,MODELLED,False
Season 2:@MLB_Attention_Momo:2026-07-24:DKNG:2026-07-28,Season 2,@MLB_Attention_Momo,DKNG,,long,3778,87272.5,2026-07-24,23.100185,VENUE-SIMULATED-FILL,MODELLED,2026-07-28,24.19,VENUE-SIMULATED-FILL,MODELLED,4,4092.03,4.688797,25.2873,,,,,MODELLED,False
Season 1:@OvernightCarry_NO:2026-07-27:SPY:2026-07-28,Season 1,@OvernightCarry_NO,SPY,,long,256,189250.56,2026-07-27,739.26,VENUE-SIMULATED-FILL,MODELLED,2026-07-28,737.58,VENUE-SIMULATED-FILL,MODELLED,1,-435.56,-0.23015,5.4756,,,,,MODELLED,False
Season 1:@SpreadHarvester_MM:2026-07-27:NVDA:2026-07-28,Season 1,@SpreadHarvester_MM,NVDA,,short,79,19125.11,2026-07-27,242.09,VENUE-SIMULATED-FILL,MODELLED,2026-07-28,250.5,VENUE-SIMULATED-FILL,MODELLED,1,-664.48,-3.474385,0.0934,,,,,MODELLED,False
Official Auction Book:@TBillLadder_MaxRoll:2026-06-25:912797UR6:2026-07-28,Official Auction Book,@TBillLadder_MaxRoll,912797UR6,17-Week,long,102300.0,10201276.41,2026-06-25,99.719222,PRIMARY-AUCTION,OFFICIAL,2026-07-28,100.0,MATURITY-REDEMPTION,OFFICIAL,33,287.24,0.002816,0.0,0.0,0.0,,,OFFICIAL,True
Season 1:@TrendSurfer_GoldenX:2025-09-17:AMZN:2026-07-28,Season 1,@TrendSurfer_GoldenX,AMZN,,long,7,1639.67,2025-09-17,234.238337,VENUE-SIMULATED-FILL,MODELLED,2026-07-28,248.67,VENUE-SIMULATED-FILL,MODELLED,314,100.94,6.156123,0.0792,,,,,MODELLED,False
Live Book (rehearsal):@FDA_PDUFA_Drifter:2026-07-23:IBB:2026-07-29,Live Book (rehearsal),@FDA_PDUFA_Drifter,IBB,,long,100,18624.0,2026-07-23,186.24,VENUE-SIMULATED-FILL,SECONDARY,2026-07-29,190.38,VENUE-SIMULATED-FILL,SECONDARY,6,412.99,2.217515,1.0117,,,1.05,0.02323,SECONDARY,False
Live Book (rehearsal):@FDA_PDUFA_Drifter:2026-07-23:XBI:2026-07-29,Live Book (rehearsal),@FDA_PDUFA_Drifter,XBI,,long,100,15078.62,2026-07-23,150.786154,VENUE-SIMULATED-FILL,SECONDARY,2026-07-29,149.22,VENUE-SIMULATED-FILL,SECONDARY,6,-157.54,-1.044791,0.9269,,,0.67,0.01354,SECONDARY,False
Season 1:@GapAndGo_YOLO:2026-07-29:CVNA:2026-07-29,Season 1,@GapAndGo_YOLO,CVNA,,long,7,4479.86,2026-07-29,639.98,VENUE-SIMULATED-FILL,MODELLED,2026-07-29,550.2,VENUE-SIMULATED-FILL,MODELLED,0,-628.58,-14.031242,0.1227,,,,,MODELLED,False
Live Book (rehearsal):@MLB_Attention_Live:2026-06-24:DKNG:2026-07-29,Live Book (rehearsal),@MLB_Attention_Live,DKNG,,long,3300,78260.39,2026-06-24,23.715271,VENUE-SIMULATED-FILL,SECONDARY,2026-07-29,24.45,VENUE-SIMULATED-FILL,SECONDARY,35,2402.5,3.06988,22.1056,,,0.0,0.02394,SECONDARY,False
Live Book (rehearsal):@MLB_Attention_Live:2026-07-27:FLUT:2026-07-29,Live Book (rehearsal),@MLB_Attention_Live,FLUT,,long,400,42384.0,2026-07-27,105.96,VENUE-SIMULATED-FILL,SECONDARY,2026-07-29,107.82,VENUE-SIMULATED-FILL,SECONDARY,2,740.63,1.747428,3.3664,,,1.391,0.01907,SECONDARY,False
Live Book (rehearsal):@MLB_Attention_Live:2026-07-27:SRAD:2026-07-29,Live Book (rehearsal),@MLB_Attention_Live,SRAD,,long,3700,53909.0,2026-07-27,14.57,VENUE-SIMULATED-FILL,SECONDARY,2026-07-29,14.75,VENUE-SIMULATED-FILL,SECONDARY,2,641.95,1.190803,24.0457,,,13.541,0.39268,SECONDARY,False
Season 1:@OvernightCarry_NO:2026-07-28:SPY:2026-07-29,Season 1,@OvernightCarry_NO,SPY,,long,30,22224.6,2026-07-28,740.82,VENUE-SIMULATED-FILL,MODELLED,2026-07-29,736.5,VENUE-SIMULATED-FILL,MODELLED,1,-130.24,-0.586017,0.641,,,,,MODELLED,False
Season 2:@PinePilot_EMA_Cross:2025-09-17:SPY:2026-07-29,Season 2,@PinePilot_EMA_Cross,SPY,,long,1,710.42,2025-09-17,710.415789,VENUE-SIMULATED-FILL,MODELLED,2026-07-29,739.96,VENUE-SIMULATED-FILL,MODELLED,315,29.52,4.155313,0.0214,,,,,MODELLED,False
Season 1:@SpreadHarvester_MM:2026-07-27:NVDA:2026-07-29,Season 1,@SpreadHarvester_MM,NVDA,,short,112,27704.88,2026-07-27,247.365,VENUE-SIMULATED-FILL,MODELLED,2026-07-29,252.45,VENUE-SIMULATED-FILL,MODELLED,2,-569.66,-2.056172,0.1445,,,,,MODELLED,False
Season 1:@SpreadHarvester_MM:2026-07-29:NVDA:2026-07-29,Season 1,@SpreadHarvester_MM,NVDA,,long,32,8078.4,2026-07-29,252.45,VENUE-SIMULATED-FILL,MODELLED,2026-07-29,252.48,VENUE-SIMULATED-FILL,MODELLED,0,0.92,0.011388,0.0447,,,,,MODELLED,False
Season 1:@TrendSurfer_GoldenX:2025-09-25:QQQ:2026-07-29,Season 1,@TrendSurfer_GoldenX,QQQ,,long,1,602.64,2025-09-25,602.642464,VENUE-SIMULATED-FILL,MODELLED,2026-07-29,678.72,VENUE-SIMULATED-FILL,MODELLED,307,76.06,12.621082,0.0202,,,,,MODELLED,False
Season 1:@GapAndGo_YOLO:2026-07-30:RIVN:2026-07-30,Season 1,@GapAndGo_YOLO,RIVN,,long,261,4434.39,2026-07-30,16.99,VENUE-SIMULATED-FILL,MODELLED,2026-07-30,16.69,VENUE-SIMULATED-FILL,MODELLED,0,-80.01,-1.804307,1.7066,,,,,MODELLED,False
Live Book (rehearsal):@KitchenSink_Official:2026-07-13:SPY:2026-07-30,Live Book (rehearsal),@KitchenSink_Official,SPY,,long,80,60197.6,2026-07-13,752.47,VENUE-SIMULATED-FILL,SECONDARY,2026-07-30,736.04,VENUE-SIMULATED-FILL,SECONDARY,17,-1316.11,-2.186316,1.7086,,,0.136,0.00018,SECONDARY,False
Live Book (rehearsal):@LeapStyle_AutoLiquidate:2026-04-14:QQQ:2026-07-30,Live Book (rehearsal),@LeapStyle_AutoLiquidate,QQQ,,long,80,49618.4,2026-04-14,620.23,VENUE-SIMULATED-FILL,SECONDARY,2026-07-30,674.76,VENUE-SIMULATED-FILL,SECONDARY,107,4360.79,8.788655,1.6076,,,0.0,0.00016,SECONDARY,False
Live Book (rehearsal):@LeapStyle_AutoLiquidate:2026-04-15:NVDA:2026-07-30,Live Book (rehearsal),@LeapStyle_AutoLiquidate,NVDA,,long,100,19654.0,2026-04-15,196.54,VENUE-SIMULATED-FILL,SECONDARY,2026-07-30,193.44,VENUE-SIMULATED-FILL,SECONDARY,106,-311.02,-1.582477,1.018,,,0.517,5e-05,SECONDARY,False
Live Book (rehearsal):@LeapStyle_AutoLiquidate:2026-06-09:TSLA:2026-07-30,Live Book (rehearsal),@LeapStyle_AutoLiquidate,TSLA,,long,40,16441.6,2026-06-09,411.04,VENUE-SIMULATED-FILL,SECONDARY,2026-07-30,302.69,VENUE-SIMULATED-FILL,SECONDARY,51,-4334.5,-26.363006,0.4972,,,0.331,7e-05,SECONDARY,False
Live Book (rehearsal):@MLB_Attention_Live:2026-07-15:PENN:2026-07-30,Live Book (rehearsal),@MLB_Attention_Live,PENN,,short,1700,35610.19,2026-07-15,20.94717,VENUE-SIMULATED-FILL,SECONDARY,2026-07-30,21.08,VENUE-SIMULATED-FILL,SECONDARY,15,-237.08,-0.665765,11.2651,,,4.746,0.04307,SECONDARY,False
Season 2:@MLB_Attention_Momo:2026-07-29:PENN:2026-07-30,Season 2,@MLB_Attention_Momo,PENN,,long,134,2809.98,2026-07-29,20.97,VENUE-SIMULATED-FILL,MODELLED,2026-07-30,21.07,VENUE-SIMULATED-FILL,MODELLED,1,12.51,0.445199,0.8883,,,,,MODELLED,False
Season 1:@OvernightCarry_NO:2026-07-28:SPY:2026-07-30,Season 1,@OvernightCarry_NO,SPY,,long,256,186786.23,2026-07-28,729.633696,VENUE-SIMULATED-FILL,MODELLED,2026-07-30,732.35,VENUE-SIMULATED-FILL,MODELLED,2,689.93,0.369369,5.448,,,,,MODELLED,False
Season 1:@OverreactionFade_LT:2026-07-27:CVNA:2026-07-30,Season 1,@OverreactionFade_LT,CVNA,,long,97,60361.16,2026-07-27,622.28,VENUE-SIMULATED-FILL,MODELLED,2026-07-30,533.44,VENUE-SIMULATED-FILL,MODELLED,3,-8619.15,-14.279298,1.6668,,,,,MODELLED,False
Season 1:@OverreactionFade_LT:2026-07-27:TSLA:2026-07-30,Season 1,@OverreactionFade_LT,TSLA,,long,194,60225.36,2026-07-27,310.44,VENUE-SIMULATED-FILL,MODELLED,2026-07-30,293.21,VENUE-SIMULATED-FILL,MODELLED,3,-3344.99,-5.554122,2.3736,,,,,MODELLED,False
Season 1:@OverreactionFade_LT:2026-07-27:TSLA:2026-07-30,Season 1,@OverreactionFade_LT,TSLA,,long,1,310.44,2026-07-27,310.44,VENUE-SIMULATED-FILL,MODELLED,2026-07-30,293.21,VENUE-SIMULATED-FILL,MODELLED,3,-17.24,-5.553408,0.0122,,,,,MODELLED,False
Season 2:@PinePilot_EMA_Cross:2025-09-17:IWM:2026-07-30,Season 2,@PinePilot_EMA_Cross,IWM,,long,3,815.21,2025-09-17,271.736339,VENUE-SIMULATED-FILL,MODELLED,2026-07-30,291.14,VENUE-SIMULATED-FILL,MODELLED,316,58.17,7.135593,0.0366,,,,,MODELLED,False
Season 1:@SpreadHarvester_MM:2026-07-29:NVDA:2026-07-30,Season 1,@SpreadHarvester_MM,NVDA,,short,107,27015.36,2026-07-29,252.48,VENUE-SIMULATED-FILL,MODELLED,2026-07-30,256.4,VENUE-SIMULATED-FILL,MODELLED,1,-419.59,-1.553153,0.1494,,,,,MODELLED,False
Season 1:@SpreadHarvester_MM:2026-07-30:NVDA:2026-07-30,Season 1,@SpreadHarvester_MM,NVDA,,long,39,9999.6,2026-07-30,256.4,VENUE-SIMULATED-FILL,MODELLED,2026-07-30,256.43,VENUE-SIMULATED-FILL,MODELLED,0,1.11,0.0111,0.0576,,,,,MODELLED,False
Live Book (rehearsal):@VIXRegime_LiveMax:2026-04-09:QQQ:2026-07-30,Live Book (rehearsal),@VIXRegime_LiveMax,QQQ,,long,80,56534.9,2026-04-09,706.686292,VENUE-SIMULATED-FILL,SECONDARY,2026-07-30,674.75,VENUE-SIMULATED-FILL,SECONDARY,112,-2556.51,-4.522003,1.6076,,,0.148,0.00053,SECONDARY,False
Live Book (rehearsal):@VolControl_MaxLev:2026-07-29:QQQ:2026-07-30,Live Book (rehearsal),@VolControl_MaxLev,QQQ,,long,80,54042.4,2026-07-29,675.53,VENUE-SIMULATED-FILL,SECONDARY,2026-07-30,674.76,VENUE-SIMULATED-FILL,SECONDARY,1,-63.21,-0.116964,1.6076,,,0.0,0.00021,SECONDARY,False
Live Book (rehearsal):@KitchenSink_Official:2026-07-30:TLT:2026-07-31,Live Book (rehearsal),@KitchenSink_Official,TLT,,long,800,66248.0,2026-07-30,82.81,VENUE-SIMULATED-FILL,SECONDARY,2026-07-31,82.44,VENUE-SIMULATED-FILL,SECONDARY,1,-302.31,-0.456331,6.3146,,,1.212,0.00223,SECONDARY,False
Official Auction Book:@LongBond_MaxDur:2026-04-15:912810UR7:2026-07-31,Official Auction Book,@LongBond_MaxDur,912810UR7,30-Year,long,326200.0,31906733.69,2026-04-15,97.813408,SECONDARY-CURVE,OFFICIAL,2026-07-31,92.253675,MARGIN-LIQUIDATION,OFFICIAL-DERIVED,107,-18135.85,-0.05684,0.0,0.0,0.0,,,OFFICIAL-DERIVED,False
Season 2:@MLB_Attention_Momo:2026-07-29:DKNG:2026-07-31,Season 2,@MLB_Attention_Momo,DKNG,,long,133,3254.51,2026-07-29,24.47,VENUE-SIMULATED-FILL,MODELLED,2026-07-31,23.79,VENUE-SIMULATED-FILL,MODELLED,2,-91.33,-2.80626,0.8891,,,,,MODELLED,False
Season 2:@MLB_Attention_Momo:2026-07-29:PENN:2026-07-31,Season 2,@MLB_Attention_Momo,PENN,,long,65,1363.05,2026-07-29,20.97,VENUE-SIMULATED-FILL,MODELLED,2026-07-31,20.6,VENUE-SIMULATED-FILL,MODELLED,2,-24.48,-1.795972,0.4303,,,,,MODELLED,False
Season 1:@OvernightCarry_NO:2026-07-28:SPY:2026-07-31,Season 1,@OvernightCarry_NO,SPY,,long,34,25205.73,2026-07-28,741.345109,VENUE-SIMULATED-FILL,MODELLED,2026-07-31,746.87,VENUE-SIMULATED-FILL,MODELLED,3,187.11,0.742331,0.7337,,,,,MODELLED,False
Season 1:@OverreactionFade_LT:2026-07-30:CVNA:2026-07-31,Season 1,@OverreactionFade_LT,CVNA,,long,6,3201.12,2026-07-30,533.52,VENUE-SIMULATED-FILL,MODELLED,2026-07-31,542.66,VENUE-SIMULATED-FILL,MODELLED,1,54.74,1.710026,0.1042,,,,,MODELLED,False
Live Book (rehearsal):@SOFRPivot_Rider:2026-07-23:SPY:2026-07-31,Live Book (rehearsal),@SOFRPivot_Rider,SPY,,long,80,59149.6,2026-07-23,739.37,VENUE-SIMULATED-FILL,SECONDARY,2026-07-31,744.67,VENUE-SIMULATED-FILL,SECONDARY,8,422.28,0.713919,1.7228,,,0.134,0.00014,SECONDARY,False
Official Auction Book:@SOFRPivot_Switch:2026-07-30:91282CQQ7:2026-07-31,Official Auction Book,@SOFRPivot_Switch,91282CQQ7,10-Year,long,300.0,29300.87,2026-07-30,97.669554,SECONDARY-CURVE,OFFICIAL,2026-07-31,97.12603,SECONDARY-CURVE,OFFICIAL-DERIVED,1,-1.63,-0.005563,0.0,0.0,0.0,,,OFFICIAL-DERIVED,False
Season 1:@SpreadHarvester_MM:2026-07-30:NVDA:2026-07-31,Season 1,@SpreadHarvester_MM,NVDA,,short,99,25386.57,2026-07-30,256.43,VENUE-SIMULATED-FILL,MODELLED,2026-07-31,268.91,VENUE-SIMULATED-FILL,MODELLED,1,-1235.67,-4.867416,0.1463,,,,,MODELLED,False
Season 1:@SpreadHarvester_MM:2026-07-31:NVDA:2026-07-31,Season 1,@SpreadHarvester_MM,NVDA,,long,43,11563.13,2026-07-31,268.91,VENUE-SIMULATED-FILL,MODELLED,2026-07-31,268.94,VENUE-SIMULATED-FILL,MODELLED,0,1.22,0.010551,0.0746,,,,,MODELLED,False
Live Book (rehearsal):@VIXRegime_LiveMax:2026-07-30:QQQ:2026-07-31,Live Book (rehearsal),@VIXRegime_LiveMax,QQQ,,short,160,107960.0,2026-07-30,674.75,VENUE-SIMULATED-FILL,SECONDARY,2026-07-31,692.13,VENUE-SIMULATED-FILL,SECONDARY,1,-2784.02,-2.578751,3.2152,,,0.289,0.00036,SECONDARY,False
Season 1:@VIXRegime_Timer:2025-09-17:SPY:2026-07-31,Season 1,@VIXRegime_Timer,SPY,,long,83,61178.74,2025-09-17,737.093236,VENUE-SIMULATED-FILL,MODELLED,2026-07-31,746.87,VENUE-SIMULATED-FILL,MODELLED,317,809.68,1.323466,1.7912,,,,,MODELLED,False
Season 2:@FDACatalyst_Rider:2026-07-29:XBI:2026-08-03,Season 2,@FDACatalyst_Rider,XBI,,long,20,2985.04,2026-07-29,149.251791,VENUE-SIMULATED-FILL,MODELLED,2026-08-03,146.97,VENUE-SIMULATED-FILL,MODELLED,5,-45.82,-1.53499,0.1845,,,,,MODELLED,False
Live Book (rehearsal):@KitchenSink_Official:2026-07-30:TLT:2026-08-03,Live Book (rehearsal),@KitchenSink_Official,TLT,,long,100,8281.0,2026-07-30,82.81,VENUE-SIMULATED-FILL,SECONDARY,2026-08-03,82.23,VENUE-SIMULATED-FILL,SECONDARY,4,-58.79,-0.709938,0.7889,,,1.216,0.00223,SECONDARY,False
Live Book (rehearsal):@KitchenSink_Official:2026-07-31:SPY:2026-08-03,Live Book (rehearsal),@KitchenSink_Official,SPY,,long,80,59574.4,2026-07-31,744.68,VENUE-SIMULATED-FILL,SECONDARY,2026-08-03,749.44,VENUE-SIMULATED-FILL,SECONDARY,3,379.07,0.636297,1.7307,,,0.0,0.00013,SECONDARY,False
Season 2:@LeapMaxLever_Momentum:2025-09-17:QQQ:2026-08-03,Season 2,@LeapMaxLever_Momentum,QQQ,,long,21,12784.09,2025-09-17,608.766026,VENUE-SIMULATED-FILL,MODELLED,2026-08-03,688.29,VENUE-SIMULATED-FILL,MODELLED,320,1669.58,13.05983,0.4278,,,,,MODELLED,False
Season 2:@MLB_Attention_Momo:2026-07-29:FLUT:2026-08-03,Season 2,@MLB_Attention_Momo,FLUT,,long,18,1941.48,2026-07-29,107.86,VENUE-SIMULATED-FILL,MODELLED,2026-08-03,105.72,VENUE-SIMULATED-FILL,MODELLED,5,-38.67,-1.991779,0.1507,,,,,MODELLED,False
Season 1:@OvernightCarry_NO:2026-07-31:SPY:2026-08-03,Season 1,@OvernightCarry_NO,SPY,,long,251,187471.9,2026-07-31,746.9,VENUE-SIMULATED-FILL,MODELLED,2026-08-03,745.86,VENUE-SIMULATED-FILL,MODELLED,3,-266.45,-0.142128,5.4115,,,,,MODELLED,False
Season 1:@OverreactionFade_LT:2026-07-30:TSLA:2026-08-03,Season 1,@OverreactionFade_LT,TSLA,,short,2,586.42,2026-07-30,293.21,VENUE-SIMULATED-FILL,MODELLED,2026-08-03,333.84,VENUE-SIMULATED-FILL,MODELLED,4,-81.28,-13.860373,0.0244,,,,,MODELLED,False
Live Book (rehearsal):@SOFRPivot_Rider:2026-07-31:QQQ:2026-08-03,Live Book (rehearsal),@SOFRPivot_Rider,QQQ,,long,80,55370.4,2026-07-31,692.13,VENUE-SIMULATED-FILL,SECONDARY,2026-08-03,688.29,VENUE-SIMULATED-FILL,SECONDARY,3,-308.83,-0.557753,1.6299,,,0.145,0.00016,SECONDARY,False
Live Book (rehearsal):@SOFRPivot_Rider:2026-07-31:TSLA:2026-08-03,Live Book (rehearsal),@SOFRPivot_Rider,TSLA,,long,120,37165.2,2026-07-31,309.71,VENUE-SIMULATED-FILL,SECONDARY,2026-08-03,310.94,VENUE-SIMULATED-FILL,SECONDARY,3,146.09,0.393083,1.512,,,0.643,0.00033,SECONDARY,False
Official Auction Book:@SOFRPivot_Switch:2026-07-30:91282CQQ7:2026-08-03,Official Auction Book,@SOFRPivot_Switch,91282CQQ7,10-Year,long,346600.0,33852267.42,2026-07-30,97.669554,SECONDARY-CURVE,OFFICIAL,2026-08-03,97.518121,SECONDARY-CURVE,OFFICIAL-DERIVED,4,-524.87,-0.00155,0.0,0.0,0.0,,,OFFICIAL-DERIVED,False
Season 1:@SpreadHarvester_MM:2026-07-31:NVDA:2026-08-03,Season 1,@SpreadHarvester_MM,NVDA,,short,85,22859.9,2026-07-31,268.94,VENUE-SIMULATED-FILL,MODELLED,2026-08-03,268.14,VENUE-SIMULATED-FILL,MODELLED,3,67.85,0.296808,0.1475,,,,,MODELLED,False
Season 1:@SpreadHarvester_MM:2026-08-03:NVDA:2026-08-03,Season 1,@SpreadHarvester_MM,NVDA,,long,63,16892.82,2026-08-03,268.14,VENUE-SIMULATED-FILL,MODELLED,2026-08-03,268.17,VENUE-SIMULATED-FILL,MODELLED,0,1.78,0.010537,0.1083,,,,,MODELLED,False
Season 1:@BetaChaser_3xProxy:2025-09-17:TSLA:2026-08-04,Season 1,@BetaChaser_3xProxy,TSLA,,long,11,3606.58,2025-09-17,327.87104,VENUE-SIMULATED-FILL,MODELLED,2026-08-04,368.55,VENUE-SIMULATED-FILL,MODELLED,321,447.32,12.402881,0.1517,,,,,MODELLED,False
Official Auction Book:@CalendarBarbell_Max:2026-07-02:912797US4:2026-08-04,Official Auction Book,@CalendarBarbell_Max,912797US4,17-Week,long,106800.0,10650054.45,2026-07-02,99.719611,PRIMARY-AUCTION,OFFICIAL,2026-08-04,100.0,MATURITY-REDEMPTION,OFFICIAL,33,299.46,0.002812,0.0,0.0,0.0,,,OFFICIAL,True
Official Auction Book:@ConcessionFade_Notes:2026-07-27:91282CRA1:2026-08-04,Official Auction Book,@ConcessionFade_Notes,91282CRA1,5-Year,long,41300.0,4123943.64,2026-07-27,99.853357,PRIMARY-AUCTION,OFFICIAL,2026-08-04,100.20184,SECONDARY-CURVE,OFFICIAL-DERIVED,8,143.92,0.00349,0.0,0.0,0.0,,,OFFICIAL-DERIVED,False
Season 2:@Kalshi_Attention_Timer:2026-08-03:XLU:2026-08-04,Season 2,@Kalshi_Attention_Timer,XLU,,long,48,2124.0,2026-08-03,44.25,VENUE-SIMULATED-FILL,MODELLED,2026-08-04,44.25,VENUE-SIMULATED-FILL,MODELLED,1,-0.34,-0.016008,0.3411,,,,,MODELLED,False
Season 1:@KitchenSink_AllIn:2026-08-03:TSLA:2026-08-04,Season 1,@KitchenSink_AllIn,TSLA,,long,3,1001.55,2026-08-03,333.85,VENUE-SIMULATED-FILL,MODELLED,2026-08-04,368.55,VENUE-SIMULATED-FILL,MODELLED,1,104.06,10.389896,0.0414,,,,,MODELLED,False
Live Book (rehearsal):@KitchenSink_Official:2026-08-03:QQQ:2026-08-04,Live Book (rehearsal),@KitchenSink_Official,QQQ,,long,80,55064.8,2026-08-03,688.31,VENUE-SIMULATED-FILL,SECONDARY,2026-08-04,708.14,VENUE-SIMULATED-FILL,SECONDARY,1,1584.74,2.877955,1.6626,,,0.282,0.00018,SECONDARY,False
Live Book (rehearsal):@MLB_Attention_Live:2026-07-30:DKNG:2026-08-04,Live Book (rehearsal),@MLB_Attention_Live,DKNG,,long,100,2405.0,2026-07-30,24.05,VENUE-SIMULATED-FILL,SECONDARY,2026-08-04,23.29,VENUE-SIMULATED-FILL,SECONDARY,5,-76.67,-3.187942,0.6675,,,0.0,0.0297,SECONDARY,False
Season 2:@MLB_Attention_Momo:2026-07-29:DKNG:2026-08-04,Season 2,@MLB_Attention_Momo,DKNG,,long,43,1051.57,2026-07-29,24.455151,VENUE-SIMULATED-FILL,MODELLED,2026-08-04,23.29,VENUE-SIMULATED-FILL,MODELLED,6,-50.39,-4.791876,0.287,,,,,MODELLED,False
Season 2:@MLB_Attention_Momo:2026-07-29:FLUT:2026-08-04,Season 2,@MLB_Attention_Momo,FLUT,,long,21,2265.06,2026-07-29,107.86,VENUE-SIMULATED-FILL,MODELLED,2026-08-04,105.0,VENUE-SIMULATED-FILL,MODELLED,6,-60.24,-2.659532,0.1755,,,,,MODELLED,False
Season 1:@OvernightCarry_NO:2026-08-03:SPY:2026-08-04,Season 1,@OvernightCarry_NO,SPY,,long,33,25012.02,2026-08-03,757.94,VENUE-SIMULATED-FILL,MODELLED,2026-08-04,761.81,VENUE-SIMULATED-FILL,MODELLED,1,126.99,0.507716,0.7223,,,,,MODELLED,False
Season 1:@SpreadHarvester_MM:2026-08-03:NVDA:2026-08-04,Season 1,@SpreadHarvester_MM,NVDA,,short,85,22794.45,2026-08-03,268.17,VENUE-SIMULATED-FILL,MODELLED,2026-08-04,276.19,VENUE-SIMULATED-FILL,MODELLED,1,-681.85,-2.991298,0.1462,,,,,MODELLED,False
Season 1:@SpreadHarvester_MM:2026-08-04:NVDA:2026-08-04,Season 1,@SpreadHarvester_MM,NVDA,,long,65,17952.35,2026-08-04,276.19,VENUE-SIMULATED-FILL,MODELLED,2026-08-04,276.22,VENUE-SIMULATED-FILL,MODELLED,0,1.83,0.010194,0.1225,,,,,MODELLED,False
Official Auction Book:@ConcessionFade_Notes:2026-07-28:91282CRC7:2026-08-05,Official Auction Book,@ConcessionFade_Notes,91282CRC7,7-Year,long,8100.0,805274.05,2026-07-28,99.416549,PRIMARY-AUCTION,OFFICIAL,2026-08-05,99.437765,SECONDARY-CURVE,OFFICIAL-DERIVED,8,1.72,0.000214,0.0,0.0,0.0,,,OFFICIAL-DERIVED,False
Live Book (rehearsal):@CurveSteepener_MaxBeta:2026-07-23:XOM:2026-08-05,Live Book (rehearsal),@CurveSteepener_MaxBeta,XOM,,long,400,61869.44,2026-07-23,154.6736,VENUE-SIMULATED-FILL,SECONDARY,2026-08-05,155.03,VENUE-SIMULATED-FILL,SECONDARY,13,138.8,0.224343,3.7554,,,0.645,0.00253,SECONDARY,False
Live Book (rehearsal):@CurveSteepener_MaxBeta:2026-07-28:JPM:2026-08-05,Live Book (rehearsal),@CurveSteepener_MaxBeta,JPM,,long,200,71435.33,2026-07-28,357.176667,VENUE-SIMULATED-FILL,SECONDARY,2026-08-05,358.96,VENUE-SIMULATED-FILL,SECONDARY,8,353.95,0.495483,2.7179,,,0.279,0.00306,SECONDARY,False
Season 1:@KitchenSink_AllIn:2026-07-22:QQQ:2026-08-05,Season 1,@KitchenSink_AllIn,QQQ,,long,17,11628.98,2026-07-22,684.057455,VENUE-SIMULATED-FILL,MODELLED,2026-08-05,711.65,VENUE-SIMULATED-FILL,MODELLED,14,468.72,4.030621,0.3545,,,,,MODELLED,False
Season 1:@KitchenSink_AllIn:2026-07-22:SPY:2026-08-05,Season 1,@KitchenSink_AllIn,SPY,,long,15,11203.72,2026-07-22,746.9144,VENUE-SIMULATED-FILL,MODELLED,2026-08-05,773.06,VENUE-SIMULATED-FILL,MODELLED,14,391.85,3.4975,0.3318,,,,,MODELLED,False
Season 1:@KitchenSink_AllIn:2026-08-03:AAPL:2026-08-05,Season 1,@KitchenSink_AllIn,AAPL,,long,36,11831.23,2026-08-03,328.645172,VENUE-SIMULATED-FILL,MODELLED,2026-08-05,337.55,VENUE-SIMULATED-FILL,MODELLED,2,320.1,2.705552,0.4733,,,,,MODELLED,False
Season 1:@KitchenSink_AllIn:2026-08-03:MSFT:2026-08-05,Season 1,@KitchenSink_AllIn,MSFT,,long,17,10737.72,2026-08-03,631.630345,VENUE-SIMULATED-FILL,MODELLED,2026-08-05,661.58,VENUE-SIMULATED-FILL,MODELLED,2,508.81,4.738531,0.337,,,,,MODELLED,False
Season 1:@KitchenSink_AllIn:2026-08-03:TSLA:2026-08-05,Season 1,@KitchenSink_AllIn,TSLA,,long,35,11684.75,2026-08-03,333.85,VENUE-SIMULATED-FILL,MODELLED,2026-08-05,391.93,VENUE-SIMULATED-FILL,MODELLED,2,2032.3,17.392756,0.4994,,,,,MODELLED,False
Season 1:@KitchenSink_AllIn:2026-08-03:XOM:2026-08-05,Season 1,@KitchenSink_AllIn,XOM,,long,106,11176.33,2026-08-03,105.437045,VENUE-SIMULATED-FILL,MODELLED,2026-08-05,109.22,VENUE-SIMULATED-FILL,MODELLED,2,400.1,3.579888,0.8952,,,,,MODELLED,False
Season 2:@MLB_Attention_Momo:2026-07-29:DKNG:2026-08-05,Season 2,@MLB_Attention_Momo,DKNG,,long,118,2885.71,2026-07-29,24.455151,VENUE-SIMULATED-FILL,MODELLED,2026-08-05,22.71,VENUE-SIMULATED-FILL,MODELLED,7,-206.71,-7.163234,0.7862,,,,,MODELLED,False
Season 2:@MLB_Attention_Momo:2026-07-29:PENN:2026-08-05,Season 2,@MLB_Attention_Momo,PENN,,long,272,5701.14,2026-07-29,20.960069,VENUE-SIMULATED-FILL,MODELLED,2026-08-05,20.04,VENUE-SIMULATED-FILL,MODELLED,7,-252.06,-4.421222,1.7973,,,,,MODELLED,False
Season 1:@MeanRev_Z2Sigma:2026-07-30:CVNA:2026-08-05,Season 1,@MeanRev_Z2Sigma,CVNA,,long,90,48024.0,2026-07-30,533.6,VENUE-SIMULATED-FILL,MODELLED,2026-08-05,650.77,VENUE-SIMULATED-FILL,MODELLED,6,10543.54,21.954731,1.7641,,,,,MODELLED,False
Season 1:@MeanRev_Z2Sigma:2026-07-31:META:2026-08-05,Season 1,@MeanRev_Z2Sigma,META,,long,37,46112.73,2026-07-31,1246.29,VENUE-SIMULATED-FILL,MODELLED,2026-08-05,1340.29,VENUE-SIMULATED-FILL,MODELLED,5,3476.75,7.539675,1.2508,,,,,MODELLED,False
Season 1:@OvernightCarry_NO:2026-08-03:SPY:2026-08-05,Season 1,@OvernightCarry_NO,SPY,,long,246,189777.89,2026-08-03,771.454837,VENUE-SIMULATED-FILL,MODELLED,2026-08-05,773.06,VENUE-SIMULATED-FILL,MODELLED,2,389.43,0.205203,5.4415,,,,,MODELLED,False
Season 1:@OverreactionFade_LT:2026-07-31:META:2026-08-05,Season 1,@OverreactionFade_LT,META,,long,44,54836.76,2026-07-31,1246.29,VENUE-SIMULATED-FILL,MODELLED,2026-08-05,1340.29,VENUE-SIMULATED-FILL,MODELLED,5,4134.51,7.539669,1.4874,,,,,MODELLED,False
Season 1:@SpreadHarvester_MM:2026-08-04:NVDA:2026-08-05,Season 1,@SpreadHarvester_MM,NVDA,,short,85,23478.7,2026-08-04,276.22,VENUE-SIMULATED-FILL,MODELLED,2026-08-05,282.53,VENUE-SIMULATED-FILL,MODELLED,1,-536.51,-2.285092,0.1603,,,,,MODELLED,False
Season 1:@SpreadHarvester_MM:2026-08-05:NVDA:2026-08-05,Season 1,@SpreadHarvester_MM,NVDA,,long,65,18364.45,2026-08-05,282.53,VENUE-SIMULATED-FILL,MODELLED,2026-08-05,282.56,VENUE-SIMULATED-FILL,MODELLED,0,1.82,0.00991,0.131,,,,,MODELLED,False
Season 1:@SqueezeHunter_TF:2026-08-04:AMZN:2026-08-05,Season 1,@SqueezeHunter_TF,AMZN,,long,208,50799.84,2026-08-04,244.23,VENUE-SIMULATED-FILL,MODELLED,2026-08-05,243.29,VENUE-SIMULATED-FILL,MODELLED,1,-197.85,-0.38947,2.331,,,,,MODELLED,False
Live Book (rehearsal):@VolControl_MaxLev:2026-07-29:QQQ:2026-08-05,Live Book (rehearsal),@VolControl_MaxLev,QQQ,,long,40,27650.16,2026-07-29,691.254,VENUE-SIMULATED-FILL,SECONDARY,2026-08-05,726.24,VENUE-SIMULATED-FILL,SECONDARY,7,1398.59,5.058162,0.8462,,,0.138,0.00021,SECONDARY,False
Official Auction Book:@BillCarry_TenX:2026-06-23:912797RG4:2026-08-06,Official Auction Book,@BillCarry_TenX,912797RG4,52-Week,long,4900.0,487930.57,2026-06-23,99.577667,PRIMARY-AUCTION,OFFICIAL,2026-08-06,100.0,MATURITY-REDEMPTION,OFFICIAL,44,20.69,0.00424,0.0,0.0,0.0,,,OFFICIAL,True
Live Book (rehearsal):@KitchenSink_Official:2026-08-04:SPY:2026-08-06,Live Book (rehearsal),@KitchenSink_Official,SPY,,long,40,30425.6,2026-08-04,760.64,VENUE-SIMULATED-FILL,SECONDARY,2026-08-06,770.21,VENUE-SIMULATED-FILL,SECONDARY,2,381.92,1.255259,0.8825,,,0.0,0.00012,SECONDARY,False
Live Book (rehearsal):@MLB_Attention_Live:2026-07-27:SRAD:2026-08-06,Live Book (rehearsal),@MLB_Attention_Live,SRAD,,long,400,5843.8,2026-07-27,14.609512,VENUE-SIMULATED-FILL,SECONDARY,2026-08-06,12.52,VENUE-SIMULATED-FILL,SECONDARY,10,-838.39,-14.346646,2.5812,,,7.981,0.39268,SECONDARY,False
Live Book (rehearsal):@MLB_Attention_Live:2026-07-30:DKNG:2026-08-06,Live Book (rehearsal),@MLB_Attention_Live,DKNG,,long,100,2405.0,2026-07-30,24.05,VENUE-SIMULATED-FILL,SECONDARY,2026-08-06,21.37,VENUE-SIMULATED-FILL,SECONDARY,7,-268.66,-11.170894,0.6635,,,0.0,0.0297,SECONDARY,False
Season 2:@MLB_Attention_Momo:2026-07-29:FLUT:2026-08-06,Season 2,@MLB_Attention_Momo,FLUT,,long,18,1939.08,2026-07-29,107.726607,VENUE-SIMULATED-FILL,MODELLED,2026-08-06,94.0,VENUE-SIMULATED-FILL,MODELLED,8,-247.23,-12.749868,0.1464,,,,,MODELLED,False
Season 2:@MLB_Attention_Momo:2026-07-29:PENN:2026-08-06,Season 2,@MLB_Attention_Momo,PENN,,long,236,4946.58,2026-07-29,20.960069,VENUE-SIMULATED-FILL,MODELLED,2026-08-06,20.01,VENUE-SIMULATED-FILL,MODELLED,8,-225.78,-4.564369,1.5593,,,,,MODELLED,False
Season 1:@MeanRev_Z2Sigma:2026-07-31:META:2026-08-06,Season 1,@MeanRev_Z2Sigma,META,,long,1,1246.29,2026-07-31,1246.29,VENUE-SIMULATED-FILL,MODELLED,2026-08-06,1324.13,VENUE-SIMULATED-FILL,MODELLED,6,77.81,6.24333,0.0335,,,,,MODELLED,False
Season 1:@OvernightCarry_NO:2026-08-05:SPY:2026-08-06,Season 1,@OvernightCarry_NO,SPY,,long,30,23106.3,2026-08-05,770.21,VENUE-SIMULATED-FILL,MODELLED,2026-08-06,768.53,VENUE-SIMULATED-FILL,MODELLED,1,-51.06,-0.220979,0.6608,,,,,MODELLED,False
Season 1:@SpreadHarvester_MM:2026-08-05:NVDA:2026-08-06,Season 1,@SpreadHarvester_MM,NVDA,,short,46,12997.76,2026-08-05,282.56,VENUE-SIMULATED-FILL,MODELLED,2026-08-06,278.32,VENUE-SIMULATED-FILL,MODELLED,1,194.95,1.499874,0.0927,,,,,MODELLED,False
Season 1:@SpreadHarvester_MM:2026-08-06:NVDA:2026-08-06,Season 1,@SpreadHarvester_MM,NVDA,,long,87,24213.84,2026-08-06,278.32,VENUE-SIMULATED-FILL,MODELLED,2026-08-06,278.35,VENUE-SIMULATED-FILL,MODELLED,0,2.44,0.010077,0.1678,,,,,MODELLED,False
Season 1:@SqueezeHunter_TF:2026-08-04:TSLA:2026-08-06,Season 1,@SqueezeHunter_TF,TSLA,,long,138,50864.04,2026-08-04,368.58,VENUE-SIMULATED-FILL,MODELLED,2026-08-06,381.8,VENUE-SIMULATED-FILL,MODELLED,2,1822.42,3.582924,1.9403,,,,,MODELLED,False
Season 1:@GapAndGo_YOLO:2026-08-07:TSLA:2026-08-07,Season 1,@GapAndGo_YOLO,TSLA,,long,11,4289.78,2026-08-07,389.98,VENUE-SIMULATED-FILL,MODELLED,2026-08-07,395.43,VENUE-SIMULATED-FILL,MODELLED,0,59.79,1.393778,0.1577,,,,,MODELLED,False
Season 2:@Kalshi_Attention_Timer:2026-08-03:UNG:2026-08-07,Season 2,@Kalshi_Attention_Timer,UNG,,long,174,1764.36,2026-08-03,10.14,VENUE-SIMULATED-FILL,MODELLED,2026-08-07,9.77,VENUE-SIMULATED-FILL,MODELLED,4,-65.49,-3.711828,1.1129,,,,,MODELLED,False
Live Book (rehearsal):@MLB_Attention_Live:2026-07-27:FLUT:2026-08-07,Live Book (rehearsal),@MLB_Attention_Live,FLUT,,long,400,42019.2,2026-07-27,105.048,VENUE-SIMULATED-FILL,SECONDARY,2026-08-07,94.4,VENUE-SIMULATED-FILL,SECONDARY,11,-4262.46,-10.144077,3.2559,,,1.06,0.01907,SECONDARY,False
Live Book (rehearsal):@MLB_Attention_Live:2026-07-27:SRAD:2026-08-07,Live Book (rehearsal),@MLB_Attention_Live,SRAD,,long,3700,54055.19,2026-07-27,14.609512,VENUE-SIMULATED-FILL,SECONDARY,2026-08-07,12.77,VENUE-SIMULATED-FILL,SECONDARY,11,-6830.09,-12.6354,23.8948,,,15.637,0.39268,SECONDARY,False
Live Book (rehearsal):@MLB_Attention_Live:2026-07-30:DKNG:2026-08-07,Live Book (rehearsal),@MLB_Attention_Live,DKNG,,long,2900,69745.0,2026-07-30,24.05,VENUE-SIMULATED-FILL,SECONDARY,2026-08-07,22.89,VENUE-SIMULATED-FILL,SECONDARY,8,-3383.33,-4.851,19.3329,,,2.184,0.0297,SECONDARY,False
Season 2:@MLB_Attention_Momo:2026-07-29:DKNG:2026-08-07,Season 2,@MLB_Attention_Momo,DKNG,,long,70,1711.86,2026-07-29,24.455151,VENUE-SIMULATED-FILL,MODELLED,2026-08-07,22.89,VENUE-SIMULATED-FILL,MODELLED,9,-110.03,-6.427509,0.4667,,,,,MODELLED,False
Season 1:@OvernightCarry_NO:2026-08-06:SPY:2026-08-07,Season 1,@OvernightCarry_NO,SPY,,long,247,189908.42,2026-08-06,768.86,VENUE-SIMULATED-FILL,MODELLED,2026-08-07,768.48,VENUE-SIMULATED-FILL,MODELLED,1,-99.3,-0.052288,5.4403,,,,,MODELLED,False
Live Book (rehearsal):@PinePilot_EMA_Live:2026-07-14:QQQ:2026-08-07,Live Book (rehearsal),@PinePilot_EMA_Live,QQQ,,short,120,86424.0,2026-07-14,720.2,VENUE-SIMULATED-FILL,SECONDARY,2026-08-07,720.17,VENUE-SIMULATED-FILL,SECONDARY,24,1.08,0.00125,2.5237,,,0.277,0.00081,SECONDARY,False
Live Book (rehearsal):@SOFRPivot_Rider:2026-08-03:SPY:2026-08-07,Live Book (rehearsal),@SOFRPivot_Rider,SPY,,long,40,29978.0,2026-08-03,749.45,VENUE-SIMULATED-FILL,SECONDARY,2026-08-07,771.02,VENUE-SIMULATED-FILL,SECONDARY,4,861.92,2.875175,0.8831,,,0.0,0.00013,SECONDARY,False
Season 1:@SpreadHarvester_MM:2026-08-06:NVDA:2026-08-07,Season 1,@SpreadHarvester_MM,NVDA,,short,64,17814.4,2026-08-06,278.35,VENUE-SIMULATED-FILL,MODELLED,2026-08-07,283.79,VENUE-SIMULATED-FILL,MODELLED,1,-348.28,-1.955048,0.1235,,,,,MODELLED,False
Season 1:@SpreadHarvester_MM:2026-08-07:NVDA:2026-08-07,Season 1,@SpreadHarvester_MM,NVDA,,long,11,3121.69,2026-08-07,283.79,VENUE-SIMULATED-FILL,MODELLED,2026-08-07,283.82,VENUE-SIMULATED-FILL,MODELLED,0,0.31,0.009931,0.0225,,,,,MODELLED,False
Live Book (rehearsal):@CurveSteepener_MaxBeta:2026-07-23:XOM:2026-08-10,Live Book (rehearsal),@CurveSteepener_MaxBeta,XOM,,long,500,77159.36,2026-07-23,154.31872,VENUE-SIMULATED-FILL,SECONDARY,2026-08-10,154.5,VENUE-SIMULATED-FILL,SECONDARY,18,85.95,0.111393,4.6888,,,-0.0,0.00253,SECONDARY,False
Live Book (rehearsal):@CurveSteepener_MaxBeta:2026-07-28:JPM:2026-08-10,Live Book (rehearsal),@CurveSteepener_MaxBeta,JPM,,long,200,72375.89,2026-07-28,361.879444,VENUE-SIMULATED-FILL,SECONDARY,2026-08-10,357.94,VENUE-SIMULATED-FILL,SECONDARY,13,-790.6,-1.092353,2.7137,,,0.558,0.00306,SECONDARY,False
Season 1:@KitchenSink_AllIn:2026-07-22:QQQ:2026-08-10,Season 1,@KitchenSink_AllIn,QQQ,,long,9,6207.63,2026-07-22,689.737152,VENUE-SIMULATED-FILL,MODELLED,2026-08-10,709.18,VENUE-SIMULATED-FILL,MODELLED,19,174.8,2.815887,0.1872,,,,,MODELLED,False
Season 1:@KitchenSink_AllIn:2026-07-22:SPY:2026-08-10,Season 1,@KitchenSink_AllIn,SPY,,long,9,6762.04,2026-07-22,751.337818,VENUE-SIMULATED-FILL,MODELLED,2026-08-10,777.2,VENUE-SIMULATED-FILL,MODELLED,19,232.56,3.439199,0.1998,,,,,MODELLED,False
Season 1:@KitchenSink_AllIn:2026-08-03:MSFT:2026-08-10,Season 1,@KitchenSink_AllIn,MSFT,,long,10,6361.59,2026-08-03,636.15931,VENUE-SIMULATED-FILL,MODELLED,2026-08-10,657.02,VENUE-SIMULATED-FILL,MODELLED,7,208.41,3.276066,0.1973,,,,,MODELLED,False
Season 1:@KitchenSink_AllIn:2026-08-03:TSLA:2026-08-10,Season 1,@KitchenSink_AllIn,TSLA,,long,2,670.4,2026-08-03,335.201549,VENUE-SIMULATED-FILL,MODELLED,2026-08-10,398.99,VENUE-SIMULATED-FILL,MODELLED,7,127.55,19.025867,0.0288,,,,,MODELLED,False
Season 1:@KitchenSink_AllIn:2026-08-06:IWM:2026-08-10,Season 1,@KitchenSink_AllIn,IWM,,long,27,7222.77,2026-08-06,267.51,VENUE-SIMULATED-FILL,MODELLED,2026-08-10,269.43,VENUE-SIMULATED-FILL,MODELLED,4,51.52,0.7133,0.3171,,,,,MODELLED,False
Live Book (rehearsal):@KitchenSink_Official:2026-08-04:SPY:2026-08-10,Live Book (rehearsal),@KitchenSink_Official,SPY,,long,40,30425.6,2026-08-04,760.64,VENUE-SIMULATED-FILL,SECONDARY,2026-08-10,772.59,VENUE-SIMULATED-FILL,SECONDARY,6,477.12,1.568153,0.8844,,,0.129,0.00012,SECONDARY,False
Live Book (rehearsal):@MLB_Attention_Live:2026-07-15:PENN:2026-08-10,Live Book (rehearsal),@MLB_Attention_Live,PENN,,short,1300,26298.72,2026-07-15,20.229782,VENUE-SIMULATED-FILL,SECONDARY,2026-08-10,20.03,VENUE-SIMULATED-FILL,SECONDARY,26,251.12,0.954875,8.5953,,,4.995,0.04307,SECONDARY,False
Season 2:@MLB_Attention_Momo:2026-07-29:DKNG:2026-08-10,Season 2,@MLB_Attention_Momo,DKNG,,long,94,2298.78,2026-07-29,24.455151,VENUE-SIMULATED-FILL,MODELLED,2026-08-10,23.69,VENUE-SIMULATED-FILL,MODELLED,12,-72.55,-3.156016,0.6282,,,,,MODELLED,False
Season 1:@OvernightCarry_NO:2026-08-06:SPY:2026-08-10,Season 1,@OvernightCarry_NO,SPY,,long,29,22430.1,2026-08-06,773.451667,VENUE-SIMULATED-FILL,MODELLED,2026-08-10,777.2,VENUE-SIMULATED-FILL,MODELLED,4,108.06,0.481763,0.644,,,,,MODELLED,False
Live Book (rehearsal):@SOFRPivot_Rider:2026-08-03:SPY:2026-08-10,Live Book (rehearsal),@SOFRPivot_Rider,SPY,,long,40,29978.0,2026-08-03,749.45,VENUE-SIMULATED-FILL,SECONDARY,2026-08-10,772.59,VENUE-SIMULATED-FILL,SECONDARY,7,924.72,3.084662,0.8844,,,0.129,0.00013,SECONDARY,False
Season 1:@SpreadHarvester_MM:2026-08-07:NVDA:2026-08-10,Season 1,@SpreadHarvester_MM,NVDA,,short,88,24976.16,2026-08-07,283.82,VENUE-SIMULATED-FILL,MODELLED,2026-08-10,290.05,VENUE-SIMULATED-FILL,MODELLED,3,-548.42,-2.195774,0.1796,,,,,MODELLED,False
Season 1:@SpreadHarvester_MM:2026-08-10:NVDA:2026-08-10,Season 1,@SpreadHarvester_MM,NVDA,,long,59,17112.95,2026-08-10,290.05,VENUE-SIMULATED-FILL,MODELLED,2026-08-10,290.08,VENUE-SIMULATED-FILL,MODELLED,0,1.64,0.009583,0.1281,,,,,MODELLED,False
Season 1:@SqueezeHunter_TF:2026-08-03:RIVN:2026-08-10,Season 1,@SqueezeHunter_TF,RIVN,,long,2762,50682.7,2026-08-03,18.35,VENUE-SIMULATED-FILL,MODELLED,2026-08-10,16.64,VENUE-SIMULATED-FILL,MODELLED,7,-4741.08,-9.354435,18.0574,,,,,MODELLED,False
Season 1:@BetaChaser_3xProxy:2025-09-17:CVNA:2026-08-11,Season 1,@BetaChaser_3xProxy,CVNA,,long,11,4341.06,2025-09-17,394.641727,VENUE-SIMULATED-FILL,MODELLED,2026-08-11,716.26,VENUE-SIMULATED-FILL,MODELLED,328,3537.57,81.490945,0.2304,,,,,MODELLED,False
Season 1:@GapAndGo_YOLO:2026-08-11:RIVN:2026-08-11,Season 1,@GapAndGo_YOLO,RIVN,,long,237,4424.79,2026-08-11,18.67,VENUE-SIMULATED-FILL,MODELLED,2026-08-11,17.02,VENUE-SIMULATED-FILL,MODELLED,0,-392.6,-8.872737,1.5513,,,,,MODELLED,False
Season 1:@GapAndGo_YOLO:2026-08-11:TSLA:2026-08-11,Season 1,@GapAndGo_YOLO,TSLA,,long,11,4352.37,2026-08-11,395.67,VENUE-SIMULATED-FILL,MODELLED,2026-08-11,367.09,VENUE-SIMULATED-FILL,MODELLED,0,-314.53,-7.226637,0.1513,,,,,MODELLED,False
Season 1:@KitchenSink_AllIn:2026-08-03:XOM:2026-08-11,Season 1,@KitchenSink_AllIn,XOM,,long,8,843.91,2026-08-03,105.48836,VENUE-SIMULATED-FILL,MODELLED,2026-08-11,114.0,VENUE-SIMULATED-FILL,MODELLED,8,68.02,8.060131,0.0683,,,,,MODELLED,False
Live Book (rehearsal):@KitchenSink_Official:2026-08-06:QQQ:2026-08-11,Live Book (rehearsal),@KitchenSink_Official,QQQ,,long,200,143376.8,2026-08-06,716.884,VENUE-SIMULATED-FILL,SECONDARY,2026-08-11,723.27,VENUE-SIMULATED-FILL,SECONDARY,5,1272.98,0.887856,4.2189,,,0.276,0.00024,SECONDARY,False
Official Auction Book:@LiquidityWeighted_Participant:2026-06-30:912797TW7:2026-08-11,Official Auction Book,@LiquidityWeighted_Participant,912797TW7,26-Week,long,234800.0,23379877.29,2026-06-30,99.573583,PRIMARY-AUCTION,OFFICIAL,2026-08-11,99.979778,SECONDARY-CURVE,OFFICIAL-DERIVED,42,953.75,0.004079,0.0,0.0,0.0,,,OFFICIAL-DERIVED,False
Season 2:@MLB_Attention_Momo:2026-07-29:DKNG:2026-08-11,Season 2,@MLB_Attention_Momo,DKNG,,long,114,2787.89,2026-07-29,24.455151,VENUE-SIMULATED-FILL,MODELLED,2026-08-11,24.39,VENUE-SIMULATED-FILL,MODELLED,13,-8.19,-0.293771,0.7635,,,,,MODELLED,False
Season 2:@MLB_Attention_Momo:2026-07-29:FLUT:2026-08-11,Season 2,@MLB_Attention_Momo,FLUT,,long,14,1495.82,2026-07-29,106.844584,VENUE-SIMULATED-FILL,MODELLED,2026-08-11,94.26,VENUE-SIMULATED-FILL,MODELLED,13,-176.3,-11.786145,0.1139,,,,,MODELLED,False
Season 1:@OvernightCarry_NO:2026-08-06:SPY:2026-08-11,Season 1,@OvernightCarry_NO,SPY,,long,245,189424.49,2026-08-06,773.161186,VENUE-SIMULATED-FILL,MODELLED,2026-08-11,777.31,VENUE-SIMULATED-FILL,MODELLED,5,1011.02,0.533732,5.4409,,,,,MODELLED,False
Season 1:@SpreadHarvester_MM:2026-08-10:NVDA:2026-08-11,Season 1,@SpreadHarvester_MM,NVDA,,short,60,17404.8,2026-08-10,290.08,VENUE-SIMULATED-FILL,MODELLED,2026-08-11,270.74,VENUE-SIMULATED-FILL,MODELLED,1,1160.27,6.666379,0.1302,,,,,MODELLED,False
Season 1:@SpreadHarvester_MM:2026-08-11:NVDA:2026-08-11,Season 1,@SpreadHarvester_MM,NVDA,,long,93,25178.82,2026-08-11,270.74,VENUE-SIMULATED-FILL,MODELLED,2026-08-11,270.77,VENUE-SIMULATED-FILL,MODELLED,0,2.63,0.010445,0.1649,,,,,MODELLED,False
Season 1:@DriftRider_PEAD:2026-07-22:TSLA:2026-08-12,Season 1,@DriftRider_PEAD,TSLA,,long,132,40308.84,2026-07-22,305.37,VENUE-SIMULATED-FILL,MODELLED,2026-08-12,366.58,VENUE-SIMULATED-FILL,MODELLED,21,8077.91,20.040046,1.8145,,,,,MODELLED,False
Season 1:@GapAndGo_YOLO:2026-08-12:CVNA:2026-08-12,Season 1,@GapAndGo_YOLO,CVNA,,long,4,3333.2,2026-08-12,833.3,VENUE-SIMULATED-FILL,MODELLED,2026-08-12,766.42,VENUE-SIMULATED-FILL,MODELLED,0,-267.61,-8.028621,0.0879,,,,,MODELLED,False
Season 1:@OvernightCarry_NO:2026-08-06:SPY:2026-08-12,Season 1,@OvernightCarry_NO,SPY,,long,32,24664.24,2026-08-06,770.757537,VENUE-SIMULATED-FILL,MODELLED,2026-08-12,767.19,VENUE-SIMULATED-FILL,MODELLED,6,-114.87,-0.465735,0.704,,,,,MODELLED,False
Live Book (rehearsal):@SOFRPivot_Rider:2026-08-07:TLT:2026-08-12,Live Book (rehearsal),@SOFRPivot_Rider,TLT,,long,2000,165110.0,2026-08-07,82.555,VENUE-SIMULATED-FILL,SECONDARY,2026-08-12,82.44,VENUE-SIMULATED-FILL,SECONDARY,5,-245.79,-0.148864,15.7865,,,1.212,0.00094,SECONDARY,False
Season 1:@SpreadHarvester_MM:2026-08-11:NVDA:2026-08-12,Season 1,@SpreadHarvester_MM,NVDA,,short,66,17870.82,2026-08-11,270.77,VENUE-SIMULATED-FILL,MODELLED,2026-08-12,282.25,VENUE-SIMULATED-FILL,MODELLED,1,-757.8,-4.240432,0.117,,,,,MODELLED,False
Season 1:@SpreadHarvester_MM:2026-08-12:NVDA:2026-08-12,Season 1,@SpreadHarvester_MM,NVDA,,long,8,2258.0,2026-08-12,282.25,VENUE-SIMULATED-FILL,MODELLED,2026-08-12,282.28,VENUE-SIMULATED-FILL,MODELLED,0,0.22,0.009743,0.0161,,,,,MODELLED,False
Official Auction Book:@BillCarry_TenX:2026-06-30:912797TW7:2026-08-13,Official Auction Book,@BillCarry_TenX,912797TW7,26-Week,long,11000.0,1095309.41,2026-06-30,99.573583,PRIMARY-AUCTION,OFFICIAL,2026-08-13,100.0,MATURITY-REDEMPTION,OFFICIAL,44,46.91,0.004283,0.0,0.0,0.0,,,OFFICIAL,True
Live Book (rehearsal):@CurveSteepener_MaxBeta:2026-07-28:JPM:2026-08-13,Live Book (rehearsal),@CurveSteepener_MaxBeta,JPM,,long,240,86487.18,2026-07-28,360.363241,VENUE-SIMULATED-FILL,SECONDARY,2026-08-13,366.49,VENUE-SIMULATED-FILL,SECONDARY,16,1467.12,1.696344,3.2987,,,0.273,0.00306,SECONDARY,False
Live Book (rehearsal):@CurveSteepener_MaxBeta:2026-08-11:XOM:2026-08-13,Live Book (rehearsal),@CurveSteepener_MaxBeta,XOM,,long,500,79840.0,2026-08-11,159.68,VENUE-SIMULATED-FILL,SECONDARY,2026-08-13,158.02,VENUE-SIMULATED-FILL,SECONDARY,2,-834.73,-1.045504,4.7251,,,0.633,0.00364,SECONDARY,False
Live Book (rehearsal):@GoldVsRealRate_Live:2026-07-16:TLT:2026-08-13,Live Book (rehearsal),@GoldVsRealRate_Live,TLT,,long,1200,100899.69,2026-07-16,84.083077,VENUE-SIMULATED-FILL,SECONDARY,2026-08-13,82.58,VENUE-SIMULATED-FILL,SECONDARY,28,-1813.17,-1.797003,9.4754,,,1.21,0.00432,SECONDARY,False
Season 2:@Kalshi_Attention_Timer:2026-08-03:XLU:2026-08-13,Season 2,@Kalshi_Attention_Timer,XLU,,long,26,1149.55,2026-08-03,44.213462,VENUE-SIMULATED-FILL,MODELLED,2026-08-13,43.88,VENUE-SIMULATED-FILL,MODELLED,10,-8.85,-0.769866,0.1846,,,,,MODELLED,False
Season 1:@KitchenSink_AllIn:2026-05-15:GOOGL:2026-08-13,Season 1,@KitchenSink_AllIn,GOOGL,,long,9,2902.15,2026-05-15,322.46152,VENUE-SIMULATED-FILL,MODELLED,2026-08-13,329.39,VENUE-SIMULATED-FILL,MODELLED,90,62.24,2.144614,0.1168,,,,,MODELLED,False
Season 1:@KitchenSink_AllIn:2026-07-22:QQQ:2026-08-13,Season 1,@KitchenSink_AllIn,QQQ,,long,4,2758.95,2026-07-22,689.737152,VENUE-SIMULATED-FILL,MODELLED,2026-08-13,712.14,VENUE-SIMULATED-FILL,MODELLED,22,89.53,3.245077,0.0835,,,,,MODELLED,False
Season 1:@KitchenSink_AllIn:2026-07-22:SPY:2026-08-13,Season 1,@KitchenSink_AllIn,SPY,,long,3,2254.01,2026-07-22,751.337818,VENUE-SIMULATED-FILL,MODELLED,2026-08-13,776.3,VENUE-SIMULATED-FILL,MODELLED,22,74.82,3.319412,0.0666,,,,,MODELLED,False
Season 1:@KitchenSink_AllIn:2026-08-03:MSFT:2026-08-13,Season 1,@KitchenSink_AllIn,MSFT,,long,5,3180.8,2026-08-03,636.15931,VENUE-SIMULATED-FILL,MODELLED,2026-08-13,661.48,VENUE-SIMULATED-FILL,MODELLED,10,126.5,3.976991,0.0991,,,,,MODELLED,False
Season 1:@KitchenSink_AllIn:2026-08-03:TSLA:2026-08-13,Season 1,@KitchenSink_AllIn,TSLA,,long,5,1676.01,2026-08-03,335.201549,VENUE-SIMULATED-FILL,MODELLED,2026-08-13,385.99,VENUE-SIMULATED-FILL,MODELLED,10,253.87,15.147305,0.0707,,,,,MODELLED,False
Season 1:@KitchenSink_AllIn:2026-08-03:XOM:2026-08-13,Season 1,@KitchenSink_AllIn,XOM,,long,28,2953.67,2026-08-03,105.48836,VENUE-SIMULATED-FILL,MODELLED,2026-08-13,115.57,VENUE-SIMULATED-FILL,MODELLED,10,282.05,9.549124,0.2401,,,,,MODELLED,False
Season 1:@KitchenSink_AllIn:2026-08-06:IWM:2026-08-13,Season 1,@KitchenSink_AllIn,IWM,,long,10,2675.1,2026-08-06,267.51,VENUE-SIMULATED-FILL,MODELLED,2026-08-13,269.58,VENUE-SIMULATED-FILL,MODELLED,7,20.58,0.769317,0.1175,,,,,MODELLED,False
Live Book (rehearsal):@KitchenSink_Official:2026-08-11:SPY:2026-08-13,Live Book (rehearsal),@KitchenSink_Official,SPY,,long,40,30981.6,2026-08-11,774.54,VENUE-SIMULATED-FILL,SECONDARY,2026-08-13,774.86,VENUE-SIMULATED-FILL,SECONDARY,2,11.91,0.038442,0.8863,,,0.129,0.00011,SECONDARY,False
Season 1:@OvernightCarry_NO:2026-08-12:SPY:2026-08-13,Season 1,@OvernightCarry_NO,SPY,,long,248,191629.6,2026-08-12,772.7,VENUE-SIMULATED-FILL,MODELLED,2026-08-13,776.3,VENUE-SIMULATED-FILL,MODELLED,1,887.3,0.463029,5.5023,,,,,MODELLED,False
Season 1:@SpreadHarvester_MM:2026-08-12:NVDA:2026-08-13,Season 1,@SpreadHarvester_MM,NVDA,,short,77,21735.56,2026-08-12,282.28,VENUE-SIMULATED-FILL,MODELLED,2026-08-13,282.47,VENUE-SIMULATED-FILL,MODELLED,1,-14.78,-0.067999,0.1547,,,,,MODELLED,False
Season 1:@SpreadHarvester_MM:2026-08-13:NVDA:2026-08-13,Season 1,@SpreadHarvester_MM,NVDA,,long,71,20055.37,2026-08-13,282.47,VENUE-SIMULATED-FILL,MODELLED,2026-08-13,282.5,VENUE-SIMULATED-FILL,MODELLED,0,1.99,0.009923,0.143,,,,,MODELLED,False
Season 2:@FDACatalyst_Rider:2026-07-29:XBI:2026-08-14,Season 2,@FDACatalyst_Rider,XBI,,long,17,2541.45,2026-07-29,149.496845,VENUE-SIMULATED-FILL,MODELLED,2026-08-14,156.53,VENUE-SIMULATED-FILL,MODELLED,16,119.4,4.698112,0.1601,,,,,MODELLED,False
Season 1:@GapAndGo_YOLO:2026-08-14:TSLA:2026-08-14,Season 1,@GapAndGo_YOLO,TSLA,,long,10,3908.9,2026-08-14,390.89,VENUE-SIMULATED-FILL,MODELLED,2026-08-14,382.19,VENUE-SIMULATED-FILL,MODELLED,0,-87.14,-2.229272,0.1407,,,,,MODELLED,False
Live Book (rehearsal):@GoldVsRealRate_Live:2026-08-13:GLD:2026-08-14,Live Book (rehearsal),@GoldVsRealRate_Live,GLD,,long,40,16087.6,2026-08-13,402.19,VENUE-SIMULATED-FILL,SECONDARY,2026-08-14,402.16,VENUE-SIMULATED-FILL,SECONDARY,1,-1.78,-0.011064,0.5792,,,0.497,0.00092,SECONDARY,False
Season 1:@KitchenSink_AllIn:2026-05-15:GOOGL:2026-08-14,Season 1,@KitchenSink_AllIn,GOOGL,,long,6,1934.77,2026-05-15,322.46152,VENUE-SIMULATED-FILL,MODELLED,2026-08-14,329.17,VENUE-SIMULATED-FILL,MODELLED,91,40.17,2.076217,0.0779,,,,,MODELLED,False
Season 1:@KitchenSink_AllIn:2026-07-22:QQQ:2026-08-14,Season 1,@KitchenSink_AllIn,QQQ,,long,3,2069.21,2026-07-22,689.737152,VENUE-SIMULATED-FILL,MODELLED,2026-08-14,712.17,VENUE-SIMULATED-FILL,MODELLED,23,67.24,3.249547,0.0626,,,,,MODELLED,False
Season 1:@KitchenSink_AllIn:2026-07-22:SPY:2026-08-14,Season 1,@KitchenSink_AllIn,SPY,,long,2,1502.68,2026-07-22,751.337818,VENUE-SIMULATED-FILL,MODELLED,2026-08-14,773.65,VENUE-SIMULATED-FILL,MODELLED,23,44.58,2.966708,0.0443,,,,,MODELLED,False
Season 1:@KitchenSink_AllIn:2026-08-03:MSFT:2026-08-14,Season 1,@KitchenSink_AllIn,MSFT,,long,3,1908.48,2026-08-03,636.15931,VENUE-SIMULATED-FILL,MODELLED,2026-08-14,667.53,VENUE-SIMULATED-FILL,MODELLED,11,94.05,4.928011,0.0598,,,,,MODELLED,False
Season 1:@KitchenSink_AllIn:2026-08-03:TSLA:2026-08-14,Season 1,@KitchenSink_AllIn,TSLA,,long,6,2011.21,2026-08-03,335.201549,VENUE-SIMULATED-FILL,MODELLED,2026-08-14,390.87,VENUE-SIMULATED-FILL,MODELLED,11,333.93,16.603444,0.0855,,,,,MODELLED,False
Season 1:@KitchenSink_AllIn:2026-08-03:XOM:2026-08-14,Season 1,@KitchenSink_AllIn,XOM,,long,19,2004.28,2026-08-03,105.48836,VENUE-SIMULATED-FILL,MODELLED,2026-08-14,117.29,VENUE-SIMULATED-FILL,MODELLED,11,224.07,11.179582,0.1636,,,,,MODELLED,False
Season 1:@KitchenSink_AllIn:2026-08-06:IWM:2026-08-14,Season 1,@KitchenSink_AllIn,IWM,,long,7,1872.57,2026-08-06,267.51,VENUE-SIMULATED-FILL,MODELLED,2026-08-14,269.0,VENUE-SIMULATED-FILL,MODELLED,8,10.35,0.552716,0.0822,,,,,MODELLED,False
Season 1:@OvernightCarry_NO:2026-08-12:SPY:2026-08-14,Season 1,@OvernightCarry_NO,SPY,,long,32,24882.64,2026-08-12,777.5825,VENUE-SIMULATED-FILL,MODELLED,2026-08-14,773.65,VENUE-SIMULATED-FILL,MODELLED,2,-126.55,-0.508588,0.7082,,,,,MODELLED,False
Official Auction Book:@SOFRPivot_Switch:2026-08-13:91282CQQ7:2026-08-14,Official Auction Book,@SOFRPivot_Switch,91282CQQ7,10-Year,long,340400.0,33385369.61,2026-08-13,98.076879,SECONDARY-CURVE,OFFICIAL,2026-08-14,97.692943,SECONDARY-CURVE,OFFICIAL-DERIVED,1,-1306.92,-0.003915,0.0,0.0,0.0,,,OFFICIAL-DERIVED,False
Season 1:@SpreadHarvester_MM:2026-08-13:NVDA:2026-08-14,Season 1,@SpreadHarvester_MM,NVDA,,short,77,21752.5,2026-08-13,282.5,VENUE-SIMULATED-FILL,MODELLED,2026-08-14,288.77,VENUE-SIMULATED-FILL,MODELLED,1,-482.95,-2.220205,0.1551,,,,,MODELLED,False
Season 1:@SpreadHarvester_MM:2026-08-14:NVDA:2026-08-14,Season 1,@SpreadHarvester_MM,NVDA,,long,68,19636.36,2026-08-14,288.77,VENUE-SIMULATED-FILL,MODELLED,2026-08-14,288.8,VENUE-SIMULATED-FILL,MODELLED,0,1.89,0.009625,0.1458,,,,,MODELLED,False
Live Book (rehearsal):@CurveSteepener_MaxBeta:2026-08-14:SPY:2026-08-17,Live Book (rehearsal),@CurveSteepener_MaxBeta,SPY,,long,80,62283.2,2026-08-14,778.54,VENUE-SIMULATED-FILL,SECONDARY,2026-08-17,776.17,VENUE-SIMULATED-FILL,SECONDARY,3,-191.37,-0.307258,1.7747,,,0.129,0.00038,SECONDARY,False
Live Book (rehearsal):@GoldVsRealRate_Live:2026-08-13:GLD:2026-08-17,Live Book (rehearsal),@GoldVsRealRate_Live,GLD,,long,40,16087.6,2026-08-13,402.19,VENUE-SIMULATED-FILL,SECONDARY,2026-08-17,402.33,VENUE-SIMULATED-FILL,SECONDARY,4,5.02,0.031204,0.5793,,,0.248,0.00092,SECONDARY,False
Season 2:@Kalshi_Attention_Timer:2026-08-03:XLU:2026-08-17,Season 2,@Kalshi_Attention_Timer,XLU,,long,36,1591.68,2026-08-03,44.213462,VENUE-SIMULATED-FILL,MODELLED,2026-08-17,44.2,VENUE-SIMULATED-FILL,MODELLED,14,-0.74,-0.046492,0.2558,,,,,MODELLED,False
Season 1:@OvernightCarry_NO:2026-08-14:SPY:2026-08-17,Season 1,@OvernightCarry_NO,SPY,,long,248,192552.16,2026-08-14,776.42,VENUE-SIMULATED-FILL,MODELLED,2026-08-17,776.4,VENUE-SIMULATED-FILL,MODELLED,3,-10.46,-0.005432,5.5028,,,,,MODELLED,False
Season 1:@SpreadHarvester_MM:2026-08-14:NVDA:2026-08-17,Season 1,@SpreadHarvester_MM,NVDA,,short,52,15017.6,2026-08-14,288.8,VENUE-SIMULATED-FILL,MODELLED,2026-08-17,279.56,VENUE-SIMULATED-FILL,MODELLED,3,480.37,3.198714,0.1115,,,,,MODELLED,False
Season 1:@SpreadHarvester_MM:2026-08-17:NVDA:2026-08-17,Season 1,@SpreadHarvester_MM,NVDA,,long,78,21805.68,2026-08-17,279.56,VENUE-SIMULATED-FILL,MODELLED,2026-08-17,279.59,VENUE-SIMULATED-FILL,MODELLED,0,2.19,0.010043,0.1525,,,,,MODELLED,False
Season 1:@BetaChaser_3xProxy:2025-09-17:NVDA:2026-08-18,Season 1,@BetaChaser_3xProxy,NVDA,,long,10,2317.14,2025-09-17,231.713743,VENUE-SIMULATED-FILL,MODELLED,2026-08-18,267.43,VENUE-SIMULATED-FILL,MODELLED,335,357.05,15.409099,0.117,,,,,MODELLED,False
Season 1:@BetaChaser_3xProxy:2025-09-17:TSLA:2026-08-18,Season 1,@BetaChaser_3xProxy,TSLA,,long,6,1983.37,2025-09-17,330.561475,VENUE-SIMULATED-FILL,MODELLED,2026-08-18,390.55,VENUE-SIMULATED-FILL,MODELLED,335,359.85,18.143373,0.0854,,,,,MODELLED,False
Season 1:@GapAndGo_YOLO:2026-08-18:TSLA:2026-08-18,Season 1,@GapAndGo_YOLO,TSLA,,long,10,3905.7,2026-08-18,390.57,VENUE-SIMULATED-FILL,MODELLED,2026-08-18,370.03,VENUE-SIMULATED-FILL,MODELLED,0,-205.54,-5.262565,0.1382,,,,,MODELLED,False
Season 1:@GapAndGo_YOLO:2026-08-18:UNH:2026-08-18,Season 1,@GapAndGo_YOLO,UNH,,long,29,3950.96,2026-08-18,136.24,VENUE-SIMULATED-FILL,MODELLED,2026-08-18,132.36,VENUE-SIMULATED-FILL,MODELLED,0,-112.78,-2.854496,0.2587,,,,,MODELLED,False
Season 1:@KitchenSink_AllIn:2026-05-15:GOOGL:2026-08-18,Season 1,@KitchenSink_AllIn,GOOGL,,long,13,4204.44,2026-05-15,323.418391,VENUE-SIMULATED-FILL,MODELLED,2026-08-18,318.47,VENUE-SIMULATED-FILL,MODELLED,95,-64.49,-1.533855,0.1658,,,,,MODELLED,False
Season 1:@KitchenSink_AllIn:2026-07-22:QQQ:2026-08-18,Season 1,@KitchenSink_AllIn,QQQ,,long,6,4160.46,2026-07-22,693.410233,VENUE-SIMULATED-FILL,MODELLED,2026-08-18,713.74,VENUE-SIMULATED-FILL,MODELLED,27,121.85,2.928762,0.1254,,,,,MODELLED,False
Season 1:@KitchenSink_AllIn:2026-07-22:SPY:2026-08-18,Season 1,@KitchenSink_AllIn,SPY,,long,5,3774.6,2026-07-22,754.919558,VENUE-SIMULATED-FILL,MODELLED,2026-08-18,773.09,VENUE-SIMULATED-FILL,MODELLED,27,90.74,2.403965,0.1106,,,,,MODELLED,False
Season 1:@KitchenSink_AllIn:2026-08-03:AAPL:2026-08-18,Season 1,@KitchenSink_AllIn,AAPL,,long,12,3943.74,2026-08-03,328.645172,VENUE-SIMULATED-FILL,MODELLED,2026-08-18,332.55,VENUE-SIMULATED-FILL,MODELLED,15,46.7,1.184155,0.1565,,,,,MODELLED,False
Season 1:@KitchenSink_AllIn:2026-08-03:MSFT:2026-08-18,Season 1,@KitchenSink_AllIn,MSFT,,long,7,4496.61,2026-08-03,642.372355,VENUE-SIMULATED-FILL,MODELLED,2026-08-18,672.47,VENUE-SIMULATED-FILL,MODELLED,15,210.54,4.682198,0.1403,,,,,MODELLED,False
Season 1:@KitchenSink_AllIn:2026-08-06:IWM:2026-08-18,Season 1,@KitchenSink_AllIn,IWM,,long,18,4817.15,2026-08-06,267.619412,VENUE-SIMULATED-FILL,MODELLED,2026-08-18,268.49,VENUE-SIMULATED-FILL,MODELLED,12,15.46,0.320937,0.2111,,,,,MODELLED,False
Live Book (rehearsal):@MLB_Attention_Live:2026-07-27:FLUT:2026-08-18,Live Book (rehearsal),@MLB_Attention_Live,FLUT,,long,500,48258.17,2026-07-27,96.516333,VENUE-SIMULATED-FILL,SECONDARY,2026-08-18,96.17,VENUE-SIMULATED-FILL,SECONDARY,22,-177.25,-0.367295,4.0881,,,2.079,0.01907,SECONDARY,False
Live Book (rehearsal):@MLB_Attention_Live:2026-07-30:DKNG:2026-08-18,Live Book (rehearsal),@MLB_Attention_Live,DKNG,,long,2800,66612.97,2026-07-30,23.790345,VENUE-SIMULATED-FILL,SECONDARY,2026-08-18,25.25,VENUE-SIMULATED-FILL,SECONDARY,19,4068.23,6.107264,18.8024,,,1.979,0.0297,SECONDARY,False
Live Book (rehearsal):@MLB_Attention_Live:2026-08-10:SRAD:2026-08-18,Live Book (rehearsal),@MLB_Attention_Live,SRAD,,long,3800,49190.51,2026-08-10,12.944872,VENUE-SIMULATED-FILL,SECONDARY,2026-08-18,13.18,VENUE-SIMULATED-FILL,SECONDARY,8,868.91,1.766418,24.5727,,,15.152,0.15601,SECONDARY,False
Season 2:@MLB_Attention_Momo:2026-07-29:DKNG:2026-08-18,Season 2,@MLB_Attention_Momo,DKNG,,long,43,1051.57,2026-07-29,24.455151,VENUE-SIMULATED-FILL,MODELLED,2026-08-18,25.25,VENUE-SIMULATED-FILL,MODELLED,20,33.89,3.222796,0.2888,,,,,MODELLED,False
Season 2:@MLB_Attention_Momo:2026-07-29:PENN:2026-08-18,Season 2,@MLB_Attention_Momo,PENN,,long,248,5122.4,2026-07-29,20.654844,VENUE-SIMULATED-FILL,MODELLED,2026-08-18,18.67,VENUE-SIMULATED-FILL,MODELLED,20,-493.87,-9.641377,1.6317,,,,,MODELLED,False
Season 1:@OvernightCarry_NO:2026-08-17:SPY:2026-08-18,Season 1,@OvernightCarry_NO,SPY,,long,30,23170.8,2026-08-17,772.36,VENUE-SIMULATED-FILL,MODELLED,2026-08-18,773.09,VENUE-SIMULATED-FILL,MODELLED,1,21.24,0.091667,0.6636,,,,,MODELLED,False
Season 1:@OverreactionFade_LT:2026-07-30:CVNA:2026-08-18,Season 1,@OverreactionFade_LT,CVNA,,long,77,56955.16,2026-07-30,739.677403,VENUE-SIMULATED-FILL,MODELLED,2026-08-18,687.96,VENUE-SIMULATED-FILL,MODELLED,19,-3983.81,-6.994643,1.5683,,,,,MODELLED,False
Live Book (rehearsal):@SOFRPivot_Rider:2026-08-13:SPY:2026-08-18,Live Book (rehearsal),@SOFRPivot_Rider,SPY,,long,40,30994.8,2026-08-13,774.87,VENUE-SIMULATED-FILL,SECONDARY,2026-08-18,768.7,VENUE-SIMULATED-FILL,SECONDARY,5,-247.68,-0.799102,0.8812,,,0.0,0.00022,SECONDARY,False
Season 1:@SpreadHarvester_MM:2026-08-17:NVDA:2026-08-18,Season 1,@SpreadHarvester_MM,NVDA,,short,70,19571.3,2026-08-17,279.59,VENUE-SIMULATED-FILL,MODELLED,2026-08-18,267.42,VENUE-SIMULATED-FILL,MODELLED,1,851.76,4.352087,0.1368,,,,,MODELLED,False
Season 1:@SpreadHarvester_MM:2026-08-18:NVDA:2026-08-18,Season 1,@SpreadHarvester_MM,NVDA,,long,90,24067.8,2026-08-18,267.42,VENUE-SIMULATED-FILL,MODELLED,2026-08-18,267.45,VENUE-SIMULATED-FILL,MODELLED,0,2.55,0.010595,0.1534,,,,,MODELLED,False
Official Auction Book:@ConcessionFade_Notes:2026-08-11:91282CRG8:2026-08-19,Official Auction Book,@ConcessionFade_Notes,91282CRG8,3-Year,long,36900.0,3685772.88,2026-08-11,99.885444,PRIMARY-AUCTION,OFFICIAL,2026-08-19,100.001375,SECONDARY-CURVE,OFFICIAL-DERIVED,8,42.78,0.001161,0.0,0.0,0.0,,,OFFICIAL-DERIVED,False
Live Book (rehearsal):@CurveSteepener_MaxBeta:2026-08-14:SPY:2026-08-19,Live Book (rehearsal),@CurveSteepener_MaxBeta,SPY,,long,40,31141.6,2026-08-14,778.54,VENUE-SIMULATED-FILL,SECONDARY,2026-08-19,770.35,VENUE-SIMULATED-FILL,SECONDARY,5,-328.48,-1.054795,0.8826,,,0.13,0.00038,SECONDARY,False
Season 1:@GapAndGo_YOLO:2026-08-19:CVNA:2026-08-19,Season 1,@GapAndGo_YOLO,CVNA,,long,5,3499.6,2026-08-19,699.92,VENUE-SIMULATED-FILL,MODELLED,2026-08-19,680.1,VENUE-SIMULATED-FILL,MODELLED,0,-99.2,-2.83461,0.101,,,,,MODELLED,False
Live Book (rehearsal):@MLB_Attention_Live:2026-08-18:PENN:2026-08-19,Live Book (rehearsal),@MLB_Attention_Live,PENN,,short,1100,20537.0,2026-08-18,18.67,VENUE-SIMULATED-FILL,SECONDARY,2026-08-19,18.46,VENUE-SIMULATED-FILL,SECONDARY,1,223.76,1.089546,7.2375,,,0.001,0.0548,SECONDARY,False
Season 2:@MLB_Attention_Momo:2026-07-29:FLUT:2026-08-19,Season 2,@MLB_Attention_Momo,FLUT,,long,25,2668.6,2026-07-29,106.744072,VENUE-SIMULATED-FILL,MODELLED,2026-08-19,93.34,VENUE-SIMULATED-FILL,MODELLED,21,-335.3,-12.564632,0.2029,,,,,MODELLED,False
Season 2:@MLB_Attention_Momo:2026-07-29:PENN:2026-08-19,Season 2,@MLB_Attention_Momo,PENN,,long,165,3408.05,2026-07-29,20.654844,VENUE-SIMULATED-FILL,MODELLED,2026-08-19,18.45,VENUE-SIMULATED-FILL,MODELLED,21,-364.88,-10.706418,1.0849,,,,,MODELLED,False
Season 1:@OvernightCarry_NO:2026-08-17:SPY:2026-08-19,Season 1,@OvernightCarry_NO,SPY,,long,250,191765.32,2026-08-17,767.06128,VENUE-SIMULATED-FILL,MODELLED,2026-08-19,767.75,VENUE-SIMULATED-FILL,MODELLED,2,166.68,0.086919,5.5027,,,,,MODELLED,False
Season 1:@OverreactionFade_LT:2026-08-18:CVNA:2026-08-19,Season 1,@OverreactionFade_LT,CVNA,,long,4,2752.16,2026-08-18,688.04,VENUE-SIMULATED-FILL,MODELLED,2026-08-19,699.85,VENUE-SIMULATED-FILL,MODELLED,1,47.16,1.713563,0.0824,,,,,MODELLED,False
Live Book (rehearsal):@SOFRPivot_Rider:2026-08-13:SPY:2026-08-19,Live Book (rehearsal),@SOFRPivot_Rider,SPY,,long,40,30994.8,2026-08-13,774.87,VENUE-SIMULATED-FILL,SECONDARY,2026-08-19,770.35,VENUE-SIMULATED-FILL,SECONDARY,6,-181.68,-0.586163,0.8826,,,0.13,0.00022,SECONDARY,False
Season 1:@SpreadHarvester_MM:2026-08-18:NVDA:2026-08-19,Season 1,@SpreadHarvester_MM,NVDA,,short,70,18721.5,2026-08-18,267.45,VENUE-SIMULATED-FILL,MODELLED,2026-08-19,269.47,VENUE-SIMULATED-FILL,MODELLED,1,-141.52,-0.755922,0.1193,,,,,MODELLED,False
Season 1:@SpreadHarvester_MM:2026-08-19:NVDA:2026-08-19,Season 1,@SpreadHarvester_MM,NVDA,,long,9,2425.23,2026-08-19,269.47,VENUE-SIMULATED-FILL,MODELLED,2026-08-19,269.5,VENUE-SIMULATED-FILL,MODELLED,0,0.25,0.010308,0.0157,,,,,MODELLED,False
Live Book (rehearsal):@CurveSteepener_MaxBeta:2026-08-17:JPM:2026-08-20,Live Book (rehearsal),@CurveSteepener_MaxBeta,JPM,,long,200,72422.4,2026-08-17,362.112,VENUE-SIMULATED-FILL,SECONDARY,2026-08-20,357.59,VENUE-SIMULATED-FILL,SECONDARY,3,-907.11,-1.252527,2.7123,,,0.28,0.00227,SECONDARY,False
Live Book (rehearsal):@CurveSteepener_MaxBeta:2026-08-17:XOM:2026-08-20,Live Book (rehearsal),@CurveSteepener_MaxBeta,XOM,,long,400,64724.0,2026-08-17,161.81,VENUE-SIMULATED-FILL,SECONDARY,2026-08-20,167.02,VENUE-SIMULATED-FILL,SECONDARY,3,2080.15,3.213877,3.8542,,,0.0,0.00233,SECONDARY,False
Season 1:@GapAndGo_YOLO:2026-08-20:NVDA:2026-08-20,Season 1,@GapAndGo_YOLO,NVDA,,long,13,3670.29,2026-08-20,282.33,VENUE-SIMULATED-FILL,MODELLED,2026-08-20,271.06,VENUE-SIMULATED-FILL,MODELLED,0,-146.66,-3.99587,0.1531,,,,,MODELLED,False
Season 1:@GapAndGo_YOLO:2026-08-20:TSLA:2026-08-20,Season 1,@GapAndGo_YOLO,TSLA,,long,10,3694.6,2026-08-20,369.46,VENUE-SIMULATED-FILL,MODELLED,2026-08-20,350.83,VENUE-SIMULATED-FILL,MODELLED,0,-186.43,-5.046013,0.1342,,,,,MODELLED,False
Live Book (rehearsal):@GoldVsRealRate_Live:2026-07-16:TLT:2026-08-20,Live Book (rehearsal),@GoldVsRealRate_Live,TLT,,long,1200,98684.59,2026-07-16,82.23716,VENUE-SIMULATED-FILL,SECONDARY,2026-08-20,82.36,VENUE-SIMULATED-FILL,SECONDARY,35,137.94,0.139779,9.4699,,,0.0,0.00432,SECONDARY,False
Season 2:@Kalshi_Attention_Timer:2026-08-03:XLU:2026-08-20,Season 2,@Kalshi_Attention_Timer,XLU,,long,33,1459.12,2026-08-03,44.215764,VENUE-SIMULATED-FILL,MODELLED,2026-08-20,43.83,VENUE-SIMULATED-FILL,MODELLED,17,-12.96,-0.888206,0.2342,,,,,MODELLED,False
Season 1:@KitchenSink_AllIn:2026-07-22:QQQ:2026-08-20,Season 1,@KitchenSink_AllIn,QQQ,,long,10,6964.8,2026-07-22,696.480155,VENUE-SIMULATED-FILL,MODELLED,2026-08-20,708.18,VENUE-SIMULATED-FILL,MODELLED,29,116.79,1.67686,0.2078,,,,,MODELLED,False
Season 1:@KitchenSink_AllIn:2026-07-22:SPY:2026-08-20,Season 1,@KitchenSink_AllIn,SPY,,long,9,6831.05,2026-07-22,759.005153,VENUE-SIMULATED-FILL,MODELLED,2026-08-20,769.87,VENUE-SIMULATED-FILL,MODELLED,29,97.59,1.428624,0.1985,,,,,MODELLED,False
Season 1:@OvernightCarry_NO:2026-08-19:SPY:2026-08-20,Season 1,@OvernightCarry_NO,SPY,,long,32,24597.12,2026-08-19,768.66,VENUE-SIMULATED-FILL,MODELLED,2026-08-20,769.87,VENUE-SIMULATED-FILL,MODELLED,1,38.01,0.15453,0.7057,,,,,MODELLED,False
Season 2:@PinePilot_EMA_Cross:2025-09-17:IWM:2026-08-20,Season 2,@PinePilot_EMA_Cross,IWM,,long,3,819.6,2025-09-17,273.198913,VENUE-SIMULATED-FILL,MODELLED,2026-08-20,299.26,VENUE-SIMULATED-FILL,MODELLED,337,78.15,9.535177,0.0371,,,,,MODELLED,False
Season 2:@PinePilot_EMA_Cross:2025-09-17:SPY:2026-08-20,Season 2,@PinePilot_EMA_Cross,SPY,,long,1,712.78,2025-09-17,712.779494,VENUE-SIMULATED-FILL,MODELLED,2026-08-20,765.96,VENUE-SIMULATED-FILL,MODELLED,337,53.16,7.458127,0.022,,,,,MODELLED,False
Live Book (rehearsal):@SOFRPivot_Rider:2026-08-18:TLT:2026-08-20,Live Book (rehearsal),@SOFRPivot_Rider,TLT,,long,1400,114640.4,2026-08-18,81.886,VENUE-SIMULATED-FILL,SECONDARY,2026-08-20,82.36,VENUE-SIMULATED-FILL,SECONDARY,2,652.55,0.569215,11.0483,,,0.0,0.00359,SECONDARY,False
Season 1:@SpreadHarvester_MM:2026-08-19:NVDA:2026-08-20,Season 1,@SpreadHarvester_MM,NVDA,,short,90,24255.0,2026-08-19,269.5,VENUE-SIMULATED-FILL,MODELLED,2026-08-20,282.31,VENUE-SIMULATED-FILL,MODELLED,1,-1153.06,-4.753906,0.1572,,,,,MODELLED,False
Season 1:@SpreadHarvester_MM:2026-08-20:NVDA:2026-08-20,Season 1,@SpreadHarvester_MM,NVDA,,long,53,14962.43,2026-08-20,282.31,VENUE-SIMULATED-FILL,MODELLED,2026-08-20,282.34,VENUE-SIMULATED-FILL,MODELLED,0,1.48,0.009891,0.1066,,,,,MODELLED,False
Live Book (rehearsal):@CurveSteepener_MaxBeta:2026-08-17:XOM:2026-08-21,Live Book (rehearsal),@CurveSteepener_MaxBeta,XOM,,long,100,16181.0,2026-08-17,161.81,VENUE-SIMULATED-FILL,SECONDARY,2026-08-21,166.53,VENUE-SIMULATED-FILL,SECONDARY,4,471.04,2.911069,0.9626,,,0.6,0.00233,SECONDARY,False
Season 2:@GOLD_Trend_GLD:2026-04-15:GLD:2026-08-21,Season 2,@GOLD_Trend_GLD,GLD,,long,648,265777.57,2026-04-15,410.150575,VENUE-SIMULATED-FILL,MODELLED,2026-08-21,420.5,VENUE-SIMULATED-FILL,MODELLED,128,6696.8,2.519701,9.6275,,,,,MODELLED,False
Season 1:@OvernightCarry_NO:2026-08-19:SPY:2026-08-21,Season 1,@OvernightCarry_NO,SPY,,long,249,189744.63,2026-08-19,762.02664,VENUE-SIMULATED-FILL,MODELLED,2026-08-21,759.38,VENUE-SIMULATED-FILL,MODELLED,2,-664.45,-0.350181,5.4377,,,,,MODELLED,False
Season 1:@SpreadHarvester_MM:2026-08-20:NVDA:2026-08-21,Season 1,@SpreadHarvester_MM,NVDA,,short,73,20610.82,2026-08-20,282.34,VENUE-SIMULATED-FILL,MODELLED,2026-08-21,271.46,VENUE-SIMULATED-FILL,MODELLED,1,794.09,3.852782,0.1468,,,,,MODELLED,False
Season 1:@SpreadHarvester_MM:2026-08-21:NVDA:2026-08-21,Season 1,@SpreadHarvester_MM,NVDA,,long,74,20088.04,2026-08-21,271.46,VENUE-SIMULATED-FILL,MODELLED,2026-08-21,271.49,VENUE-SIMULATED-FILL,MODELLED,0,2.09,0.010404,0.1323,,,,,MODELLED,False
Season 1:@DriftRider_PEAD:2026-08-03:RIVN:2026-08-24,Season 1,@DriftRider_PEAD,RIVN,,long,2296,42108.64,2026-08-03,18.34,VENUE-SIMULATED-FILL,MODELLED,2026-08-24,16.63,VENUE-SIMULATED-FILL,MODELLED,21,-3941.17,-9.359528,15.0103,,,,,MODELLED,False
Season 1:@GapAndGo_YOLO:2026-08-24:NVDA:2026-08-24,Season 1,@GapAndGo_YOLO,NVDA,,long,13,3648.19,2026-08-24,280.63,VENUE-SIMULATED-FILL,MODELLED,2026-08-24,280.57,VENUE-SIMULATED-FILL,MODELLED,0,-0.94,-0.025766,0.1557,,,,,MODELLED,False
Season 2:@Kalshi_Attention_Timer:2026-08-03:UNG:2026-08-24,Season 2,@Kalshi_Attention_Timer,UNG,,long,149,1510.68,2026-08-03,10.138791,VENUE-SIMULATED-FILL,MODELLED,2026-08-24,10.3,VENUE-SIMULATED-FILL,MODELLED,21,23.07,1.527127,0.9547,,,,,MODELLED,False
Live Book (rehearsal):@KitchenSink_Official:2026-08-12:QQQ:2026-08-24,Live Book (rehearsal),@KitchenSink_Official,QQQ,,long,240,174913.6,2026-08-12,728.806667,VENUE-SIMULATED-FILL,SECONDARY,2026-08-24,709.64,VENUE-SIMULATED-FILL,SECONDARY,12,-4605.0,-2.632728,4.9953,,,0.281,0.00041,SECONDARY,False
Live Book (rehearsal):@OilDollar_FadeUNG:2026-07-20:XOM:2026-08-24,Live Book (rehearsal),@OilDollar_FadeUNG,XOM,,long,200,30560.8,2026-07-20,152.804,VENUE-SIMULATED-FILL,SECONDARY,2026-08-24,163.86,VENUE-SIMULATED-FILL,SECONDARY,35,2209.29,7.229163,1.9141,,,0.61,0.00165,SECONDARY,False
Live Book (rehearsal):@OilDollar_FadeUNG:2026-07-24:UNG:2026-08-24,Live Book (rehearsal),@OilDollar_FadeUNG,UNG,,long,6500,70173.41,2026-07-24,10.795909,VENUE-SIMULATED-FILL,SECONDARY,2026-08-24,10.3,VENUE-SIMULATED-FILL,SECONDARY,31,-3265.06,-4.652845,41.6467,,,-0.0,0.08701,SECONDARY,False
Season 1:@OvernightCarry_NO:2026-08-19:SPY:2026-08-24,Season 1,@OvernightCarry_NO,SPY,,long,34,26017.35,2026-08-19,765.21619,VENUE-SIMULATED-FILL,MODELLED,2026-08-24,764.17,VENUE-SIMULATED-FILL,MODELLED,5,-36.32,-0.139599,0.7459,,,,,MODELLED,False
Season 1:@SpreadHarvester_MM:2026-08-21:NVDA:2026-08-24,Season 1,@SpreadHarvester_MM,NVDA,,short,73,19818.77,2026-08-21,271.49,VENUE-SIMULATED-FILL,MODELLED,2026-08-24,280.61,VENUE-SIMULATED-FILL,MODELLED,3,-665.89,-3.359896,0.1305,,,,,MODELLED,False
Season 1:@SpreadHarvester_MM:2026-08-24:NVDA:2026-08-24,Season 1,@SpreadHarvester_MM,NVDA,,long,72,20203.92,2026-08-24,280.61,VENUE-SIMULATED-FILL,MODELLED,2026-08-24,280.64,VENUE-SIMULATED-FILL,MODELLED,0,2.02,0.009998,0.1423,,,,,MODELLED,False
Season 1:@BetaChaser_3xProxy:2025-09-17:NVDA:2026-08-25,Season 1,@BetaChaser_3xProxy,NVDA,,long,23,5329.42,2025-09-17,231.713743,VENUE-SIMULATED-FILL,MODELLED,2026-08-25,279.76,VENUE-SIMULATED-FILL,MODELLED,342,1104.79,20.730038,0.275,,,,,MODELLED,False
Season 1:@BetaChaser_3xProxy:2025-09-17:RIVN:2026-08-25,Season 1,@BetaChaser_3xProxy,RIVN,,long,329,6490.16,2025-09-17,19.726942,VENUE-SIMULATED-FILL,MODELLED,2026-08-25,17.71,VENUE-SIMULATED-FILL,MODELLED,342,-665.73,-10.257522,2.1582,,,,,MODELLED,False
Season 2:@GOLD_Trend_GLD:2026-04-15:GLD:2026-08-25,Season 2,@GOLD_Trend_GLD,GLD,,long,7,2999.79,2026-04-15,428.541706,VENUE-SIMULATED-FILL,MODELLED,2026-08-25,422.77,VENUE-SIMULATED-FILL,MODELLED,132,-40.51,-1.350427,0.1043,,,,,MODELLED,False
Season 1:@GapAndGo_YOLO:2026-08-25:CVNA:2026-08-25,Season 1,@GapAndGo_YOLO,CVNA,,long,5,3307.95,2026-08-25,661.59,VENUE-SIMULATED-FILL,MODELLED,2026-08-25,672.22,VENUE-SIMULATED-FILL,MODELLED,0,53.05,1.603712,0.1002,,,,,MODELLED,False
Live Book (rehearsal):@GoldVsRealRate_Live:2026-07-16:TLT:2026-08-25,Live Book (rehearsal),@GoldVsRealRate_Live,TLT,,long,100,8223.72,2026-07-16,82.23716,VENUE-SIMULATED-FILL,SECONDARY,2026-08-25,83.11,VENUE-SIMULATED-FILL,SECONDARY,40,86.49,1.051714,0.7907,,,0.0,0.00432,SECONDARY,False
Season 2:@Kalshi_Attention_Timer:2026-08-03:XLU:2026-08-25,Season 2,@Kalshi_Attention_Timer,XLU,,long,55,2429.11,2026-08-03,44.165563,VENUE-SIMULATED-FILL,MODELLED,2026-08-25,43.24,VENUE-SIMULATED-FILL,MODELLED,22,-51.3,-2.111888,0.3897,,,,,MODELLED,False
Official Auction Book:@LiquidityWeighted_Participant:2026-07-14:912797TY3:2026-08-25,Official Auction Book,@LiquidityWeighted_Participant,912797TY3,26-Week,long,63600.0,6332991.18,2026-07-14,99.575333,PRIMARY-AUCTION,OFFICIAL,2026-08-25,99.979778,SECONDARY-CURVE,OFFICIAL-DERIVED,42,257.23,0.004062,0.0,0.0,0.0,,,OFFICIAL-DERIVED,False
Season 1:@OvernightCarry_NO:2026-08-19:SPY:2026-08-25,Season 1,@OvernightCarry_NO,SPY,,long,247,188502.57,2026-08-19,763.168291,VENUE-SIMULATED-FILL,MODELLED,2026-08-25,768.07,VENUE-SIMULATED-FILL,MODELLED,6,1205.28,0.639397,5.4383,,,,,MODELLED,False
Live Book (rehearsal):@SOFRPivot_Rider:2026-08-18:TLT:2026-08-25,Live Book (rehearsal),@SOFRPivot_Rider,TLT,,long,100,8188.6,2026-08-18,81.886,VENUE-SIMULATED-FILL,SECONDARY,2026-08-25,83.11,VENUE-SIMULATED-FILL,SECONDARY,7,121.61,1.485113,0.7907,,,0.0,0.00359,SECONDARY,False
Season 1:@SpreadHarvester_MM:2026-08-24:NVDA:2026-08-25,Season 1,@SpreadHarvester_MM,NVDA,,short,73,20486.72,2026-08-24,280.64,VENUE-SIMULATED-FILL,MODELLED,2026-08-25,279.75,VENUE-SIMULATED-FILL,MODELLED,1,64.83,0.316449,0.1442,,,,,MODELLED,False
Season 1:@SpreadHarvester_MM:2026-08-25:NVDA:2026-08-25,Season 1,@SpreadHarvester_MM,NVDA,,long,69,19302.75,2026-08-25,279.75,VENUE-SIMULATED-FILL,MODELLED,2026-08-25,279.78,VENUE-SIMULATED-FILL,MODELLED,0,1.93,0.009999,0.1351,,,,,MODELLED,False
Season 1:@TrendSurfer_GoldenX:2025-09-25:QQQ:2026-08-25,Season 1,@TrendSurfer_GoldenX,QQQ,,long,1,606.86,2025-09-25,606.857165,VENUE-SIMULATED-FILL,MODELLED,2026-08-25,706.18,VENUE-SIMULATED-FILL,MODELLED,334,99.3,16.362994,0.0207,,,,,MODELLED,False
Season 1:@GapAndGo_YOLO:2026-08-26:CVNA:2026-08-26,Season 1,@GapAndGo_YOLO,CVNA,,long,5,3417.65,2026-08-26,683.53,VENUE-SIMULATED-FILL,MODELLED,2026-08-26,633.68,VENUE-SIMULATED-FILL,MODELLED,0,-249.35,-7.295949,0.0962,,,,,MODELLED,False
Season 1:@GapAndGo_YOLO:2026-08-26:TSLA:2026-08-26,Season 1,@GapAndGo_YOLO,TSLA,,long,10,3609.1,2026-08-26,360.91,VENUE-SIMULATED-FILL,MODELLED,2026-08-26,357.7,VENUE-SIMULATED-FILL,MODELLED,0,-32.24,-0.893297,0.1356,,,,,MODELLED,False
Live Book (rehearsal):@KitchenSink_Official:2026-08-25:SPY:2026-08-26,Live Book (rehearsal),@KitchenSink_Official,SPY,,long,40,30646.4,2026-08-25,766.16,VENUE-SIMULATED-FILL,SECONDARY,2026-08-26,764.72,VENUE-SIMULATED-FILL,SECONDARY,1,-58.48,-0.190822,0.8779,,,0.131,0.00029,SECONDARY,False
Season 2:@MLB_Attention_Momo:2026-07-29:DKNG:2026-08-26,Season 2,@MLB_Attention_Momo,DKNG,,long,65,1590.39,2026-07-29,24.467474,VENUE-SIMULATED-FILL,MODELLED,2026-08-26,25.57,VENUE-SIMULATED-FILL,MODELLED,28,71.23,4.478787,0.4369,,,,,MODELLED,False
Season 2:@MLB_Attention_Momo:2026-07-29:FLUT:2026-08-26,Season 2,@MLB_Attention_Momo,FLUT,,long,22,2348.37,2026-07-29,106.744072,VENUE-SIMULATED-FILL,MODELLED,2026-08-26,101.36,VENUE-SIMULATED-FILL,MODELLED,28,-118.63,-5.05159,0.1822,,,,,MODELLED,False
Season 1:@OvernightCarry_NO:2026-08-19:SPY:2026-08-26,Season 1,@OvernightCarry_NO,SPY,,long,36,27559.23,2026-08-19,765.534278,VENUE-SIMULATED-FILL,MODELLED,2026-08-26,768.32,VENUE-SIMULATED-FILL,MODELLED,7,99.49,0.361004,0.7928,,,,,MODELLED,False
Season 1:@SpreadHarvester_MM:2026-08-25:NVDA:2026-08-26,Season 1,@SpreadHarvester_MM,NVDA,,short,72,20144.16,2026-08-25,279.78,VENUE-SIMULATED-FILL,MODELLED,2026-08-26,287.53,VENUE-SIMULATED-FILL,MODELLED,1,-558.14,-2.770729,0.141,,,,,MODELLED,False
Season 1:@SpreadHarvester_MM:2026-08-26:NVDA:2026-08-26,Season 1,@SpreadHarvester_MM,NVDA,,long,65,18689.45,2026-08-26,287.53,VENUE-SIMULATED-FILL,MODELLED,2026-08-26,287.56,VENUE-SIMULATED-FILL,MODELLED,0,1.81,0.009685,0.1377,,,,,MODELLED,False
Official Auction Book:@BillCarry_TenX:2026-07-14:912797TY3:2026-08-27,Official Auction Book,@BillCarry_TenX,912797TY3,26-Week,long,11700.0,1165031.4,2026-07-14,99.575333,PRIMARY-AUCTION,OFFICIAL,2026-08-27,100.0,MATURITY-REDEMPTION,OFFICIAL,44,49.69,0.004265,0.0,0.0,0.0,,,OFFICIAL,True
Live Book (rehearsal):@CurveSteepener_MaxBeta:2026-08-21:SPY:2026-08-27,Live Book (rehearsal),@CurveSteepener_MaxBeta,SPY,,long,80,61284.0,2026-08-21,766.05,VENUE-SIMULATED-FILL,SECONDARY,2026-08-27,768.5,VENUE-SIMULATED-FILL,SECONDARY,6,194.24,0.316951,1.7621,,,-0.0,0.00031,SECONDARY,False
Season 2:@GOLD_Trend_GLD:2026-04-15:GLD:2026-08-27,Season 2,@GOLD_Trend_GLD,GLD,,long,3,1285.63,2026-04-15,428.541706,VENUE-SIMULATED-FILL,MODELLED,2026-08-27,420.82,VENUE-SIMULATED-FILL,MODELLED,134,-23.21,-1.805347,0.0446,,,,,MODELLED,False
Live Book (rehearsal):@GoldVsRealRate_Live:2026-08-20:GLD:2026-08-27,Live Book (rehearsal),@GoldVsRealRate_Live,GLD,,long,120,50276.57,2026-08-20,418.971429,VENUE-SIMULATED-FILL,SECONDARY,2026-08-27,420.81,VENUE-SIMULATED-FILL,SECONDARY,7,218.84,0.435272,1.7836,,,0.238,0.00058,SECONDARY,False
Season 1:@KitchenSink_AllIn:2026-07-22:QQQ:2026-08-27,Season 1,@KitchenSink_AllIn,QQQ,,long,3,2090.67,2026-07-22,696.8899,VENUE-SIMULATED-FILL,MODELLED,2026-08-27,703.05,VENUE-SIMULATED-FILL,MODELLED,36,18.42,0.881057,0.062,,,,,MODELLED,False
Season 1:@KitchenSink_AllIn:2026-07-22:SPY:2026-08-27,Season 1,@KitchenSink_AllIn,SPY,,long,3,2277.11,2026-07-22,759.035536,VENUE-SIMULATED-FILL,MODELLED,2026-08-27,764.84,VENUE-SIMULATED-FILL,MODELLED,36,17.35,0.761932,0.0659,,,,,MODELLED,False
Season 1:@KitchenSink_AllIn:2026-08-06:IWM:2026-08-27,Season 1,@KitchenSink_AllIn,IWM,,long,7,1868.63,2026-08-06,266.946734,VENUE-SIMULATED-FILL,MODELLED,2026-08-27,264.7,VENUE-SIMULATED-FILL,MODELLED,21,-15.81,-0.846076,0.0815,,,,,MODELLED,False
Live Book (rehearsal):@KitchenSink_Official:2026-08-25:SPY:2026-08-27,Live Book (rehearsal),@KitchenSink_Official,SPY,,long,40,30646.4,2026-08-25,766.16,VENUE-SIMULATED-FILL,SECONDARY,2026-08-27,768.5,VENUE-SIMULATED-FILL,SECONDARY,2,92.72,0.302548,0.881,,,-0.0,0.00029,SECONDARY,False
Season 2:@MLB_Attention_Momo:2026-07-29:PENN:2026-08-27,Season 2,@MLB_Attention_Momo,PENN,,long,158,3233.99,2026-07-29,20.46831,VENUE-SIMULATED-FILL,MODELLED,2026-08-27,17.79,VENUE-SIMULATED-FILL,MODELLED,29,-424.21,-13.117221,1.0367,,,,,MODELLED,False
Season 1:@OvernightCarry_NO:2026-08-19:SPY:2026-08-27,Season 1,@OvernightCarry_NO,SPY,,long,248,189829.21,2026-08-19,765.44038,VENUE-SIMULATED-FILL,MODELLED,2026-08-27,764.84,VENUE-SIMULATED-FILL,MODELLED,8,-154.34,-0.081305,5.4438,,,,,MODELLED,False
Season 1:@SpreadHarvester_MM:2026-08-26:NVDA:2026-08-27,Season 1,@SpreadHarvester_MM,NVDA,,short,66,18978.96,2026-08-26,287.56,VENUE-SIMULATED-FILL,MODELLED,2026-08-27,292.69,VENUE-SIMULATED-FILL,MODELLED,1,-338.72,-1.784713,0.1399,,,,,MODELLED,False
Season 1:@SpreadHarvester_MM:2026-08-27:NVDA:2026-08-27,Season 1,@SpreadHarvester_MM,NVDA,,long,66,19317.54,2026-08-27,292.69,VENUE-SIMULATED-FILL,MODELLED,2026-08-27,292.72,VENUE-SIMULATED-FILL,MODELLED,0,1.83,0.009473,0.1468,,,,,MODELLED,False
Live Book (rehearsal):@CurveSteepener_MaxBeta:2026-08-21:SPY:2026-08-28,Live Book (rehearsal),@CurveSteepener_MaxBeta,SPY,,long,40,30642.0,2026-08-21,766.05,VENUE-SIMULATED-FILL,SECONDARY,2026-08-28,771.76,VENUE-SIMULATED-FILL,SECONDARY,7,227.52,0.74251,0.8837,,,0.0,0.00031,SECONDARY,False
Season 2:@FDACatalyst_Rider:2026-07-29:XBI:2026-08-28,Season 2,@FDACatalyst_Rider,XBI,,long,1574,236125.37,2026-07-29,150.016117,VENUE-SIMULATED-FILL,MODELLED,2026-08-28,166.7,VENUE-SIMULATED-FILL,MODELLED,30,26245.28,11.114977,15.1561,,,,,MODELLED,False
Season 1:@GapAndGo_YOLO:2026-08-28:NVDA:2026-08-28,Season 1,@GapAndGo_YOLO,NVDA,,long,11,3447.4,2026-08-28,313.4,VENUE-SIMULATED-FILL,MODELLED,2026-08-28,299.94,VENUE-SIMULATED-FILL,MODELLED,0,-148.2,-4.298892,0.1361,,,,,MODELLED,False
Live Book (rehearsal):@GoldVsRealRate_Live:2026-08-20:GLD:2026-08-28,Live Book (rehearsal),@GoldVsRealRate_Live,GLD,,long,160,67035.43,2026-08-20,418.971429,VENUE-SIMULATED-FILL,SECONDARY,2026-08-28,422.22,VENUE-SIMULATED-FILL,SECONDARY,8,517.39,0.771816,2.3828,,,0.473,0.00058,SECONDARY,False
Season 1:@KitchenSink_AllIn:2026-07-22:QQQ:2026-08-28,Season 1,@KitchenSink_AllIn,QQQ,,long,4,2787.56,2026-07-22,696.8899,VENUE-SIMULATED-FILL,MODELLED,2026-08-28,704.58,VENUE-SIMULATED-FILL,MODELLED,37,30.68,1.100604,0.0828,,,,,MODELLED,False
Season 1:@KitchenSink_AllIn:2026-07-22:SPY:2026-08-28,Season 1,@KitchenSink_AllIn,SPY,,long,3,2277.11,2026-07-22,759.035536,VENUE-SIMULATED-FILL,MODELLED,2026-08-28,764.67,VENUE-SIMULATED-FILL,MODELLED,37,16.84,0.739535,0.0658,,,,,MODELLED,False
Season 1:@KitchenSink_AllIn:2026-08-06:IWM:2026-08-28,Season 1,@KitchenSink_AllIn,IWM,,long,10,2669.47,2026-08-06,266.946734,VENUE-SIMULATED-FILL,MODELLED,2026-08-28,268.22,VENUE-SIMULATED-FILL,MODELLED,22,12.62,0.472753,0.1172,,,,,MODELLED,False
Season 2:@MLB_Attention_Momo:2026-07-29:DKNG:2026-08-28,Season 2,@MLB_Attention_Momo,DKNG,,long,3264,79861.84,2026-07-29,24.467474,VENUE-SIMULATED-FILL,MODELLED,2026-08-28,24.27,VENUE-SIMULATED-FILL,MODELLED,30,-666.41,-0.834454,21.8524,,,,,MODELLED,False
Season 2:@MLB_Attention_Momo:2026-07-29:FLUT:2026-08-28,Season 2,@MLB_Attention_Momo,FLUT,,long,824,87957.12,2026-07-29,106.744072,VENUE-SIMULATED-FILL,MODELLED,2026-08-28,95.78,VENUE-SIMULATED-FILL,MODELLED,30,-9041.13,-10.279021,6.7305,,,,,MODELLED,False
Season 2:@MLB_Attention_Momo:2026-07-29:PENN:2026-08-28,Season 2,@MLB_Attention_Momo,PENN,,long,4524,92598.63,2026-07-29,20.46831,VENUE-SIMULATED-FILL,MODELLED,2026-08-28,17.41,VENUE-SIMULATED-FILL,MODELLED,30,-13865.44,-14.973698,29.6487,,,,,MODELLED,False
Live Book (rehearsal):@OilDollar_FadeUNG:2026-07-20:XOM:2026-08-28,Live Book (rehearsal),@OilDollar_FadeUNG,XOM,,long,200,30947.68,2026-07-20,154.7384,VENUE-SIMULATED-FILL,SECONDARY,2026-08-28,156.6,VENUE-SIMULATED-FILL,SECONDARY,39,370.44,1.196988,1.8842,,,0.0,0.00165,SECONDARY,False
Live Book (rehearsal):@OilDollar_FadeUNG:2026-07-24:UNG:2026-08-28,Live Book (rehearsal),@OilDollar_FadeUNG,UNG,,long,5700,60271.59,2026-07-24,10.573963,VENUE-SIMULATED-FILL,SECONDARY,2026-08-28,10.39,VENUE-SIMULATED-FILL,SECONDARY,35,-1085.12,-1.800384,36.5315,,,-0.0,0.08701,SECONDARY,False
Season 1:@OvernightCarry_NO:2026-08-27:SPY:2026-08-28,Season 1,@OvernightCarry_NO,SPY,,long,36,27754.2,2026-08-27,770.95,VENUE-SIMULATED-FILL,MODELLED,2026-08-28,764.67,VENUE-SIMULATED-FILL,MODELLED,1,-226.87,-0.817426,0.7901,,,,,MODELLED,False
Season 1:@SpreadHarvester_MM:2026-08-27:NVDA:2026-08-28,Season 1,@SpreadHarvester_MM,NVDA,,short,66,19319.52,2026-08-27,292.72,VENUE-SIMULATED-FILL,MODELLED,2026-08-28,313.38,VENUE-SIMULATED-FILL,MODELLED,1,-1363.71,-7.058716,0.1468,,,,,MODELLED,False
Season 1:@SpreadHarvester_MM:2026-08-28:NVDA:2026-08-28,Season 1,@SpreadHarvester_MM,NVDA,,long,57,17862.66,2026-08-28,313.38,VENUE-SIMULATED-FILL,MODELLED,2026-08-28,313.41,VENUE-SIMULATED-FILL,MODELLED,0,1.56,0.008733,0.1511,,,,,MODELLED,False
Live Book (rehearsal):@CurveSteepener_MaxBeta:2026-08-27:JPM:2026-08-31,Live Book (rehearsal),@CurveSteepener_MaxBeta,JPM,,long,200,71017.2,2026-08-27,355.086,VENUE-SIMULATED-FILL,SECONDARY,2026-08-31,355.88,VENUE-SIMULATED-FILL,SECONDARY,4,156.09,0.219792,2.7052,,,0.562,0.0023,SECONDARY,False
Live Book (rehearsal):@CurveSteepener_MaxBeta:2026-08-27:XOM:2026-08-31,Live Book (rehearsal),@CurveSteepener_MaxBeta,XOM,,long,400,62891.2,2026-08-27,157.228,VENUE-SIMULATED-FILL,SECONDARY,2026-08-31,159.94,VENUE-SIMULATED-FILL,SECONDARY,4,1081.0,1.718841,3.7959,,,0.0,0.0021,SECONDARY,False
Season 2:@FDA_ClusterFade:2026-05-26:XBI:2026-08-31,Season 2,@FDA_ClusterFade,XBI,,long,18,3000.73,2026-05-26,166.707132,VENUE-SIMULATED-FILL,MODELLED,2026-08-31,161.0,VENUE-SIMULATED-FILL,MODELLED,97,-102.9,-3.429167,0.1712,,,,,MODELLED,False
Live Book (rehearsal):@FDA_PDUFA_Drifter:2026-07-30:IBB:2026-08-31,Live Book (rehearsal),@FDA_PDUFA_Drifter,IBB,,long,300,55953.0,2026-07-30,186.51,VENUE-SIMULATED-FILL,SECONDARY,2026-08-31,207.22,VENUE-SIMULATED-FILL,SECONDARY,32,6209.86,11.09835,3.1391,,,0.965,0.01624,SECONDARY,False
Live Book (rehearsal):@FDA_PDUFA_Drifter:2026-07-30:XBI:2026-08-31,Live Book (rehearsal),@FDA_PDUFA_Drifter,XBI,,long,1600,240422.0,2026-07-30,150.26375,VENUE-SIMULATED-FILL,SECONDARY,2026-08-31,160.98,VENUE-SIMULATED-FILL,SECONDARY,32,17130.78,7.125296,15.2179,,,1.242,0.01338,SECONDARY,False
Season 2:@GOLD_Trend_GLD:2026-04-15:GLD:2026-08-31,Season 2,@GOLD_Trend_GLD,GLD,,long,640,274266.69,2026-04-15,428.541706,VENUE-SIMULATED-FILL,MODELLED,2026-08-31,407.74,VENUE-SIMULATED-FILL,MODELLED,138,-13322.43,-4.857473,9.3404,,,,,MODELLED,False
Season 1:@GapAndGo_YOLO:2026-08-31:CAT:2026-08-31,Season 1,@GapAndGo_YOLO,CAT,,long,6,3255.36,2026-08-31,542.56,VENUE-SIMULATED-FILL,MODELLED,2026-08-31,537.92,VENUE-SIMULATED-FILL,MODELLED,0,-27.94,-0.858277,0.1037,,,,,MODELLED,False
Season 2:@Kalshi_Attention_Timer:2026-08-03:UNG:2026-08-31,Season 2,@Kalshi_Attention_Timer,UNG,,long,120,1216.65,2026-08-03,10.138791,VENUE-SIMULATED-FILL,MODELLED,2026-08-31,10.41,VENUE-SIMULATED-FILL,MODELLED,28,31.78,2.61208,0.7691,,,,,MODELLED,False
Live Book (rehearsal):@MLB_Attention_Live:2026-07-27:FLUT:2026-08-31,Live Book (rehearsal),@MLB_Attention_Live,FLUT,,long,500,46947.19,2026-07-27,93.894389,VENUE-SIMULATED-FILL,SECONDARY,2026-08-31,101.61,VENUE-SIMULATED-FILL,SECONDARY,35,3853.66,8.208499,4.1441,,,2.951,0.01907,SECONDARY,False
Live Book (rehearsal):@MLB_Attention_Live:2026-07-30:DKNG:2026-08-31,Live Book (rehearsal),@MLB_Attention_Live,DKNG,,long,2900,70491.3,2026-07-30,24.307345,VENUE-SIMULATED-FILL,SECONDARY,2026-08-31,24.81,VENUE-SIMULATED-FILL,SECONDARY,32,1438.25,2.040323,19.4476,,,8.055,0.0297,SECONDARY,False
Live Book (rehearsal):@MLB_Attention_Live:2026-08-10:SRAD:2026-08-31,Live Book (rehearsal),@MLB_Attention_Live,SRAD,,long,4200,53970.49,2026-08-10,12.850116,VENUE-SIMULATED-FILL,SECONDARY,2026-08-31,12.91,VENUE-SIMULATED-FILL,SECONDARY,21,224.38,0.415746,27.136,,,11.605,0.15601,SECONDARY,False
Season 1:@OvernightCarry_NO:2026-08-27:SPY:2026-08-31,Season 1,@OvernightCarry_NO,SPY,,long,249,191492.87,2026-08-27,769.047671,VENUE-SIMULATED-FILL,MODELLED,2026-08-31,770.77,VENUE-SIMULATED-FILL,MODELLED,4,423.36,0.221084,5.4961,,,,,MODELLED,False
Season 1:@SpreadHarvester_MM:2026-08-28:NVDA:2026-08-31,Season 1,@SpreadHarvester_MM,NVDA,,short,56,17550.96,2026-08-28,313.41,VENUE-SIMULATED-FILL,MODELLED,2026-08-31,296.86,VENUE-SIMULATED-FILL,MODELLED,3,926.65,5.279768,0.1485,,,,,MODELLED,False
Season 1:@SpreadHarvester_MM:2026-08-31:NVDA:2026-08-31,Season 1,@SpreadHarvester_MM,NVDA,,long,55,16327.3,2026-08-31,296.86,VENUE-SIMULATED-FILL,MODELLED,2026-08-31,296.89,VENUE-SIMULATED-FILL,MODELLED,0,1.52,0.00931,0.1271,,,,,MODELLED,False
Season 1:@BetaChaser_3xProxy:2025-09-17:NVDA:2026-09-01,Season 1,@BetaChaser_3xProxy,NVDA,,long,26,6024.56,2025-09-17,231.713743,VENUE-SIMULATED-FILL,MODELLED,2026-09-01,305.49,VENUE-SIMULATED-FILL,MODELLED,349,1917.86,31.83404,0.3247,,,,,MODELLED,False
Official Auction Book:@BillCarry_TenX:2026-07-30:912797UW5:2026-09-01,Official Auction Book,@BillCarry_TenX,912797UW5,17-Week,long,809000.0,80671592.6,2026-07-30,99.717667,PRIMARY-AUCTION,OFFICIAL,2026-09-01,100.0,MATURITY-REDEMPTION,OFFICIAL,33,2284.07,0.002831,0.0,0.0,0.0,,,OFFICIAL,True
Live Book (rehearsal):@CurveSteepener_MaxBeta:2026-08-27:XOM:2026-09-01,Live Book (rehearsal),@CurveSteepener_MaxBeta,XOM,,long,100,15722.8,2026-08-27,157.228,VENUE-SIMULATED-FILL,SECONDARY,2026-09-01,163.6,VENUE-SIMULATED-FILL,SECONDARY,5,636.24,4.046607,0.9565,,,0.0,0.0021,SECONDARY,False
Season 1:@GapAndGo_YOLO:2026-09-01:TSLA:2026-09-01,Season 1,@GapAndGo_YOLO,TSLA,,long,9,3256.83,2026-09-01,361.87,VENUE-SIMULATED-FILL,MODELLED,2026-09-01,362.73,VENUE-SIMULATED-FILL,MODELLED,0,7.62,0.23397,0.123,,,,,MODELLED,False
Season 1:@GapAndGo_YOLO:2026-09-01:XOM:2026-09-01,Season 1,@GapAndGo_YOLO,XOM,,long,29,3470.43,2026-09-01,119.67,VENUE-SIMULATED-FILL,MODELLED,2026-09-01,116.98,VENUE-SIMULATED-FILL,MODELLED,0,-78.26,-2.255052,0.2495,,,,,MODELLED,False
Live Book (rehearsal):@GoldVsRealRate_Live:2026-08-28:TLT:2026-09-01,Live Book (rehearsal),@GoldVsRealRate_Live,TLT,,long,1200,99344.31,2026-08-28,82.786923,VENUE-SIMULATED-FILL,SECONDARY,2026-09-01,81.88,VENUE-SIMULATED-FILL,SECONDARY,4,-1097.77,-1.105016,9.4581,,,1.221,0.00196,SECONDARY,False
Season 2:@Kalshi_Attention_Timer:2026-08-03:XLU:2026-09-01,Season 2,@Kalshi_Attention_Timer,XLU,,long,25,1102.84,2026-08-03,44.113626,VENUE-SIMULATED-FILL,MODELLED,2026-09-01,42.29,VENUE-SIMULATED-FILL,MODELLED,29,-45.77,-4.150192,0.1767,,,,,MODELLED,False
Season 1:@KitchenSink_AllIn:2026-07-22:QQQ:2026-09-01,Season 1,@KitchenSink_AllIn,QQQ,,long,4,2796.91,2026-07-22,699.227062,VENUE-SIMULATED-FILL,MODELLED,2026-09-01,704.18,VENUE-SIMULATED-FILL,MODELLED,41,19.73,0.705422,0.0828,,,,,MODELLED,False
Season 1:@KitchenSink_AllIn:2026-07-22:SPY:2026-09-01,Season 1,@KitchenSink_AllIn,SPY,,long,3,2282.67,2026-07-22,760.889925,VENUE-SIMULATED-FILL,MODELLED,2026-09-01,766.51,VENUE-SIMULATED-FILL,MODELLED,41,16.79,0.735542,0.066,,,,,MODELLED,False
Season 1:@KitchenSink_AllIn:2026-08-06:IWM:2026-09-01,Season 1,@KitchenSink_AllIn,IWM,,long,8,2134.04,2026-08-06,266.755612,VENUE-SIMULATED-FILL,MODELLED,2026-09-01,265.96,VENUE-SIMULATED-FILL,MODELLED,26,-6.46,-0.302712,0.0934,,,,,MODELLED,False
Season 2:@MLB_Attention_Momo:2026-07-29:DKNG:2026-09-01,Season 2,@MLB_Attention_Momo,DKNG,,long,79,1962.35,2026-07-29,24.83988,VENUE-SIMULATED-FILL,MODELLED,2026-09-01,23.87,VENUE-SIMULATED-FILL,MODELLED,34,-77.15,-3.93151,0.5283,,,,,MODELLED,False
Season 2:@MLB_Attention_Momo:2026-07-29:PENN:2026-09-01,Season 2,@MLB_Attention_Momo,PENN,,long,146,2528.82,2026-07-29,17.320705,VENUE-SIMULATED-FILL,MODELLED,2026-09-01,16.77,VENUE-SIMULATED-FILL,MODELLED,34,-81.36,-3.217307,0.9549,,,,,MODELLED,False
Season 2:@MLB_Attention_Momo:2026-08-31:FLUT:2026-09-01,Season 2,@MLB_Attention_Momo,FLUT,,long,22,2236.52,2026-08-31,101.66,VENUE-SIMULATED-FILL,MODELLED,2026-09-01,98.15,VENUE-SIMULATED-FILL,MODELLED,1,-77.4,-3.460734,0.1808,,,,,MODELLED,False
Season 1:@OvernightCarry_NO:2026-08-31:SPY:2026-09-01,Season 1,@OvernightCarry_NO,SPY,,long,34,26060.32,2026-08-31,766.48,VENUE-SIMULATED-FILL,MODELLED,2026-09-01,766.51,VENUE-SIMULATED-FILL,MODELLED,1,0.27,0.001036,0.7475,,,,,MODELLED,False
Season 1:@OverreactionFade_LT:2026-08-27:CVNA:2026-09-01,Season 1,@OverreactionFade_LT,CVNA,,long,90,55886.4,2026-08-27,620.96,VENUE-SIMULATED-FILL,MODELLED,2026-09-01,575.69,VENUE-SIMULATED-FILL,MODELLED,5,-4075.92,-7.293223,1.6249,,,,,MODELLED,False
Season 2:@PinePilot_EMA_Cross:2025-09-17:SPY:2026-09-01,Season 2,@PinePilot_EMA_Cross,SPY,,long,2,1425.56,2025-09-17,712.779494,VENUE-SIMULATED-FILL,MODELLED,2026-09-01,762.01,VENUE-SIMULATED-FILL,MODELLED,349,98.42,6.903958,0.0438,,,,,MODELLED,False
Season 2:@PinePilot_EMA_Cross:2026-04-17:QQQ:2026-09-01,Season 2,@PinePilot_EMA_Cross,QQQ,,long,1,651.45,2026-04-17,651.448404,VENUE-SIMULATED-FILL,MODELLED,2026-09-01,707.39,VENUE-SIMULATED-FILL,MODELLED,137,55.92,8.583949,0.0208,,,,,MODELLED,False
Season 1:@SpreadHarvester_MM:2026-08-31:NVDA:2026-09-01,Season 1,@SpreadHarvester_MM,NVDA,,short,54,16032.06,2026-08-31,296.89,VENUE-SIMULATED-FILL,MODELLED,2026-09-01,305.48,VENUE-SIMULATED-FILL,MODELLED,1,-463.98,-2.894076,0.1248,,,,,MODELLED,False
Season 1:@SpreadHarvester_MM:2026-09-01:NVDA:2026-09-01,Season 1,@SpreadHarvester_MM,NVDA,,long,56,17106.88,2026-09-01,305.48,VENUE-SIMULATED-FILL,MODELLED,2026-09-01,305.51,VENUE-SIMULATED-FILL,MODELLED,0,1.54,0.009002,0.1394,,,,,MODELLED,False
Official Auction Book:@TBillLadder_MaxRoll:2026-07-30:912797UW5:2026-09-01,Official Auction Book,@TBillLadder_MaxRoll,912797UW5,17-Week,long,102600.0,10231032.63,2026-07-30,99.717667,PRIMARY-AUCTION,OFFICIAL,2026-09-01,100.0,MATURITY-REDEMPTION,OFFICIAL,33,289.67,0.002831,0.0,0.0,0.0,,,OFFICIAL,True
Season 1:@VolCarry_LowHigh:2025-09-17:CVNA:2026-09-01,Season 1,@VolCarry_LowHigh,CVNA,,short,1,287.25,2025-09-17,287.25,VENUE-SIMULATED-FILL,MODELLED,2026-09-01,575.79,VENUE-SIMULATED-FILL,MODELLED,349,-288.55,-100.452567,0.0062,,,,,MODELLED,False
Season 2:@YieldCurve_Rotator:2025-09-17:TLT:2026-09-01,Season 2,@YieldCurve_Rotator,TLT,,long,17,1540.59,2025-09-17,90.622873,VENUE-SIMULATED-FILL,MODELLED,2026-09-01,81.88,VENUE-SIMULATED-FILL,MODELLED,349,-148.76,-9.656048,0.134,,,,,MODELLED,False
Official Auction Book:@ConcessionFade_Notes:2026-08-25:91282CRH6:2026-09-02,Official Auction Book,@ConcessionFade_Notes,91282CRH6,2-Year,long,60500.0,6040922.94,2026-08-25,99.849966,PRIMARY-AUCTION,OFFICIAL,2026-09-02,99.499045,SECONDARY-CURVE,OFFICIAL-DERIVED,8,-212.31,-0.003515,0.0,0.0,0.0,,,OFFICIAL-DERIVED,False
Season 1:@GapAndGo_YOLO:2026-09-02:UNH:2026-09-02,Season 1,@GapAndGo_YOLO,UNH,,long,27,3477.87,2026-09-02,128.81,VENUE-SIMULATED-FILL,MODELLED,2026-09-02,122.71,VENUE-SIMULATED-FILL,MODELLED,0,-164.94,-4.742558,0.2355,,,,,MODELLED,False
Live Book (rehearsal):@GoldVsRealRate_Live:2026-08-28:TLT:2026-09-02,Live Book (rehearsal),@GoldVsRealRate_Live,TLT,,long,100,8278.69,2026-08-28,82.786923,VENUE-SIMULATED-FILL,SECONDARY,2026-09-02,81.98,VENUE-SIMULATED-FILL,SECONDARY,5,-81.48,-0.984213,0.7884,,,0.0,0.00196,SECONDARY,False
Live Book (rehearsal):@KitchenSink_Official:2026-08-26:QQQ:2026-09-02,Live Book (rehearsal),@KitchenSink_Official,QQQ,,long,200,142853.67,2026-08-26,714.268333,VENUE-SIMULATED-FILL,SECONDARY,2026-09-02,707.08,VENUE-SIMULATED-FILL,SECONDARY,7,-1441.82,-1.009299,4.1522,,,0.283,0.00039,SECONDARY,False
Live Book (rehearsal):@MLB_Attention_Live:2026-08-18:PENN:2026-09-02,Live Book (rehearsal),@MLB_Attention_Live,PENN,,short,3800,64737.39,2026-08-18,17.036154,VENUE-SIMULATED-FILL,SECONDARY,2026-09-02,16.55,VENUE-SIMULATED-FILL,SECONDARY,15,1822.51,2.815236,24.8746,,,12.099,0.0548,SECONDARY,False
Season 1:@OvernightCarry_NO:2026-09-01:SPY:2026-09-02,Season 1,@OvernightCarry_NO,SPY,,long,250,190257.5,2026-09-01,761.03,VENUE-SIMULATED-FILL,MODELLED,2026-09-02,762.58,VENUE-SIMULATED-FILL,MODELLED,1,382.02,0.200791,5.476,,,,,MODELLED,False
Season 1:@OverreactionFade_LT:2026-09-01:CVNA:2026-09-02,Season 1,@OverreactionFade_LT,CVNA,,long,4,2303.04,2026-09-01,575.76,VENUE-SIMULATED-FILL,MODELLED,2026-09-02,527.58,VENUE-SIMULATED-FILL,MODELLED,1,-192.79,-8.371109,0.0683,,,,,MODELLED,False
Season 1:@SpreadHarvester_MM:2026-09-01:NVDA:2026-09-02,Season 1,@SpreadHarvester_MM,NVDA,,short,56,17108.56,2026-09-01,305.51,VENUE-SIMULATED-FILL,MODELLED,2026-09-02,297.7,VENUE-SIMULATED-FILL,MODELLED,1,437.22,2.555563,0.1394,,,,,MODELLED,False
Season 1:@SpreadHarvester_MM:2026-09-02:NVDA:2026-09-02,Season 1,@SpreadHarvester_MM,NVDA,,long,61,18159.7,2026-09-02,297.7,VENUE-SIMULATED-FILL,MODELLED,2026-09-02,297.73,VENUE-SIMULATED-FILL,MODELLED,0,1.69,0.009306,0.142,,,,,MODELLED,False
Season 1:@GapAndGo_YOLO:2026-09-03:NVDA:2026-09-03,Season 1,@GapAndGo_YOLO,NVDA,,long,11,3429.36,2026-09-03,311.76,VENUE-SIMULATED-FILL,MODELLED,2026-09-03,305.88,VENUE-SIMULATED-FILL,MODELLED,0,-64.82,-1.890149,0.1375,,,,,MODELLED,False
Live Book (rehearsal):@GoldVsRealRate_Live:2026-09-01:GLD:2026-09-03,Live Book (rehearsal),@GoldVsRealRate_Live,GLD,,long,120,47881.8,2026-09-01,399.015,VENUE-SIMULATED-FILL,SECONDARY,2026-09-03,410.69,VENUE-SIMULATED-FILL,SECONDARY,2,1399.24,2.922279,1.7586,,,0.487,0.00061,SECONDARY,False
Live Book (rehearsal):@KitchenSink_Official:2026-08-26:QQQ:2026-09-03,Live Book (rehearsal),@KitchenSink_Official,QQQ,,long,40,28570.73,2026-08-26,714.268333,VENUE-SIMULATED-FILL,SECONDARY,2026-09-03,710.84,VENUE-SIMULATED-FILL,SECONDARY,8,-137.97,-0.482907,0.8335,,,0.14,0.00039,SECONDARY,False
Season 1:@OvernightCarry_NO:2026-09-01:SPY:2026-09-03,Season 1,@OvernightCarry_NO,SPY,,long,38,29048.64,2026-09-01,764.437895,VENUE-SIMULATED-FILL,MODELLED,2026-09-03,762.59,VENUE-SIMULATED-FILL,MODELLED,2,-71.05,-0.24459,0.8324,,,,,MODELLED,False
Season 1:@OverreactionFade_LT:2026-09-02:CVNA:2026-09-03,Season 1,@OverreactionFade_LT,CVNA,,long,97,51183.99,2026-09-02,527.67,VENUE-SIMULATED-FILL,MODELLED,2026-09-03,573.55,VENUE-SIMULATED-FILL,MODELLED,1,4448.61,8.691409,1.747,,,,,MODELLED,False
Live Book (rehearsal):@PinePilot_EMA_Live:2026-08-07:QQQ:2026-09-03,Live Book (rehearsal),@PinePilot_EMA_Live,QQQ,,long,160,115316.4,2026-08-07,720.7275,VENUE-SIMULATED-FILL,SECONDARY,2026-09-03,710.83,VENUE-SIMULATED-FILL,SECONDARY,27,-1586.93,-1.376153,3.3341,,,0.281,0.00077,SECONDARY,False
Season 1:@SpreadHarvester_MM:2026-09-02:NVDA:2026-09-03,Season 1,@SpreadHarvester_MM,NVDA,,short,61,18161.53,2026-09-02,297.73,VENUE-SIMULATED-FILL,MODELLED,2026-09-03,311.74,VENUE-SIMULATED-FILL,MODELLED,1,-854.75,-4.706377,0.142,,,,,MODELLED,False
Season 1:@SpreadHarvester_MM:2026-09-03:NVDA:2026-09-03,Season 1,@SpreadHarvester_MM,NVDA,,long,62,19327.88,2026-09-03,311.74,VENUE-SIMULATED-FILL,MODELLED,2026-09-03,311.77,VENUE-SIMULATED-FILL,MODELLED,0,1.7,0.008796,0.1623,,,,,MODELLED,False
Live Book (rehearsal):@CurveSteepener_MaxBeta:2026-09-01:SPY:2026-09-04,Live Book (rehearsal),@CurveSteepener_MaxBeta,SPY,,long,120,91442.4,2026-09-01,762.02,VENUE-SIMULATED-FILL,SECONDARY,2026-09-04,772.01,VENUE-SIMULATED-FILL,SECONDARY,3,1196.15,1.308091,2.6518,,,0.0,0.00029,SECONDARY,False
Season 1:@GapAndGo_YOLO:2026-09-04:NVDA:2026-09-04,Season 1,@GapAndGo_YOLO,NVDA,,long,10,3119.8,2026-09-04,311.98,VENUE-SIMULATED-FILL,MODELLED,2026-09-04,303.32,VENUE-SIMULATED-FILL,MODELLED,0,-86.72,-2.779665,0.1244,,,,,MODELLED,False
Live Book (rehearsal):@GoldVsRealRate_Live:2026-09-01:GLD:2026-09-04,Live Book (rehearsal),@GoldVsRealRate_Live,GLD,,long,40,15960.6,2026-09-01,399.015,VENUE-SIMULATED-FILL,SECONDARY,2026-09-04,404.65,VENUE-SIMULATED-FILL,SECONDARY,3,224.82,1.408594,0.5812,,,0.247,0.00061,SECONDARY,False
Season 2:@MLB_Attention_Momo:2026-07-29:PENN:2026-09-04,Season 2,@MLB_Attention_Momo,PENN,,long,127,2198.39,2026-07-29,17.310159,VENUE-SIMULATED-FILL,MODELLED,2026-09-04,17.13,VENUE-SIMULATED-FILL,MODELLED,37,-23.71,-1.078516,0.8316,,,,,MODELLED,False
Season 1:@OvernightCarry_NO:2026-09-03:SPY:2026-09-04,Season 1,@OvernightCarry_NO,SPY,,long,248,191609.76,2026-09-03,772.62,VENUE-SIMULATED-FILL,MODELLED,2026-09-04,774.34,VENUE-SIMULATED-FILL,MODELLED,1,421.07,0.219754,5.4923,,,,,MODELLED,False
Live Book (rehearsal):@PinePilot_EMA_Live:2026-09-03:QQQ:2026-09-04,Live Book (rehearsal),@PinePilot_EMA_Live,QQQ,,short,120,85299.6,2026-09-03,710.83,VENUE-SIMULATED-FILL,SECONDARY,2026-09-04,719.36,VENUE-SIMULATED-FILL,SECONDARY,1,-1026.1,-1.202936,2.5006,,,0.139,0.00095,SECONDARY,False
Season 1:@SpreadHarvester_MM:2026-09-03:NVDA:2026-09-04,Season 1,@SpreadHarvester_MM,NVDA,,short,62,19329.74,2026-09-03,311.77,VENUE-SIMULATED-FILL,MODELLED,2026-09-04,311.96,VENUE-SIMULATED-FILL,MODELLED,1,-11.94,-0.06177,0.1623,,,,,MODELLED,False
Season 1:@SpreadHarvester_MM:2026-09-04:NVDA:2026-09-04,Season 1,@SpreadHarvester_MM,NVDA,,long,61,19029.56,2026-09-04,311.96,VENUE-SIMULATED-FILL,MODELLED,2026-09-04,311.99,VENUE-SIMULATED-FILL,MODELLED,0,1.67,0.008776,0.16,,,,,MODELLED,False
Season 2:@FDA_ClusterFade:2026-05-26:XBI:2026-09-08,Season 2,@FDA_ClusterFade,XBI,,long,11,1833.54,2026-05-26,166.685282,VENUE-SIMULATED-FILL,MODELLED,2026-09-08,160.77,VENUE-SIMULATED-FILL,MODELLED,105,-65.17,-3.55433,0.1046,,,,,MODELLED,False
Season 1:@GapAndGo_YOLO:2026-09-08:RIVN:2026-09-08,Season 1,@GapAndGo_YOLO,RIVN,,long,178,3390.9,2026-09-08,19.05,VENUE-SIMULATED-FILL,MODELLED,2026-09-08,18.39,VENUE-SIMULATED-FILL,MODELLED,0,-118.65,-3.499071,1.1701,,,,,MODELLED,False
Season 1:@KitchenSink_AllIn:2026-07-22:QQQ:2026-09-08,Season 1,@KitchenSink_AllIn,QQQ,,long,3,2102.36,2026-07-22,700.788294,VENUE-SIMULATED-FILL,MODELLED,2026-09-08,711.4,VENUE-SIMULATED-FILL,MODELLED,48,31.77,1.511155,0.0625,,,,,MODELLED,False
Season 1:@KitchenSink_AllIn:2026-07-22:SPY:2026-09-08,Season 1,@KitchenSink_AllIn,SPY,,long,9,6874.93,2026-07-22,763.881053,VENUE-SIMULATED-FILL,MODELLED,2026-09-08,768.54,VENUE-SIMULATED-FILL,MODELLED,48,41.73,0.606988,0.1982,,,,,MODELLED,False
Live Book (rehearsal):@KitchenSink_Official:2026-09-03:SPY:2026-09-08,Live Book (rehearsal),@KitchenSink_Official,SPY,,long,80,61432.8,2026-09-03,767.91,VENUE-SIMULATED-FILL,SECONDARY,2026-09-08,769.07,VENUE-SIMULATED-FILL,SECONDARY,5,91.04,0.148194,1.763,,,0.0,0.00018,SECONDARY,False
Season 2:@MLB_Attention_Momo:2026-07-29:DKNG:2026-09-08,Season 2,@MLB_Attention_Momo,DKNG,,long,46,1141.92,2026-07-29,24.824407,VENUE-SIMULATED-FILL,MODELLED,2026-09-08,24.01,VENUE-SIMULATED-FILL,MODELLED,41,-37.77,-3.307579,0.3077,,,,,MODELLED,False
Season 1:@OvernightCarry_NO:2026-09-03:SPY:2026-09-08,Season 1,@OvernightCarry_NO,SPY,,long,36,27712.82,2026-09-03,769.800556,VENUE-SIMULATED-FILL,MODELLED,2026-09-08,768.54,VENUE-SIMULATED-FILL,MODELLED,5,-46.17,-0.166602,0.793,,,,,MODELLED,False
Season 1:@SpreadHarvester_MM:2026-09-04:NVDA:2026-09-08,Season 1,@SpreadHarvester_MM,NVDA,,short,60,18719.4,2026-09-04,311.99,VENUE-SIMULATED-FILL,MODELLED,2026-09-08,306.65,VENUE-SIMULATED-FILL,MODELLED,4,320.24,1.710739,0.1573,,,,,MODELLED,False
Season 1:@SpreadHarvester_MM:2026-09-08:NVDA:2026-09-08,Season 1,@SpreadHarvester_MM,NVDA,,long,63,19318.95,2026-09-08,306.65,VENUE-SIMULATED-FILL,MODELLED,2026-09-08,306.68,VENUE-SIMULATED-FILL,MODELLED,0,1.73,0.008955,0.1583,,,,,MODELLED,False
Official Auction Book:@AuctionStrength_Follow:2026-09-08:912797VK0:2026-09-09,Official Auction Book,@AuctionStrength_Follow,912797VK0,17-Week,long,566100.0,56448850.01,2026-09-08,99.715333,SECONDARY-CURVE,OFFICIAL,2026-09-09,99.7255,SECONDARY-CURVE,OFFICIAL-DERIVED,1,57.56,0.000102,0.0,0.0,0.0,,,OFFICIAL-DERIVED,False
Season 1:@BetaChaser_3xProxy:2025-09-17:RIVN:2026-09-09,Season 1,@BetaChaser_3xProxy,RIVN,,long,257,5069.82,2025-09-17,19.726942,VENUE-SIMULATED-FILL,MODELLED,2026-09-09,18.75,VENUE-SIMULATED-FILL,MODELLED,357,-252.77,-4.985775,1.6914,,,,,MODELLED,False
Live Book (rehearsal):@CurveSteepener_MaxBeta:2026-09-04:JPM:2026-09-09,Live Book (rehearsal),@CurveSteepener_MaxBeta,JPM,,long,240,86330.4,2026-09-04,359.71,VENUE-SIMULATED-FILL,SECONDARY,2026-09-09,351.99,VENUE-SIMULATED-FILL,SECONDARY,5,-1856.03,-2.149915,3.227,,,0.284,0.00328,SECONDARY,False
Live Book (rehearsal):@CurveSteepener_MaxBeta:2026-09-04:XOM:2026-09-09,Live Book (rehearsal),@CurveSteepener_MaxBeta,XOM,,long,400,64346.4,2026-09-04,160.866,VENUE-SIMULATED-FILL,SECONDARY,2026-09-09,162.88,VENUE-SIMULATED-FILL,SECONDARY,5,801.78,1.246037,3.8201,,,0.0,0.00185,SECONDARY,False
Season 1:@GapAndGo_YOLO:2026-09-09:RIVN:2026-09-09,Season 1,@GapAndGo_YOLO,RIVN,,long,178,3339.28,2026-09-09,18.76,VENUE-SIMULATED-FILL,MODELLED,2026-09-09,18.36,VENUE-SIMULATED-FILL,MODELLED,0,-72.37,-2.167234,1.17,,,,,MODELLED,False
Season 2:@Kalshi_Attention_Timer:2026-08-03:XLU:2026-09-09,Season 2,@Kalshi_Attention_Timer,XLU,,long,53,2335.57,2026-08-03,44.067389,VENUE-SIMULATED-FILL,MODELLED,2026-09-09,43.4,VENUE-SIMULATED-FILL,MODELLED,37,-35.75,-1.530675,0.3757,,,,,MODELLED,False
Live Book (rehearsal):@KitchenSink_Official:2026-09-08:QQQ:2026-09-09,Live Book (rehearsal),@KitchenSink_Official,QQQ,,long,80,57672.8,2026-09-08,720.91,VENUE-SIMULATED-FILL,SECONDARY,2026-09-09,716.4,VENUE-SIMULATED-FILL,SECONDARY,1,-362.48,-0.628511,1.6762,,,0.0,0.00028,SECONDARY,False
Season 1:@OvernightCarry_NO:2026-09-08:SPY:2026-09-09,Season 1,@OvernightCarry_NO,SPY,,long,249,190542.27,2026-09-08,765.23,VENUE-SIMULATED-FILL,MODELLED,2026-09-09,761.52,VENUE-SIMULATED-FILL,MODELLED,1,-929.24,-0.487682,5.4487,,,,,MODELLED,False
Season 1:@SpreadHarvester_MM:2026-09-08:NVDA:2026-09-09,Season 1,@SpreadHarvester_MM,NVDA,,short,63,19320.84,2026-09-08,306.68,VENUE-SIMULATED-FILL,MODELLED,2026-09-09,300.01,VENUE-SIMULATED-FILL,MODELLED,1,420.05,2.174077,0.1583,,,,,MODELLED,False
Season 1:@SpreadHarvester_MM:2026-09-09:NVDA:2026-09-09,Season 1,@SpreadHarvester_MM,NVDA,,long,64,19200.64,2026-09-09,300.01,VENUE-SIMULATED-FILL,MODELLED,2026-09-09,300.04,VENUE-SIMULATED-FILL,MODELLED,0,1.77,0.009218,0.1521,,,,,MODELLED,False
Live Book (rehearsal):@DowNasdaq_SpreadMax:2026-07-20:SPY:2026-09-10,Live Book (rehearsal),@DowNasdaq_SpreadMax,SPY,,long,120,89265.94,2026-07-20,743.882857,VENUE-SIMULATED-FILL,SECONDARY,2026-09-10,758.03,VENUE-SIMULATED-FILL,SECONDARY,52,1695.04,1.898865,2.6173,,,0.0,8e-05,SECONDARY,False
Official Auction Book:@DurationTrend_TenX:2026-02-17:91282CPJ4:2026-09-10,Official Auction Book,@DurationTrend_TenX,91282CPJ4,10-Year,long,807900.0,80595994.93,2026-02-17,99.759865,SECONDARY-CURVE,OFFICIAL,2026-09-10,93.373488,MARGIN-LIQUIDATION,OFFICIAL-DERIVED,205,-35437.54,-0.043969,0.0,0.0,16158.0,,,OFFICIAL-DERIVED,False
Season 2:@FDA_ClusterFade:2026-05-26:XBI:2026-09-10,Season 2,@FDA_ClusterFade,XBI,,long,10,1666.85,2026-05-26,166.685282,VENUE-SIMULATED-FILL,MODELLED,2026-09-10,157.58,VENUE-SIMULATED-FILL,MODELLED,107,-91.15,-5.468389,0.0944,,,,,MODELLED,False
Season 2:@GOLD_Trend_GLD:2026-04-15:GLD:2026-09-10,Season 2,@GOLD_Trend_GLD,GLD,,long,9,3632.72,2026-04-15,403.635509,VENUE-SIMULATED-FILL,MODELLED,2026-09-10,399.52,VENUE-SIMULATED-FILL,MODELLED,148,-37.17,-1.0232,0.1298,,,,,MODELLED,False
Season 1:@GapAndGo_YOLO:2026-09-10:RIVN:2026-09-10,Season 1,@GapAndGo_YOLO,RIVN,,long,177,3308.13,2026-09-10,18.69,VENUE-SIMULATED-FILL,MODELLED,2026-09-10,17.84,VENUE-SIMULATED-FILL,MODELLED,0,-151.61,-4.582952,1.1616,,,,,MODELLED,False
Season 2:@Kalshi_Attention_Timer:2026-08-03:XLU:2026-09-10,Season 2,@Kalshi_Attention_Timer,XLU,,long,30,1322.02,2026-08-03,44.067389,VENUE-SIMULATED-FILL,MODELLED,2026-09-10,42.99,VENUE-SIMULATED-FILL,MODELLED,38,-32.53,-2.460625,0.2124,,,,,MODELLED,False
Season 1:@OvernightCarry_NO:2026-09-08:SPY:2026-09-10,Season 1,@OvernightCarry_NO,SPY,,long,36,27418.33,2026-09-08,761.62027,VENUE-SIMULATED-FILL,MODELLED,2026-09-10,763.09,VENUE-SIMULATED-FILL,MODELLED,2,52.12,0.190092,0.7889,,,,,MODELLED,False
Season 2:@PinePilot_EMA_Cross:2026-04-17:QQQ:2026-09-10,Season 2,@PinePilot_EMA_Cross,QQQ,,long,1,651.45,2026-04-17,651.448404,VENUE-SIMULATED-FILL,MODELLED,2026-09-10,707.54,VENUE-SIMULATED-FILL,MODELLED,146,56.07,8.606975,0.0208,,,,,MODELLED,False
Season 1:@SpreadHarvester_MM:2026-09-09:NVDA:2026-09-10,Season 1,@SpreadHarvester_MM,NVDA,,short,64,19202.56,2026-09-09,300.04,VENUE-SIMULATED-FILL,MODELLED,2026-09-10,291.64,VENUE-SIMULATED-FILL,MODELLED,1,537.45,2.798846,0.1521,,,,,MODELLED,False
Season 1:@SpreadHarvester_MM:2026-09-10:NVDA:2026-09-10,Season 1,@SpreadHarvester_MM,NVDA,,long,73,21289.72,2026-09-10,291.64,VENUE-SIMULATED-FILL,MODELLED,2026-09-10,291.67,VENUE-SIMULATED-FILL,MODELLED,0,2.03,0.009535,0.1609,,,,,MODELLED,False
Live Book (rehearsal):@VIXRegime_LiveMax:2026-07-31:QQQ:2026-09-10,Live Book (rehearsal),@VIXRegime_LiveMax,QQQ,,long,160,110964.8,2026-07-31,693.53,VENUE-SIMULATED-FILL,SECONDARY,2026-09-10,707.54,VENUE-SIMULATED-FILL,SECONDARY,41,2238.28,2.017108,3.3233,,,0.141,0.00055,SECONDARY,False
Live Book (rehearsal):@VolControl_MaxLev:2026-07-29:QQQ:2026-09-10,Live Book (rehearsal),@VolControl_MaxLev,QQQ,,long,40,27806.77,2026-07-29,695.1692,VENUE-SIMULATED-FILL,SECONDARY,2026-09-10,707.54,VENUE-SIMULATED-FILL,SECONDARY,43,494.0,1.776546,0.8308,,,0.141,0.00021,SECONDARY,False
Live Book (rehearsal):@CurveSteepener_MaxBeta:2026-09-10:SPY:2026-09-11,Live Book (rehearsal),@CurveSteepener_MaxBeta,SPY,,long,80,60643.2,2026-09-10,758.04,VENUE-SIMULATED-FILL,SECONDARY,2026-09-11,764.71,VENUE-SIMULATED-FILL,SECONDARY,1,531.84,0.876999,1.7558,,,0.13,0.00028,SECONDARY,False
Season 2:@GOLD_Trend_GLD:2026-04-15:GLD:2026-09-11,Season 2,@GOLD_Trend_GLD,GLD,,long,622,251061.29,2026-04-15,403.635509,VENUE-SIMULATED-FILL,MODELLED,2026-09-11,402.5,VENUE-SIMULATED-FILL,MODELLED,149,-715.3,-0.284911,9.0106,,,,,MODELLED,False
Season 1:@GapAndGo_YOLO:2026-09-11:RIVN:2026-09-11,Season 1,@GapAndGo_YOLO,RIVN,,long,179,3243.48,2026-09-11,18.12,VENUE-SIMULATED-FILL,MODELLED,2026-09-11,18.75,VENUE-SIMULATED-FILL,MODELLED,0,111.59,3.440441,1.178,,,,,MODELLED,False
Season 1:@KitchenSink_AllIn:2026-05-15:GOOGL:2026-09-11,Season 1,@KitchenSink_AllIn,GOOGL,,long,70,22639.29,2026-05-15,323.418391,VENUE-SIMULATED-FILL,MODELLED,2026-09-11,287.97,VENUE-SIMULATED-FILL,MODELLED,119,-2482.24,-10.964303,0.8489,,,,,MODELLED,False
Season 1:@KitchenSink_AllIn:2026-07-22:QQQ:2026-09-11,Season 1,@KitchenSink_AllIn,QQQ,,long,38,26629.96,2026-07-22,700.788294,VENUE-SIMULATED-FILL,MODELLED,2026-09-11,692.16,VENUE-SIMULATED-FILL,MODELLED,51,-328.65,-1.234137,0.7772,,,,,MODELLED,False
Season 1:@KitchenSink_AllIn:2026-07-22:SPY:2026-09-11,Season 1,@KitchenSink_AllIn,SPY,,long,36,27499.72,2026-07-22,763.881053,VENUE-SIMULATED-FILL,MODELLED,2026-09-11,755.2,VENUE-SIMULATED-FILL,MODELLED,51,-313.3,-1.139284,0.7831,,,,,MODELLED,False
Season 1:@KitchenSink_AllIn:2026-08-03:AAPL:2026-09-11,Season 1,@KitchenSink_AllIn,AAPL,,long,68,22347.87,2026-08-03,328.645172,VENUE-SIMULATED-FILL,MODELLED,2026-09-11,324.99,VENUE-SIMULATED-FILL,MODELLED,39,-249.43,-1.116124,0.8765,,,,,MODELLED,False
Season 1:@KitchenSink_AllIn:2026-08-03:MSFT:2026-09-11,Season 1,@KitchenSink_AllIn,MSFT,,long,35,22499.67,2026-08-03,642.84778,VENUE-SIMULATED-FILL,MODELLED,2026-09-11,669.3,VENUE-SIMULATED-FILL,MODELLED,39,925.13,4.111749,0.6994,,,,,MODELLED,False
Season 1:@KitchenSink_AllIn:2026-08-03:TSLA:2026-09-11,Season 1,@KitchenSink_AllIn,TSLA,,long,58,19441.69,2026-08-03,335.201549,VENUE-SIMULATED-FILL,MODELLED,2026-09-11,368.11,VENUE-SIMULATED-FILL,MODELLED,39,1907.89,9.813396,0.7991,,,,,MODELLED,False
Season 1:@KitchenSink_AllIn:2026-08-03:XOM:2026-09-11,Season 1,@KitchenSink_AllIn,XOM,,long,196,20715.92,2026-08-03,105.693487,VENUE-SIMULATED-FILL,MODELLED,2026-09-11,120.03,VENUE-SIMULATED-FILL,MODELLED,39,2808.26,13.556045,1.6989,,,,,MODELLED,False
Season 1:@KitchenSink_AllIn:2026-08-06:IWM:2026-09-11,Season 1,@KitchenSink_AllIn,IWM,,long,100,26675.56,2026-08-06,266.755612,VENUE-SIMULATED-FILL,MODELLED,2026-09-11,261.37,VENUE-SIMULATED-FILL,MODELLED,36,-539.72,-2.023275,1.1579,,,,,MODELLED,False
Season 1:@KitchenSink_AllIn:2026-08-06:META:2026-09-11,Season 1,@KitchenSink_AllIn,META,,long,16,21186.72,2026-08-06,1324.17,VENUE-SIMULATED-FILL,MODELLED,2026-09-11,1481.06,VENUE-SIMULATED-FILL,MODELLED,36,2509.65,11.845392,0.5873,,,,,MODELLED,False
Season 1:@KitchenSink_AllIn:2026-08-11:JPM:2026-09-11,Season 1,@KitchenSink_AllIn,JPM,,long,17,4999.53,2026-08-11,294.09,VENUE-SIMULATED-FILL,MODELLED,2026-09-11,291.08,VENUE-SIMULATED-FILL,MODELLED,31,-51.38,-1.027697,0.2073,,,,,MODELLED,False
Season 1:@KitchenSink_AllIn:2026-08-17:AMZN:2026-09-11,Season 1,@KitchenSink_AllIn,AMZN,,long,47,12329.04,2026-08-17,262.32,VENUE-SIMULATED-FILL,MODELLED,2026-09-11,241.75,VENUE-SIMULATED-FILL,MODELLED,25,-967.32,-7.845866,0.5252,,,,,MODELLED,False
Live Book (rehearsal):@KitchenSink_Official:2026-09-09:TLT:2026-09-11,Live Book (rehearsal),@KitchenSink_Official,TLT,,long,1700,138788.0,2026-09-09,81.64,VENUE-SIMULATED-FILL,SECONDARY,2026-09-11,81.3,VENUE-SIMULATED-FILL,SECONDARY,2,-591.38,-0.426103,13.3786,,,0.0,0.00221,SECONDARY,False
Season 2:@MLB_Attention_Momo:2026-07-29:DKNG:2026-09-11,Season 2,@MLB_Attention_Momo,DKNG,,long,3093,76781.89,2026-07-29,24.824407,VENUE-SIMULATED-FILL,MODELLED,2026-09-11,23.78,VENUE-SIMULATED-FILL,MODELLED,44,-3251.03,-4.23411,20.6763,,,,,MODELLED,False
Season 2:@MLB_Attention_Momo:2026-07-29:PENN:2026-09-11,Season 2,@MLB_Attention_Momo,PENN,,long,4365,75558.84,2026-07-29,17.310159,VENUE-SIMULATED-FILL,MODELLED,2026-09-11,17.38,VENUE-SIMULATED-FILL,MODELLED,44,276.25,0.365609,28.604,,,,,MODELLED,False
Season 2:@MLB_Attention_Momo:2026-08-31:FLUT:2026-09-11,Season 2,@MLB_Attention_Momo,FLUT,,long,737,74923.42,2026-08-31,101.66,VENUE-SIMULATED-FILL,MODELLED,2026-09-11,99.43,VENUE-SIMULATED-FILL,MODELLED,11,-1649.59,-2.201701,6.0753,,,,,MODELLED,False
Season 1:@OvernightCarry_NO:2026-09-08:SPY:2026-09-11,Season 1,@OvernightCarry_NO,SPY,,long,250,189272.05,2026-09-08,757.088201,VENUE-SIMULATED-FILL,MODELLED,2026-09-11,755.2,VENUE-SIMULATED-FILL,MODELLED,3,-477.49,-0.252277,5.438,,,,,MODELLED,False
Season 1:@OverreactionFade_LT:2026-09-02:CVNA:2026-09-11,Season 1,@OverreactionFade_LT,CVNA,,long,113,56053.91,2026-09-02,496.052301,VENUE-SIMULATED-FILL,MODELLED,2026-09-11,513.28,VENUE-SIMULATED-FILL,MODELLED,9,1944.84,3.469588,1.8948,,,,,MODELLED,False
Season 1:@SpreadHarvester_MM:2026-09-10:NVDA:2026-09-11,Season 1,@SpreadHarvester_MM,NVDA,,short,58,16916.86,2026-09-10,291.67,VENUE-SIMULATED-FILL,MODELLED,2026-09-11,280.59,VENUE-SIMULATED-FILL,MODELLED,1,642.51,3.798045,0.1278,,,,,MODELLED,False
Live Book (rehearsal):@CurveSteepener_MaxBeta:2026-09-04:XOM:2026-09-14,Live Book (rehearsal),@CurveSteepener_MaxBeta,XOM,,long,300,49207.95,2026-09-04,164.0265,VENUE-SIMULATED-FILL,SECONDARY,2026-09-14,168.69,VENUE-SIMULATED-FILL,SECONDARY,10,1396.15,2.837245,2.901,,,0.593,0.00185,SECONDARY,False
Live Book (rehearsal):@CurveSteepener_MaxBeta:2026-09-11:JPM:2026-09-14,Live Book (rehearsal),@CurveSteepener_MaxBeta,JPM,,long,120,42999.6,2026-09-11,358.33,VENUE-SIMULATED-FILL,SECONDARY,2026-09-14,354.23,VENUE-SIMULATED-FILL,SECONDARY,3,-493.62,-1.147964,1.6191,,,0.0,0.00224,SECONDARY,False
Live Book (rehearsal):@DowNasdaq_SpreadMax:2026-09-11:QQQ:2026-09-14,Live Book (rehearsal),@DowNasdaq_SpreadMax,QQQ,,long,80,57254.4,2026-09-11,715.68,VENUE-SIMULATED-FILL,SECONDARY,2026-09-14,703.33,VENUE-SIMULATED-FILL,SECONDARY,3,-989.65,-1.728513,1.6547,,,0.0,0.0003,SECONDARY,False
Live Book (rehearsal):@MLB_Attention_Live:2026-07-27:FLUT:2026-09-14,Live Book (rehearsal),@MLB_Attention_Live,FLUT,,long,500,48587.03,2026-07-27,97.174065,VENUE-SIMULATED-FILL,SECONDARY,2026-09-14,101.74,VENUE-SIMULATED-FILL,SECONDARY,49,2278.82,4.690181,4.1454,,,2.948,0.01907,SECONDARY,False
Live Book (rehearsal):@MLB_Attention_Live:2026-07-30:DKNG:2026-09-14,Live Book (rehearsal),@MLB_Attention_Live,DKNG,,long,3300,78878.74,2026-07-30,23.902647,VENUE-SIMULATED-FILL,SECONDARY,2026-09-14,25.01,VENUE-SIMULATED-FILL,SECONDARY,46,3632.12,4.604688,22.1437,,,-0.0,0.0297,SECONDARY,False
Live Book (rehearsal):@MLB_Attention_Live:2026-09-02:SRAD:2026-09-14,Live Book (rehearsal),@MLB_Attention_Live,SRAD,,long,4400,54692.0,2026-09-02,12.43,VENUE-SIMULATED-FILL,SECONDARY,2026-09-14,12.98,VENUE-SIMULATED-FILL,SECONDARY,12,2391.57,4.372797,28.4345,,,15.385,0.15994,SECONDARY,False
Season 1:@OvernightCarry_NO:2026-09-11:SPY:2026-09-14,Season 1,@OvernightCarry_NO,SPY,,long,38,29016.04,2026-09-11,763.58,VENUE-SIMULATED-FILL,MODELLED,2026-09-14,767.51,VENUE-SIMULATED-FILL,MODELLED,3,148.5,0.511786,0.8362,,,,,MODELLED,False
Season 1:@SpreadHarvester_MM:2026-09-10:NVDA:2026-09-14,Season 1,@SpreadHarvester_MM,NVDA,,short,85,23941.1,2026-09-10,281.66,VENUE-SIMULATED-FILL,MODELLED,2026-09-14,295.35,VENUE-SIMULATED-FILL,MODELLED,4,-1163.82,-4.86118,0.1697,,,,,MODELLED,False
Season 1:@SpreadHarvester_MM:2026-09-14:NVDA:2026-09-14,Season 1,@SpreadHarvester_MM,NVDA,,long,48,14176.8,2026-09-14,295.35,VENUE-SIMULATED-FILL,MODELLED,2026-09-14,295.38,VENUE-SIMULATED-FILL,MODELLED,0,1.33,0.009382,0.1094,,,,,MODELLED,False
Official Auction Book:@ConcessionFade_Notes:2026-08-12:91282CRF0:2026-09-15,Official Auction Book,@ConcessionFade_Notes,91282CRF0,10-Year,long,2800.0,278713.95,2026-08-12,99.540696,PRIMARY-AUCTION,OFFICIAL,2026-09-15,97.094654,SECONDARY-CURVE,OFFICIAL-DERIVED,34,-68.49,-0.024574,0.0,0.0,0.0,,,OFFICIAL-DERIVED,False
Live Book (rehearsal):@CurveSteepener_MaxBeta:2026-09-04:XOM:2026-09-15,Live Book (rehearsal),@CurveSteepener_MaxBeta,XOM,,long,100,16402.65,2026-09-04,164.0265,VENUE-SIMULATED-FILL,SECONDARY,2026-09-15,165.36,VENUE-SIMULATED-FILL,SECONDARY,11,132.39,0.807126,0.9601,,,0.0,0.00185,SECONDARY,False
Season 2:@Kalshi_Attention_Timer:2026-08-03:UNG:2026-09-15,Season 2,@Kalshi_Attention_Timer,UNG,,long,113,1146.41,2026-08-03,10.145227,VENUE-SIMULATED-FILL,MODELLED,2026-09-15,10.55,VENUE-SIMULATED-FILL,MODELLED,43,45.01,3.926167,0.7246,,,,,MODELLED,False
Live Book (rehearsal):@KitchenSink_Official:2026-09-11:SPY:2026-09-15,Live Book (rehearsal),@KitchenSink_Official,SPY,,long,40,30588.8,2026-09-11,764.72,VENUE-SIMULATED-FILL,SECONDARY,2026-09-15,760.11,VENUE-SIMULATED-FILL,SECONDARY,4,-185.27,-0.605679,0.8741,,,0.131,9e-05,SECONDARY,False
Live Book (rehearsal):@MLB_Attention_Live:2026-07-27:FLUT:2026-09-15,Live Book (rehearsal),@MLB_Attention_Live,FLUT,,long,100,9717.41,2026-07-27,97.174065,VENUE-SIMULATED-FILL,SECONDARY,2026-09-15,99.49,VENUE-SIMULATED-FILL,SECONDARY,50,230.77,2.374811,0.8244,,,1.005,0.01907,SECONDARY,False
Season 1:@OvernightCarry_NO:2026-09-14:SPY:2026-09-15,Season 1,@OvernightCarry_NO,SPY,,long,245,186173.05,2026-09-14,759.89,VENUE-SIMULATED-FILL,MODELLED,2026-09-15,759.7,VENUE-SIMULATED-FILL,MODELLED,1,-51.9,-0.027877,5.352,,,,,MODELLED,False
Live Book (rehearsal):@PinePilot_EMA_Live:2026-09-04:QQQ:2026-09-15,Live Book (rehearsal),@PinePilot_EMA_Live,QQQ,,long,160,115159.6,2026-09-04,719.7475,VENUE-SIMULATED-FILL,SECONDARY,2026-09-15,708.78,VENUE-SIMULATED-FILL,SECONDARY,11,-1758.13,-1.52669,3.3273,,,0.282,0.00073,SECONDARY,False
Season 1:@SpreadHarvester_MM:2026-09-14:NVDA:2026-09-15,Season 1,@SpreadHarvester_MM,NVDA,,short,62,18313.56,2026-09-14,295.38,VENUE-SIMULATED-FILL,MODELLED,2026-09-15,289.22,VENUE-SIMULATED-FILL,MODELLED,1,381.78,2.084685,0.1414,,,,,MODELLED,False
Season 1:@SpreadHarvester_MM:2026-09-15:NVDA:2026-09-15,Season 1,@SpreadHarvester_MM,NVDA,,long,66,19088.52,2026-09-15,289.22,VENUE-SIMULATED-FILL,MODELLED,2026-09-15,289.25,VENUE-SIMULATED-FILL,MODELLED,0,1.84,0.009639,0.1421,,,,,MODELLED,False
Live Book (rehearsal):@VIXRegime_LiveMax:2026-07-31:QQQ:2026-09-15,Live Book (rehearsal),@VIXRegime_LiveMax,QQQ,,long,80,55874.8,2026-07-31,698.435,VENUE-SIMULATED-FILL,SECONDARY,2026-09-15,708.79,VENUE-SIMULATED-FILL,SECONDARY,46,826.74,1.479629,1.6637,,,0.141,0.00055,SECONDARY,False
Live Book (rehearsal):@VolControl_MaxLev:2026-07-29:QQQ:2026-09-15,Live Book (rehearsal),@VolControl_MaxLev,QQQ,,long,40,27872.13,2026-07-29,696.80336,VENUE-SIMULATED-FILL,SECONDARY,2026-09-15,708.79,VENUE-SIMULATED-FILL,SECONDARY,48,478.63,1.717235,0.8318,,,0.141,0.00021,SECONDARY,False
Season 1:@BetaChaser_3xProxy:2025-09-17:CVNA:2026-09-16,Season 1,@BetaChaser_3xProxy,CVNA,,long,163,68579.24,2025-09-17,420.731544,VENUE-SIMULATED-FILL,MODELLED,2026-09-16,520.5,VENUE-SIMULATED-FILL,MODELLED,364,16259.5,23.709069,2.7575,,,,,MODELLED,False
Season 1:@BetaChaser_3xProxy:2025-09-17:META:2026-09-16,Season 1,@BetaChaser_3xProxy,META,,long,61,48977.4,2025-09-17,802.908217,VENUE-SIMULATED-FILL,MODELLED,2026-09-16,1455.58,VENUE-SIMULATED-FILL,MODELLED,364,39810.77,81.283957,2.207,,,,,MODELLED,False
Season 1:@BetaChaser_3xProxy:2025-09-17:NVDA:2026-09-16,Season 1,@BetaChaser_3xProxy,NVDA,,long,315,73331.41,2025-09-17,232.798128,VENUE-SIMULATED-FILL,MODELLED,2026-09-16,258.35,VENUE-SIMULATED-FILL,MODELLED,364,8045.21,10.971029,3.6279,,,,,MODELLED,False
Season 1:@BetaChaser_3xProxy:2025-09-17:RIVN:2026-09-16,Season 1,@BetaChaser_3xProxy,RIVN,,long,252,4971.19,2025-09-17,19.726942,VENUE-SIMULATED-FILL,MODELLED,2026-09-16,17.61,VENUE-SIMULATED-FILL,MODELLED,364,-535.12,-10.764426,1.6526,,,,,MODELLED,False
Season 1:@BetaChaser_3xProxy:2025-09-17:RIVN:2026-09-16,Season 1,@BetaChaser_3xProxy,RIVN,,long,4794,94570.96,2025-09-17,19.726942,VENUE-SIMULATED-FILL,MODELLED,2026-09-16,17.9,VENUE-SIMULATED-FILL,MODELLED,364,-8789.83,-9.294428,31.4666,,,,,MODELLED,False
Season 1:@BetaChaser_3xProxy:2025-09-17:TSLA:2026-09-16,Season 1,@BetaChaser_3xProxy,TSLA,,long,21,6977.19,2025-09-17,332.247318,VENUE-SIMULATED-FILL,MODELLED,2026-09-16,354.19,VENUE-SIMULATED-FILL,MODELLED,364,460.51,6.600218,0.2833,,,,,MODELLED,False
Season 1:@BetaChaser_3xProxy:2025-09-17:TSLA:2026-09-16,Season 1,@BetaChaser_3xProxy,TSLA,,long,239,79407.11,2025-09-17,332.247318,VENUE-SIMULATED-FILL,MODELLED,2026-09-16,339.38,VENUE-SIMULATED-FILL,MODELLED,364,1701.56,2.142831,3.1515,,,,,MODELLED,False
Season 1:@BuyHold_MaxBeta:2025-09-17:CVNA:2026-09-16,Season 1,@BuyHold_MaxBeta,CVNA,,long,174,50000.64,2025-09-17,287.36,VENUE-SIMULATED-FILL,MODELLED,2026-09-16,520.49,VENUE-SIMULATED-FILL,MODELLED,364,40561.68,81.122322,2.9436,,,,,MODELLED,False
Season 1:@BuyHold_MaxBeta:2025-09-17:RIVN:2026-09-16,Season 1,@BuyHold_MaxBeta,RIVN,,long,3063,50018.79,2025-09-17,16.33,VENUE-SIMULATED-FILL,MODELLED,2026-09-16,17.9,VENUE-SIMULATED-FILL,MODELLED,364,4788.81,9.574022,20.1047,,,,,MODELLED,False
Season 1:@BuyHold_MaxBeta:2025-09-17:TSLA:2026-09-16,Season 1,@BuyHold_MaxBeta,TSLA,,long,147,49953.54,2025-09-17,339.82,VENUE-SIMULATED-FILL,MODELLED,2026-09-16,339.4,VENUE-SIMULATED-FILL,MODELLED,364,-63.68,-0.127478,1.9384,,,,,MODELLED,False
Official Auction Book:@ConcessionFade_Notes:2026-09-08:91282CRL7:2026-09-16,Official Auction Book,@ConcessionFade_Notes,91282CRL7,3-Year,long,19800.0,1974553.67,2026-09-08,99.724933,PRIMARY-AUCTION,OFFICIAL,2026-09-16,98.770745,SECONDARY-CURVE,OFFICIAL-DERIVED,8,-188.93,-0.009568,0.0,0.0,0.0,,,OFFICIAL-DERIVED,False
Season 1:@Contrarian_DeepValue:2025-09-17:JPM:2026-09-16,Season 1,@Contrarian_DeepValue,JPM,,long,233,66505.19,2025-09-17,285.43,VENUE-SIMULATED-FILL,MODELLED,2026-09-16,285.85,VENUE-SIMULATED-FILL,MODELLED,364,95.04,0.142906,2.8155,,,,,MODELLED,False
Season 1:@Contrarian_DeepValue:2025-09-17:MSFT:2026-09-16,Season 1,@Contrarian_DeepValue,MSFT,,long,127,66417.19,2025-09-17,522.97,VENUE-SIMULATED-FILL,MODELLED,2026-09-16,657.71,VENUE-SIMULATED-FILL,MODELLED,364,17109.47,25.760605,2.5075,,,,,MODELLED,False
Season 1:@Contrarian_DeepValue:2025-09-17:TSLA:2026-09-16,Season 1,@Contrarian_DeepValue,TSLA,,long,196,66604.72,2025-09-17,339.82,VENUE-SIMULATED-FILL,MODELLED,2026-09-16,339.4,VENUE-SIMULATED-FILL,MODELLED,364,-84.9,-0.127468,2.5846,,,,,MODELLED,False
Live Book (rehearsal):@CurveSteepener_MaxBeta:2026-09-10:SPY:2026-09-16,Live Book (rehearsal),@CurveSteepener_MaxBeta,SPY,,long,80,60724.53,2026-09-10,759.056667,VENUE-SIMULATED-FILL,SECONDARY,2026-09-16,759.5,VENUE-SIMULATED-FILL,SECONDARY,6,33.72,0.055529,1.7473,,,-0.0,0.00028,SECONDARY,False
Season 1:@DonchianBreakout_20:2025-09-17:NVDA:2026-09-16,Season 1,@DonchianBreakout_20,NVDA,,long,135,24983.1,2025-09-17,185.06,VENUE-SIMULATED-FILL,MODELLED,2026-09-16,258.35,VENUE-SIMULATED-FILL,MODELLED,364,9892.6,39.597168,1.5548,,,,,MODELLED,False
Season 1:@DonchianBreakout_20:2025-09-17:XOM:2026-09-16,Season 1,@DonchianBreakout_20,XOM,,short,212,24920.6,2025-09-17,117.55,VENUE-SIMULATED-FILL,MODELLED,2026-09-16,117.84,VENUE-SIMULATED-FILL,MODELLED,364,-62.79,-0.25196,1.3072,,,,,MODELLED,False
Season 1:@DonchianBreakout_20:2025-09-18:UNH:2026-09-16,Season 1,@DonchianBreakout_20,UNH,,long,77,24599.19,2025-09-18,319.47,VENUE-SIMULATED-FILL,MODELLED,2026-09-16,120.81,VENUE-SIMULATED-FILL,MODELLED,363,-15297.49,-62.186966,0.6686,,,,,MODELLED,False
Season 1:@DonchianBreakout_20:2025-09-19:JPM:2026-09-16,Season 1,@DonchianBreakout_20,JPM,,long,85,24816.6,2025-09-19,291.96,VENUE-SIMULATED-FILL,MODELLED,2026-09-16,285.86,VENUE-SIMULATED-FILL,MODELLED,362,-519.53,-2.093478,1.0271,,,,,MODELLED,False
Season 1:@DonchianBreakout_20:2025-09-23:CAT:2026-09-16,Season 1,@DonchianBreakout_20,CAT,,long,58,24268.94,2025-09-23,418.43,VENUE-SIMULATED-FILL,MODELLED,2026-09-16,501.18,VENUE-SIMULATED-FILL,MODELLED,358,4798.54,19.772351,0.9581,,,,,MODELLED,False
Season 1:@DonchianBreakout_20:2025-10-20:WMT:2026-09-16,Season 1,@DonchianBreakout_20,WMT,,long,252,25467.12,2025-10-20,101.06,VENUE-SIMULATED-FILL,MODELLED,2026-09-16,93.02,VENUE-SIMULATED-FILL,MODELLED,331,-2028.12,-7.96368,2.044,,,,,MODELLED,False
Season 1:@DonchianBreakout_20:2025-11-07:CVNA:2026-09-16,Season 1,@DonchianBreakout_20,CVNA,,long,71,23819.79,2025-11-07,335.49,VENUE-SIMULATED-FILL,MODELLED,2026-09-16,520.51,VENUE-SIMULATED-FILL,MODELLED,313,13135.22,55.144147,1.2011,,,,,MODELLED,False
Season 1:@DonchianBreakout_20:2026-05-20:RIVN:2026-09-16,Season 1,@DonchianBreakout_20,RIVN,,short,1148,28608.16,2026-05-20,24.92,VENUE-SIMULATED-FILL,MODELLED,2026-09-16,17.91,VENUE-SIMULATED-FILL,MODELLED,119,8039.78,28.103101,7.7012,,,,,MODELLED,False
Season 1:@DriftRider_PEAD:2026-04-15:NVDA:2026-09-16,Season 1,@DriftRider_PEAD,NVDA,,long,1,278.36,2026-04-15,278.36,VENUE-SIMULATED-FILL,MODELLED,2026-09-16,258.35,VENUE-SIMULATED-FILL,MODELLED,154,-20.02,-7.192125,0.0115,,,,,MODELLED,False
Season 1:@DriftRider_PEAD:2026-05-07:GOOGL:2026-09-16,Season 1,@DriftRider_PEAD,GOOGL,,long,1,300.47,2026-05-07,300.47,VENUE-SIMULATED-FILL,MODELLED,2026-09-16,282.87,VENUE-SIMULATED-FILL,MODELLED,132,-17.61,-5.860818,0.012,,,,,MODELLED,False
Season 1:@DriftRider_PEAD:2026-05-15:AMZN:2026-09-16,Season 1,@DriftRider_PEAD,AMZN,,long,1,244.35,2026-05-15,244.35,VENUE-SIMULATED-FILL,MODELLED,2026-09-16,239.76,VENUE-SIMULATED-FILL,MODELLED,124,-4.6,-1.882546,0.0111,,,,,MODELLED,False
Season 1:@DriftRider_PEAD:2026-06-08:UNH:2026-09-16,Season 1,@DriftRider_PEAD,UNH,,short,1,178.8,2026-06-08,178.8,VENUE-SIMULATED-FILL,MODELLED,2026-09-16,120.82,VENUE-SIMULATED-FILL,MODELLED,100,57.97,32.4217,0.0099,,,,,MODELLED,False
Season 1:@DriftRider_PEAD:2026-07-22:TSLA:2026-09-16,Season 1,@DriftRider_PEAD,TSLA,,long,1,305.37,2026-07-22,305.37,VENUE-SIMULATED-FILL,MODELLED,2026-09-16,339.4,VENUE-SIMULATED-FILL,MODELLED,56,34.02,11.140584,0.0132,,,,,MODELLED,False
Season 1:@DriftRider_PEAD:2026-08-03:RIVN:2026-09-16,Season 1,@DriftRider_PEAD,RIVN,,long,1,18.34,2026-08-03,18.34,VENUE-SIMULATED-FILL,MODELLED,2026-09-16,17.9,VENUE-SIMULATED-FILL,MODELLED,44,-0.45,-2.453653,0.0066,,,,,MODELLED,False
Season 2:@FDA_ClusterFade:2026-05-26:XBI:2026-09-16,Season 2,@FDA_ClusterFade,XBI,,long,11,1833.54,2026-05-26,166.685282,VENUE-SIMULATED-FILL,MODELLED,2026-09-16,154.36,VENUE-SIMULATED-FILL,MODELLED,113,-135.68,-7.399901,0.1031,,,,,MODELLED,False
Season 2:@FDA_ClusterFade:2026-05-26:XBI:2026-09-16,Season 2,@FDA_ClusterFade,XBI,,long,1001,166851.97,2026-05-26,166.685282,VENUE-SIMULATED-FILL,MODELLED,2026-09-16,154.16,VENUE-SIMULATED-FILL,MODELLED,113,-12547.19,-7.519953,9.3801,,,,,MODELLED,False
Season 2:@GOLD_Trend_GLD:2026-04-15:GLD:2026-09-16,Season 2,@GOLD_Trend_GLD,GLD,,long,1,403.64,2026-04-15,403.635509,VENUE-SIMULATED-FILL,MODELLED,2026-09-16,391.73,VENUE-SIMULATED-FILL,MODELLED,154,-11.92,-2.953159,0.0143,,,,,MODELLED,False
Season 1:@IlliquidRocket_Degen:2025-10-09:RIVN:2026-09-16,Season 1,@IlliquidRocket_Degen,RIVN,,long,1,17.38,2025-10-09,17.382659,VENUE-SIMULATED-FILL,MODELLED,2026-09-16,17.9,VENUE-SIMULATED-FILL,MODELLED,342,0.51,2.933958,0.0066,,,,,MODELLED,False
Season 1:@IlliquidRocket_Degen:2026-02-10:CVNA:2026-09-16,Season 1,@IlliquidRocket_Degen,CVNA,,long,1,335.21,2026-02-10,335.205664,VENUE-SIMULATED-FILL,MODELLED,2026-09-16,520.55,VENUE-SIMULATED-FILL,MODELLED,218,185.33,55.288445,0.0169,,,,,MODELLED,False
Season 2:@Kalshi_Attention_Timer:2026-08-03:UNG:2026-09-16,Season 2,@Kalshi_Attention_Timer,UNG,,long,9550,96886.92,2026-08-03,10.145227,VENUE-SIMULATED-FILL,MODELLED,2026-09-16,10.36,VENUE-SIMULATED-FILL,MODELLED,44,1989.88,2.053817,61.2004,,,,,MODELLED,False
Season 2:@Kalshi_Attention_Timer:2026-08-03:XLU:2026-09-16,Season 2,@Kalshi_Attention_Timer,XLU,,long,1443,63418.81,2026-08-03,43.949276,VENUE-SIMULATED-FILL,MODELLED,2026-09-16,41.31,VENUE-SIMULATED-FILL,MODELLED,44,-3818.64,-6.021305,10.1674,,,,,MODELLED,False
Season 1:@KitchenSink_AllIn:2025-12-30:RIVN:2026-09-16,Season 1,@KitchenSink_AllIn,RIVN,,long,12,336.28,2025-12-30,28.023667,VENUE-SIMULATED-FILL,MODELLED,2026-09-16,17.9,VENUE-SIMULATED-FILL,MODELLED,260,-121.56,-36.148017,0.0788,,,,,MODELLED,False
Season 1:@KitchenSink_AllIn:2026-05-15:GOOGL:2026-09-16,Season 1,@KitchenSink_AllIn,GOOGL,,long,1,323.42,2026-05-15,323.418391,VENUE-SIMULATED-FILL,MODELLED,2026-09-16,282.87,VENUE-SIMULATED-FILL,MODELLED,124,-40.56,-12.541031,0.012,,,,,MODELLED,False
Season 1:@KitchenSink_AllIn:2026-07-22:QQQ:2026-09-16,Season 1,@KitchenSink_AllIn,QQQ,,long,1,700.79,2026-07-22,700.788294,VENUE-SIMULATED-FILL,MODELLED,2026-09-16,692.55,VENUE-SIMULATED-FILL,MODELLED,56,-8.26,-1.178673,0.0205,,,,,MODELLED,False
Season 1:@KitchenSink_AllIn:2026-08-03:MSFT:2026-09-16,Season 1,@KitchenSink_AllIn,MSFT,,long,71,47339.15,2026-08-03,666.74856,VENUE-SIMULATED-FILL,MODELLED,2026-09-16,657.1,VENUE-SIMULATED-FILL,MODELLED,44,-686.45,-1.450068,1.4009,,,,,MODELLED,False
Season 1:@KitchenSink_AllIn:2026-09-14:AAPL:2026-09-16,Season 1,@KitchenSink_AllIn,AAPL,,long,142,47082.94,2026-09-14,331.57,VENUE-SIMULATED-FILL,MODELLED,2026-09-16,335.76,VENUE-SIMULATED-FILL,MODELLED,2,593.12,1.259734,1.8619,,,,,MODELLED,False
Season 1:@KitchenSink_AllIn:2026-09-14:AAPL:2026-09-16,Season 1,@KitchenSink_AllIn,AAPL,,long,1,331.57,2026-09-14,331.57,VENUE-SIMULATED-FILL,MODELLED,2026-09-16,332.4,VENUE-SIMULATED-FILL,MODELLED,2,0.82,0.247308,0.013,,,,,MODELLED,False
Season 1:@KitchenSink_AllIn:2026-09-14:META:2026-09-16,Season 1,@KitchenSink_AllIn,META,,long,29,45139.95,2026-09-14,1556.55,VENUE-SIMULATED-FILL,MODELLED,2026-09-16,1462.56,VENUE-SIMULATED-FILL,MODELLED,2,-2726.76,-6.04068,1.0534,,,,,MODELLED,False
Season 1:@KitchenSink_AllIn:2026-09-14:META:2026-09-16,Season 1,@KitchenSink_AllIn,META,,long,1,1556.55,2026-09-14,1556.55,VENUE-SIMULATED-FILL,MODELLED,2026-09-16,1455.59,VENUE-SIMULATED-FILL,MODELLED,2,-101.0,-6.488709,0.0362,,,,,MODELLED,False
Season 1:@KitchenSink_AllIn:2026-09-14:NVDA:2026-09-16,Season 1,@KitchenSink_AllIn,NVDA,,long,160,47259.2,2026-09-14,295.37,VENUE-SIMULATED-FILL,MODELLED,2026-09-16,257.61,VENUE-SIMULATED-FILL,MODELLED,2,-6043.44,-12.787859,1.8403,,,,,MODELLED,False
Season 1:@KitchenSink_AllIn:2026-09-14:XOM:2026-09-16,Season 1,@KitchenSink_AllIn,XOM,,long,396,47143.8,2026-09-14,119.05,VENUE-SIMULATED-FILL,MODELLED,2026-09-16,117.56,VENUE-SIMULATED-FILL,MODELLED,2,-593.45,-1.258808,3.4122,,,,,MODELLED,False
Season 2:@LeapMaxLever_Momentum:2025-09-17:QQQ:2026-09-16,Season 2,@LeapMaxLever_Momentum,QQQ,,long,365,222199.6,2025-09-17,608.766026,VENUE-SIMULATED-FILL,MODELLED,2026-09-16,704.7,VENUE-SIMULATED-FILL,MODELLED,364,35008.34,15.755357,7.5598,,,,,MODELLED,False
Season 2:@MLB_Attention_Momo:2026-07-29:DKNG:2026-09-16,Season 2,@MLB_Attention_Momo,DKNG,,long,1,24.82,2026-07-29,24.824407,VENUE-SIMULATED-FILL,MODELLED,2026-09-16,24.32,VENUE-SIMULATED-FILL,MODELLED,49,-0.51,-2.05443,0.0067,,,,,MODELLED,False
Season 2:@MLB_Attention_Momo:2026-08-31:FLUT:2026-09-16,Season 2,@MLB_Attention_Momo,FLUT,,long,1,101.66,2026-08-31,101.66,VENUE-SIMULATED-FILL,MODELLED,2026-09-16,97.55,VENUE-SIMULATED-FILL,MODELLED,16,-4.12,-4.052725,0.0082,,,,,MODELLED,False
Season 2:@MLB_Upset_Short:2026-06-25:PENN:2026-09-16,Season 2,@MLB_Upset_Short,PENN,,short,1,20.78,2026-06-25,20.78,VENUE-SIMULATED-FILL,MODELLED,2026-09-16,17.7,VENUE-SIMULATED-FILL,MODELLED,83,3.07,14.773821,0.0066,,,,,MODELLED,False
Season 1:@MeanRev_Z2Sigma:2025-09-17:XOM:2026-09-16,Season 1,@MeanRev_Z2Sigma,XOM,,long,1,117.56,2025-09-17,117.56,VENUE-SIMULATED-FILL,MODELLED,2026-09-16,117.83,VENUE-SIMULATED-FILL,MODELLED,364,0.26,0.221164,0.0086,,,,,MODELLED,False
Season 1:@MeanRev_Z2Sigma:2025-10-13:GOOGL:2026-09-16,Season 1,@MeanRev_Z2Sigma,GOOGL,,long,1,231.47,2025-10-13,231.47,VENUE-SIMULATED-FILL,MODELLED,2026-09-16,282.87,VENUE-SIMULATED-FILL,MODELLED,338,51.39,22.201581,0.012,,,,,MODELLED,False
Season 1:@MeanRev_Z2Sigma:2025-10-15:AMZN:2026-09-16,Season 1,@MeanRev_Z2Sigma,AMZN,,long,1,223.88,2025-10-15,223.88,VENUE-SIMULATED-FILL,MODELLED,2026-09-16,239.76,VENUE-SIMULATED-FILL,MODELLED,336,15.87,7.088619,0.0111,,,,,MODELLED,False
Season 1:@MeanRev_Z2Sigma:2025-10-31:UNH:2026-09-16,Season 1,@MeanRev_Z2Sigma,UNH,,long,1,277.28,2025-10-31,277.28,VENUE-SIMULATED-FILL,MODELLED,2026-09-16,120.81,VENUE-SIMULATED-FILL,MODELLED,320,-156.48,-56.43393,0.0087,,,,,MODELLED,False
Season 1:@MeanRev_Z2Sigma:2025-11-19:QQQ:2026-09-16,Season 1,@MeanRev_Z2Sigma,QQQ,,long,1,591.63,2025-11-19,591.63,VENUE-SIMULATED-FILL,MODELLED,2026-09-16,692.55,VENUE-SIMULATED-FILL,MODELLED,301,100.9,17.054578,0.0205,,,,,MODELLED,False
Season 1:@MeanRev_Z2Sigma:2025-11-21:CAT:2026-09-16,Season 1,@MeanRev_Z2Sigma,CAT,,long,1,420.68,2025-11-21,420.68,VENUE-SIMULATED-FILL,MODELLED,2026-09-16,501.19,VENUE-SIMULATED-FILL,MODELLED,299,80.49,19.133308,0.0165,,,,,MODELLED,False
Season 1:@MeanRev_Z2Sigma:2025-11-21:WMT:2026-09-16,Season 1,@MeanRev_Z2Sigma,WMT,,long,1,91.22,2025-11-21,91.22,VENUE-SIMULATED-FILL,MODELLED,2026-09-16,93.02,VENUE-SIMULATED-FILL,MODELLED,299,1.79,1.962289,0.0081,,,,,MODELLED,False
Season 1:@MeanRev_Z2Sigma:2026-01-21:SPY:2026-09-16,Season 1,@MeanRev_Z2Sigma,SPY,,long,1,679.06,2026-01-21,679.06,VENUE-SIMULATED-FILL,MODELLED,2026-09-16,753.08,VENUE-SIMULATED-FILL,MODELLED,238,74.0,10.897417,0.0217,,,,,MODELLED,False
Season 1:@MeanRev_Z2Sigma:2026-02-06:IWM:2026-09-16,Season 1,@MeanRev_Z2Sigma,IWM,,long,1,243.34,2026-02-06,243.34,VENUE-SIMULATED-FILL,MODELLED,2026-09-16,259.33,VENUE-SIMULATED-FILL,MODELLED,222,15.98,6.566943,0.0115,,,,,MODELLED,False
Season 1:@MeanRev_Z2Sigma:2026-02-06:RIVN:2026-09-16,Season 1,@MeanRev_Z2Sigma,RIVN,,long,1,21.19,2026-02-06,21.19,VENUE-SIMULATED-FILL,MODELLED,2026-09-16,17.9,VENUE-SIMULATED-FILL,MODELLED,222,-3.3,-15.573384,0.0066,,,,,MODELLED,False
Season 1:@MeanRev_Z2Sigma:2026-02-06:TSLA:2026-09-16,Season 1,@MeanRev_Z2Sigma,TSLA,,long,1,367.74,2026-02-06,367.74,VENUE-SIMULATED-FILL,MODELLED,2026-09-16,339.4,VENUE-SIMULATED-FILL,MODELLED,222,-28.35,-7.709251,0.0132,,,,,MODELLED,False
Season 1:@MeanRev_Z2Sigma:2026-03-09:JPM:2026-09-16,Season 1,@MeanRev_Z2Sigma,JPM,,long,1,248.7,2026-03-09,248.7,VENUE-SIMULATED-FILL,MODELLED,2026-09-16,285.86,VENUE-SIMULATED-FILL,MODELLED,191,37.15,14.937676,0.0121,,,,,MODELLED,False
Season 1:@MeanRev_Z2Sigma:2026-03-09:MSFT:2026-09-16,Season 1,@MeanRev_Z2Sigma,MSFT,,long,1,635.34,2026-03-09,635.34,VENUE-SIMULATED-FILL,MODELLED,2026-09-16,657.72,VENUE-SIMULATED-FILL,MODELLED,191,22.36,3.519375,0.0197,,,,,MODELLED,False
Season 1:@MeanRev_Z2Sigma:2026-05-19:AAPL:2026-09-16,Season 1,@MeanRev_Z2Sigma,AAPL,,long,1,301.25,2026-05-19,301.25,VENUE-SIMULATED-FILL,MODELLED,2026-09-16,332.41,VENUE-SIMULATED-FILL,MODELLED,120,31.15,10.340249,0.013,,,,,MODELLED,False
Season 1:@MeanRev_Z2Sigma:2026-06-11:NVDA:2026-09-16,Season 1,@MeanRev_Z2Sigma,NVDA,,long,1,244.86,2026-06-11,244.86,VENUE-SIMULATED-FILL,MODELLED,2026-09-16,258.35,VENUE-SIMULATED-FILL,MODELLED,97,13.48,5.505187,0.0115,,,,,MODELLED,False
Season 1:@MeanRev_Z2Sigma:2026-09-02:CVNA:2026-09-16,Season 1,@MeanRev_Z2Sigma,CVNA,,long,99,52239.33,2026-09-02,527.67,VENUE-SIMULATED-FILL,MODELLED,2026-09-16,520.51,VENUE-SIMULATED-FILL,MODELLED,14,-710.51,-1.360105,1.6748,,,,,MODELLED,False
Season 1:@MomentumMax_12x1:2025-09-17:AAPL:2026-09-16,Season 1,@MomentumMax_12x1,AAPL,,long,263,66541.08,2025-09-17,253.007909,VENUE-SIMULATED-FILL,MODELLED,2026-09-16,332.41,VENUE-SIMULATED-FILL,MODELLED,364,20879.32,31.37809,3.4302,,,,,MODELLED,False
Season 1:@MomentumMax_12x1:2025-09-17:GOOGL:2026-09-16,Season 1,@MomentumMax_12x1,GOOGL,,long,258,64546.81,2025-09-17,250.181416,VENUE-SIMULATED-FILL,MODELLED,2026-09-16,282.86,VENUE-SIMULATED-FILL,MODELLED,364,8427.97,13.057145,3.1017,,,,,MODELLED,False
Season 1:@MomentumMax_12x1:2025-09-17:NVDA:2026-09-16,Season 1,@MomentumMax_12x1,NVDA,,long,252,46609.69,2025-09-17,184.95907,VENUE-SIMULATED-FILL,MODELLED,2026-09-16,258.35,VENUE-SIMULATED-FILL,MODELLED,364,18491.61,39.673321,2.9023,,,,,MODELLED,False
Season 1:@MomentumMax_12x1:2025-09-17:TSLA:2026-09-16,Season 1,@MomentumMax_12x1,TSLA,,long,236,83184.37,2025-09-17,352.476144,VENUE-SIMULATED-FILL,MODELLED,2026-09-16,339.39,VENUE-SIMULATED-FILL,MODELLED,364,-3091.44,-3.716371,3.112,,,,,MODELLED,False
Season 1:@OneBigBet_Concentra:2025-11-19:AAPL:2026-09-16,Season 1,@OneBigBet_Concentra,AAPL,,long,1,299.11,2025-11-19,299.11,VENUE-SIMULATED-FILL,MODELLED,2026-09-16,332.41,VENUE-SIMULATED-FILL,MODELLED,301,33.29,11.129685,0.013,,,,,MODELLED,False
Season 1:@OneBigBet_Concentra:2026-06-12:GOOGL:2026-09-16,Season 1,@OneBigBet_Concentra,GOOGL,,short,1,298.85,2026-06-12,298.85,VENUE-SIMULATED-FILL,MODELLED,2026-09-16,282.88,VENUE-SIMULATED-FILL,MODELLED,96,15.96,5.340472,0.0123,,,,,MODELLED,False
Season 1:@OvernightCarry_NO:2026-09-15:SPY:2026-09-16,Season 1,@OvernightCarry_NO,SPY,,long,40,30258.8,2026-09-15,756.47,VENUE-SIMULATED-FILL,MODELLED,2026-09-16,759.45,VENUE-SIMULATED-FILL,MODELLED,1,118.33,0.39106,0.8736,,,,,MODELLED,False
Season 1:@OvernightCarry_NO:2026-09-15:SPY:2026-09-16,Season 1,@OvernightCarry_NO,SPY,,long,247,186016.61,2026-09-15,753.103684,VENUE-SIMULATED-FILL,MODELLED,2026-09-16,753.08,VENUE-SIMULATED-FILL,MODELLED,1,-11.21,-0.006026,5.362,,,,,MODELLED,False
Season 1:@OverreactionFade_LT:2025-10-15:AMZN:2026-09-16,Season 1,@OverreactionFade_LT,AMZN,,long,1,236.78,2025-10-15,236.776825,VENUE-SIMULATED-FILL,MODELLED,2026-09-16,239.76,VENUE-SIMULATED-FILL,MODELLED,336,2.97,1.254346,0.0111,,,,,MODELLED,False
Season 1:@OverreactionFade_LT:2026-03-20:NVDA:2026-09-16,Season 1,@OverreactionFade_LT,NVDA,,long,1,244.97,2026-03-20,244.968489,VENUE-SIMULATED-FILL,MODELLED,2026-09-16,258.35,VENUE-SIMULATED-FILL,MODELLED,180,13.37,5.457845,0.0115,,,,,MODELLED,False
Season 1:@OverreactionFade_LT:2026-06-03:RIVN:2026-09-16,Season 1,@OverreactionFade_LT,RIVN,,long,1,23.21,2026-06-03,23.21,VENUE-SIMULATED-FILL,MODELLED,2026-09-16,17.9,VENUE-SIMULATED-FILL,MODELLED,105,-5.32,-22.921155,0.0066,,,,,MODELLED,False
Season 1:@OverreactionFade_LT:2026-07-30:TSLA:2026-09-16,Season 1,@OverreactionFade_LT,TSLA,,short,1,293.21,2026-07-30,293.21,VENUE-SIMULATED-FILL,MODELLED,2026-09-16,339.41,VENUE-SIMULATED-FILL,MODELLED,48,-46.21,-15.760035,0.0122,,,,,MODELLED,False
Season 1:@PairsArb_ZScore2:2025-12-31:SPY:2026-09-16,Season 1,@PairsArb_ZScore2,SPY,,long,1,687.41,2025-12-31,687.41,VENUE-SIMULATED-FILL,MODELLED,2026-09-16,753.08,VENUE-SIMULATED-FILL,MODELLED,259,65.65,9.550341,0.0217,,,,,MODELLED,False
Season 2:@PinePilot_EMA_Cross:2025-09-17:IWM:2026-09-16,Season 2,@PinePilot_EMA_Cross,IWM,,long,253,69180.86,2025-09-17,273.442127,VENUE-SIMULATED-FILL,MODELLED,2026-09-16,283.92,VENUE-SIMULATED-FILL,MODELLED,364,2647.85,3.827432,3.0471,,,,,MODELLED,False
Season 2:@PinePilot_EMA_Cross:2025-09-17:SPY:2026-09-16,Season 2,@PinePilot_EMA_Cross,SPY,,long,96,68426.83,2025-09-17,712.779494,VENUE-SIMULATED-FILL,MODELLED,2026-09-16,754.04,VENUE-SIMULATED-FILL,MODELLED,364,3958.92,5.785625,2.0859,,,,,MODELLED,False
Season 2:@PinePilot_EMA_Cross:2026-04-17:QQQ:2026-09-16,Season 2,@PinePilot_EMA_Cross,QQQ,,long,103,67099.19,2026-04-17,651.448404,VENUE-SIMULATED-FILL,MODELLED,2026-09-16,704.71,VENUE-SIMULATED-FILL,MODELLED,152,5483.81,8.172692,2.1333,,,,,MODELLED,False
Season 1:@SectorRotator_AlphaX:2025-09-17:AAPL:2026-09-16,Season 1,@SectorRotator_AlphaX,AAPL,,long,304,88766.35,2025-09-17,291.994575,VENUE-SIMULATED-FILL,MODELLED,2026-09-16,332.41,VENUE-SIMULATED-FILL,MODELLED,364,12282.32,13.836685,3.965,,,,,MODELLED,False
Season 1:@SectorRotator_AlphaX:2025-09-17:GOOGL:2026-09-16,Season 1,@SectorRotator_AlphaX,GOOGL,,long,211,56679.91,2025-09-17,268.625171,VENUE-SIMULATED-FILL,MODELLED,2026-09-16,282.87,VENUE-SIMULATED-FILL,MODELLED,364,3003.12,5.298385,2.5367,,,,,MODELLED,False
Season 1:@SectorRotator_AlphaX:2025-09-17:META:2026-09-16,Season 1,@SectorRotator_AlphaX,META,,long,51,45131.65,2025-09-17,884.93423,VENUE-SIMULATED-FILL,MODELLED,2026-09-16,1455.58,VENUE-SIMULATED-FILL,MODELLED,364,29101.09,64.480454,1.8452,,,,,MODELLED,False
Season 1:@SectorRotator_AlphaX:2025-09-17:MSFT:2026-09-16,Season 1,@SectorRotator_AlphaX,MSFT,,long,147,87010.36,2025-09-17,591.907178,VENUE-SIMULATED-FILL,MODELLED,2026-09-16,657.71,VENUE-SIMULATED-FILL,MODELLED,364,9670.11,11.113746,2.9023,,,,,MODELLED,False
Season 1:@SectorRotator_AlphaX:2025-09-17:NVDA:2026-09-16,Season 1,@SectorRotator_AlphaX,NVDA,,long,270,56053.89,2025-09-17,207.607006,VENUE-SIMULATED-FILL,MODELLED,2026-09-16,258.35,VENUE-SIMULATED-FILL,MODELLED,364,13697.5,24.436305,3.1096,,,,,MODELLED,False
Season 1:@SpreadHarvester_MM:2026-05-19:TSLA:2026-09-16,Season 1,@SpreadHarvester_MM,TSLA,,long,143,38934.79,2026-05-19,272.271237,VENUE-SIMULATED-FILL,MODELLED,2026-09-16,339.4,VENUE-SIMULATED-FILL,MODELLED,120,9598.24,24.652093,1.1707,,,,,MODELLED,False
Season 1:@SpreadHarvester_MM:2026-05-22:SPY:2026-09-16,Season 1,@SpreadHarvester_MM,SPY,,short,62,46171.55,2026-05-22,744.702419,VENUE-SIMULATED-FILL,MODELLED,2026-09-16,753.09,VENUE-SIMULATED-FILL,MODELLED,117,-521.06,-1.12853,1.0252,,,,,MODELLED,False
Season 1:@SpreadHarvester_MM:2026-06-26:QQQ:2026-09-16,Season 1,@SpreadHarvester_MM,QQQ,,short,19,12741.59,2026-06-26,670.61,VENUE-SIMULATED-FILL,MODELLED,2026-09-16,692.56,VENUE-SIMULATED-FILL,MODELLED,82,-417.34,-3.275415,0.2852,,,,,MODELLED,False
Season 1:@SpreadHarvester_MM:2026-09-15:NVDA:2026-09-16,Season 1,@SpreadHarvester_MM,NVDA,,short,66,19090.5,2026-09-15,289.25,VENUE-SIMULATED-FILL,MODELLED,2026-09-16,257.6,VENUE-SIMULATED-FILL,MODELLED,1,2088.76,10.941358,0.1421,,,,,MODELLED,False
Season 1:@SpreadHarvester_MM:2026-09-16:NVDA:2026-09-16,Season 1,@SpreadHarvester_MM,NVDA,,long,90,23184.0,2026-09-16,257.6,VENUE-SIMULATED-FILL,MODELLED,2026-09-16,257.63,VENUE-SIMULATED-FILL,MODELLED,0,2.56,0.011042,0.1352,,,,,MODELLED,False
Season 1:@SpreadHarvester_MM:2026-09-16:NVDA:2026-09-16,Season 1,@SpreadHarvester_MM,NVDA,,short,66,17003.58,2026-09-16,257.63,VENUE-SIMULATED-FILL,MODELLED,2026-09-16,258.36,VENUE-SIMULATED-FILL,MODELLED,0,-48.61,-0.285881,0.4291,,,,,MODELLED,False
Season 1:@SqueezeHunter_TF:2026-05-07:GOOGL:2026-09-16,Season 1,@SqueezeHunter_TF,GOOGL,,long,1,300.47,2026-05-07,300.47,VENUE-SIMULATED-FILL,MODELLED,2026-09-16,282.87,VENUE-SIMULATED-FILL,MODELLED,132,-17.61,-5.860818,0.012,,,,,MODELLED,False
Season 1:@SqueezeHunter_TF:2026-07-06:CVNA:2026-09-16,Season 1,@SqueezeHunter_TF,CVNA,,long,1,632.75,2026-07-06,632.75,VENUE-SIMULATED-FILL,MODELLED,2026-09-16,520.55,VENUE-SIMULATED-FILL,MODELLED,72,-112.22,-17.735282,0.0169,,,,,MODELLED,False
Season 1:@SqueezeHunter_TF:2026-07-14:JPM:2026-09-16,Season 1,@SqueezeHunter_TF,JPM,,long,1,299.12,2026-07-14,299.12,VENUE-SIMULATED-FILL,MODELLED,2026-09-16,285.86,VENUE-SIMULATED-FILL,MODELLED,64,-13.27,-4.436347,0.0121,,,,,MODELLED,False
Season 1:@SqueezeHunter_TF:2026-08-04:AMZN:2026-09-16,Season 1,@SqueezeHunter_TF,AMZN,,long,1,244.23,2026-08-04,244.23,VENUE-SIMULATED-FILL,MODELLED,2026-09-16,239.76,VENUE-SIMULATED-FILL,MODELLED,43,-4.48,-1.834336,0.0111,,,,,MODELLED,False
Season 1:@TrendSurfer_GoldenX:2025-09-17:AMZN:2026-09-16,Season 1,@TrendSurfer_GoldenX,AMZN,,long,131,30685.22,2025-09-17,234.238337,VENUE-SIMULATED-FILL,MODELLED,2026-09-16,239.76,VENUE-SIMULATED-FILL,MODELLED,364,721.88,2.352533,1.4586,,,,,MODELLED,False
Season 1:@TrendSurfer_GoldenX:2025-09-17:GOOGL:2026-09-16,Season 1,@TrendSurfer_GoldenX,GOOGL,,long,110,28915.79,2025-09-17,262.870784,VENUE-SIMULATED-FILL,MODELLED,2026-09-16,282.87,VENUE-SIMULATED-FILL,MODELLED,364,2198.59,7.603425,1.3224,,,,,MODELLED,False
Season 1:@TrendSurfer_GoldenX:2025-09-17:IWM:2026-09-16,Season 1,@TrendSurfer_GoldenX,IWM,,long,124,30432.98,2025-09-17,245.427283,VENUE-SIMULATED-FILL,MODELLED,2026-09-16,259.33,VENUE-SIMULATED-FILL,MODELLED,364,1722.51,5.66001,1.4306,,,,,MODELLED,False
Season 1:@TrendSurfer_GoldenX:2025-09-17:NVDA:2026-09-16,Season 1,@TrendSurfer_GoldenX,NVDA,,long,118,24952.8,2025-09-17,211.464425,VENUE-SIMULATED-FILL,MODELLED,2026-09-16,258.35,VENUE-SIMULATED-FILL,MODELLED,364,5531.14,22.166408,1.359,,,,,MODELLED,False
Season 1:@TrendSurfer_GoldenX:2025-09-17:SPY:2026-09-16,Season 1,@TrendSurfer_GoldenX,SPY,,long,46,31416.04,2025-09-17,682.957325,VENUE-SIMULATED-FILL,MODELLED,2026-09-16,753.08,VENUE-SIMULATED-FILL,MODELLED,364,3224.64,10.264312,0.9986,,,,,MODELLED,False
Season 1:@TrendSurfer_GoldenX:2025-09-19:JPM:2026-09-16,Season 1,@TrendSurfer_GoldenX,JPM,,long,120,34763.17,2025-09-19,289.693078,VENUE-SIMULATED-FILL,MODELLED,2026-09-16,285.86,VENUE-SIMULATED-FILL,MODELLED,362,-461.42,-1.327324,1.45,,,,,MODELLED,False
Season 1:@TrendSurfer_GoldenX:2025-09-25:QQQ:2026-09-16,Season 1,@TrendSurfer_GoldenX,QQQ,,long,2,1217.62,2025-09-25,608.811822,VENUE-SIMULATED-FILL,MODELLED,2026-09-16,692.24,VENUE-SIMULATED-FILL,MODELLED,356,166.82,13.700457,0.0409,,,,,MODELLED,False
Season 1:@TrendSurfer_GoldenX:2025-09-25:QQQ:2026-09-16,Season 1,@TrendSurfer_GoldenX,QQQ,,long,48,29222.97,2025-09-25,608.811822,VENUE-SIMULATED-FILL,MODELLED,2026-09-16,692.55,VENUE-SIMULATED-FILL,MODELLED,356,4018.45,13.750999,0.9822,,,,,MODELLED,False
Season 1:@TrendSurfer_GoldenX:2025-10-20:MSFT:2026-09-16,Season 1,@TrendSurfer_GoldenX,MSFT,,long,3,1804.91,2025-10-20,601.635477,VENUE-SIMULATED-FILL,MODELLED,2026-09-16,657.1,VENUE-SIMULATED-FILL,MODELLED,331,166.33,9.215436,0.0592,,,,,MODELLED,False
Season 1:@TrendSurfer_GoldenX:2025-10-20:MSFT:2026-09-16,Season 1,@TrendSurfer_GoldenX,MSFT,,long,50,30081.77,2025-10-20,601.635477,VENUE-SIMULATED-FILL,MODELLED,2026-09-16,657.72,VENUE-SIMULATED-FILL,MODELLED,331,2803.24,9.318732,0.9872,,,,,MODELLED,False
Season 1:@VIXRegime_Timer:2025-09-17:SPY:2026-09-16,Season 1,@VIXRegime_Timer,SPY,,long,171,126042.94,2025-09-17,737.093236,VENUE-SIMULATED-FILL,MODELLED,2026-09-16,753.08,VENUE-SIMULATED-FILL,MODELLED,364,2730.02,2.165944,3.7121,,,,,MODELLED,False
Season 1:@VolCarry_LowHigh:2025-09-17:CVNA:2026-09-16,Season 1,@VolCarry_LowHigh,CVNA,,short,37,10628.25,2025-09-17,287.25,VENUE-SIMULATED-FILL,MODELLED,2026-09-16,520.6,VENUE-SIMULATED-FILL,MODELLED,364,-8634.18,-81.238021,0.2282,,,,,MODELLED,False
Season 1:@VolCarry_LowHigh:2025-09-17:IWM:2026-09-16,Season 1,@VolCarry_LowHigh,IWM,,long,77,18663.26,2025-09-17,242.38,VENUE-SIMULATED-FILL,MODELLED,2026-09-16,259.33,VENUE-SIMULATED-FILL,MODELLED,364,1304.26,6.988383,0.8884,,,,,MODELLED,False
Season 1:@VolCarry_LowHigh:2025-09-17:NVDA:2026-09-16,Season 1,@VolCarry_LowHigh,NVDA,,short,147,27202.35,2025-09-17,185.05,VENUE-SIMULATED-FILL,MODELLED,2026-09-16,258.36,VENUE-SIMULATED-FILL,MODELLED,364,-10777.48,-39.619665,0.9064,,,,,MODELLED,False
Season 1:@VolCarry_LowHigh:2025-09-17:QQQ:2026-09-16,Season 1,@VolCarry_LowHigh,QQQ,,long,30,17567.7,2025-09-17,585.59,VENUE-SIMULATED-FILL,MODELLED,2026-09-16,692.55,VENUE-SIMULATED-FILL,MODELLED,364,3208.19,18.261867,0.6138,,,,,MODELLED,False
Season 1:@VolCarry_LowHigh:2025-09-17:RIVN:2026-09-16,Season 1,@VolCarry_LowHigh,RIVN,,short,792,12917.52,2025-09-17,16.31,VENUE-SIMULATED-FILL,MODELLED,2026-09-16,17.91,VENUE-SIMULATED-FILL,MODELLED,364,-1272.08,-9.847711,4.8835,,,,,MODELLED,False
Season 1:@VolCarry_LowHigh:2025-09-17:SPY:2026-09-16,Season 1,@VolCarry_LowHigh,SPY,,long,28,18351.48,2025-09-17,655.41,VENUE-SIMULATED-FILL,MODELLED,2026-09-16,753.08,VENUE-SIMULATED-FILL,MODELLED,364,2734.15,14.898798,0.6078,,,,,MODELLED,False
Season 2:@Weather_ColdSnap_Max:2026-06-08:XLU:2026-09-16,Season 2,@Weather_ColdSnap_Max,XLU,,long,1,44.32,2026-06-08,44.31802,VENUE-SIMULATED-FILL,MODELLED,2026-09-16,41.31,VENUE-SIMULATED-FILL,MODELLED,100,-3.02,-6.814384,0.007,,,,,MODELLED,False
Season 2:@YieldCurve_Rotator:2025-09-17:TLT:2026-09-16,Season 2,@YieldCurve_Rotator,TLT,,long,1669,151249.58,2025-09-17,90.622873,VENUE-SIMULATED-FILL,MODELLED,2026-09-16,80.87,VENUE-SIMULATED-FILL,MODELLED,364,-16290.67,-10.770721,13.1199,,,,,MODELLED,False
