ask,at_close,avg_price,bid,cash_impact_usd,commission,date,decision_price,depth_cost,drift_cost,exchange_fee,execution_cost_bps,fill_rate_pct,filled_qty,impact_cost,implementation_shortfall,interval,limit_price,mid,notional,order_type,participant,participation_pct_of_session_volume,price_difference,reason,rebate,reference_close,reference_file,reference_high,reference_low,reference_open,reference_sha256,reference_volume,regulatory_fee,reject_reason,requested_qty,side,slippage_bps,slippage_vs_close_bps,slippage_vs_decision_bps,slippage_vs_open_bps,spread_cost,status,stop_price,symbol,total_cost
338.54,False,338.55,338.52,-189930.916,1.0,2025-09-17,338.529999,0.0,-1.879,3.366,0.92,100.0,561,7.4896,15.5866,0,,338.53,189926.55,market,@GOLD_Trend_GLD,0.00339,11.2206,gold: trend up,0.0,336.970001,data/real/prices/yahoo/GLD.json,341.23999,335.519989,338.529999,545093d31c9d8284e3b5dc66f668a6cb7391d9925b5abdf3e82bcaa71e423b40,16535300,0.0,,561,buy,0.591,46.888,0.591,0.591,5.61,filled,,GLD,17.4656
238.83,False,238.84,238.81,-59951.346,1.0,2025-09-17,238.820007,0.0,1.2252,1.506,1.051,100.0,251,1.283,7.5242,0,,238.82,59948.84,market,@PinePilot_EMA_Cross,0.00031,5.0182,pinepilot: EMA(20) > EMA(50),0.0,238.889999,data/real/prices/yahoo/IWM.json,244.279999,237.020004,238.820007,4f6191d7931ac8755dec346902f769128dd059359a542aaf947e90ff8f2d344a,79955600,0.0,,251,buy,0.837,-2.093,0.837,0.837,2.51,filled,,IWM,6.299
591.11,False,591.11,591.09,-59703.716,1.0,2025-09-17,591.099976,0.0,-0.4525,0.606,0.514,100.0,101,0.4549,2.6184,0,,591.1,59702.11,market,@PinePilot_EMA_Cross,0.00015,1.0124,pinepilot: EMA(20) > EMA(50),0.0,590.0,data/real/prices/yahoo/QQQ.json,591.75,584.369995,591.099976,ae9ec3c0b0b8e0f5cd28ee45eac2dfcff9f95a7c5a1244e170ab0980d85979ed,69384800,0.0,,101,buy,0.17,18.814,0.17,0.17,1.01,filled,,QQQ,3.0709
591.11,False,591.12,591.09,-189752.446,1.0,2025-09-17,591.099976,0.0,0.6401,1.926,0.459,100.0,321,2.5776,9.3537,0,,591.1,189749.52,market,@LeapMaxLever_Momentum,0.00046,6.4277,the leap: monthly leader QQQ,0.0,590.0,data/real/prices/yahoo/QQQ.json,591.75,584.369995,591.099976,ae9ec3c0b0b8e0f5cd28ee45eac2dfcff9f95a7c5a1244e170ab0980d85979ed,69384800,0.0,,321,buy,0.339,18.983,0.339,0.339,3.21,filled,,QQQ,8.7136
660.02,False,660.02,660.0,-59403.34,1.0,2025-09-17,660.01001,0.0,-0.2709,0.54,0.456,100.0,90,0.27,2.4391,0,,660.01,59401.8,market,@PinePilot_EMA_Cross,9e-05,0.8991,pinepilot: EMA(20) > EMA(50),0.0,659.179993,data/real/prices/yahoo/SPY.json,661.719971,654.299988,660.01001,e0f05aaf67be23da1db20513eaed93274b165898427ebeab80c7cb2eca1d9a2d,101952200,0.0,,90,buy,0.151,12.743,0.151,0.151,0.9,filled,,SPY,2.71
90.71,False,90.71,90.7,-149954.548,1.0,2025-09-17,90.709999,0.0,-13.2966,9.918,1.615,100.0,1653,5.0333,10.9197,0,,90.705,149943.63,market,@YieldCurve_Rotator,0.00337,0.0017,curve: 21d change -3.0bp,0.0,90.120003,data/real/prices/yahoo/TLT.json,91.040001,89.870003,90.709999,b2914ca7451d1c04fbe97f399361df69871d9a8afcbb0121541ac2bdd13a29f3,49121800,0.0,,1653,buy,0.0,65.468,0.0,0.0,8.265,filled,,TLT,24.2163
94.06,False,94.07,94.05,-149958.144,1.0,2025-09-17,94.059998,0.0,-11.2002,9.564,2.515,100.0,1594,19.1734,26.5072,0,,94.055,149947.58,market,@FDA_ClusterFade,0.01054,15.9432,fda fade: z=-1.12 long sector,0.0,93.769997,data/real/prices/yahoo/XBI.json,95.809998,93.489998,94.059998,fe9eeb851e6faba2a7187e008fab271608d8a4d544227ad3543ac3d95d5dd769,15125300,0.0,,1594,buy,1.063,31.993,1.063,1.063,7.97,filled,,XBI,37.7074
336.23,False,336.21,336.21,1007.6115,1.0,2025-09-18,336.220001,0.0,-0.003,0.018,10.425,100.0,3,0.003,1.0485,0,,336.22,1008.63,market,@GOLD_Trend_GLD,2e-05,0.03,gold: trend up,0.0,335.619995,data/real/prices/yahoo/GLD.json,336.320007,333.809998,336.220001,545093d31c9d8284e3b5dc66f668a6cb7391d9925b5abdf3e82bcaa71e423b40,14913300,0.0005,,3,sell,0.297,17.58,0.297,-0.297,0.03,filled,,GLD,1.0515
661.9,False,661.9,661.88,-662.906,1.0,2025-09-18,661.890015,0.0,-0.0003,0.006,15.355,100.0,1,0.0003,1.016,0,,661.89,661.9,market,@PinePilot_EMA_Cross,0.0,0.01,pinepilot: EMA(20) > EMA(50),0.0,662.26001,data/real/prices/yahoo/SPY.json,664.890015,660.27002,661.890015,e0f05aaf67be23da1db20513eaed93274b165898427ebeab80c7cb2eca1d9a2d,90459200,0.0,,1,buy,0.151,-5.436,0.151,0.151,0.01,filled,,SPY,1.0163
597.34,False,597.34,597.32,-598.346,1.0,2025-09-19,597.330017,0.0,-0.0004,0.006,17.016,100.0,1,0.0004,1.016,0,,597.33,597.34,market,@PinePilot_EMA_Cross,0.0,0.01,pinepilot: EMA(20) > EMA(50),0.0,599.349976,data/real/prices/yahoo/QQQ.json,600.049988,595.849976,597.330017,ae9ec3c0b0b8e0f5cd28ee45eac2dfcff9f95a7c5a1244e170ab0980d85979ed,58196100,0.0,,1,buy,0.167,-33.536,0.167,0.167,0.01,filled,,QQQ,1.0164
662.34,False,662.34,662.32,-663.346,1.0,2025-09-19,662.330017,0.0,-0.0003,0.006,15.344,100.0,1,0.0003,1.016,0,,662.33,662.34,market,@PinePilot_EMA_Cross,0.0,0.01,pinepilot: EMA(20) > EMA(50),0.0,663.700012,data/real/prices/yahoo/SPY.json,664.549988,660.369995,662.330017,e0f05aaf67be23da1db20513eaed93274b165898427ebeab80c7cb2eca1d9a2d,97945600,0.0,,1,buy,0.151,-20.491,0.151,0.151,0.01,filled,,SPY,1.0163
96.99,False,96.99,96.98,-2328.904,1.0,2025-09-19,96.989998,0.0,-0.1582,0.144,5.594,100.0,24,0.0382,1.144,0,,96.985,2327.76,market,@FDA_ClusterFade,0.00034,0.0,fda fade: z=-1.26 long sector,0.0,95.599998,data/real/prices/yahoo/XBI.json,97.040001,95.370003,96.989998,fe9eeb851e6faba2a7187e008fab271608d8a4d544227ad3543ac3d95d5dd769,7144100,0.0,,24,buy,0.0,145.398,0.0,0.0,0.12,filled,,XBI,1.3022
342.76,False,342.76,342.74,-3085.894,1.0,2025-09-22,342.75,0.0,-0.0158,0.054,3.76,100.0,9,0.0158,1.144,0,,342.75,3084.84,market,@GOLD_Trend_GLD,7e-05,0.09,gold: trend up,0.0,345.049988,data/real/prices/yahoo/GLD.json,345.070007,341.839996,342.75,545093d31c9d8284e3b5dc66f668a6cb7391d9925b5abdf3e82bcaa71e423b40,12386400,0.0,,9,buy,0.292,-66.367,0.292,0.292,0.09,filled,,GLD,1.1598
348.24,False,348.24,348.22,-2786.968,1.0,2025-09-23,348.230011,0.0,-0.014,0.048,4.099,100.0,8,0.0139,1.1279,0,,348.23,2785.92,market,@GOLD_Trend_GLD,4e-05,0.0799,gold: trend up,0.0,346.459991,data/real/prices/yahoo/GLD.json,348.75,345.320007,348.230011,545093d31c9d8284e3b5dc66f668a6cb7391d9925b5abdf3e82bcaa71e423b40,18384000,0.0,,8,buy,0.287,51.377,0.287,0.287,0.08,filled,,GLD,1.1419
344.4,False,344.38,344.38,1720.8692,1.0,2025-09-25,344.390015,0.0,-0.007,0.03,6.318,100.0,5,0.007,1.0809,0,,344.39,1721.9,market,@GOLD_Trend_GLD,4e-05,0.0501,gold: trend up,0.0,344.75,data/real/prices/yahoo/GLD.json,345.829987,342.470001,344.390015,545093d31c9d8284e3b5dc66f668a6cb7391d9925b5abdf3e82bcaa71e423b40,12639600,0.0008,,5,sell,0.291,-10.732,0.291,-0.291,0.05,filled,,GLD,1.0879
351.8,False,351.8,351.78,-3519.06,1.0,2025-09-29,351.790009,0.0,-0.0203,0.06,3.355,100.0,10,0.0202,1.1599,0,,351.79,3518.0,market,@GOLD_Trend_GLD,6e-05,0.0999,gold: trend up,0.0,352.459991,data/real/prices/yahoo/GLD.json,352.829987,351.279999,351.790009,545093d31c9d8284e3b5dc66f668a6cb7391d9925b5abdf3e82bcaa71e423b40,15719600,0.0,,10,buy,0.284,-18.725,0.284,0.284,0.1,filled,,GLD,1.1802
98.34,False,98.34,98.33,-1181.152,1.0,2025-09-29,98.330002,0.0,0.0457,0.072,9.714,100.0,12,0.0143,1.192,0,,98.335,1180.08,market,@FDA_ClusterFade,0.00012,0.12,fda fade: z=-2.00 long sector,0.0,99.400002,data/real/prices/yahoo/XBI.json,99.489998,98.010002,98.330002,fe9eeb851e6faba2a7187e008fab271608d8a4d544227ad3543ac3d95d5dd769,9957300,0.0,,12,buy,1.017,-106.64,1.017,1.017,0.06,filled,,XBI,1.1463
356.18,False,356.18,356.16,-2138.116,1.0,2025-10-01,356.170013,0.0,-0.0099,0.036,5.174,100.0,6,0.0098,1.0959,0,,356.17,2137.08,market,@GOLD_Trend_GLD,4e-05,0.0599,gold: trend up,0.0,356.029999,data/real/prices/yahoo/GLD.json,356.970001,354.790009,356.170013,545093d31c9d8284e3b5dc66f668a6cb7391d9925b5abdf3e82bcaa71e423b40,15573600,0.0,,6,buy,0.28,4.213,0.28,0.28,0.06,filled,,GLD,1.1058
597.18,False,597.18,597.16,-2389.744,1.0,2025-10-01,597.169983,0.0,-0.0025,0.024,4.465,100.0,4,0.0025,1.0641,0,,597.17,2388.72,market,@LeapMaxLever_Momentum,1e-05,0.0401,the leap: monthly leader QQQ,0.0,603.25,data/real/prices/yahoo/QQQ.json,603.789978,596.340027,597.169983,ae9ec3c0b0b8e0f5cd28ee45eac2dfcff9f95a7c5a1244e170ab0980d85979ed,46899600,0.0,,4,buy,0.168,-100.622,0.168,0.168,0.04,filled,,QQQ,1.0665
100.12,False,100.12,100.11,-1402.764,1.0,2025-10-01,100.110001,0.0,0.0517,0.084,8.363,100.0,14,0.0183,1.224,0,,100.115,1401.68,market,@FDA_ClusterFade,0.00014,0.14,fda fade: z=-1.52 long sector,0.0,101.389999,data/real/prices/yahoo/XBI.json,102.150002,100.110001,100.110001,fe9eeb851e6faba2a7187e008fab271608d8a4d544227ad3543ac3d95d5dd769,9736200,0.0,,14,buy,0.999,-125.259,0.999,0.999,0.07,filled,,XBI,1.1723
358.27,False,358.27,358.25,-1075.828,1.0,2025-10-02,358.26001,0.0,-0.0031,0.018,9.779,100.0,3,0.003,1.048,0,,358.26,1074.81,market,@GOLD_Trend_GLD,2e-05,0.03,gold: trend up,0.0,354.790009,data/real/prices/yahoo/GLD.json,358.670013,351.399994,358.26001,545093d31c9d8284e3b5dc66f668a6cb7391d9925b5abdf3e82bcaa71e423b40,16162100,0.0,,3,buy,0.279,98.086,0.279,0.279,0.03,filled,,GLD,1.051
243.01,False,243.01,243.0,-1216.08,1.0,2025-10-02,243.0,0.0,0.0221,0.03,8.707,100.0,5,0.0029,1.08,0,,243.005,1215.05,market,@PinePilot_EMA_Cross,2e-05,0.05,pinepilot: EMA(20) > EMA(50),0.0,244.020004,data/real/prices/yahoo/IWM.json,244.089996,241.470001,243.0,4f6191d7931ac8755dec346902f769128dd059359a542aaf947e90ff8f2d344a,28687400,0.0,,5,buy,0.412,-41.39,0.412,0.412,0.025,filled,,IWM,1.0579
101.64,False,101.64,101.63,-1220.752,1.0,2025-10-02,101.639999,0.0,-0.0734,0.072,9.391,100.0,12,0.0134,1.072,0,,101.635,1219.68,market,@FDA_ClusterFade,0.00014,0.0,fda fade: z=-1.24 long sector,0.0,102.589996,data/real/prices/yahoo/XBI.json,102.599998,101.010002,101.639999,fe9eeb851e6faba2a7187e008fab271608d8a4d544227ad3543ac3d95d5dd769,8601200,0.0,,12,buy,0.0,-92.601,0.0,0.0,0.06,filled,,XBI,1.1454
102.99,False,102.99,102.98,-1133.956,1.0,2025-10-03,102.989998,0.0,-0.0669,0.066,10.001,100.0,11,0.012,1.066,0,,102.985,1132.89,market,@FDA_ClusterFade,9e-05,0.0,fda fade: z=-1.05 long sector,0.0,103.599998,data/real/prices/yahoo/XBI.json,104.099998,102.790001,102.989998,fe9eeb851e6faba2a7187e008fab271608d8a4d544227ad3543ac3d95d5dd769,12886500,0.0,,11,buy,0.0,-58.88,0.0,0.0,0.055,filled,,XBI,1.133
362.17,False,362.17,362.15,-2174.056,1.0,2025-10-06,362.160004,0.0,-0.0085,0.036,5.083,100.0,6,0.0085,1.096,0,,362.16,2173.02,market,@GOLD_Trend_GLD,4e-05,0.06,gold: trend up,0.0,364.380005,data/real/prices/yahoo/GLD.json,365.299988,361.369995,362.160004,545093d31c9d8284e3b5dc66f668a6cb7391d9925b5abdf3e82bcaa71e423b40,17093700,0.0,,6,buy,0.276,-60.651,0.276,0.276,0.06,filled,,GLD,1.1045
608.46,False,608.46,608.44,-609.466,1.0,2025-10-06,608.450012,0.0,-0.0003,0.006,16.702,100.0,1,0.0003,1.016,0,,608.45,608.46,market,@PinePilot_EMA_Cross,0.0,0.01,pinepilot: EMA(20) > EMA(50),0.0,607.710022,data/real/prices/yahoo/QQQ.json,609.359985,605.969971,608.450012,ae9ec3c0b0b8e0f5cd28ee45eac2dfcff9f95a7c5a1244e170ab0980d85979ed,41962100,0.0,,1,buy,0.164,12.341,0.164,0.164,0.01,filled,,QQQ,1.0163
671.63,False,671.63,671.61,-1344.272,1.0,2025-10-06,671.619995,0.0,-0.0006,0.012,7.687,100.0,2,0.0006,1.032,0,,671.62,1343.26,market,@PinePilot_EMA_Cross,0.0,0.02,pinepilot: EMA(20) > EMA(50),0.0,671.609985,data/real/prices/yahoo/SPY.json,672.51001,669.460022,671.619995,e0f05aaf67be23da1db20513eaed93274b165898427ebeab80c7cb2eca1d9a2d,54623300,0.0,,2,buy,0.149,0.298,0.149,0.149,0.02,filled,,SPY,1.0326
13.37,False,13.39,13.36,-110290.268,1.0,2025-10-06,13.36,92.66,56.5661,49.398,21.845,100.0,8233,56.5989,297.388,0,,13.365,110239.87,market,@Weather_ColdSnap_Max,0.07409,246.99,weather: 1 cold anomaly days in 10,0.0,13.3,data/real/prices/yahoo/UNG.json,13.44,13.13,13.36,eb7bcc0769945fb2c40fbcd98753ed7e17e367cf69d2ce2bde9ae60f00a462cc,11112100,0.0,,8233,buy,22.455,67.669,22.455,22.455,41.165,filled,,UNG,240.8219
104.13,False,104.13,104.12,-938.224,1.0,2025-10-06,104.120003,0.0,0.0361,0.054,11.822,100.0,9,0.0089,1.144,0,,104.125,937.17,market,@FDA_ClusterFade,0.00011,0.09,fda fade: z=-1.07 long sector,0.0,103.639999,data/real/prices/yahoo/XBI.json,104.510002,103.449997,104.120003,fe9eeb851e6faba2a7187e008fab271608d8a4d544227ad3543ac3d95d5dd769,7956100,0.0,,9,buy,0.96,47.279,0.96,0.96,0.045,filled,,XBI,1.1079
44.72,False,44.72,44.71,-59978.566,1.0,2025-10-06,44.715,0.0,-2.745,8.046,3.084,100.0,1341,2.745,15.751,0,,44.715,59969.52,market,@Weather_ColdSnap_Max,0.0067,6.705,weather: 1 cold anomaly days in 10,0.0,44.884998,data/real/prices/yahoo/XLU.json,44.935001,44.41,44.715,5dddbd83cab3a8b7cd0814ea8215cbfc7d759602d4557e0cdf34937ba995df5d,20024200,0.0,,1341,buy,1.118,-36.76,1.118,1.118,6.705,filled,,XLU,18.496
366.52,False,366.52,366.5,-2200.156,1.0,2025-10-07,366.51001,0.0,-0.0091,0.036,5.025,100.0,6,0.0091,1.0959,0,,366.51,2199.12,market,@GOLD_Trend_GLD,4e-05,0.0599,gold: trend up,0.0,366.26001,data/real/prices/yahoo/GLD.json,367.269989,364.549988,366.51001,545093d31c9d8284e3b5dc66f668a6cb7391d9925b5abdf3e82bcaa71e423b40,16836800,0.0,,6,buy,0.273,7.099,0.273,0.273,0.06,filled,,GLD,1.1051
371.66,False,371.66,371.64,-2974.328,1.0,2025-10-08,371.649994,0.0,-0.0138,0.048,3.84,100.0,8,0.0138,1.128,0,,371.65,2973.28,market,@GOLD_Trend_GLD,3e-05,0.08,gold: trend up,0.0,372.299988,data/real/prices/yahoo/GLD.json,373.570007,370.5,371.649994,545093d31c9d8284e3b5dc66f668a6cb7391d9925b5abdf3e82bcaa71e423b40,28052300,0.0,,8,buy,0.269,-17.19,0.269,0.269,0.08,filled,,GLD,1.1418
104.31,False,104.29,104.3,174674.4219,1.0,2025-10-08,104.300003,0.0,-12.9113,10.05,2.347,100.0,1675,21.2914,28.0831,0,,104.305,174685.75,market,@FDA_ClusterFade,0.01414,16.755,fda fade: z back inside the band,0.0,105.440002,data/real/prices/yahoo/XBI.json,106.529999,103.739998,104.300003,fe9eeb851e6faba2a7187e008fab271608d8a4d544227ad3543ac3d95d5dd769,11850000,0.2781,,1675,sell,0.959,-109.067,0.959,-0.959,8.375,filled,,XBI,40.9944
45.55,False,45.54,45.54,1228.4135,1.0,2025-10-09,45.549999,0.0,0.1275,0.162,10.646,100.0,27,0.0075,1.4365,0,,45.545,1229.58,market,@Weather_ColdSnap_Max,0.00013,0.27,weather: 1 cold anomaly days in 10,0.0,45.285,data/real/prices/yahoo/XLU.json,45.685001,45.195,45.549999,5dddbd83cab3a8b7cd0814ea8215cbfc7d759602d4557e0cdf34937ba995df5d,21557400,0.0045,,27,sell,2.195,56.31,2.195,-2.195,0.135,filled,,XLU,1.309
367.55,False,367.53,367.53,1836.6192,1.0,2025-10-10,367.540009,0.0,-0.008,0.03,5.926,100.0,5,0.0081,1.0809,0,,367.54,1837.65,market,@GOLD_Trend_GLD,2e-05,0.05,gold: trend up,0.0,369.119995,data/real/prices/yahoo/GLD.json,370.309998,365.440002,367.540009,545093d31c9d8284e3b5dc66f668a6cb7391d9925b5abdf3e82bcaa71e423b40,24192800,0.0008,,5,sell,0.272,-43.075,0.272,-0.272,0.05,filled,,GLD,1.0889
45.44,False,45.43,45.43,3723.7544,1.0,2025-10-10,45.435001,0.0,-0.0372,0.492,5.242,100.0,82,0.0373,1.9157,0,,45.435,3725.26,market,@Weather_ColdSnap_Max,0.00035,0.4101,weather: 1 cold anomaly days in 10,0.0,45.099998,data/real/prices/yahoo/XLU.json,45.685001,45.049999,45.435001,5dddbd83cab3a8b7cd0814ea8215cbfc7d759602d4557e0cdf34937ba995df5d,23183800,0.0136,,82,sell,1.101,73.171,1.101,-1.101,0.41,filled,,XLU,1.9529
376.51,False,376.51,376.49,-4519.192,1.0,2025-10-13,376.5,0.0,-0.0304,0.072,2.705,100.0,12,0.0304,1.192,0,,376.5,4518.12,market,@GOLD_Trend_GLD,6e-05,0.12,gold: trend up,0.0,378.089996,data/real/prices/yahoo/GLD.json,378.859985,375.579987,376.5,545093d31c9d8284e3b5dc66f668a6cb7391d9925b5abdf3e82bcaa71e423b40,18514400,0.0,,12,buy,0.266,-41.789,0.266,0.266,0.12,filled,,GLD,1.2224
105.13,False,105.14,105.12,-174858.798,1.0,2025-10-13,105.120003,0.0,3.7663,9.978,2.314,100.0,1663,21.1737,44.233,0,,105.125,174847.82,market,@FDA_ClusterFade,0.01632,33.255,fda fade: z=-1.23 long sector,0.0,105.269997,data/real/prices/yahoo/XBI.json,105.860001,104.449997,105.120003,fe9eeb851e6faba2a7187e008fab271608d8a4d544227ad3543ac3d95d5dd769,10190500,0.0,,1663,buy,1.902,-12.349,1.902,1.902,8.315,filled,,XBI,40.4667
45.14,False,45.13,45.13,2029.5725,1.0,2025-10-13,45.130001,0.0,-0.2403,0.27,7.474,100.0,45,0.0154,1.2775,0,,45.135,2030.85,market,@Weather_ColdSnap_Max,0.00024,0.0,weather: 3 cold anomaly days in 10,0.0,45.445,data/real/prices/yahoo/XLU.json,45.654999,45.110001,45.130001,5dddbd83cab3a8b7cd0814ea8215cbfc7d759602d4557e0cdf34937ba995df5d,18760600,0.0075,,45,sell,0.0,-69.315,0.0,-0.0,0.225,filled,,XLU,1.5179
241.24,False,241.22,241.22,963.8553,1.0,2025-10-14,241.229996,0.0,-0.0028,0.024,11.063,100.0,4,0.0028,1.0646,0,,241.23,964.88,market,@PinePilot_EMA_Cross,1e-05,0.04,pinepilot: EMA(20) > EMA(50),0.0,247.899994,data/real/prices/yahoo/IWM.json,249.600006,240.360001,241.229996,4f6191d7931ac8755dec346902f769128dd059359a542aaf947e90ff8f2d344a,45320800,0.0007,,4,sell,0.414,-269.463,0.414,-0.414,0.04,filled,,IWM,1.0675
657.18,False,657.16,657.16,656.1538,1.0,2025-10-14,657.169983,0.0,-0.0005,0.006,15.47,100.0,1,0.0004,1.0161,0,,657.17,657.16,market,@PinePilot_EMA_Cross,0.0,0.01,pinepilot: EMA(20) > EMA(50),0.0,662.22998,data/real/prices/yahoo/SPY.json,665.830017,653.169983,657.169983,e0f05aaf67be23da1db20513eaed93274b165898427ebeab80c7cb2eca1d9a2d,88779600,0.0002,,1,sell,0.152,-76.559,0.152,-0.152,0.01,filled,,SPY,1.0166
385.94,False,385.94,385.92,-5018.298,1.0,2025-10-15,385.929993,0.0,-0.0378,0.078,2.483,100.0,13,0.0379,1.2081,0,,385.93,5017.22,market,@GOLD_Trend_GLD,6e-05,0.1301,gold: trend up,0.0,387.390015,data/real/prices/yahoo/GLD.json,387.76001,384.589996,385.929993,545093d31c9d8284e3b5dc66f668a6cb7391d9925b5abdf3e82bcaa71e423b40,20598300,0.0,,13,buy,0.259,-37.43,0.259,0.259,0.13,filled,,GLD,1.2459
46.06,False,46.05,46.05,965.9205,1.0,2025-10-15,46.055,0.0,-0.0051,0.126,12.819,100.0,21,0.0051,1.2345,0,,46.055,967.05,market,@Weather_ColdSnap_Max,0.00011,0.105,weather: 5 cold anomaly days in 10,0.0,46.450001,data/real/prices/yahoo/XLU.json,46.59,46.055,46.055,5dddbd83cab3a8b7cd0814ea8215cbfc7d759602d4557e0cdf34937ba995df5d,19087600,0.0035,,21,sell,1.086,-86.114,1.086,-1.086,0.105,filled,,XLU,1.2396
391.16,False,391.16,391.14,-3130.328,1.0,2025-10-16,391.149994,0.0,-0.0188,0.048,3.665,100.0,8,0.0189,1.128,0,,391.15,3129.28,market,@GOLD_Trend_GLD,2e-05,0.08,gold: trend up,0.0,396.450012,data/real/prices/yahoo/GLD.json,396.869995,390.399994,391.149994,545093d31c9d8284e3b5dc66f668a6cb7391d9925b5abdf3e82bcaa71e423b40,33621400,0.0,,8,buy,0.256,-133.435,0.256,0.256,0.08,filled,,GLD,1.1469
666.83,False,666.83,666.81,-667.836,1.0,2025-10-16,666.820007,0.0,-0.0004,0.006,15.243,100.0,1,0.0004,1.016,0,,666.82,666.83,market,@PinePilot_EMA_Cross,0.0,0.01,pinepilot: EMA(20) > EMA(50),0.0,660.640015,data/real/prices/yahoo/SPY.json,668.710022,657.109985,666.820007,e0f05aaf67be23da1db20513eaed93274b165898427ebeab80c7cb2eca1d9a2d,110563300,0.0,,1,buy,0.15,93.697,0.15,0.15,0.01,filled,,SPY,1.0164
109.7,False,109.7,109.69,-3731.004,1.0,2025-10-16,109.690002,0.0,0.1049,0.204,3.858,100.0,34,0.065,1.5439,0,,109.695,3729.8,market,@FDA_ClusterFade,0.00019,0.3399,fda fade: z=-1.11 long sector,0.0,107.910004,data/real/prices/yahoo/XBI.json,110.959999,106.989998,109.690002,fe9eeb851e6faba2a7187e008fab271608d8a4d544227ad3543ac3d95d5dd769,17515100,0.0,,34,buy,0.911,165.879,0.911,0.911,0.17,filled,,XBI,1.439
397.15,False,397.15,397.13,-3178.248,1.0,2025-10-17,397.140015,0.0,-0.0191,0.048,3.61,100.0,8,0.019,1.1279,0,,397.14,3177.2,market,@GOLD_Trend_GLD,1e-05,0.0799,gold: trend up,0.0,388.98999,data/real/prices/yahoo/GLD.json,397.279999,385.220001,397.140015,545093d31c9d8284e3b5dc66f668a6cb7391d9925b5abdf3e82bcaa71e423b40,62025000,0.0,,8,buy,0.251,209.774,0.251,0.251,0.08,filled,,GLD,1.147
91.26,False,91.26,91.25,-1187.458,1.0,2025-10-17,91.25,0.0,0.062,0.078,9.66,100.0,13,0.003,1.208,0,,91.255,1186.38,market,@YieldCurve_Rotator,3e-05,0.13,curve: 21d change -3.0bp,0.0,91.199997,data/real/prices/yahoo/TLT.json,91.290001,90.900002,91.25,b2914ca7451d1c04fbe97f399361df69871d9a8afcbb0121541ac2bdd13a29f3,40240400,0.0,,13,buy,1.096,6.579,1.096,1.096,0.065,filled,,TLT,1.146
107.51,False,107.5,107.5,1718.9013,1.0,2025-10-17,107.5,0.0,-0.1008,0.096,6.973,100.0,16,0.0208,1.0987,0,,107.505,1720.0,market,@FDA_ClusterFade,0.00016,-0.0,fda fade: z=-1.21 long sector,0.0,107.800003,data/real/prices/yahoo/XBI.json,108.839996,106.5,107.5,fe9eeb851e6faba2a7187e008fab271608d8a4d544227ad3543ac3d95d5dd769,9981100,0.0027,,16,sell,-0.0,-27.83,-0.0,0.0,0.08,filled,,XBI,1.1994
46.03,False,46.02,46.02,1425.4289,1.0,2025-10-17,46.029999,0.0,0.1465,0.186,9.495,100.0,31,0.0085,1.5011,0,,46.025,1426.62,market,@Weather_ColdSnap_Max,0.00014,0.31,weather: 6 cold anomaly days in 10,0.0,45.785,data/real/prices/yahoo/XLU.json,46.095001,45.59,46.029999,5dddbd83cab3a8b7cd0814ea8215cbfc7d759602d4557e0cdf34937ba995df5d,21825800,0.0051,,31,sell,2.172,51.327,2.172,-2.172,0.155,filled,,XLU,1.3546
108.84,False,108.84,108.83,-980.614,1.0,2025-10-20,108.830002,0.0,0.0369,0.054,11.302,100.0,9,0.0081,1.144,0,,108.835,979.56,market,@FDA_ClusterFade,0.0001,0.09,fda fade: z=-1.96 long sector,0.0,110.169998,data/real/prices/yahoo/XBI.json,110.540001,108.339996,108.830002,fe9eeb851e6faba2a7187e008fab271608d8a4d544227ad3543ac3d95d5dd769,8697800,0.0,,9,buy,0.919,-120.722,0.919,0.919,0.045,filled,,XBI,1.1071
46.14,False,46.14,46.13,-4569.454,1.0,2025-10-20,46.134998,0.0,-0.0494,0.594,4.682,100.0,99,0.0496,2.0892,0,,46.135,4567.86,market,@Weather_ColdSnap_Max,0.00039,0.4952,weather: 8 cold anomaly days in 10,0.0,45.77,data/real/prices/yahoo/XLU.json,46.244999,45.595001,46.134998,5dddbd83cab3a8b7cd0814ea8215cbfc7d759602d4557e0cdf34937ba995df5d,25420000,0.0,,99,buy,1.084,80.839,1.084,1.084,0.495,filled,,XLU,2.1386
386.55,False,386.53,386.53,5796.8575,1.0,2025-10-21,386.540009,0.0,-0.0575,0.09,2.242,100.0,15,0.0576,1.2426,0,,386.54,5797.95,market,@GOLD_Trend_GLD,3e-05,0.1501,gold: trend up,0.0,377.23999,data/real/prices/yahoo/GLD.json,388.890015,375.649994,386.540009,545093d31c9d8284e3b5dc66f668a6cb7391d9925b5abdf3e82bcaa71e423b40,54101400,0.0025,,15,sell,0.259,246.263,0.259,-0.259,0.15,filled,,GLD,1.3001
110.13,False,110.13,110.12,-1102.36,1.0,2025-10-21,110.129997,0.0,-0.0595,0.06,10.165,100.0,10,0.0095,1.06,0,,110.125,1101.3,market,@FDA_ClusterFade,0.00015,0.0,fda fade: z=-1.83 long sector,0.0,109.559998,data/real/prices/yahoo/XBI.json,110.540001,109.080002,110.129997,fe9eeb851e6faba2a7187e008fab271608d8a4d544227ad3543ac3d95d5dd769,6792800,0.0,,10,buy,0.0,52.026,0.0,0.0,0.05,filled,,XBI,1.1195
45.82,False,45.82,45.81,-1879.866,1.0,2025-10-21,45.814999,0.0,-0.0131,0.246,7.794,100.0,41,0.0132,1.451,0,,45.815,1878.62,market,@Weather_ColdSnap_Max,0.00019,0.205,weather: 7 cold anomaly days in 10,0.0,45.305,data/real/prices/yahoo/XLU.json,45.869999,45.084999,45.814999,5dddbd83cab3a8b7cd0814ea8215cbfc7d759602d4557e0cdf34937ba995df5d,22107800,0.0,,41,buy,1.092,113.674,1.092,1.092,0.205,filled,,XLU,1.4642
372.77,False,372.73,372.74,7826.2005,1.0,2025-10-22,372.75,0.0,-0.0321,0.126,2.021,100.0,21,0.1371,1.5495,0,,372.755,7827.33,market,@GOLD_Trend_GLD,7e-05,0.42,gold: trend up,0.0,377.279999,data/real/prices/yahoo/GLD.json,378.470001,368.929993,372.75,545093d31c9d8284e3b5dc66f668a6cb7391d9925b5abdf3e82bcaa71e423b40,30524100,0.0035,,21,sell,0.537,-120.6,0.537,-0.537,0.315,filled,,GLD,1.5816
246.04,False,246.04,246.02,-985.184,1.0,2025-10-22,246.029999,0.0,-0.0031,0.024,10.842,100.0,4,0.0031,1.064,0,,246.03,984.16,market,@PinePilot_EMA_Cross,1e-05,0.04,pinepilot: EMA(20) > EMA(50),0.0,243.339996,data/real/prices/yahoo/IWM.json,246.860001,240.770004,246.029999,4f6191d7931ac8755dec346902f769128dd059359a542aaf947e90ff8f2d344a,46578400,0.0,,4,buy,0.406,110.956,0.406,0.406,0.04,filled,,IWM,1.0671
108.88,False,108.87,108.87,978.7745,1.0,2025-10-22,108.870003,0.0,-0.0531,0.054,11.314,100.0,9,0.0081,1.0555,0,,108.875,979.83,market,@FDA_ClusterFade,8e-05,0.0,fda fade: z=-1.81 long sector,0.0,107.32,data/real/prices/yahoo/XBI.json,109.559998,106.559998,108.870003,fe9eeb851e6faba2a7187e008fab271608d8a4d544227ad3543ac3d95d5dd769,10679200,0.0015,,9,sell,0.0,144.428,0.0,-0.0,0.045,filled,,XBI,1.1086
45.41,False,45.41,45.4,-1590.56,1.0,2025-10-22,45.404999,0.0,-0.0112,0.21,8.785,100.0,35,0.0112,1.385,0,,45.405,1589.35,market,@Weather_ColdSnap_Max,0.00018,0.175,weather: 7 cold anomaly days in 10,0.0,45.200001,data/real/prices/yahoo/XLU.json,45.43,44.985001,45.404999,5dddbd83cab3a8b7cd0814ea8215cbfc7d759602d4557e0cdf34937ba995df5d,19108600,0.0,,35,buy,1.101,46.46,1.101,1.101,0.175,filled,,XLU,1.3962
381.47,False,381.47,381.44,-4578.712,1.0,2025-10-23,381.459991,0.0,-0.1198,0.072,2.866,100.0,12,0.0599,1.1921,0,,381.455,4577.64,market,@GOLD_Trend_GLD,9e-05,0.1201,gold: trend up,0.0,378.790009,data/real/prices/yahoo/GLD.json,382.25,378.649994,381.459991,545093d31c9d8284e3b5dc66f668a6cb7391d9925b5abdf3e82bcaa71e423b40,13695500,0.0,,12,buy,0.262,70.751,0.262,0.262,0.18,filled,,GLD,1.3119
107.38,False,107.37,107.37,1180.0022,1.0,2025-10-23,107.379997,0.0,0.0432,0.066,9.606,100.0,11,0.0118,1.1778,0,,107.375,1181.07,market,@FDA_ClusterFade,0.00017,0.11,fda fade: z=-1.47 long sector,0.0,107.559998,data/real/prices/yahoo/XBI.json,107.889999,106.5,107.379997,fe9eeb851e6faba2a7187e008fab271608d8a4d544227ad3543ac3d95d5dd769,6341400,0.0018,,11,sell,0.931,-17.664,0.931,-0.931,0.055,filled,,XBI,1.1346
45.5,False,45.49,45.49,999.6443,1.0,2025-10-23,45.494999,0.0,-0.0057,0.132,12.503,100.0,22,0.0057,1.2456,0,,45.495,1000.78,market,@Weather_ColdSnap_Max,0.00014,0.11,weather: 6 cold anomaly days in 10,0.0,45.165001,data/real/prices/yahoo/XLU.json,45.52,44.915001,45.494999,5dddbd83cab3a8b7cd0814ea8215cbfc7d759602d4557e0cdf34937ba995df5d,16134000,0.0037,,22,sell,1.099,71.958,1.099,-1.099,0.11,filled,,XLU,1.2513
378.53,False,378.5,378.5,1134.4815,1.0,2025-10-24,378.51001,0.0,-0.0223,0.018,9.431,100.0,3,0.0073,1.0485,0,,378.515,1135.5,market,@GOLD_Trend_GLD,2e-05,0.03,gold: trend up,0.0,377.519989,data/real/prices/yahoo/GLD.json,380.769989,376.809998,378.51001,545093d31c9d8284e3b5dc66f668a6cb7391d9925b5abdf3e82bcaa71e423b40,13263800,0.0005,,3,sell,0.264,25.959,0.264,-0.264,0.045,filled,,GLD,1.0708
108.76,False,108.76,108.75,-979.894,1.0,2025-10-24,108.75,0.0,0.0362,0.054,11.318,100.0,9,0.0088,1.144,0,,108.755,978.84,market,@FDA_ClusterFade,0.00016,0.09,fda fade: z=-1.25 long sector,0.0,108.389999,data/real/prices/yahoo/XBI.json,108.940002,108.059998,108.75,fe9eeb851e6faba2a7187e008fab271608d8a4d544227ad3543ac3d95d5dd769,5692700,0.0,,9,buy,0.92,34.136,0.92,0.92,0.045,filled,,XBI,1.1078
371.15,False,371.12,371.12,4452.366,1.0,2025-10-27,371.130005,0.0,-0.1176,0.072,2.945,100.0,12,0.0577,1.1941,0,,371.135,4453.44,market,@GOLD_Trend_GLD,5e-05,0.1201,gold: trend up,0.0,367.01001,data/real/prices/yahoo/GLD.json,371.589996,365.339996,371.130005,545093d31c9d8284e3b5dc66f668a6cb7391d9925b5abdf3e82bcaa71e423b40,23657600,0.002,,12,sell,0.27,111.986,0.27,-0.27,0.18,filled,,GLD,1.3116
624.54,False,624.54,624.51,-625.546,1.0,2025-10-27,624.52002,0.0,0.0043,0.006,16.359,100.0,1,0.0007,1.026,0,,624.525,624.54,market,@PinePilot_EMA_Cross,0.0,0.02,pinepilot: EMA(20) > EMA(50),0.0,628.090027,data/real/prices/yahoo/QQQ.json,628.549988,624.030029,624.52002,ae9ec3c0b0b8e0f5cd28ee45eac2dfcff9f95a7c5a1244e170ab0980d85979ed,54098600,0.0,,1,buy,0.32,-56.521,0.32,0.32,0.015,filled,,QQQ,1.0217
682.74,False,682.74,682.72,-683.746,1.0,2025-10-27,682.72998,0.0,-0.0005,0.006,14.888,100.0,1,0.0005,1.016,0,,682.73,682.74,market,@PinePilot_EMA_Cross,0.0,0.01,pinepilot: EMA(20) > EMA(50),0.0,685.23999,data/real/prices/yahoo/SPY.json,685.539978,682.119995,682.72998,e0f05aaf67be23da1db20513eaed93274b165898427ebeab80c7cb2eca1d9a2d,63339800,0.0,,1,buy,0.147,-36.483,0.147,0.147,0.01,filled,,SPY,1.0165
110.02,False,110.02,110.01,-1101.26,1.0,2025-10-27,110.010002,0.0,0.0402,0.06,10.178,100.0,10,0.0098,1.16,0,,110.015,1100.2,market,@FDA_ClusterFade,8e-05,0.1,fda fade: z=-1.66 long sector,0.0,111.589996,data/real/prices/yahoo/XBI.json,111.839996,109.889999,110.010002,fe9eeb851e6faba2a7187e008fab271608d8a4d544227ad3543ac3d95d5dd769,13303700,0.0,,10,buy,0.909,-140.693,0.909,0.909,0.05,filled,,XBI,1.1198
361.82,False,361.78,361.79,5063.8337,1.0,2025-10-28,361.809998,0.0,0.1358,0.084,2.706,100.0,14,0.0742,1.5063,0,,361.805,5064.92,market,@GOLD_Trend_GLD,7e-05,0.42,gold: trend up,0.0,364.380005,data/real/prices/yahoo/GLD.json,365.299988,360.119995,361.809998,545093d31c9d8284e3b5dc66f668a6cb7391d9925b5abdf3e82bcaa71e423b40,19257600,0.0023,,14,sell,0.829,-71.354,0.829,-0.829,0.21,filled,,GLD,1.3705
249.56,False,249.56,249.54,-1747.962,1.0,2025-10-28,249.550003,0.0,-0.0074,0.042,6.408,100.0,7,0.0074,1.112,0,,249.55,1746.92,market,@PinePilot_EMA_Cross,2e-05,0.07,pinepilot: EMA(20) > EMA(50),0.0,248.960007,data/real/prices/yahoo/IWM.json,250.899994,248.110001,249.550003,4f6191d7931ac8755dec346902f769128dd059359a542aaf947e90ff8f2d344a,28075900,0.0,,7,buy,0.401,24.1,0.401,0.401,0.07,filled,,IWM,1.1194
111.45,False,111.45,111.44,-1227.016,1.0,2025-10-28,111.449997,0.0,-0.067,0.066,9.242,100.0,11,0.012,1.066,0,,111.445,1225.95,market,@FDA_ClusterFade,0.00012,0.0,fda fade: z=-1.33 long sector,0.0,112.0,data/real/prices/yahoo/XBI.json,112.43,110.82,111.449997,fe9eeb851e6faba2a7187e008fab271608d8a4d544227ad3543ac3d95d5dd769,9438100,0.0,,11,buy,0.0,-49.107,0.0,0.0,0.055,filled,,XBI,1.133
45.99,False,45.98,45.98,2941.3254,1.0,2025-10-28,45.985001,0.0,-0.0252,0.384,5.912,100.0,64,0.0252,1.7147,0,,45.985,2942.72,market,@Weather_ColdSnap_Max,0.00031,0.3201,weather: 4 cold anomaly days in 10,0.0,45.064999,data/real/prices/yahoo/XLU.json,45.985001,45.009998,45.985001,5dddbd83cab3a8b7cd0814ea8215cbfc7d759602d4557e0cdf34937ba995df5d,20661400,0.0106,,64,sell,1.088,203.04,1.088,-1.088,0.32,filled,,XLU,1.7399
369.66,False,369.66,369.63,-4067.326,1.0,2025-10-29,369.649994,0.0,-0.1073,0.066,3.156,100.0,11,0.0523,1.1761,0,,369.645,4066.26,market,@GOLD_Trend_GLD,6e-05,0.1101,gold: trend up,0.0,363.0,data/real/prices/yahoo/GLD.json,370.079987,361.359985,369.649994,545093d31c9d8284e3b5dc66f668a6cb7391d9925b5abdf3e82bcaa71e423b40,18891800,0.0,,11,buy,0.271,183.471,0.271,0.271,0.165,filled,,GLD,1.2833
111.92,False,111.9,111.91,191449.35,1.0,2025-10-29,111.919998,0.0,2.4951,10.266,2.26,100.0,1711,23.1665,45.7666,0,,111.915,191460.9,market,@FDA_ClusterFade,0.01963,34.2166,fda fade: z back inside the band,0.0,110.959999,data/real/prices/yahoo/XBI.json,112.610001,110.220001,111.919998,fe9eeb851e6faba2a7187e008fab271608d8a4d544227ad3543ac3d95d5dd769,8714900,0.284,,1711,sell,1.787,84.715,1.787,-1.787,8.555,filled,,XBI,43.2715
365.1,False,365.07,365.07,2189.383,1.0,2025-10-30,365.089996,0.0,0.0093,0.036,5.24,100.0,6,0.0207,1.157,0,,365.085,2190.42,market,@GOLD_Trend_GLD,4e-05,0.12,gold: trend up,0.0,370.130005,data/real/prices/yahoo/GLD.json,370.359985,364.5,365.089996,545093d31c9d8284e3b5dc66f668a6cb7391d9925b5abdf3e82bcaa71e423b40,14812800,0.001,,6,sell,0.548,-136.709,0.548,-0.548,0.09,filled,,GLD,1.1477
110.59,False,110.6,110.58,-149982.736,1.0,2025-10-30,110.589996,0.0,-9.9215,8.136,2.175,100.0,1356,16.707,22.7014,0,,110.585,149973.6,market,@FDACatalyst_Rider,0.01454,13.5654,fda: 30d approvals=77 median=69,0.0,111.910004,data/real/prices/yahoo/XBI.json,113.209999,110.230003,110.589996,fe9eeb851e6faba2a7187e008fab271608d8a4d544227ad3543ac3d95d5dd769,9328800,0.0,,1356,buy,0.905,-117.059,0.905,0.905,6.78,filled,,XBI,32.623
370.49,False,370.49,370.46,-2594.472,1.0,2025-10-31,370.470001,0.0,0.0081,0.042,4.526,100.0,7,0.0269,1.182,0,,370.475,2593.43,market,@GOLD_Trend_GLD,6e-05,0.14,gold: trend up,0.0,368.119995,data/real/prices/yahoo/GLD.json,370.660004,365.5,370.470001,545093d31c9d8284e3b5dc66f668a6cb7391d9925b5abdf3e82bcaa71e423b40,11077900,0.0,,7,buy,0.54,64.381,0.54,0.54,0.105,filled,,GLD,1.1739
44.66,False,44.66,44.65,-4244.27,1.0,2025-10-31,44.66,0.0,-0.5264,0.57,4.941,100.0,95,0.0514,1.57,0,,44.655,4242.7,market,@Weather_ColdSnap_Max,0.00052,0.0,weather: 5 cold anomaly days in 10,0.0,44.549999,data/real/prices/yahoo/XLU.json,44.790001,44.314999,44.66,5dddbd83cab3a8b7cd0814ea8215cbfc7d759602d4557e0cdf34937ba995df5d,18434000,0.0,,95,buy,0.0,24.692,0.0,0.0,0.475,filled,,XLU,2.0964
635.12,False,635.12,635.09,-10798.142,1.0,2025-11-03,635.109985,0.0,-0.1391,0.102,1.307,100.0,17,0.0543,1.2723,0,,635.105,10797.04,market,@LeapMaxLever_Momentum,5e-05,0.1703,the leap: monthly leader QQQ,0.0,632.080017,data/real/prices/yahoo/QQQ.json,635.820007,629.849976,635.109985,ae9ec3c0b0b8e0f5cd28ee45eac2dfcff9f95a7c5a1244e170ab0980d85979ed,37154300,0.0,,17,buy,0.158,48.095,0.158,0.158,0.255,filled,,QQQ,1.4113
110.99,False,110.97,110.98,150354.9951,1.0,2025-11-03,110.980003,0.0,-9.7107,8.13,2.169,100.0,1355,16.4898,22.909,0,,110.985,150364.35,market,@FDACatalyst_Rider,0.0089,13.5541,fda: approval flow back below median,0.0,109.860001,data/real/prices/yahoo/XBI.json,111.93,107.889999,110.980003,fe9eeb851e6faba2a7187e008fab271608d8a4d544227ad3543ac3d95d5dd769,15230300,0.2249,,1355,sell,0.901,101.038,0.901,-0.901,6.775,filled,,XBI,32.6197
363.5,False,363.47,363.47,3633.6383,1.0,2025-11-04,363.480011,0.0,-0.0948,0.06,3.457,100.0,10,0.0449,1.1618,0,,363.485,3634.7,market,@GOLD_Trend_GLD,9e-05,0.1001,gold: trend up,0.0,362.320007,data/real/prices/yahoo/GLD.json,365.73999,361.390015,363.480011,545093d31c9d8284e3b5dc66f668a6cb7391d9925b5abdf3e82bcaa71e423b40,11540100,0.0017,,10,sell,0.275,31.74,0.275,-0.275,0.15,filled,,GLD,1.2566
623.3,False,623.27,623.27,1245.5277,1.0,2025-11-04,623.280029,0.0,-0.0121,0.012,8.379,100.0,2,0.0021,1.0324,0,,623.285,1246.54,market,@PinePilot_EMA_Cross,0.0,0.0201,pinepilot: EMA(20) > EMA(50),0.0,619.25,data/real/prices/yahoo/QQQ.json,626.950012,618.460022,623.280029,ae9ec3c0b0b8e0f5cd28ee45eac2dfcff9f95a7c5a1244e170ab0980d85979ed,63830800,0.0003,,2,sell,0.161,64.917,0.161,-0.161,0.03,filled,,QQQ,1.0445
44.56,False,44.56,44.55,-2407.564,1.0,2025-11-04,44.555,0.0,-0.0214,0.324,6.713,100.0,54,0.0214,1.594,0,,44.555,2406.24,market,@Weather_ColdSnap_Max,0.00031,0.27,weather: 4 cold anomaly days in 10,0.0,44.415001,data/real/prices/yahoo/XLU.json,44.59,44.224998,44.555,5dddbd83cab3a8b7cd0814ea8215cbfc7d759602d4557e0cdf34937ba995df5d,17156200,0.0,,54,buy,1.122,32.646,1.122,1.122,0.27,filled,,XLU,1.6154
366.41,False,366.41,366.38,-1466.664,1.0,2025-11-05,366.390015,0.0,0.0085,0.024,7.474,100.0,4,0.0114,1.1039,0,,366.395,1465.64,market,@GOLD_Trend_GLD,5e-05,0.0799,gold: trend up,0.0,366.51001,data/real/prices/yahoo/GLD.json,367.100006,364.649994,366.390015,545093d31c9d8284e3b5dc66f668a6cb7391d9925b5abdf3e82bcaa71e423b40,8357300,0.0,,4,buy,0.545,-2.729,0.545,0.545,0.06,filled,,GLD,1.0954
674.99,False,674.96,674.96,673.9538,1.0,2025-11-05,674.97998,0.0,0.0044,0.006,15.137,100.0,1,0.0005,1.0261,0,,674.975,674.96,market,@PinePilot_EMA_Cross,0.0,0.02,pinepilot: EMA(20) > EMA(50),0.0,677.580017,data/real/prices/yahoo/SPY.json,680.859985,674.169983,674.97998,e0f05aaf67be23da1db20513eaed93274b165898427ebeab80c7cb2eca1d9a2d,74402400,0.0002,,1,sell,0.296,-38.667,0.296,-0.296,0.015,filled,,SPY,1.0217
107.59,False,107.6,107.58,-150541.794,1.0,2025-11-05,107.589996,0.0,-12.3445,8.394,2.374,100.0,1399,19.3451,23.3896,0,,107.585,150532.4,market,@FDACatalyst_Rider,0.01533,13.9956,fda: 30d approvals=75 median=70,0.0,109.209999,data/real/prices/yahoo/XBI.json,109.849998,107.32,107.589996,fe9eeb851e6faba2a7187e008fab271608d8a4d544227ad3543ac3d95d5dd769,9127700,0.0,,1399,buy,0.93,-147.422,0.93,0.93,6.995,filled,,XBI,35.7341
109.27,False,109.27,109.26,-1203.036,1.0,2025-11-06,109.269997,0.0,-0.0688,0.066,9.441,100.0,11,0.0138,1.066,0,,109.265,1201.97,market,@FDACatalyst_Rider,0.0001,0.0,fda: 30d approvals=76 median=70,0.0,109.290001,data/real/prices/yahoo/XBI.json,110.080002,108.669998,109.269997,fe9eeb851e6faba2a7187e008fab271608d8a4d544227ad3543ac3d95d5dd769,11352600,0.0,,11,buy,0.0,-1.83,0.0,0.0,0.055,filled,,XBI,1.1348
44.35,False,44.35,44.34,-1021.188,1.0,2025-11-06,44.345001,0.0,-0.0057,0.138,12.339,100.0,23,0.0057,1.253,0,,44.345,1020.05,market,@Weather_ColdSnap_Max,0.0001,0.115,weather: 5 cold anomaly days in 10,0.0,44.23,data/real/prices/yahoo/XLU.json,44.68,44.209999,44.345001,5dddbd83cab3a8b7cd0814ea8215cbfc7d759602d4557e0cdf34937ba995df5d,23668200,0.0,,23,buy,1.127,27.131,1.127,1.127,0.115,filled,,XLU,1.2587
238.42,False,238.4,238.4,1190.9692,1.0,2025-11-07,238.410004,0.0,-0.0046,0.03,9.106,100.0,5,0.0047,1.0808,0,,238.41,1192.0,market,@PinePilot_EMA_Cross,1e-05,0.05,pinepilot: EMA(20) > EMA(50),0.0,241.610001,data/real/prices/yahoo/IWM.json,241.660004,236.270004,238.410004,4f6191d7931ac8755dec346902f769128dd059359a542aaf947e90ff8f2d344a,54978900,0.0008,,5,sell,0.42,-132.859,0.42,-0.42,0.05,filled,,IWM,1.0855
667.92,False,667.89,667.89,666.8838,1.0,2025-11-07,667.909973,0.0,0.0044,0.006,15.297,100.0,1,0.0005,1.0261,0,,667.905,667.89,market,@PinePilot_EMA_Cross,0.0,0.02,pinepilot: EMA(20) > EMA(50),0.0,670.969971,data/real/prices/yahoo/SPY.json,671.080017,661.210022,667.909973,e0f05aaf67be23da1db20513eaed93274b165898427ebeab80c7cb2eca1d9a2d,100592400,0.0002,,1,sell,0.299,-45.903,0.299,-0.299,0.015,filled,,SPY,1.0217
375.94,False,375.95,375.91,-4888.428,1.0,2025-11-10,375.929993,0.0,-0.0025,0.078,2.743,100.0,13,0.0676,1.3381,0,,375.925,4887.35,market,@GOLD_Trend_GLD,0.0001,0.2601,gold: trend up,0.0,378.380005,data/real/prices/yahoo/GLD.json,378.660004,374.779999,375.929993,545093d31c9d8284e3b5dc66f668a6cb7391d9925b5abdf3e82bcaa71e423b40,13456200,0.0,,13,buy,0.532,-64.221,0.532,0.532,0.195,filled,,GLD,1.3406
380.0,False,380.0,379.97,-2281.036,1.0,2025-11-11,379.980011,0.0,0.0079,0.036,5.035,100.0,6,0.0221,1.1559,0,,379.985,2280.0,market,@GOLD_Trend_GLD,6e-05,0.1199,gold: trend up,0.0,379.869995,data/real/prices/yahoo/GLD.json,380.399994,376.869995,379.980011,545093d31c9d8284e3b5dc66f668a6cb7391d9925b5abdf3e82bcaa71e423b40,10753200,0.0,,6,buy,0.526,3.422,0.526,0.526,0.09,filled,,GLD,1.1481
44.85,False,44.85,44.84,-1391.536,1.0,2025-11-11,44.849998,0.0,-0.1645,0.186,9.714,100.0,31,0.0096,1.1861,0,,44.845,1390.35,market,@Weather_ColdSnap_Max,0.00021,0.0001,weather: 4 cold anomaly days in 10,0.0,44.855,data/real/prices/yahoo/XLU.json,45.029999,44.605,44.849998,5dddbd83cab3a8b7cd0814ea8215cbfc7d759602d4557e0cdf34937ba995df5d,14435400,0.0,,31,buy,0.0,-1.115,0.0,0.0,0.155,filled,,XLU,1.3506
244.85,False,244.85,244.83,-1225.28,1.0,2025-11-12,244.839996,0.0,-0.0038,0.03,8.853,100.0,5,0.0038,1.08,0,,244.84,1224.25,market,@PinePilot_EMA_Cross,1e-05,0.05,pinepilot: EMA(20) > EMA(50),0.0,243.639999,data/real/prices/yahoo/IWM.json,246.380005,243.330002,244.839996,4f6191d7931ac8755dec346902f769128dd059359a542aaf947e90ff8f2d344a,34543200,0.0,,5,buy,0.409,49.663,0.409,0.409,0.05,filled,,IWM,1.0838
14.62,False,14.62,14.61,-1024.82,1.0,2025-11-12,14.62,0.0,-0.4063,0.42,17.845,100.0,70,0.0563,1.42,0,,14.615,1023.4,market,@Weather_ColdSnap_Max,0.00066,0.0,weather: 3 cold anomaly days in 10,0.0,14.65,data/real/prices/yahoo/UNG.json,14.77,14.42,14.62,eb7bcc0769945fb2c40fbcd98753ed7e17e367cf69d2ce2bde9ae60f00a462cc,10600500,0.0,,70,buy,0.0,-20.478,0.0,0.0,0.35,filled,,UNG,1.8263
113.71,False,113.71,113.7,-3071.332,1.0,2025-11-12,113.709999,0.0,-0.1931,0.162,4.414,100.0,27,0.0581,1.162,0,,113.705,3070.17,market,@FDACatalyst_Rider,0.00022,0.0,fda: 30d approvals=75 median=70,0.0,114.110001,data/real/prices/yahoo/XBI.json,114.959999,113.379997,113.709999,fe9eeb851e6faba2a7187e008fab271608d8a4d544227ad3543ac3d95d5dd769,12302600,0.0,,27,buy,0.0,-35.054,0.0,0.0,0.135,filled,,XBI,1.3551
44.89,False,44.89,44.88,-2156.008,1.0,2025-11-12,44.884998,0.0,-0.0179,0.288,7.175,100.0,48,0.018,1.5281,0,,44.885,2154.72,market,@Weather_ColdSnap_Max,0.00032,0.2401,weather: 3 cold anomaly days in 10,0.0,44.959999,data/real/prices/yahoo/XLU.json,45.0,44.709999,44.884998,5dddbd83cab3a8b7cd0814ea8215cbfc7d759602d4557e0cdf34937ba995df5d,15018400,0.0,,48,buy,1.114,-15.569,1.114,1.114,0.24,filled,,XLU,1.546
387.31,False,387.31,387.28,-4261.476,1.0,2025-11-13,387.290009,0.0,0.0005,0.066,3.017,100.0,11,0.0544,1.2859,0,,387.295,4260.41,market,@GOLD_Trend_GLD,7e-05,0.2199,gold: trend up,0.0,382.869995,data/real/prices/yahoo/GLD.json,388.179993,381.209991,387.290009,545093d31c9d8284e3b5dc66f668a6cb7391d9925b5abdf3e82bcaa71e423b40,15867900,0.0,,11,buy,0.516,115.966,0.516,0.516,0.165,filled,,GLD,1.2854
372.88,False,372.84,372.85,7828.5105,1.0,2025-11-14,372.869995,0.0,0.1789,0.126,2.019,100.0,21,0.136,1.7594,0,,372.865,7829.64,market,@GOLD_Trend_GLD,0.00014,0.6299,gold: trend up,0.0,375.959991,data/real/prices/yahoo/GLD.json,378.200012,370.890015,372.869995,545093d31c9d8284e3b5dc66f668a6cb7391d9925b5abdf3e82bcaa71e423b40,15198000,0.0035,,21,sell,0.804,-82.987,0.804,-0.804,0.315,filled,,GLD,1.5805
233.35,False,233.33,233.33,1165.6192,1.0,2025-11-14,233.339996,0.0,-0.0039,0.03,9.298,100.0,5,0.0039,1.0808,0,,233.34,1166.65,market,@PinePilot_EMA_Cross,1e-05,0.05,pinepilot: EMA(20) > EMA(50),0.0,237.479996,data/real/prices/yahoo/IWM.json,238.729996,233.270004,233.339996,4f6191d7931ac8755dec346902f769128dd059359a542aaf947e90ff8f2d344a,58344400,0.0008,,5,sell,0.428,-174.751,0.428,-0.428,0.05,filled,,IWM,1.0847
599.56,False,599.53,599.53,598.5238,1.0,2025-11-14,599.549988,0.0,0.0043,0.006,17.044,100.0,1,0.0007,1.0262,0,,599.545,599.53,market,@PinePilot_EMA_Cross,0.0,0.02,pinepilot: EMA(20) > EMA(50),0.0,608.859985,data/real/prices/yahoo/QQQ.json,613.349976,597.169983,599.549988,ae9ec3c0b0b8e0f5cd28ee45eac2dfcff9f95a7c5a1244e170ab0980d85979ed,80087300,0.0002,,1,sell,0.333,-153.237,0.333,-0.333,0.015,filled,,QQQ,1.0219
665.39,False,665.37,665.37,1329.7277,1.0,2025-11-14,665.380005,0.0,-0.0013,0.012,7.767,100.0,2,0.0013,1.0323,0,,665.38,1330.74,market,@PinePilot_EMA_Cross,0.0,0.02,pinepilot: EMA(20) > EMA(50),0.0,671.929993,data/real/prices/yahoo/SPY.json,675.659973,663.27002,665.380005,e0f05aaf67be23da1db20513eaed93274b165898427ebeab80c7cb2eca1d9a2d,96846700,0.0003,,2,sell,0.15,-97.629,0.15,-0.15,0.02,filled,,SPY,1.0336
14.49,False,14.48,14.48,1185.8544,1.0,2025-11-14,14.49,0.0,0.3416,0.492,16.709,100.0,82,0.0684,2.3256,0,,14.485,1187.36,market,@Weather_ColdSnap_Max,0.00064,0.82,weather: 2 cold anomaly days in 10,0.0,14.56,data/real/prices/yahoo/UNG.json,14.78,14.1,14.49,eb7bcc0769945fb2c40fbcd98753ed7e17e367cf69d2ce2bde9ae60f00a462cc,12716500,0.0136,,82,sell,6.901,-54.945,6.901,-6.901,0.41,filled,,UNG,1.984
111.19,False,111.18,111.18,1666.6075,1.0,2025-11-14,111.18,0.0,-0.0977,0.09,7.137,100.0,15,0.0227,1.0925,0,,111.185,1667.7,market,@FDACatalyst_Rider,0.0001,-0.0,fda: 30d approvals=84 median=70,0.0,114.010002,data/real/prices/yahoo/XBI.json,115.360001,111.110001,111.18,fe9eeb851e6faba2a7187e008fab271608d8a4d544227ad3543ac3d95d5dd769,14433900,0.0025,,15,sell,-0.0,-248.224,-0.0,0.0,0.075,filled,,XBI,1.1902
111.19,False,111.17,111.18,127837.4091,1.0,2025-11-14,111.18,0.0,-9.4841,6.9,2.274,100.0,1150,15.2341,19.5909,0,,111.185,127845.5,market,@FDA_ClusterFade,0.00797,11.5,fda fade: z=1.58 short sector,0.0,114.010002,data/real/prices/yahoo/XBI.json,115.360001,111.110001,111.18,fe9eeb851e6faba2a7187e008fab271608d8a4d544227ad3543ac3d95d5dd769,14433900,0.1909,,1150,sell,0.899,-249.101,0.899,-0.899,5.75,filled,,XBI,29.075
113.52,False,113.52,113.51,-1590.364,1.0,2025-11-17,113.510002,0.0,0.0487,0.084,7.395,100.0,14,0.0213,1.224,0,,113.515,1589.28,market,@FDACatalyst_Rider,0.00011,0.14,fda: 30d approvals=83 median=70,0.0,114.830002,data/real/prices/yahoo/XBI.json,116.18,113.059998,113.510002,fe9eeb851e6faba2a7187e008fab271608d8a4d544227ad3543ac3d95d5dd769,12401800,0.0,,14,buy,0.881,-114.082,0.881,0.881,0.07,filled,,XBI,1.1753
599.63,False,599.6,599.6,598.5938,1.0,2025-11-18,599.619995,0.0,0.0043,0.006,17.042,100.0,1,0.0007,1.0262,0,,599.615,599.6,market,@PinePilot_EMA_Cross,0.0,0.02,pinepilot: EMA(20) > EMA(50),0.0,596.309998,data/real/prices/yahoo/QQQ.json,602.309998,591.340027,599.619995,ae9ec3c0b0b8e0f5cd28ee45eac2dfcff9f95a7c5a1244e170ab0980d85979ed,83327300,0.0002,,1,sell,0.333,55.173,0.333,-0.333,0.015,filled,,QQQ,1.0219
113.94,False,113.94,113.93,-6268.03,1.0,2025-11-18,113.93,0.0,0.1094,0.33,2.825,100.0,55,0.1656,1.88,0,,113.935,6266.7,market,@FDA_ClusterFade,0.00055,0.55,fda fade: z=1.66 short sector,0.0,115.18,data/real/prices/yahoo/XBI.json,115.900002,113.25,113.93,fe9eeb851e6faba2a7187e008fab271608d8a4d544227ad3543ac3d95d5dd769,9910700,0.0,,55,buy,0.878,-107.658,0.878,0.878,0.275,filled,,XBI,1.7706
44.82,False,44.81,44.81,2866.4454,1.0,2025-11-18,44.82,0.0,0.2937,0.384,6.07,100.0,64,0.0263,2.0346,0,,44.815,2867.84,market,@Weather_ColdSnap_Max,0.00025,0.64,weather: 1 cold anomaly days in 10,0.0,44.610001,data/real/prices/yahoo/XLU.json,45.035,44.595001,44.82,5dddbd83cab3a8b7cd0814ea8215cbfc7d759602d4557e0cdf34937ba995df5d,25158800,0.0106,,64,sell,2.231,44.833,2.231,-2.231,0.32,filled,,XLU,1.7409
377.79,False,377.79,377.76,-2267.776,1.0,2025-11-19,377.779999,0.0,-0.0485,0.036,5.049,100.0,6,0.0185,1.096,0,,377.775,2266.74,market,@GOLD_Trend_GLD,5e-05,0.06,gold: trend up,0.0,374.959991,data/real/prices/yahoo/GLD.json,380.170013,373.029999,377.779999,545093d31c9d8284e3b5dc66f668a6cb7391d9925b5abdf3e82bcaa71e423b40,10980400,0.0,,6,buy,0.265,75.475,0.265,0.265,0.09,filled,,GLD,1.1445
114.81,False,114.81,114.8,-1952.872,1.0,2025-11-19,114.809998,0.0,-0.1125,0.102,6.223,100.0,17,0.0276,1.102,0,,114.805,1951.77,market,@FDA_ClusterFade,0.00016,0.0,fda fade: z=1.95 short sector,0.0,114.5,data/real/prices/yahoo/XBI.json,115.519997,113.470001,114.809998,fe9eeb851e6faba2a7187e008fab271608d8a4d544227ad3543ac3d95d5dd769,10309600,0.0,,17,buy,0.0,27.074,0.0,0.0,0.085,filled,,XBI,1.2146
44.65,False,44.65,44.64,-3126.92,1.0,2025-11-19,44.645,0.0,-0.03,0.42,5.759,100.0,70,0.03,1.77,0,,44.645,3125.5,market,@Weather_ColdSnap_Max,0.00028,0.35,weather: 2 cold anomaly days in 10,0.0,44.235001,data/real/prices/yahoo/XLU.json,44.77,44.139999,44.645,5dddbd83cab3a8b7cd0814ea8215cbfc7d759602d4557e0cdf34937ba995df5d,25095600,0.0,,70,buy,1.12,93.817,1.12,1.12,0.35,filled,,XLU,1.8
375.3,False,375.28,375.28,1124.8215,1.0,2025-11-20,375.290009,0.0,-0.0044,0.018,9.352,100.0,3,0.0044,1.0485,0,,375.29,1125.84,market,@GOLD_Trend_GLD,3e-05,0.03,gold: trend up,0.0,374.850006,data/real/prices/yahoo/GLD.json,377.690002,371.850006,375.290009,545093d31c9d8284e3b5dc66f668a6cb7391d9925b5abdf3e82bcaa71e423b40,10506500,0.0005,,3,sell,0.267,11.471,0.267,-0.267,0.03,filled,,GLD,1.0529
166.81,False,166.82,166.8,-44877.194,1.0,2025-11-20,166.809998,0.0,-2.35,1.614,1.706,100.0,269,3.6956,5.3045,0,,166.805,44874.58,market,@FDACatalyst_Rider,0.01037,2.6905,fda: 30d approvals=92 median=71,0.0,164.240005,data/real/prices/yahoo/IBB.json,168.5,164.110001,166.809998,20849c9611587299a52489fe22060adc7823c700fb3483f21091d85a6cf8acb0,2594700,0.0,,269,buy,0.6,157.087,0.6,0.6,1.345,filled,,IBB,7.6546
116.16,False,116.16,116.15,-1859.656,1.0,2025-11-20,116.150002,0.0,0.0545,0.096,6.464,100.0,16,0.0254,1.256,0,,116.155,1858.56,market,@FDACatalyst_Rider,0.00011,0.16,fda: 30d approvals=92 median=71,0.0,113.830002,data/real/prices/yahoo/XBI.json,117.900002,113.739998,116.150002,fe9eeb851e6faba2a7187e008fab271608d8a4d544227ad3543ac3d95d5dd769,13951600,0.0,,16,buy,0.861,204.691,0.861,0.861,0.08,filled,,XBI,1.2014
116.16,False,116.16,116.15,-2905.15,1.0,2025-11-20,116.150002,0.0,0.0753,0.15,4.562,100.0,25,0.0497,1.3999,0,,116.155,2904.0,market,@FDA_ClusterFade,0.00018,0.2499,fda fade: z=2.34 short sector,0.0,113.830002,data/real/prices/yahoo/XBI.json,117.900002,113.739998,116.150002,fe9eeb851e6faba2a7187e008fab271608d8a4d544227ad3543ac3d95d5dd769,13951600,0.0,,25,buy,0.861,204.691,0.861,0.861,0.125,filled,,XBI,1.3247
655.06,False,655.03,655.03,1309.0477,1.0,2025-11-21,655.049988,0.0,0.0087,0.012,7.966,100.0,2,0.0013,1.0523,0,,655.045,1310.06,market,@PinePilot_EMA_Cross,0.0,0.04,pinepilot: EMA(20) > EMA(50),0.0,659.030029,data/real/prices/yahoo/SPY.json,664.549988,650.849976,655.049988,e0f05aaf67be23da1db20513eaed93274b165898427ebeab80c7cb2eca1d9a2d,123956200,0.0003,,2,sell,0.305,-60.696,0.305,-0.305,0.03,filled,,SPY,1.0437
113.83,False,113.82,113.82,2616.7182,1.0,2025-11-21,113.82,0.0,-0.1557,0.138,4.956,100.0,23,0.0407,1.1418,0,,113.825,2617.86,market,@FDACatalyst_Rider,0.0002,0.0,fda: 30d approvals=94 median=71,0.0,116.650002,data/real/prices/yahoo/XBI.json,117.629997,113.57,113.82,fe9eeb851e6faba2a7187e008fab271608d8a4d544227ad3543ac3d95d5dd769,11618700,0.0038,,23,sell,0.0,-242.606,0.0,0.0,0.115,filled,,XBI,1.2975
113.83,False,113.82,113.82,4779.181,1.0,2025-11-21,113.82,0.0,-0.3104,0.252,3.283,100.0,42,0.1004,1.259,0,,113.825,4780.44,market,@FDA_ClusterFade,0.00036,-0.0,fda fade: z=2.51 short sector,0.0,116.650002,data/real/prices/yahoo/XBI.json,117.629997,113.57,113.82,fe9eeb851e6faba2a7187e008fab271608d8a4d544227ad3543ac3d95d5dd769,11618700,0.007,,42,sell,-0.0,-242.606,-0.0,0.0,0.21,filled,,XBI,1.5694
117.21,False,117.21,117.2,-3751.912,1.0,2025-11-24,117.209999,0.0,-0.2321,0.192,3.797,100.0,32,0.0722,1.192,0,,117.205,3750.72,market,@FDACatalyst_Rider,0.00032,0.0,fda: 30d approvals=82 median=71,0.0,119.580002,data/real/prices/yahoo/XBI.json,119.790001,117.110001,117.209999,fe9eeb851e6faba2a7187e008fab271608d8a4d544227ad3543ac3d95d5dd769,9908800,0.0,,32,buy,0.0,-198.194,0.0,0.0,0.16,filled,,XBI,1.4242
44.14,False,44.13,44.13,1322.715,1.0,2025-11-24,44.139999,0.0,0.1418,0.18,10.146,100.0,30,0.0082,1.485,0,,44.135,1323.9,market,@Weather_ColdSnap_Max,0.00013,0.3,weather: 7 cold anomaly days in 10,0.0,44.575001,data/real/prices/yahoo/XLU.json,44.689999,43.865002,44.139999,5dddbd83cab3a8b7cd0814ea8215cbfc7d759602d4557e0cdf34937ba995df5d,23572800,0.005,,30,sell,2.265,-99.832,2.265,-2.265,0.15,filled,,XLU,1.3432
380.27,False,380.27,380.25,-2282.656,1.0,2025-11-25,380.26001,0.0,-0.0131,0.036,4.861,100.0,6,0.013,1.0959,0,,380.26,2281.62,market,@GOLD_Trend_GLD,6e-05,0.0599,gold: trend up,0.0,380.079987,data/real/prices/yahoo/GLD.json,382.519989,378.059998,380.26001,545093d31c9d8284e3b5dc66f668a6cb7391d9925b5abdf3e82bcaa71e423b40,10462800,0.0,,6,buy,0.263,4.999,0.263,0.263,0.06,filled,,GLD,1.109
603.53,False,603.53,603.5,-604.536,1.0,2025-11-25,603.51001,0.0,0.0042,0.006,16.93,100.0,1,0.0008,1.026,0,,603.515,603.53,market,@PinePilot_EMA_Cross,0.0,0.02,pinepilot: EMA(20) > EMA(50),0.0,608.890015,data/real/prices/yahoo/QQQ.json,610.26001,597.320007,603.51001,ae9ec3c0b0b8e0f5cd28ee45eac2dfcff9f95a7c5a1244e170ab0980d85979ed,57560900,0.0,,1,buy,0.331,-88.029,0.331,0.331,0.015,filled,,QQQ,1.0218
668.65,False,668.65,668.62,-1338.312,1.0,2025-11-25,668.630005,0.0,0.0086,0.012,7.803,100.0,2,0.0014,1.052,0,,668.635,1337.3,market,@PinePilot_EMA_Cross,0.0,0.04,pinepilot: EMA(20) > EMA(50),0.0,675.02002,data/real/prices/yahoo/SPY.json,676.210022,664.47998,668.630005,e0f05aaf67be23da1db20513eaed93274b165898427ebeab80c7cb2eca1d9a2d,81077100,0.0,,2,buy,0.299,-94.368,0.299,0.299,0.03,filled,,SPY,1.0434
119.84,False,119.84,119.83,-2997.15,1.0,2025-11-25,119.839996,0.0,-0.1779,0.15,4.433,100.0,25,0.053,1.1501,0,,119.835,2996.0,market,@FDACatalyst_Rider,0.00024,0.0001,fda: 30d approvals=85 median=71,0.0,121.370003,data/real/prices/yahoo/XBI.json,121.410004,119.559998,119.839996,fe9eeb851e6faba2a7187e008fab271608d8a4d544227ad3543ac3d95d5dd769,10532400,0.0,,25,buy,0.0,-126.061,0.0,0.0,0.125,filled,,XBI,1.328
119.84,False,119.84,119.83,-13064.214,1.0,2025-11-25,119.839996,0.0,-1.0273,0.654,2.053,100.0,109,0.4827,1.6544,0,,119.835,13062.56,market,@FDA_ClusterFade,0.00103,0.0004,fda fade: z=1.55 short sector,0.0,121.370003,data/real/prices/yahoo/XBI.json,121.410004,119.559998,119.839996,fe9eeb851e6faba2a7187e008fab271608d8a4d544227ad3543ac3d95d5dd769,10532400,0.0,,109,buy,0.0,-126.061,0.0,0.0,0.545,filled,,XBI,2.6817
44.69,False,44.68,44.68,3572.9067,1.0,2025-11-25,44.689999,0.0,0.364,0.48,5.397,100.0,80,0.0359,2.2932,0,,44.685,3574.4,market,@Weather_ColdSnap_Max,0.00036,0.7999,weather: 8 cold anomaly days in 10,0.0,44.404999,data/real/prices/yahoo/XLU.json,44.759998,44.224998,44.689999,5dddbd83cab3a8b7cd0814ea8215cbfc7d759602d4557e0cdf34937ba995df5d,22195600,0.0133,,80,sell,2.237,61.93,2.237,-2.237,0.4,filled,,XLU,1.9292
172.56,False,172.56,172.55,-2244.358,1.0,2025-11-26,172.550003,0.0,0.0232,0.078,5.281,100.0,13,0.0418,1.208,0,,172.555,2243.28,market,@FDACatalyst_Rider,0.00074,0.13,fda: 30d approvals=89 median=71,0.0,173.660004,data/real/prices/yahoo/IBB.json,174.229996,172.139999,172.550003,20849c9611587299a52489fe22060adc7823c700fb3483f21091d85a6cf8acb0,1759500,0.0,,13,buy,0.579,-63.342,0.579,0.579,0.065,filled,,IBB,1.1848
612.53,False,612.53,612.5,-1226.072,1.0,2025-11-26,612.51001,0.0,0.0078,0.012,8.523,100.0,2,0.0022,1.052,0,,612.515,1225.06,market,@PinePilot_EMA_Cross,0.0,0.04,pinepilot: EMA(20) > EMA(50),0.0,614.27002,data/real/prices/yahoo/QQQ.json,616.190002,610.390015,612.51001,ae9ec3c0b0b8e0f5cd28ee45eac2dfcff9f95a7c5a1244e170ab0980d85979ed,42393600,0.0,,2,buy,0.326,-28.327,0.326,0.326,0.03,filled,,QQQ,1.0442
677.64,False,677.64,677.62,-1356.292,1.0,2025-11-26,677.630005,0.0,-0.0014,0.012,7.625,100.0,2,0.0014,1.032,0,,677.63,1355.28,market,@PinePilot_EMA_Cross,0.0,0.02,pinepilot: EMA(20) > EMA(50),0.0,679.679993,data/real/prices/yahoo/SPY.json,681.700012,676.719971,677.630005,e0f05aaf67be23da1db20513eaed93274b165898427ebeab80c7cb2eca1d9a2d,71879600,0.0,,2,buy,0.147,-30.014,0.147,0.147,0.02,filled,,SPY,1.0334
121.56,False,121.56,121.55,-2067.622,1.0,2025-11-26,121.550003,0.0,0.0565,0.102,5.882,100.0,17,0.0285,1.2719,0,,121.555,2066.52,market,@FDACatalyst_Rider,0.00019,0.1699,fda: 30d approvals=89 median=71,0.0,122.849998,data/real/prices/yahoo/XBI.json,123.470001,120.959999,121.550003,fe9eeb851e6faba2a7187e008fab271608d8a4d544227ad3543ac3d95d5dd769,8946600,0.0,,17,buy,0.822,-105.006,0.822,0.822,0.085,filled,,XBI,1.2155
121.56,False,121.56,121.55,-3283.282,1.0,2025-11-26,121.550003,0.0,0.0779,0.162,4.125,100.0,27,0.057,1.4319,0,,121.555,3282.12,market,@FDA_ClusterFade,0.0003,0.2699,fda fade: z=1.94 short sector,0.0,122.849998,data/real/prices/yahoo/XBI.json,123.470001,120.959999,121.550003,fe9eeb851e6faba2a7187e008fab271608d8a4d544227ad3543ac3d95d5dd769,8946600,0.0,,27,buy,0.822,-105.006,0.822,0.822,0.135,filled,,XBI,1.354
44.65,False,44.65,44.64,-2546.392,1.0,2025-11-26,44.645,0.0,-0.0214,0.342,6.477,100.0,57,0.0214,1.627,0,,44.645,2545.05,market,@Weather_ColdSnap_Max,0.00034,0.285,weather: 9 cold anomaly days in 10,0.0,44.994999,data/real/prices/yahoo/XLU.json,45.049999,44.560001,44.645,5dddbd83cab3a8b7cd0814ea8215cbfc7d759602d4557e0cdf34937ba995df5d,16759200,0.0,,57,buy,1.12,-76.675,1.12,1.12,0.285,filled,,XLU,1.6484
385.99,False,385.99,385.97,-3088.968,1.0,2025-11-28,385.980011,0.0,-0.0177,0.048,3.71,100.0,8,0.0176,1.1279,0,,385.98,3087.92,market,@GOLD_Trend_GLD,0.00011,0.0799,gold: trend up,0.0,387.880005,data/real/prices/yahoo/GLD.json,388.0,384.98999,385.980011,545093d31c9d8284e3b5dc66f668a6cb7391d9925b5abdf3e82bcaa71e423b40,7175400,0.0,,8,buy,0.259,-48.727,0.259,0.259,0.08,filled,,GLD,1.1456
14.62,False,14.62,14.61,-1448.974,1.0,2025-11-28,14.62,0.0,-0.5745,0.594,14.982,100.0,99,0.0795,1.594,0,,14.615,1447.38,market,@Weather_ColdSnap_Max,0.00164,0.0,weather: 10 cold anomaly days in 10,0.0,14.73,data/real/prices/yahoo/UNG.json,14.87,14.57,14.62,eb7bcc0769945fb2c40fbcd98753ed7e17e367cf69d2ce2bde9ae60f00a462cc,6018500,0.0,,99,buy,0.0,-74.678,0.0,0.0,0.495,filled,,UNG,2.1685
123.03,False,123.03,123.02,-1846.54,1.0,2025-11-28,123.029999,0.0,-0.099,0.09,6.443,100.0,15,0.024,1.09,0,,123.025,1845.45,market,@FDACatalyst_Rider,0.00035,0.0,fda: 30d approvals=74 median=71,0.0,123.160004,data/real/prices/yahoo/XBI.json,123.279999,122.489998,123.029999,fe9eeb851e6faba2a7187e008fab271608d8a4d544227ad3543ac3d95d5dd769,4255500,0.0,,15,buy,0.0,-10.556,0.0,0.0,0.075,filled,,XBI,1.189
123.03,False,123.04,123.02,-117879.068,1.0,2025-11-28,123.029999,0.0,-7.4485,5.748,2.017,100.0,958,12.2395,16.329,0,,123.025,117872.32,market,@FDA_ClusterFade,0.02251,9.581,fda fade: z back inside the band,0.0,123.160004,data/real/prices/yahoo/XBI.json,123.279999,122.489998,123.029999,fe9eeb851e6faba2a7187e008fab271608d8a4d544227ad3543ac3d95d5dd769,4255500,0.0,,958,buy,0.813,-9.744,0.813,0.813,4.79,filled,,XBI,23.7775
45.07,False,45.07,45.06,-1984.344,1.0,2025-11-28,45.07,0.0,-0.2343,0.264,7.555,100.0,44,0.0143,1.264,0,,45.065,1983.08,market,@Weather_ColdSnap_Max,0.00056,0.0,weather: 10 cold anomaly days in 10,0.0,45.314999,data/real/prices/yahoo/XLU.json,45.349998,45.025002,45.07,5dddbd83cab3a8b7cd0814ea8215cbfc7d759602d4557e0cdf34937ba995df5d,7882600,0.0,,44,buy,0.0,-54.066,0.0,0.0,0.22,filled,,XLU,1.4983
390.62,False,390.62,390.6,-2735.382,1.0,2025-12-01,390.609985,0.0,-0.0147,0.042,4.121,100.0,7,0.0148,1.1121,0,,390.61,2734.34,market,@GOLD_Trend_GLD,6e-05,0.0701,gold: trend up,0.0,389.75,data/real/prices/yahoo/GLD.json,390.700012,388.059998,390.609985,545093d31c9d8284e3b5dc66f668a6cb7391d9925b5abdf3e82bcaa71e423b40,11177100,0.0,,7,buy,0.256,22.322,0.256,0.256,0.07,filled,,GLD,1.1268
172.56,False,172.54,172.55,48653.5412,1.0,2025-12-01,172.550003,0.0,-2.7504,1.692,1.708,100.0,282,4.1612,5.5597,0,,172.555,48656.28,market,@FDACatalyst_Rider,0.01537,2.8208,fda: approval flow back below median,0.0,170.110001,data/real/prices/yahoo/IBB.json,172.690002,169.899994,172.550003,20849c9611587299a52489fe22060adc7823c700fb3483f21091d85a6cf8acb0,1834700,0.0468,,282,sell,0.58,142.849,0.58,-0.58,1.41,filled,,IBB,8.31
121.85,False,121.82,121.84,184912.4,1.0,2025-12-01,121.849998,0.0,14.2598,9.108,2.252,100.0,1518,23.6871,55.897,0,,121.845,184922.76,market,@FDACatalyst_Rider,0.01382,45.537,fda: approval flow back below median,0.0,119.849998,data/real/prices/yahoo/XBI.json,121.970001,119.739998,121.849998,fe9eeb851e6faba2a7187e008fab271608d8a4d544227ad3543ac3d95d5dd769,10987500,0.252,,1518,sell,2.462,164.372,2.462,-2.462,7.59,filled,,XBI,41.6371
45.07,False,45.07,45.06,-1984.344,1.0,2025-12-01,45.060001,0.0,0.2052,0.264,7.558,100.0,44,0.0147,1.704,0,,45.065,1983.08,market,@Weather_ColdSnap_Max,0.00017,0.44,weather: 10 cold anomaly days in 10,0.0,44.255001,data/real/prices/yahoo/XLU.json,45.060001,44.23,45.060001,5dddbd83cab3a8b7cd0814ea8215cbfc7d759602d4557e0cdf34937ba995df5d,26339000,0.0,,44,buy,2.219,184.16,2.219,2.219,0.22,filled,,XLU,1.4987
44.46,False,44.46,44.45,-1468.378,1.0,2025-12-02,44.459999,0.0,-0.1765,0.198,9.368,100.0,33,0.0115,1.198,0,,44.455,1467.18,market,@Weather_ColdSnap_Max,0.00019,0.0,weather: 10 cold anomaly days in 10,0.0,43.939999,data/real/prices/yahoo/XLU.json,44.459999,43.884998,44.459999,5dddbd83cab3a8b7cd0814ea8215cbfc7d759602d4557e0cdf34937ba995df5d,17384200,0.0,,33,buy,0.0,118.343,0.0,0.0,0.165,filled,,XLU,1.3745
15.33,False,15.32,15.32,1239.4206,1.0,2025-12-03,15.33,0.0,0.3454,0.486,15.828,100.0,81,0.0596,2.3094,0,,15.325,1240.92,market,@Weather_ColdSnap_Max,0.00073,0.81,weather: 10 cold anomaly days in 10,0.0,15.47,data/real/prices/yahoo/UNG.json,15.58,15.3,15.33,eb7bcc0769945fb2c40fbcd98753ed7e17e367cf69d2ce2bde9ae60f00a462cc,11076800,0.0134,,81,sell,6.523,-96.962,6.523,-6.523,0.405,filled,,UNG,1.9641
386.93,False,386.91,386.91,1546.6153,1.0,2025-12-04,386.920013,0.0,-0.006,0.024,6.919,100.0,4,0.0061,1.0647,0,,386.92,1547.64,market,@GOLD_Trend_GLD,6e-05,0.0401,gold: trend up,0.0,387.130005,data/real/prices/yahoo/GLD.json,388.0,385.399994,386.920013,545093d31c9d8284e3b5dc66f668a6cb7391d9925b5abdf3e82bcaa71e423b40,6754400,0.0007,,4,sell,0.259,-5.683,0.259,-0.259,0.04,filled,,GLD,1.0707
685.31,False,685.31,685.29,-686.316,1.0,2025-12-04,685.299988,0.0,-0.0005,0.006,14.833,100.0,1,0.0005,1.016,0,,685.3,685.31,market,@PinePilot_EMA_Cross,0.0,0.01,pinepilot: EMA(20) > EMA(50),0.0,684.390015,data/real/prices/yahoo/SPY.json,685.369995,681.340027,685.299988,e0f05aaf67be23da1db20513eaed93274b165898427ebeab80c7cb2eca1d9a2d,61970300,0.0,,1,buy,0.146,13.442,0.146,0.146,0.01,filled,,SPY,1.0165
624.4,False,624.4,624.37,-625.406,1.0,2025-12-05,624.380005,0.0,0.0043,0.006,16.363,100.0,1,0.0007,1.026,0,,624.385,624.4,market,@PinePilot_EMA_Cross,0.0,0.02,pinepilot: EMA(20) > EMA(50),0.0,625.47998,data/real/prices/yahoo/QQQ.json,628.919983,623.710022,624.380005,ae9ec3c0b0b8e0f5cd28ee45eac2dfcff9f95a7c5a1244e170ab0980d85979ed,53614200,0.0,,1,buy,0.32,-17.266,0.32,0.32,0.015,filled,,QQQ,1.0217
123.77,False,123.79,123.76,-172572.624,1.0,2025-12-05,123.769997,0.0,-1.1179,8.364,2.223,100.0,1394,22.0321,37.2482,0,,123.765,172563.26,market,@FDA_ClusterFade,0.01853,27.8842,fda fade: z=-1.17 long sector,0.0,123.410004,data/real/prices/yahoo/XBI.json,124.18,122.690002,123.769997,fe9eeb851e6faba2a7187e008fab271608d8a4d544227ad3543ac3d95d5dd769,7524500,0.0,,1394,buy,1.616,30.791,1.616,1.616,6.97,filled,,XBI,38.3661
43.73,False,43.73,43.72,-6036.568,1.0,2025-12-05,43.720001,0.0,0.5925,0.828,4.334,100.0,138,0.0973,3.2079,0,,43.725,6034.74,market,@Weather_ColdSnap_Max,0.00102,1.3799,weather: 10 cold anomaly days in 10,0.0,43.299999,data/real/prices/yahoo/XLU.json,43.779999,43.279999,43.720001,5dddbd83cab3a8b7cd0814ea8215cbfc7d759602d4557e0cdf34937ba995df5d,13474700,0.0,,138,buy,2.287,99.307,2.287,2.287,0.69,filled,,XLU,2.6153
686.6,False,686.6,686.58,-687.606,1.0,2025-12-08,686.590027,0.0,-0.0005,0.006,14.805,100.0,1,0.0005,1.016,0,,686.59,686.6,market,@PinePilot_EMA_Cross,0.0,0.01,pinepilot: EMA(20) > EMA(50),0.0,683.630005,data/real/prices/yahoo/SPY.json,686.640015,681.570007,686.590027,e0f05aaf67be23da1db20513eaed93274b165898427ebeab80c7cb2eca1d9a2d,55231500,0.0,,1,buy,0.145,43.444,0.145,0.145,0.01,filled,,SPY,1.0165
125.16,False,125.16,125.15,-1002.328,1.0,2025-12-08,125.150002,0.0,0.0303,0.048,10.963,100.0,8,0.0097,1.128,0,,125.155,1001.28,market,@FDA_ClusterFade,8e-05,0.08,fda fade: z=-1.66 long sector,0.0,123.660004,data/real/prices/yahoo/XBI.json,125.870003,123.410004,125.150002,fe9eeb851e6faba2a7187e008fab271608d8a4d544227ad3543ac3d95d5dd769,9670300,0.0,,8,buy,0.799,121.3,0.799,0.799,0.04,filled,,XBI,1.0977
43.39,False,43.38,43.38,4076.1404,1.0,2025-12-08,43.380001,0.0,-0.5257,0.564,5.163,100.0,94,0.0558,1.5797,0,,43.385,4077.72,market,@Weather_ColdSnap_Max,0.00044,0.0001,weather: 10 cold anomaly days in 10,0.0,42.720001,data/real/prices/yahoo/XLU.json,43.41,42.66,43.380001,5dddbd83cab3a8b7cd0814ea8215cbfc7d759602d4557e0cdf34937ba995df5d,21607900,0.0156,,94,sell,0.0,154.494,0.0,-0.0,0.47,filled,,XLU,2.1054
385.63,False,385.61,385.61,770.2077,1.0,2025-12-09,385.619995,0.0,-0.002,0.012,13.411,100.0,2,0.002,1.0323,0,,385.62,771.22,market,@GOLD_Trend_GLD,3e-05,0.02,gold: trend up,0.0,387.399994,data/real/prices/yahoo/GLD.json,388.209991,385.269989,385.619995,545093d31c9d8284e3b5dc66f668a6cb7391d9925b5abdf3e82bcaa71e423b40,6358700,0.0003,,2,sell,0.259,-46.205,0.259,-0.259,0.02,filled,,GLD,1.0343
14.6,False,14.59,14.59,2434.5003,1.0,2025-12-09,14.6,0.0,0.6328,1.002,12.587,100.0,167,0.2022,3.6997,0,,14.595,2436.53,market,@Weather_ColdSnap_Max,0.00091,1.67,weather: 10 cold anomaly days in 10,0.0,14.1,data/real/prices/yahoo/UNG.json,14.86,14.08,14.6,eb7bcc0769945fb2c40fbcd98753ed7e17e367cf69d2ce2bde9ae60f00a462cc,18381500,0.0277,,167,sell,6.849,347.518,6.849,-6.849,0.835,filled,,UNG,3.0669
123.09,False,123.08,123.08,1352.8122,1.0,2025-12-09,123.080002,0.0,-0.0703,0.066,8.407,100.0,11,0.0153,1.0678,0,,123.085,1353.88,market,@FDA_ClusterFade,0.00011,0.0,fda fade: z=-1.34 long sector,0.0,121.190002,data/real/prices/yahoo/XBI.json,124.0,121.129997,123.080002,fe9eeb851e6faba2a7187e008fab271608d8a4d544227ad3543ac3d95d5dd769,9640500,0.0018,,11,sell,0.0,155.953,0.0,-0.0,0.055,filled,,XBI,1.1382
42.96,False,42.95,42.95,4121.6081,1.0,2025-12-09,42.950001,0.0,-0.5393,0.576,5.169,100.0,96,0.0594,1.592,0,,42.955,4123.2,market,@Weather_ColdSnap_Max,0.00039,0.0001,weather: 10 cold anomaly days in 10,0.0,42.75,data/real/prices/yahoo/XLU.json,43.169998,42.73,42.950001,5dddbd83cab3a8b7cd0814ea8215cbfc7d759602d4557e0cdf34937ba995df5d,24347200,0.0159,,96,sell,0.0,46.784,0.0,-0.0,0.48,filled,,XLU,2.1313
121.24,False,121.23,121.23,1332.4622,1.0,2025-12-10,121.230003,0.0,-0.071,0.066,8.54,100.0,11,0.016,1.0679,0,,121.235,1333.53,market,@FDA_ClusterFade,0.00012,0.0,fda fade: z=-1.23 long sector,0.0,122.050003,data/real/prices/yahoo/XBI.json,122.639999,120.660004,121.230003,fe9eeb851e6faba2a7187e008fab271608d8a4d544227ad3543ac3d95d5dd769,9219200,0.0018,,11,sell,0.0,-67.186,0.0,-0.0,0.055,filled,,XBI,1.1388
42.8,False,42.79,42.79,1368.0827,1.0,2025-12-10,42.799999,0.0,0.1494,0.192,9.99,100.0,32,0.0106,1.5173,0,,42.795,1369.28,market,@Weather_ColdSnap_Max,0.00012,0.32,weather: 10 cold anomaly days in 10,0.0,42.73,data/real/prices/yahoo/XLU.json,42.830002,42.419998,42.799999,5dddbd83cab3a8b7cd0814ea8215cbfc7d759602d4557e0cdf34937ba995df5d,25940200,0.0053,,32,sell,2.336,14.042,2.336,-2.336,0.16,filled,,XLU,1.3679
389.03,False,389.03,389.01,-1557.144,1.0,2025-12-11,389.019989,0.0,-0.0046,0.024,6.868,100.0,4,0.0047,1.064,0,,389.02,1556.12,market,@GOLD_Trend_GLD,4e-05,0.04,gold: trend up,0.0,393.23999,data/real/prices/yahoo/GLD.json,394.089996,388.5,389.019989,545093d31c9d8284e3b5dc66f668a6cb7391d9925b5abdf3e82bcaa71e423b40,11240600,0.0,,4,buy,0.257,-107.059,0.257,0.257,0.04,filled,,GLD,1.0687
13.51,False,13.5,13.5,1375.3711,1.0,2025-12-11,13.5,0.0,-0.6071,0.612,16.239,100.0,102,0.0971,1.6289,0,,13.505,1377.0,market,@Weather_ColdSnap_Max,0.00039,-0.0,weather: 10 cold anomaly days in 10,0.0,13.08,data/real/prices/yahoo/UNG.json,13.59,12.99,13.5,eb7bcc0769945fb2c40fbcd98753ed7e17e367cf69d2ce2bde9ae60f00a462cc,26227900,0.0169,,102,sell,-0.0,321.101,-0.0,0.0,0.51,filled,,UNG,2.2361
42.66,False,42.65,42.65,3794.3012,1.0,2025-12-11,42.650002,0.0,-0.4938,0.534,5.382,100.0,89,0.049,1.549,0,,42.655,3795.85,market,@Weather_ColdSnap_Max,0.00048,0.0002,weather: 10 cold anomaly days in 10,0.0,43.040001,data/real/prices/yahoo/XLU.json,43.150002,42.650002,42.650002,5dddbd83cab3a8b7cd0814ea8215cbfc7d759602d4557e0cdf34937ba995df5d,18703300,0.0148,,89,sell,0.0,-90.614,0.0,-0.0,0.445,filled,,XLU,2.0428
399.17,False,399.17,399.15,-5589.464,1.0,2025-12-12,399.160004,0.0,-0.0323,0.084,2.248,100.0,14,0.0323,1.2239,0,,399.16,5588.38,market,@GOLD_Trend_GLD,8e-05,0.1399,gold: trend up,0.0,395.440002,data/real/prices/yahoo/GLD.json,400.390015,391.470001,399.160004,545093d31c9d8284e3b5dc66f668a6cb7391d9925b5abdf3e82bcaa71e423b40,16792100,0.0,,14,buy,0.25,94.325,0.25,0.25,0.14,filled,,GLD,1.2563
622.09,False,622.09,622.07,-1245.192,1.0,2025-12-12,622.080017,0.0,-0.0018,0.012,8.309,100.0,2,0.0018,1.032,0,,622.08,1244.18,market,@PinePilot_EMA_Cross,0.0,0.02,pinepilot: EMA(20) > EMA(50),0.0,613.619995,data/real/prices/yahoo/QQQ.json,623.539978,611.359985,622.080017,ae9ec3c0b0b8e0f5cd28ee45eac2dfcff9f95a7c5a1244e170ab0980d85979ed,75158700,0.0,,2,buy,0.16,138.033,0.16,0.16,0.02,filled,,QQQ,1.0338
688.18,False,688.18,688.16,-689.186,1.0,2025-12-12,688.169983,0.0,-0.0004,0.006,14.77,100.0,1,0.0004,1.016,0,,688.17,688.18,market,@PinePilot_EMA_Cross,0.0,0.01,pinepilot: EMA(20) > EMA(50),0.0,681.76001,data/real/prices/yahoo/SPY.json,688.880005,679.169983,688.169983,e0f05aaf67be23da1db20513eaed93274b165898427ebeab80c7cb2eca1d9a2d,113160300,0.0,,1,buy,0.146,94.168,0.146,0.146,0.01,filled,,SPY,1.0164
43.17,False,43.16,43.16,4012.3066,1.0,2025-12-12,43.169998,0.0,0.4104,0.558,5.214,100.0,93,0.0544,2.5033,0,,43.165,4013.88,market,@Weather_ColdSnap_Max,0.00054,0.9298,weather: 10 cold anomaly days in 10,0.0,42.830002,data/real/prices/yahoo/XLU.json,43.380001,42.77,43.169998,5dddbd83cab3a8b7cd0814ea8215cbfc7d759602d4557e0cdf34937ba995df5d,17179800,0.0154,,93,sell,2.316,77.048,2.316,-2.316,0.465,filled,,XLU,2.0928
123.42,False,123.42,123.41,-1358.686,1.0,2025-12-15,123.410004,0.0,0.0402,0.066,8.366,100.0,11,0.0148,1.176,0,,123.415,1357.62,market,@FDA_ClusterFade,0.00015,0.11,fda fade: z=-1.71 long sector,0.0,122.839996,data/real/prices/yahoo/XBI.json,124.529999,122.220001,123.410004,fe9eeb851e6faba2a7187e008fab271608d8a4d544227ad3543ac3d95d5dd769,7533000,0.0,,11,buy,0.81,47.216,0.81,0.81,0.055,filled,,XBI,1.1358
679.24,False,679.22,679.22,1357.4277,1.0,2025-12-16,679.22998,0.0,-0.0012,0.012,7.608,100.0,2,0.0011,1.0323,0,,679.23,1358.44,market,@PinePilot_EMA_Cross,0.0,0.02,pinepilot: EMA(20) > EMA(50),0.0,678.869995,data/real/prices/yahoo/SPY.json,681.080017,674.97998,679.22998,e0f05aaf67be23da1db20513eaed93274b165898427ebeab80c7cb2eca1d9a2d,122030600,0.0003,,2,sell,0.147,5.156,0.147,-0.147,0.02,filled,,SPY,1.0335
43.21,False,43.2,43.2,3281.7314,1.0,2025-12-16,43.200001,0.0,-0.4197,0.456,5.752,100.0,76,0.0398,1.4687,0,,43.205,3283.2,market,@Weather_ColdSnap_Max,0.0004,0.0001,weather: 10 cold anomaly days in 10,0.0,43.040001,data/real/prices/yahoo/XLU.json,43.310001,42.779999,43.200001,5dddbd83cab3a8b7cd0814ea8215cbfc7d759602d4557e0cdf34937ba995df5d,19067900,0.0126,,76,sell,0.0,37.174,0.0,-0.0,0.38,filled,,XLU,1.8884
43.07,False,43.07,43.06,-1810.192,1.0,2025-12-17,43.060001,0.0,0.1936,0.252,8.172,100.0,42,0.0163,1.672,0,,43.065,1808.94,market,@Weather_ColdSnap_Max,0.00022,0.42,weather: 10 cold anomaly days in 10,0.0,42.759998,data/real/prices/yahoo/XLU.json,43.139999,42.540001,43.060001,5dddbd83cab3a8b7cd0814ea8215cbfc7d759602d4557e0cdf34937ba995df5d,19444600,0.0,,42,buy,2.322,72.498,2.322,2.322,0.21,filled,,XLU,1.4783
43.03,False,43.03,43.02,-1378.152,1.0,2025-12-18,43.029999,0.0,-0.1705,0.192,9.895,100.0,32,0.0105,1.192,0,,43.025,1376.96,market,@Weather_ColdSnap_Max,0.00015,0.0,weather: 9 cold anomaly days in 10,0.0,43.18,data/real/prices/yahoo/XLU.json,43.419998,42.970001,43.029999,5dddbd83cab3a8b7cd0814ea8215cbfc7d759602d4557e0cdf34937ba995df5d,21935800,0.0,,32,buy,0.0,-34.738,0.0,0.0,0.16,filled,,XLU,1.3625
611.96,False,611.94,611.94,610.9338,1.0,2025-12-19,611.950012,0.0,-0.0006,0.006,16.616,100.0,1,0.0006,1.0162,0,,611.95,611.94,market,@PinePilot_EMA_Cross,0.0,0.01,pinepilot: EMA(20) > EMA(50),0.0,617.049988,data/real/prices/yahoo/QQQ.json,617.619995,611.869995,611.950012,ae9ec3c0b0b8e0f5cd28ee45eac2dfcff9f95a7c5a1244e170ab0980d85979ed,60369800,0.0002,,1,sell,0.164,-82.813,0.164,-0.164,0.01,filled,,QQQ,1.0168
43.12,False,43.11,43.11,2930.0607,1.0,2025-12-19,43.119999,0.0,0.3058,0.408,6.118,100.0,68,0.0341,2.0992,0,,43.115,2931.48,market,@Weather_ColdSnap_Max,0.0003,0.6799,weather: 9 cold anomaly days in 10,0.0,42.630001,data/real/prices/yahoo/XLU.json,43.369999,42.599998,43.119999,5dddbd83cab3a8b7cd0814ea8215cbfc7d759602d4557e0cdf34937ba995df5d,22612000,0.0113,,68,sell,2.319,112.597,2.319,-2.319,0.34,filled,,XLU,1.7934
406.99,False,406.99,406.98,-4477.956,1.0,2025-12-22,406.980011,0.0,0.0398,0.066,2.538,100.0,11,0.015,1.1759,0,,406.985,4476.89,market,@GOLD_Trend_GLD,8e-05,0.1099,gold: trend up,0.0,408.230011,data/real/prices/yahoo/GLD.json,408.519989,405.720001,406.980011,545093d31c9d8284e3b5dc66f668a6cb7391d9925b5abdf3e82bcaa71e423b40,14202100,0.0,,11,buy,0.245,-30.375,0.245,0.245,0.055,filled,,GLD,1.136
683.95,False,683.95,683.93,-684.956,1.0,2025-12-22,683.940002,0.0,-0.0004,0.006,14.861,100.0,1,0.0004,1.016,0,,683.94,683.95,market,@PinePilot_EMA_Cross,0.0,0.01,pinepilot: EMA(20) > EMA(50),0.0,684.830017,data/real/prices/yahoo/SPY.json,685.359985,680.590027,683.940002,e0f05aaf67be23da1db20513eaed93274b165898427ebeab80c7cb2eca1d9a2d,69556700,0.0,,1,buy,0.146,-12.85,0.146,0.146,0.01,filled,,SPY,1.0164
11.76,False,11.75,11.75,1784.0628,1.0,2025-12-22,11.75,0.0,-0.9319,0.912,16.064,100.0,152,0.1719,1.9372,0,,11.755,1786.0,market,@Weather_ColdSnap_Max,0.00062,-0.0,weather: 5 cold anomaly days in 10,0.0,11.85,data/real/prices/yahoo/UNG.json,11.89,11.48,11.75,eb7bcc0769945fb2c40fbcd98753ed7e17e367cf69d2ce2bde9ae60f00a462cc,24677600,0.0252,,152,sell,-0.0,-84.388,-0.0,0.0,0.76,filled,,UNG,2.8691
42.3,False,42.29,42.29,1182.9474,1.0,2025-12-22,42.290001,0.0,-0.149,0.168,11.162,100.0,28,0.009,1.1727,0,,42.295,1184.12,market,@Weather_ColdSnap_Max,0.00016,0.0,weather: 5 cold anomaly days in 10,0.0,42.470001,data/real/prices/yahoo/XLU.json,42.529999,42.029999,42.290001,5dddbd83cab3a8b7cd0814ea8215cbfc7d759602d4557e0cdf34937ba995df5d,17894900,0.0046,,28,sell,0.0,-42.383,0.0,-0.0,0.14,filled,,XLU,1.3217
410.31,False,410.31,410.29,-2052.58,1.0,2025-12-23,410.299988,0.0,-0.0058,0.03,5.293,100.0,5,0.0059,1.0801,0,,410.3,2051.55,market,@GOLD_Trend_GLD,4e-05,0.0501,gold: trend up,0.0,413.640015,data/real/prices/yahoo/GLD.json,413.76001,407.100006,410.299988,545093d31c9d8284e3b5dc66f668a6cb7391d9925b5abdf3e82bcaa71e423b40,13193300,0.0,,5,buy,0.244,-80.505,0.244,0.244,0.05,filled,,GLD,1.0859
42.41,False,42.41,42.4,-2036.968,1.0,2025-12-23,42.400002,0.0,0.2196,0.288,7.606,100.0,48,0.0203,1.7679,0,,42.405,2035.68,market,@Weather_ColdSnap_Max,0.00032,0.4799,weather: 4 cold anomaly days in 10,0.0,42.619999,data/real/prices/yahoo/XLU.json,42.75,42.380001,42.400002,5dddbd83cab3a8b7cd0814ea8215cbfc7d759602d4557e0cdf34937ba995df5d,15097300,0.0,,48,buy,2.358,-49.272,2.358,2.358,0.24,filled,,XLU,1.5483
412.26,False,412.26,412.24,-1237.798,1.0,2025-12-24,412.25,0.0,-0.0028,0.018,8.496,100.0,3,0.0028,1.048,0,,412.25,1236.78,market,@GOLD_Trend_GLD,4e-05,0.03,gold: trend up,0.0,411.929993,data/real/prices/yahoo/GLD.json,412.630005,408.829987,412.25,545093d31c9d8284e3b5dc66f668a6cb7391d9925b5abdf3e82bcaa71e423b40,6718400,0.0,,3,buy,0.243,8.011,0.243,0.243,0.03,filled,,GLD,1.0508
12.49,False,12.49,12.48,-1400.552,1.0,2025-12-24,12.48,0.0,0.4322,0.672,16.869,100.0,112,0.1278,2.792,0,,12.485,1398.88,market,@Weather_ColdSnap_Max,0.00108,1.12,weather: 3 cold anomaly days in 10,0.0,12.39,data/real/prices/yahoo/UNG.json,12.65,12.33,12.48,eb7bcc0769945fb2c40fbcd98753ed7e17e367cf69d2ce2bde9ae60f00a462cc,10352500,0.0,,112,buy,8.013,80.71,8.013,8.013,0.56,filled,,UNG,2.3598
125.45,False,125.42,125.44,174324.2293,1.0,2025-12-24,125.440002,0.0,-0.6857,8.34,2.183,100.0,1390,21.5385,37.3735,0,,125.445,174333.8,market,@FDA_ClusterFade,0.04208,27.8028,fda fade: z back inside the band,0.0,126.300003,data/real/prices/yahoo/XBI.json,126.43,125.080002,125.440002,fe9eeb851e6faba2a7187e008fab271608d8a4d544227ad3543ac3d95d5dd769,3303100,0.2307,,1390,sell,1.595,-69.676,1.595,-1.595,6.95,filled,,XBI,38.0592
42.62,False,42.62,42.61,-1450.284,1.0,2025-12-24,42.610001,0.0,0.1577,0.204,9.566,100.0,34,0.0122,1.544,0,,42.615,1449.08,market,@Weather_ColdSnap_Max,0.00059,0.34,weather: 3 cold anomaly days in 10,0.0,42.810001,data/real/prices/yahoo/XLU.json,42.860001,42.549999,42.610001,5dddbd83cab3a8b7cd0814ea8215cbfc7d759602d4557e0cdf34937ba995df5d,5761000,0.0,,34,buy,2.347,-44.382,2.347,2.347,0.17,filled,,XLU,1.3862
416.49,False,416.49,416.47,-2499.976,1.0,2025-12-26,416.480011,0.0,-0.0078,0.036,4.417,100.0,6,0.0078,1.0959,0,,416.48,2498.94,market,@GOLD_Trend_GLD,6e-05,0.0599,gold: trend up,0.0,416.73999,data/real/prices/yahoo/GLD.json,418.450012,414.75,416.480011,545093d31c9d8284e3b5dc66f668a6cb7391d9925b5abdf3e82bcaa71e423b40,10476200,0.0,,6,buy,0.24,-5.999,0.24,0.24,0.06,filled,,GLD,1.1038
42.8,False,42.8,42.79,-1627.628,1.0,2025-12-26,42.790001,0.0,0.1759,0.228,8.805,100.0,38,0.014,1.608,0,,42.795,1626.4,market,@Weather_ColdSnap_Max,0.00045,0.38,weather: 1 cold anomaly days in 10,0.0,42.779999,data/real/prices/yahoo/XLU.json,42.869999,42.630001,42.790001,5dddbd83cab3a8b7cd0814ea8215cbfc7d759602d4557e0cdf34937ba995df5d,8436700,0.0,,38,buy,2.337,4.675,2.337,2.337,0.19,filled,,XLU,1.432
403.67,False,403.65,403.65,7264.589,1.0,2025-12-29,403.660004,0.0,-0.0397,0.108,1.832,100.0,18,0.0398,1.2911,0,,403.66,7265.7,market,@GOLD_Trend_GLD,9e-05,0.1801,gold: trend up,0.0,398.600006,data/real/prices/yahoo/GLD.json,403.76001,395.329987,403.660004,545093d31c9d8284e3b5dc66f668a6cb7391d9925b5abdf3e82bcaa71e423b40,20679200,0.003,,18,sell,0.248,126.693,0.248,-0.248,0.18,filled,,GLD,1.3308
124.03,False,124.04,124.02,-176642.504,1.0,2025-12-29,124.029999,0.0,-14.1008,8.544,2.145,100.0,1424,21.2222,23.7854,0,,124.025,176632.96,market,@FDA_ClusterFade,0.01932,14.2414,fda fade: z=-1.35 long sector,0.0,123.389999,data/real/prices/yahoo/XBI.json,124.419998,123.089996,124.029999,fe9eeb851e6faba2a7187e008fab271608d8a4d544227ad3543ac3d95d5dd769,7372200,0.0,,1424,buy,0.806,52.679,0.806,0.806,7.12,filled,,XBI,37.8862
13.67,False,13.67,13.66,-1327.572,1.0,2025-12-30,13.67,0.0,-0.5975,0.582,16.437,100.0,97,0.1125,1.582,0,,13.665,1325.99,market,@Weather_ColdSnap_Max,0.00035,0.0,weather: 1 cold anomaly days in 10,0.0,13.12,data/real/prices/yahoo/UNG.json,13.68,13.01,13.67,eb7bcc0769945fb2c40fbcd98753ed7e17e367cf69d2ce2bde9ae60f00a462cc,28028600,0.0,,97,buy,0.0,419.207,0.0,0.0,0.485,filled,,UNG,2.1795
42.89,False,42.89,42.88,-3861.64,1.0,2025-12-30,42.880001,0.0,0.4022,0.54,5.279,100.0,90,0.0477,2.4399,0,,42.885,3860.1,market,@Weather_ColdSnap_Max,0.00097,0.8999,weather: 1 cold anomaly days in 10,0.0,42.959999,data/real/prices/yahoo/XLU.json,43.040001,42.810001,42.880001,5dddbd83cab3a8b7cd0814ea8215cbfc7d759602d4557e0cdf34937ba995df5d,9255300,0.0,,90,buy,2.332,-16.294,2.332,2.332,0.45,filled,,XLU,2.0377
398.61,False,398.59,398.59,3187.6707,1.0,2025-12-31,398.600006,0.0,-0.0201,0.048,3.605,100.0,8,0.0202,1.1294,0,,398.6,3188.72,market,@GOLD_Trend_GLD,8e-05,0.08,gold: trend up,0.0,396.309998,data/real/prices/yahoo/GLD.json,400.130005,395.589996,398.600006,545093d31c9d8284e3b5dc66f668a6cb7391d9925b5abdf3e82bcaa71e423b40,10194700,0.0013,,8,sell,0.251,57.531,0.251,-0.251,0.08,filled,,GLD,1.1495
42.98,False,42.97,42.97,5197.6239,1.0,2025-12-31,42.970001,0.0,-0.6778,0.726,4.662,100.0,121,0.0729,1.7462,0,,42.975,5199.37,market,@Weather_ColdSnap_Max,0.00119,0.0001,weather: 2 cold anomaly days in 10,0.0,42.689999,data/real/prices/yahoo/XLU.json,43.009998,42.68,42.970001,5dddbd83cab3a8b7cd0814ea8215cbfc7d759602d4557e0cdf34937ba995df5d,10129000,0.0201,,121,sell,0.0,65.589,0.0,-0.0,0.605,filled,,XLU,2.424
401.63,False,401.63,401.61,-1607.544,1.0,2026-01-02,401.619995,0.0,-0.0072,0.024,6.668,100.0,4,0.0073,1.064,0,,401.62,1606.52,market,@GOLD_Trend_GLD,4e-05,0.04,gold: trend up,0.0,398.279999,data/real/prices/yahoo/GLD.json,401.820007,396.25,401.619995,545093d31c9d8284e3b5dc66f668a6cb7391d9925b5abdf3e82bcaa71e423b40,10372600,0.0,,4,buy,0.249,84.112,0.249,0.249,0.04,filled,,GLD,1.0713
620.07,False,620.05,620.05,3719.2628,1.0,2026-01-02,620.059998,0.0,-0.0072,0.036,2.968,100.0,6,0.0072,1.0972,0,,620.06,3720.3,market,@LeapMaxLever_Momentum,1e-05,0.06,the leap: monthly leader QQQ,0.0,613.119995,data/real/prices/yahoo/QQQ.json,622.849976,610.150024,620.059998,ae9ec3c0b0b8e0f5cd28ee45eac2dfcff9f95a7c5a1244e170ab0980d85979ed,61859200,0.0012,,6,sell,0.161,113.029,0.161,-0.161,0.06,filled,,QQQ,1.1043
11.88,False,11.87,11.87,1410.7928,1.0,2026-01-02,11.88,0.0,0.4632,0.714,17.444,100.0,119,0.1318,2.9272,0,,11.875,1412.53,market,@Weather_ColdSnap_Max,0.00071,1.19,weather: 2 cold anomaly days in 10,0.0,12.06,data/real/prices/yahoo/UNG.json,12.26,11.8,11.88,eb7bcc0769945fb2c40fbcd98753ed7e17e367cf69d2ce2bde9ae60f00a462cc,16673900,0.0232,,119,sell,8.418,-157.546,8.418,-8.418,0.595,filled,,UNG,2.464
42.89,False,42.88,42.88,3386.0306,1.0,2026-01-02,42.889999,0.0,0.3635,0.474,5.656,100.0,79,0.0314,2.2793,0,,42.885,3387.52,market,@Weather_ColdSnap_Max,0.00039,0.7899,weather: 2 cold anomaly days in 10,0.0,43.18,data/real/prices/yahoo/XLU.json,43.389999,42.66,42.889999,5dddbd83cab3a8b7cd0814ea8215cbfc7d759602d4557e0cdf34937ba995df5d,20495400,0.0154,,79,sell,2.331,-69.477,2.331,-2.331,0.395,filled,,XLU,1.9158
406.4,False,406.4,406.38,-2439.436,1.0,2026-01-05,406.390015,0.0,-0.0135,0.036,4.55,100.0,6,0.0134,1.0959,0,,406.39,2438.4,market,@GOLD_Trend_GLD,4e-05,0.0599,gold: trend up,0.0,408.76001,data/real/prices/yahoo/GLD.json,409.720001,406.149994,406.390015,545093d31c9d8284e3b5dc66f668a6cb7391d9925b5abdf3e82bcaa71e423b40,13410600,0.0,,6,buy,0.246,-57.736,0.246,0.246,0.06,filled,,GLD,1.1094
121.34,False,121.33,121.33,1818.8571,1.0,2026-01-05,121.330002,0.0,-0.0958,0.09,6.532,100.0,15,0.0208,1.093,0,,121.335,1819.95,market,@FDA_ClusterFade,0.00013,0.0,fda fade: z=-1.03 long sector,0.0,120.150002,data/real/prices/yahoo/XBI.json,121.739998,118.279999,121.330002,fe9eeb851e6faba2a7187e008fab271608d8a4d544227ad3543ac3d95d5dd769,11833100,0.0029,,15,sell,0.0,98.21,0.0,-0.0,0.075,filled,,XBI,1.1887
43.19,False,43.18,43.18,3150.6878,1.0,2026-01-05,43.189999,0.0,0.3347,0.438,5.861,100.0,73,0.0302,2.1822,0,,43.185,3152.14,market,@Weather_ColdSnap_Max,0.00026,0.7299,weather: 2 cold anomaly days in 10,0.0,42.700001,data/real/prices/yahoo/XLU.json,43.290001,42.060001,43.189999,5dddbd83cab3a8b7cd0814ea8215cbfc7d759602d4557e0cdf34937ba995df5d,27884400,0.0142,,73,sell,2.315,112.412,2.315,-2.315,0.365,filled,,XLU,1.8474
410.68,False,410.68,410.66,-2465.116,1.0,2026-01-06,410.670013,0.0,-0.0149,0.036,4.508,100.0,6,0.0148,1.0959,0,,410.67,2464.08,market,@GOLD_Trend_GLD,5e-05,0.0599,gold: trend up,0.0,413.179993,data/real/prices/yahoo/GLD.json,413.480011,410.309998,410.670013,545093d31c9d8284e3b5dc66f668a6cb7391d9925b5abdf3e82bcaa71e423b40,11640900,0.0,,6,buy,0.243,-60.506,0.243,0.243,0.06,filled,,GLD,1.1108
623.05,False,623.05,623.03,-1247.112,1.0,2026-01-07,623.039978,0.0,-0.0014,0.012,8.293,100.0,2,0.0014,1.032,0,,623.04,1246.1,market,@PinePilot_EMA_Cross,0.0,0.02,pinepilot: EMA(20) > EMA(50),0.0,624.02002,data/real/prices/yahoo/QQQ.json,627.940002,622.559998,623.039978,ae9ec3c0b0b8e0f5cd28ee45eac2dfcff9f95a7c5a1244e170ab0980d85979ed,44880300,0.0,,2,buy,0.161,-15.545,0.161,0.161,0.02,filled,,QQQ,1.0334
42.96,False,42.96,42.95,-1461.844,1.0,2026-01-07,42.950001,0.0,0.1598,0.204,9.476,100.0,34,0.0102,1.544,0,,42.955,1460.64,market,@Weather_ColdSnap_Max,0.00012,0.34,weather: 2 cold anomaly days in 10,0.0,41.869999,data/real/prices/yahoo/XLU.json,42.970001,41.740002,42.950001,5dddbd83cab3a8b7cd0814ea8215cbfc7d759602d4557e0cdf34937ba995df5d,27613300,0.0,,34,buy,2.328,260.33,2.328,2.328,0.17,filled,,XLU,1.3842
406.98,False,406.96,406.96,1626.8152,1.0,2026-01-08,406.970001,0.0,-0.0083,0.024,6.592,100.0,4,0.0083,1.0648,0,,406.97,1627.84,market,@GOLD_Trend_GLD,5e-05,0.04,gold: trend up,0.0,411.48999,data/real/prices/yahoo/GLD.json,411.640015,406.399994,406.970001,545093d31c9d8284e3b5dc66f668a6cb7391d9925b5abdf3e82bcaa71e423b40,8705900,0.0008,,4,sell,0.246,-110.087,0.246,-0.246,0.04,filled,,GLD,1.073
11.49,False,11.48,11.48,1662.7017,1.0,2026-01-08,11.48,0.0,-0.8891,0.87,16.745,100.0,145,0.1641,1.8983,0,,11.485,1664.6,market,@Weather_ColdSnap_Max,0.00056,-0.0,weather: 1 cold anomaly days in 10,0.0,11.27,data/real/prices/yahoo/UNG.json,11.48,11.11,11.48,eb7bcc0769945fb2c40fbcd98753ed7e17e367cf69d2ce2bde9ae60f00a462cc,25829900,0.0283,,145,sell,-0.0,186.335,-0.0,0.0,0.725,filled,,UNG,2.7873
413.23,False,413.23,413.21,-3306.888,1.0,2026-01-09,413.220001,0.0,-0.0239,0.048,3.484,100.0,8,0.0239,1.128,0,,413.22,3305.84,market,@GOLD_Trend_GLD,6e-05,0.08,gold: trend up,0.0,414.470001,data/real/prices/yahoo/GLD.json,415.290009,411.799988,413.220001,545093d31c9d8284e3b5dc66f668a6cb7391d9925b5abdf3e82bcaa71e423b40,14011200,0.0,,8,buy,0.242,-29.918,0.242,0.242,0.08,filled,,GLD,1.1519
690.64,False,690.64,690.62,-1382.292,1.0,2026-01-09,690.630005,0.0,-0.0009,0.012,7.478,100.0,2,0.0009,1.032,0,,690.63,1381.28,market,@PinePilot_EMA_Cross,0.0,0.02,pinepilot: EMA(20) > EMA(50),0.0,694.070007,data/real/prices/yahoo/SPY.json,695.309998,689.179993,690.630005,e0f05aaf67be23da1db20513eaed93274b165898427ebeab80c7cb2eca1d9a2d,80125500,0.0,,2,buy,0.145,-49.419,0.145,0.145,0.02,filled,,SPY,1.0329
125.2,False,125.17,125.19,176229.6374,1.0,2026-01-09,125.199997,0.0,12.8172,8.448,2.221,100.0,1408,22.3786,51.9583,0,,125.195,176239.36,market,@FDA_ClusterFade,0.01414,42.2358,fda fade: z back inside the band,0.0,124.5,data/real/prices/yahoo/XBI.json,126.010002,124.150002,125.199997,fe9eeb851e6faba2a7187e008fab271608d8a4d544227ad3543ac3d95d5dd769,9956800,0.2746,,1408,sell,2.396,53.815,2.396,-2.396,7.04,filled,,XBI,39.1411
42.52,False,42.51,42.51,2039.1826,1.0,2026-01-09,42.52,0.0,0.2208,0.288,7.629,100.0,48,0.0192,1.7774,0,,42.515,2040.48,market,@Weather_ColdSnap_Max,0.00022,0.48,weather: 1 cold anomaly days in 10,0.0,42.509998,data/real/prices/yahoo/XLU.json,42.889999,42.490002,42.52,5dddbd83cab3a8b7cd0814ea8215cbfc7d759602d4557e0cdf34937ba995df5d,21518300,0.0094,,48,sell,2.352,0.0,2.352,-2.352,0.24,filled,,XLU,1.5566
421.53,False,421.53,421.51,-5059.432,1.0,2026-01-12,421.519989,0.0,-0.0452,0.072,2.446,100.0,12,0.0453,1.1921,0,,421.52,5058.36,market,@GOLD_Trend_GLD,6e-05,0.1201,gold: trend up,0.0,422.230011,data/real/prices/yahoo/GLD.json,425.73999,421.519989,421.519989,545093d31c9d8284e3b5dc66f668a6cb7391d9925b5abdf3e82bcaa71e423b40,20904100,0.0,,12,buy,0.237,-16.579,0.237,0.237,0.12,filled,,GLD,1.2373
123.99,False,124.01,123.98,-178832.072,1.0,2026-01-12,123.980003,0.0,14.0346,8.652,2.174,100.0,1442,22.011,52.9077,0,,123.985,178822.42,market,@FDA_ClusterFade,0.01417,43.2557,fda fade: z=-1.68 long sector,0.0,123.93,data/real/prices/yahoo/XBI.json,124.169998,121.559998,123.980003,fe9eeb851e6faba2a7187e008fab271608d8a4d544227ad3543ac3d95d5dd769,10175000,0.0,,1442,buy,2.42,6.455,2.42,2.42,7.21,filled,,XBI,38.873
42.39,False,42.38,42.38,1651.5784,1.0,2026-01-12,42.380001,0.0,-0.2098,0.234,8.782,100.0,39,0.0148,1.2416,0,,42.385,1652.82,market,@Weather_ColdSnap_Max,0.00023,0.0,weather: 1 cold anomaly days in 10,0.0,42.580002,data/real/prices/yahoo/XLU.json,42.709999,42.299999,42.380001,5dddbd83cab3a8b7cd0814ea8215cbfc7d759602d4557e0cdf34937ba995df5d,16810600,0.0076,,39,sell,0.0,-46.971,0.0,-0.0,0.195,filled,,XLU,1.4514
424.6,False,424.6,424.58,-1699.424,1.0,2026-01-13,424.589996,0.0,-0.009,0.024,6.318,100.0,4,0.0091,1.064,0,,424.59,1698.4,market,@GOLD_Trend_GLD,2e-05,0.04,gold: trend up,0.0,421.630005,data/real/prices/yahoo/GLD.json,426.119995,420.070007,424.589996,545093d31c9d8284e3b5dc66f668a6cb7391d9925b5abdf3e82bcaa71e423b40,16681200,0.0,,4,buy,0.236,70.441,0.236,0.236,0.04,filled,,GLD,1.0731
42.62,False,42.62,42.61,-2004.422,1.0,2026-01-13,42.619999,0.0,-0.2547,0.282,7.672,100.0,47,0.0198,1.282,0,,42.615,2003.14,market,@Weather_ColdSnap_Max,0.00021,0.0,weather: 1 cold anomaly days in 10,0.0,42.849998,data/real/prices/yahoo/XLU.json,42.959999,42.419998,42.619999,5dddbd83cab3a8b7cd0814ea8215cbfc7d759602d4557e0cdf34937ba995df5d,22207400,0.0,,47,buy,0.0,-53.675,0.0,0.0,0.235,filled,,XLU,1.5368
426.04,False,426.04,426.02,-853.092,1.0,2026-01-14,426.029999,0.0,-0.0032,0.012,12.149,100.0,2,0.0032,1.032,0,,426.03,852.08,market,@GOLD_Trend_GLD,1e-05,0.02,gold: trend up,0.0,425.940002,data/real/prices/yahoo/GLD.json,426.859985,422.839996,426.029999,545093d31c9d8284e3b5dc66f668a6cb7391d9925b5abdf3e82bcaa71e423b40,18305500,0.0,,2,buy,0.235,2.348,0.235,0.235,0.02,filled,,GLD,1.0352
42.82,False,42.81,42.81,2695.6397,1.0,2026-01-14,42.810001,0.0,-0.3456,0.378,6.437,100.0,63,0.0307,1.3903,0,,42.815,2697.03,market,@Weather_ColdSnap_Max,0.00029,0.0001,weather: 1 cold anomaly days in 10,0.0,43.169998,data/real/prices/yahoo/XLU.json,43.32,42.77,42.810001,5dddbd83cab3a8b7cd0814ea8215cbfc7d759602d4557e0cdf34937ba995df5d,21403100,0.0123,,63,sell,0.0,-83.391,0.0,-0.0,0.315,filled,,XLU,1.736
423.03,False,423.01,423.01,1268.0114,1.0,2026-01-15,423.019989,0.0,-0.0059,0.018,8.309,100.0,3,0.0059,1.0486,0,,423.02,1269.03,market,@GOLD_Trend_GLD,2e-05,0.03,gold: trend up,0.0,423.329987,data/real/prices/yahoo/GLD.json,425.059998,422.790009,423.019989,545093d31c9d8284e3b5dc66f668a6cb7391d9925b5abdf3e82bcaa71e423b40,14253200,0.0006,,3,sell,0.236,-7.559,0.236,-0.236,0.03,filled,,GLD,1.0545
626.61,False,626.61,626.59,-627.616,1.0,2026-01-15,626.599976,0.0,-0.0005,0.006,16.222,100.0,1,0.0005,1.016,0,,626.6,626.61,market,@PinePilot_EMA_Cross,0.0,0.01,pinepilot: EMA(20) > EMA(50),0.0,621.780029,data/real/prices/yahoo/QQQ.json,630.0,620.75,626.599976,ae9ec3c0b0b8e0f5cd28ee45eac2dfcff9f95a7c5a1244e170ab0980d85979ed,53934900,0.0,,1,buy,0.16,77.68,0.16,0.16,0.01,filled,,QQQ,1.0165
43.32,False,43.31,43.31,1947.6712,1.0,2026-01-15,43.32,0.0,0.2061,0.27,7.813,100.0,45,0.0189,1.7288,0,,43.315,1948.95,market,@Weather_ColdSnap_Max,0.00021,0.45,weather: 1 cold anomaly days in 10,0.0,43.610001,data/real/prices/yahoo/XLU.json,43.82,43.32,43.32,5dddbd83cab3a8b7cd0814ea8215cbfc7d759602d4557e0cdf34937ba995df5d,21762700,0.0088,,45,sell,2.308,-68.792,2.308,-2.308,0.225,filled,,XLU,1.5227
693.67,False,693.67,693.65,-694.676,1.0,2026-01-16,693.659973,0.0,-0.0003,0.006,14.651,100.0,1,0.0003,1.016,0,,693.66,693.67,market,@PinePilot_EMA_Cross,0.0,0.01,pinepilot: EMA(20) > EMA(50),0.0,691.659973,data/real/prices/yahoo/SPY.json,694.25,690.099976,693.659973,e0f05aaf67be23da1db20513eaed93274b165898427ebeab80c7cb2eca1d9a2d,79289200,0.0,,1,buy,0.145,29.061,0.145,0.145,0.01,filled,,SPY,1.0163
436.71,False,436.72,436.68,-7862.068,1.0,2026-01-20,436.690002,0.0,0.1783,0.108,1.87,100.0,18,0.0916,1.648,0,,436.695,7860.96,market,@GOLD_Trend_GLD,8e-05,0.54,gold: trend up,0.0,437.230011,data/real/prices/yahoo/GLD.json,438.140015,434.100006,436.690002,545093d31c9d8284e3b5dc66f668a6cb7391d9925b5abdf3e82bcaa71e423b40,21308100,0.0,,18,buy,0.687,-11.665,0.687,0.687,0.27,filled,,GLD,1.4696
261.15,False,261.14,261.14,1304.669,1.0,2026-01-20,261.140015,0.0,-0.0275,0.03,8.107,100.0,5,0.0026,1.0311,0,,261.145,1305.7,market,@PinePilot_EMA_Cross,1e-05,0.0001,pinepilot: EMA(20) > EMA(50),0.0,262.579987,data/real/prices/yahoo/IWM.json,265.079987,261.059998,261.140015,4f6191d7931ac8755dec346902f769128dd059359a542aaf947e90ff8f2d344a,47911500,0.001,,5,sell,0.001,-54.84,0.001,-0.001,0.025,filled,,IWM,1.0586
12.33,False,12.31,12.32,95513.4382,1.0,2026-01-20,12.32,0.0,-32.6716,46.578,16.679,100.0,7763,71.4866,126.7218,0,,12.325,95562.53,market,@Weather_ColdSnap_Max,0.0154,77.63,weather: no cold anomaly in the window,0.0,12.37,data/real/prices/yahoo/UNG.json,12.54,11.97,12.32,eb7bcc0769945fb2c40fbcd98753ed7e17e367cf69d2ce2bde9ae60f00a462cc,50395600,1.5138,,7763,sell,8.117,-48.504,8.117,-8.117,38.815,filled,,UNG,159.3934
122.42,False,122.41,122.41,1100.6342,1.0,2026-01-20,122.419998,0.0,0.0331,0.054,10.099,100.0,9,0.0118,1.1457,0,,122.415,1101.69,market,@FDA_ClusterFade,8e-05,0.09,fda fade: z=-2.41 long sector,0.0,125.290001,data/real/prices/yahoo/XBI.json,125.410004,121.269997,122.419998,fe9eeb851e6faba2a7187e008fab271608d8a4d544227ad3543ac3d95d5dd769,10780000,0.0018,,9,sell,0.817,-229.867,0.817,-0.817,0.045,filled,,XBI,1.1126
43.12,False,43.11,43.11,43404.5316,1.0,2026-01-20,43.119999,0.0,3.0274,6.042,3.289,100.0,1007,2.0066,17.3074,0,,43.115,43411.77,market,@Weather_ColdSnap_Max,0.00398,10.069,weather: no cold anomaly in the window,0.0,42.959999,data/real/prices/yahoo/XLU.json,43.360001,42.830002,43.119999,5dddbd83cab3a8b7cd0814ea8215cbfc7d759602d4557e0cdf34937ba995df5d,25300900,0.1964,,1007,sell,2.319,34.916,2.319,-2.319,5.035,filled,,XLU,14.2799
446.88,False,446.89,446.85,-6257.544,1.0,2026-01-21,446.869995,0.0,-0.0041,0.084,2.187,100.0,14,0.0742,1.3641,0,,446.865,6256.46,market,@GOLD_Trend_GLD,4e-05,0.2801,gold: trend up,0.0,443.600006,data/real/prices/yahoo/GLD.json,448.0,437.109985,446.869995,545093d31c9d8284e3b5dc66f668a6cb7391d9925b5abdf3e82bcaa71e423b40,38830200,0.0,,14,buy,0.448,74.166,0.448,0.448,0.21,filled,,GLD,1.3682
125.23,False,125.23,125.22,-1879.54,1.0,2026-01-21,125.220001,0.0,0.0491,0.09,6.34,100.0,15,0.0259,1.24,0,,125.225,1878.45,market,@FDA_ClusterFade,0.00018,0.15,fda fade: z=-1.79 long sector,0.0,128.179993,data/real/prices/yahoo/XBI.json,128.289993,124.889999,125.220001,fe9eeb851e6faba2a7187e008fab271608d8a4d544227ad3543ac3d95d5dd769,8406000,0.0,,15,buy,0.799,-230.145,0.799,0.799,0.075,filled,,XBI,1.1909
443.85,False,443.82,443.82,1330.4414,1.0,2026-01-22,443.839996,0.0,0.0077,0.018,8.043,100.0,3,0.0073,1.0786,0,,443.835,1331.46,market,@GOLD_Trend_GLD,2e-05,0.06,gold: trend up,0.0,451.790009,data/real/prices/yahoo/GLD.json,452.980011,443.559998,443.839996,545093d31c9d8284e3b5dc66f668a6cb7391d9925b5abdf3e82bcaa71e423b40,19251200,0.0006,,3,sell,0.451,-176.41,0.451,-0.451,0.045,filled,,GLD,1.0709
622.36,False,622.36,622.34,-1245.732,1.0,2026-01-22,622.349976,0.0,-0.0013,0.012,8.302,100.0,2,0.0014,1.032,0,,622.35,1244.72,market,@PinePilot_EMA_Cross,0.0,0.02,pinepilot: EMA(20) > EMA(50),0.0,620.76001,data/real/prices/yahoo/QQQ.json,622.460022,617.780029,622.349976,ae9ec3c0b0b8e0f5cd28ee45eac2dfcff9f95a7c5a1244e170ab0980d85979ed,42254800,0.0,,2,buy,0.161,25.775,0.161,0.161,0.02,filled,,QQQ,1.0334
128.28,False,128.28,128.27,-2181.862,1.0,2026-01-22,128.279999,0.0,-0.118,0.102,5.595,100.0,17,0.033,1.102,0,,128.275,2180.76,market,@FDA_ClusterFade,0.00017,0.0,fda fade: z=-1.39 long sector,0.0,131.570007,data/real/prices/yahoo/XBI.json,132.089996,128.190002,128.279999,fe9eeb851e6faba2a7187e008fab271608d8a4d544227ad3543ac3d95d5dd769,9726200,0.0,,17,buy,0.0,-250.058,0.0,0.0,0.085,filled,,XBI,1.22
454.12,False,454.13,454.09,-5904.768,1.0,2026-01-23,454.109985,0.0,-0.0048,0.078,2.275,100.0,13,0.0699,1.3382,0,,454.105,5903.69,market,@GOLD_Trend_GLD,6e-05,0.2602,gold: trend up,0.0,458.0,data/real/prices/yahoo/GLD.json,458.75,453.450012,454.109985,545093d31c9d8284e3b5dc66f668a6cb7391d9925b5abdf3e82bcaa71e423b40,21531900,0.0,,13,buy,0.441,-84.498,0.441,0.441,0.195,filled,,GLD,1.3429
130.93,False,130.93,130.92,-1965.04,1.0,2026-01-23,130.929993,0.0,-0.1025,0.09,6.073,100.0,15,0.0276,1.0901,0,,130.925,1963.95,market,@FDA_ClusterFade,0.00013,0.0001,fda fade: z=-1.58 long sector,0.0,128.039993,data/real/prices/yahoo/XBI.json,131.669998,127.860001,130.929993,fe9eeb851e6faba2a7187e008fab271608d8a4d544227ad3543ac3d95d5dd769,11376600,0.0,,15,buy,0.001,225.711,0.001,0.001,0.075,filled,,XBI,1.1926
466.79,False,466.8,466.76,-8403.508,1.0,2026-01-26,466.779999,0.0,-0.0252,0.108,1.777,100.0,18,0.1153,1.468,0,,466.775,8402.4,market,@GOLD_Trend_GLD,5e-05,0.36,gold: trend up,0.0,464.700012,data/real/prices/yahoo/GLD.json,469.279999,460.359985,466.779999,545093d31c9d8284e3b5dc66f668a6cb7391d9925b5abdf3e82bcaa71e423b40,34156000,0.0,,18,buy,0.428,45.19,0.428,0.428,0.27,filled,,GLD,1.4933
126.81,False,126.8,126.8,2915.2575,1.0,2026-01-26,126.809998,0.0,0.0618,0.138,4.494,100.0,23,0.0532,1.3724,0,,126.805,2916.4,market,@FDA_ClusterFade,0.00034,0.23,fda fade: z=-1.48 long sector,0.0,127.860001,data/real/prices/yahoo/XBI.json,128.490005,125.910004,126.809998,fe9eeb851e6faba2a7187e008fab271608d8a4d544227ad3543ac3d95d5dd769,6799300,0.0045,,23,sell,0.788,-82.903,0.788,-0.788,0.115,filled,,XBI,1.3106
465.09,False,465.06,465.06,929.1076,1.0,2026-01-27,465.070007,0.0,-0.0142,0.012,11.252,100.0,2,0.0042,1.0324,0,,465.075,930.12,market,@GOLD_Trend_GLD,1e-05,0.02,gold: trend up,0.0,476.100006,data/real/prices/yahoo/GLD.json,476.48999,463.950012,465.070007,545093d31c9d8284e3b5dc66f668a6cb7391d9925b5abdf3e82bcaa71e423b40,28386200,0.0004,,2,sell,0.215,-231.884,0.215,-0.215,0.03,filled,,GLD,1.0466
264.06,False,264.06,264.04,-1585.396,1.0,2026-01-27,264.049988,0.0,-0.0042,0.036,6.945,100.0,6,0.0043,1.0961,0,,264.05,1584.36,market,@PinePilot_EMA_Cross,2e-05,0.0601,pinepilot: EMA(20) > EMA(50),0.0,264.730011,data/real/prices/yahoo/IWM.json,264.859985,262.660004,264.049988,4f6191d7931ac8755dec346902f769128dd059359a542aaf947e90ff8f2d344a,26975500,0.0,,6,buy,0.379,-25.309,0.379,0.379,0.06,filled,,IWM,1.1003
483.41,False,483.42,483.38,-11603.224,1.0,2026-01-28,483.390015,0.0,0.1757,0.144,1.455,100.0,24,0.184,1.8636,0,,483.395,11602.08,market,@GOLD_Trend_GLD,5e-05,0.7196,gold: trend up,0.0,494.559998,data/real/prices/yahoo/GLD.json,495.880005,481.25,483.390015,545093d31c9d8284e3b5dc66f668a6cb7391d9925b5abdf3e82bcaa71e423b40,44154600,0.0,,24,buy,0.62,-225.251,0.62,0.62,0.36,filled,,GLD,1.688
128.62,False,128.59,128.61,187474.1877,1.0,2026-01-28,128.610001,0.0,-4.9114,8.748,2.352,100.0,1458,26.7829,39.1938,0,,128.615,187484.22,market,@FDA_ClusterFade,0.0172,29.1615,fda fade: z back inside the band,0.0,125.940002,data/real/prices/yahoo/XBI.json,128.710007,125.800003,128.610001,fe9eeb851e6faba2a7187e008fab271608d8a4d544227ad3543ac3d95d5dd769,8477500,0.2843,,1458,sell,1.555,210.417,1.555,-1.555,7.29,filled,,XBI,44.1052
509.53,False,509.54,509.5,-17835.11,1.0,2026-01-29,509.51001,0.0,0.1594,0.21,1.178,100.0,35,0.3652,2.2596,0,,509.515,17833.9,market,@GOLD_Trend_GLD,5e-05,1.0496,gold: trend up,0.0,495.899994,data/real/prices/yahoo/GLD.json,509.700012,468.51001,509.51001,545093d31c9d8284e3b5dc66f668a6cb7391d9925b5abdf3e82bcaa71e423b40,69970900,0.0,,35,buy,0.589,275.056,0.589,0.589,0.525,filled,,GLD,2.1002
466.26,False,466.23,466.24,30303.5473,1.0,2026-01-30,466.25,0.0,0.0265,0.39,0.883,100.0,65,0.6235,2.7027,0,,466.25,30304.95,market,@GOLD_Trend_GLD,8e-05,1.3,gold: trend up,0.0,444.950012,data/real/prices/yahoo/GLD.json,470.059998,430.799988,466.25,545093d31c9d8284e3b5dc66f668a6cb7391d9925b5abdf3e82bcaa71e423b40,86593500,0.0127,,65,sell,0.429,478.256,0.429,-0.429,0.65,filled,,GLD,2.6762
625.72,False,625.7,625.7,1250.3876,1.0,2026-01-30,625.710022,0.0,-0.0013,0.012,8.261,100.0,2,0.0014,1.0324,0,,625.71,1251.4,market,@PinePilot_EMA_Cross,0.0,0.02,pinepilot: EMA(20) > EMA(50),0.0,621.869995,data/real/prices/yahoo/QQQ.json,628.26001,619.299988,625.710022,ae9ec3c0b0b8e0f5cd28ee45eac2dfcff9f95a7c5a1244e170ab0980d85979ed,65650700,0.0004,,2,sell,0.16,61.589,0.16,-0.16,0.02,filled,,QQQ,1.0338
434.03,False,433.98,434.0,21263.7164,1.0,2026-02-02,434.01001,0.0,-0.0226,0.294,1.315,100.0,49,0.7581,2.774,0,,434.015,21265.02,market,@GOLD_Trend_GLD,0.00012,1.4705,gold: trend up,0.0,427.130005,data/real/prices/yahoo/GLD.json,440.779999,422.549988,434.01001,545093d31c9d8284e3b5dc66f668a6cb7391d9925b5abdf3e82bcaa71e423b40,41626200,0.0096,,49,sell,0.691,160.373,0.691,-0.691,0.735,filled,,GLD,2.7966
452.65,False,452.66,452.61,-10864.984,1.0,2026-02-03,452.630005,0.0,-0.0429,0.144,1.755,100.0,24,0.2828,1.8639,0,,452.63,10863.84,market,@GOLD_Trend_GLD,8e-05,0.7199,gold: trend up,0.0,454.290009,data/real/prices/yahoo/GLD.json,459.0,448.309998,452.630005,545093d31c9d8284e3b5dc66f668a6cb7391d9925b5abdf3e82bcaa71e423b40,28703500,0.0,,24,buy,0.663,-35.88,0.663,0.663,0.48,filled,,GLD,1.9068
127.3,False,127.32,127.29,-183350.44,1.0,2026-02-03,127.290001,0.0,8.4745,8.64,2.42,100.0,1440,27.524,52.8386,0,,127.295,183340.8,market,@FDACatalyst_Rider,0.01614,43.1986,fda: 30d approvals=67 median=67,0.0,127.650002,data/real/prices/yahoo/XBI.json,129.699997,125.980003,127.290001,fe9eeb851e6faba2a7187e008fab271608d8a4d544227ad3543ac3d95d5dd769,8920200,0.0,,1440,buy,2.357,-25.852,2.357,2.357,7.2,filled,,XBI,44.364
462.49,False,462.5,462.45,-6476.084,1.0,2026-02-04,462.470001,0.0,0.0008,0.084,2.322,100.0,14,0.1392,1.504,0,,462.47,6475.0,market,@GOLD_Trend_GLD,6e-05,0.42,gold: trend up,0.0,453.970001,data/real/prices/yahoo/GLD.json,463.100006,445.709991,462.470001,545093d31c9d8284e3b5dc66f668a6cb7391d9925b5abdf3e82bcaa71e423b40,24427900,0.0,,14,buy,0.649,187.898,0.649,0.649,0.28,filled,,GLD,1.5032
264.17,False,264.15,264.15,1055.5752,1.0,2026-02-04,264.160004,0.0,-0.0023,0.024,10.099,100.0,4,0.0023,1.0648,0,,264.16,1056.6,market,@PinePilot_EMA_Cross,1e-05,0.04,pinepilot: EMA(20) > EMA(50),0.0,260.519989,data/real/prices/yahoo/IWM.json,264.649994,257.140015,264.160004,4f6191d7931ac8755dec346902f769128dd059359a542aaf947e90ff8f2d344a,48826500,0.0008,,4,sell,0.379,139.337,0.379,-0.379,0.04,filled,,IWM,1.0671
444.31,False,444.26,444.27,11549.5989,1.0,2026-02-05,444.290009,0.0,-0.0726,0.156,1.743,100.0,26,0.3328,1.9413,0,,444.29,11550.76,market,@GOLD_Trend_GLD,0.00015,0.7802,gold: trend up,0.0,441.880005,data/real/prices/yahoo/GLD.json,450.899994,440.350006,444.290009,545093d31c9d8284e3b5dc66f668a6cb7391d9925b5abdf3e82bcaa71e423b40,17718100,0.0051,,26,sell,0.675,53.861,0.675,-0.675,0.52,filled,,GLD,2.0139
258.51,False,258.49,258.49,774.4514,1.0,2026-02-05,258.5,0.0,-0.0014,0.018,13.54,100.0,3,0.0014,1.0486,0,,258.5,775.47,market,@PinePilot_EMA_Cross,1e-05,0.03,pinepilot: EMA(20) > EMA(50),0.0,255.830002,data/real/prices/yahoo/IWM.json,261.619995,255.050003,258.5,4f6191d7931ac8755dec346902f769128dd059359a542aaf947e90ff8f2d344a,48279600,0.0006,,3,sell,0.387,103.975,0.387,-0.387,0.03,filled,,IWM,1.05
680.95,False,680.93,680.93,1360.8476,1.0,2026-02-05,680.940002,0.0,-0.001,0.012,7.588,100.0,2,0.001,1.0324,0,,680.94,1361.86,market,@PinePilot_EMA_Cross,0.0,0.02,pinepilot: EMA(20) > EMA(50),0.0,677.619995,data/real/prices/yahoo/SPY.json,683.690002,675.789978,680.940002,e0f05aaf67be23da1db20513eaed93274b165898427ebeab80c7cb2eca1d9a2d,113610800,0.0004,,2,sell,0.147,48.848,0.147,-0.147,0.02,filled,,SPY,1.0334
124.24,False,124.22,124.22,2234.8485,1.0,2026-02-05,124.230003,0.0,-0.0383,0.108,5.948,100.0,18,0.0384,1.2916,0,,124.23,2235.96,market,@FDACatalyst_Rider,0.00012,0.1801,fda: 30d approvals=70 median=67,0.0,120.720001,data/real/prices/yahoo/XBI.json,126.620003,120.279999,124.230003,fe9eeb851e6faba2a7187e008fab271608d8a4d544227ad3543ac3d95d5dd769,14456700,0.0035,,18,sell,0.805,289.927,0.805,-0.805,0.18,filled,,XBI,1.3299
450.75,False,450.76,450.71,-3607.128,1.0,2026-02-06,450.730011,0.0,0.0212,0.048,3.513,100.0,8,0.0587,1.2879,0,,450.73,3606.08,market,@GOLD_Trend_GLD,6e-05,0.2399,gold: trend up,0.0,455.459991,data/real/prices/yahoo/GLD.json,456.929993,450.029999,450.730011,545093d31c9d8284e3b5dc66f668a6cb7391d9925b5abdf3e82bcaa71e423b40,12663900,0.0,,8,buy,0.665,-103.192,0.665,0.665,0.16,filled,,GLD,1.2667
122.86,False,122.84,122.84,981.6704,1.0,2026-02-06,122.849998,0.0,-0.0122,0.048,11.618,100.0,8,0.0122,1.1295,0,,122.85,982.72,market,@FDACatalyst_Rider,8e-05,0.08,fda: 30d approvals=73 median=67,0.0,125.510002,data/real/prices/yahoo/XBI.json,125.870003,122.790001,122.849998,fe9eeb851e6faba2a7187e008fab271608d8a4d544227ad3543ac3d95d5dd769,9603100,0.0016,,8,sell,0.814,-212.732,0.814,-0.814,0.08,filled,,XBI,1.1418
461.41,False,461.42,461.37,-6922.39,1.0,2026-02-09,461.390015,0.0,-0.0059,0.09,2.233,100.0,15,0.1557,1.5398,0,,461.39,6921.3,market,@GOLD_Trend_GLD,0.00012,0.4498,gold: trend up,0.0,467.029999,data/real/prices/yahoo/GLD.json,467.559998,460.850006,461.390015,545093d31c9d8284e3b5dc66f668a6cb7391d9925b5abdf3e82bcaa71e423b40,12330900,0.0,,15,buy,0.65,-120.121,0.65,0.65,0.3,filled,,GLD,1.5457
607.55,False,607.55,607.52,-608.556,1.0,2026-02-09,607.539978,0.0,-0.0056,0.006,16.816,100.0,1,0.0006,1.016,0,,607.535,607.55,market,@PinePilot_EMA_Cross,0.0,0.01,pinepilot: EMA(20) > EMA(50),0.0,614.320007,data/real/prices/yahoo/QQQ.json,616.460022,605.070007,607.539978,ae9ec3c0b0b8e0f5cd28ee45eac2dfcff9f95a7c5a1244e170ab0980d85979ed,56797600,0.0,,1,buy,0.165,-110.203,0.165,0.165,0.015,filled,,QQQ,1.0216
125.21,False,125.17,125.19,176980.6203,1.0,2026-02-09,125.199997,0.0,-1.5468,8.484,3.035,100.0,1414,29.8226,52.1755,0,,125.2,176990.38,market,@FDACatalyst_Rider,0.02675,42.4158,fda: approval flow back below median,0.0,126.110001,data/real/prices/yahoo/XBI.json,126.339996,123.830002,125.199997,fe9eeb851e6faba2a7187e008fab271608d8a4d544227ad3543ac3d95d5dd769,5285300,0.2757,,1414,sell,2.396,-74.538,2.396,-2.396,14.14,filled,,XBI,53.7223
465.98,False,465.99,465.94,-2796.976,1.0,2026-02-10,465.959991,0.0,0.02,0.036,4.278,100.0,6,0.04,1.2161,0,,465.96,2795.94,market,@GOLD_Trend_GLD,8e-05,0.1801,gold: trend up,0.0,462.399994,data/real/prices/yahoo/GLD.json,466.75,459.519989,465.959991,545093d31c9d8284e3b5dc66f668a6cb7391d9925b5abdf3e82bcaa71e423b40,7861600,0.0,,6,buy,0.644,77.639,0.644,0.644,0.12,filled,,GLD,1.196
694.96,False,694.96,694.94,-695.966,1.0,2026-02-10,694.950012,0.0,-0.0005,0.006,14.626,100.0,1,0.0005,1.016,0,,694.95,694.96,market,@PinePilot_EMA_Cross,0.0,0.01,pinepilot: EMA(20) > EMA(50),0.0,692.119995,data/real/prices/yahoo/SPY.json,696.539978,691.659973,694.950012,e0f05aaf67be23da1db20513eaed93274b165898427ebeab80c7cb2eca1d9a2d,65185700,0.0,,1,buy,0.144,41.033,0.144,0.144,0.01,filled,,SPY,1.0165
125.81,False,125.83,125.79,-178562.284,1.0,2026-02-10,125.800003,0.0,-0.9926,8.514,2.972,100.0,1419,29.3684,52.0797,0,,125.8,178552.77,market,@FDACatalyst_Rider,0.02412,42.5657,fda: 30d approvals=68 median=67,0.0,125.339996,data/real/prices/yahoo/XBI.json,127.050003,125.18,125.800003,fe9eeb851e6faba2a7187e008fab271608d8a4d544227ad3543ac3d95d5dd769,5884200,0.0,,1419,buy,2.384,39.094,2.384,2.384,14.19,filled,,XBI,53.0724
616.4,False,616.4,616.37,-617.406,1.0,2026-02-11,616.380005,0.0,0.0044,0.006,16.574,100.0,1,0.0006,1.026,0,,616.385,616.4,market,@PinePilot_EMA_Cross,0.0,0.02,pinepilot: EMA(20) > EMA(50),0.0,613.109985,data/real/prices/yahoo/QQQ.json,617.52002,607.690002,616.380005,ae9ec3c0b0b8e0f5cd28ee45eac2dfcff9f95a7c5a1244e170ab0980d85979ed,58575100,0.0,,1,buy,0.324,53.661,0.324,0.324,0.015,filled,,QQQ,1.0216
459.75,False,459.7,459.71,3676.5504,1.0,2026-02-13,459.730011,0.0,0.0173,0.048,3.46,100.0,8,0.0628,1.2896,0,,459.73,3677.6,market,@GOLD_Trend_GLD,6e-05,0.2401,gold: trend up,0.0,462.619995,data/real/prices/yahoo/GLD.json,463.839996,456.25,459.730011,545093d31c9d8284e3b5dc66f668a6cb7391d9925b5abdf3e82bcaa71e423b40,12359300,0.0016,,8,sell,0.653,-63.119,0.653,-0.653,0.16,filled,,GLD,1.2724
89.63,False,89.63,89.62,-1972.992,1.0,2026-02-13,89.629997,0.0,-0.1174,0.132,6.337,100.0,22,0.0075,1.1321,0,,89.625,1971.86,market,@YieldCurve_Rotator,4e-05,0.0001,curve: 21d change -12.0bp,0.0,89.720001,data/real/prices/yahoo/TLT.json,89.809998,89.519997,89.629997,b2914ca7451d1c04fbe97f399361df69871d9a8afcbb0121541ac2bdd13a29f3,56785200,0.0,,22,buy,0.0,-10.031,0.0,0.0,0.11,filled,,TLT,1.2495
123.61,False,123.59,123.59,1482.0057,1.0,2026-02-13,123.599998,0.0,-0.0231,0.072,8.209,100.0,12,0.0231,1.1943,0,,123.6,1483.08,market,@FDACatalyst_Rider,0.00014,0.12,fda: 30d approvals=72 median=67,0.0,122.860001,data/real/prices/yahoo/XBI.json,126.099998,122.5,123.599998,fe9eeb851e6faba2a7187e008fab271608d8a4d544227ad3543ac3d95d5dd769,8805000,0.0023,,12,sell,0.809,59.417,0.809,-0.809,0.12,filled,,XBI,1.2174
450.28,False,450.23,450.24,5851.9095,1.0,2026-02-17,450.26001,0.0,0.0015,0.078,2.51,100.0,13,0.1287,1.4707,0,,450.26,5852.99,market,@GOLD_Trend_GLD,0.00012,0.3901,gold: trend up,0.0,448.200012,data/real/prices/yahoo/GLD.json,451.369995,445.529999,450.26001,545093d31c9d8284e3b5dc66f668a6cb7391d9925b5abdf3e82bcaa71e423b40,10976100,0.0025,,13,sell,0.667,45.292,0.667,-0.667,0.26,filled,,GLD,1.4692
455.83,False,455.84,455.79,-3191.922,1.0,2026-02-18,455.809998,0.0,0.0173,0.042,3.87,100.0,7,0.0528,1.252,0,,455.81,3190.88,market,@GOLD_Trend_GLD,7e-05,0.21,gold: trend up,0.0,458.279999,data/real/prices/yahoo/GLD.json,460.51001,455.320007,455.809998,545093d31c9d8284e3b5dc66f668a6cb7391d9925b5abdf3e82bcaa71e423b40,10226300,0.0,,7,buy,0.658,-53.243,0.658,0.658,0.14,filled,,GLD,1.2348
11.78,False,11.81,11.77,-98026.536,1.0,2026-02-18,11.78,93.92,-5.573,49.776,31.154,100.0,8296,119.053,299.656,0,,11.775,97975.76,market,@Weather_ColdSnap_Max,0.0842,248.88,weather: 1 cold anomaly days in 10,0.0,11.87,data/real/prices/yahoo/UNG.json,11.9,11.54,11.78,eb7bcc0769945fb2c40fbcd98753ed7e17e367cf69d2ce2bde9ae60f00a462cc,9852700,0.0,,8296,buy,25.467,-50.548,25.467,25.467,41.48,filled,,UNG,305.229
46.62,False,46.62,46.61,-53247.892,1.0,2026-02-18,46.610001,0.0,3.001,6.852,3.056,100.0,1142,2.7078,19.2709,0,,46.615,53240.04,market,@Weather_ColdSnap_Max,0.00348,11.4189,weather: 1 cold anomaly days in 10,0.0,45.610001,data/real/prices/yahoo/XLU.json,46.610001,45.509998,46.610001,5dddbd83cab3a8b7cd0814ea8215cbfc7d759602d4557e0cdf34937ba995df5d,32841500,0.0,,1142,buy,2.145,221.442,2.145,2.145,5.71,filled,,XLU,16.2698
457.36,False,457.36,457.32,-915.732,1.0,2026-02-19,457.339996,0.0,-0.0081,0.012,11.59,100.0,2,0.0081,1.052,0,,457.34,914.72,market,@GOLD_Trend_GLD,2e-05,0.04,gold: trend up,0.0,459.559998,data/real/prices/yahoo/GLD.json,461.51001,456.029999,457.339996,545093d31c9d8284e3b5dc66f668a6cb7391d9925b5abdf3e82bcaa71e423b40,8411400,0.0,,2,buy,0.437,-47.872,0.437,0.437,0.04,filled,,GLD,1.0601
12.04,False,12.03,12.03,1165.3091,1.0,2026-02-19,12.04,0.0,0.3309,0.582,19.196,100.0,97,0.1541,2.5709,0,,12.035,1166.91,market,@Weather_ColdSnap_Max,0.00097,0.97,weather: 2 cold anomaly days in 10,0.0,11.8,data/real/prices/yahoo/UNG.json,12.08,11.78,12.04,eb7bcc0769945fb2c40fbcd98753ed7e17e367cf69d2ce2bde9ae60f00a462cc,9977200,0.0189,,97,sell,8.306,194.915,8.306,-8.306,0.485,filled,,UNG,2.24
45.78,False,45.78,45.77,-1511.938,1.0,2026-02-19,45.779999,0.0,-0.1789,0.198,9.114,100.0,33,0.014,1.198,0,,45.775,1510.74,market,@Weather_ColdSnap_Max,0.00014,0.0,weather: 2 cold anomaly days in 10,0.0,46.110001,data/real/prices/yahoo/XLU.json,46.18,45.68,45.779999,5dddbd83cab3a8b7cd0814ea8215cbfc7d759602d4557e0cdf34937ba995df5d,24172500,0.0,,33,buy,0.0,-71.568,0.0,0.0,0.165,filled,,XLU,1.377
463.27,False,463.28,463.23,-3707.288,1.0,2026-02-20,463.25,0.0,0.0153,0.048,3.434,100.0,8,0.0647,1.288,0,,463.25,3706.24,market,@GOLD_Trend_GLD,6e-05,0.24,gold: trend up,0.0,468.619995,data/real/prices/yahoo/GLD.json,468.619995,458.339996,463.25,545093d31c9d8284e3b5dc66f668a6cb7391d9925b5abdf3e82bcaa71e423b40,14316300,0.0,,8,buy,0.648,-113.951,0.648,0.648,0.16,filled,,GLD,1.2727
46.3,False,46.29,46.29,1017.2437,1.0,2026-02-20,46.299999,0.0,0.1025,0.132,12.312,100.0,22,0.0075,1.3563,0,,46.295,1018.38,market,@Weather_ColdSnap_Max,0.0001,0.22,weather: 3 cold anomaly days in 10,0.0,46.330002,data/real/prices/yahoo/XLU.json,46.490002,45.880001,46.299999,5dddbd83cab3a8b7cd0814ea8215cbfc7d759602d4557e0cdf34937ba995df5d,22623200,0.0043,,22,sell,2.16,-8.634,2.16,-2.16,0.11,filled,,XLU,1.2538
474.67,False,474.68,474.63,-7121.29,1.0,2026-02-23,474.649994,0.0,-0.02,0.09,2.191,100.0,15,0.1701,1.5401,0,,474.65,7120.2,market,@GOLD_Trend_GLD,9e-05,0.4501,gold: trend up,0.0,481.279999,data/real/prices/yahoo/GLD.json,481.459991,474.609985,474.649994,545093d31c9d8284e3b5dc66f668a6cb7391d9925b5abdf3e82bcaa71e423b40,17441600,0.0,,15,buy,0.632,-137.134,0.632,0.632,0.3,filled,,GLD,1.5601
125.45,False,125.41,125.43,176567.5574,1.0,2026-02-23,125.440002,0.0,0.0053,8.448,2.943,100.0,1408,28.1575,51.9654,0,,125.44,176577.28,market,@FDACatalyst_Rider,0.01286,42.2428,fda: approval flow back below median,0.0,126.970001,data/real/prices/yahoo/XBI.json,128.289993,125.139999,125.440002,fe9eeb851e6faba2a7187e008fab271608d8a4d544227ad3543ac3d95d5dd769,10952000,0.2746,,1408,sell,2.392,-122.864,2.392,-2.392,14.08,filled,,XBI,51.9601
470.11,False,470.06,470.07,2349.269,1.0,2026-02-24,470.089996,0.0,0.0174,0.03,4.95,100.0,5,0.0325,1.181,0,,470.09,2350.3,market,@GOLD_Trend_GLD,4e-05,0.15,gold: trend up,0.0,474.609985,data/real/prices/yahoo/GLD.json,475.440002,469.549988,470.089996,545093d31c9d8284e3b5dc66f668a6cb7391d9925b5abdf3e82bcaa71e423b40,14147100,0.001,,5,sell,0.638,-95.868,0.638,-0.638,0.1,filled,,GLD,1.1635
127.37,False,127.39,127.35,-177718.42,1.0,2026-02-24,127.360001,0.0,0.6172,8.37,2.847,100.0,1395,27.2814,51.2186,0,,127.36,177709.05,market,@FDACatalyst_Rider,0.01472,41.8486,fda: 30d approvals=75 median=67,0.0,129.160004,data/real/prices/yahoo/XBI.json,129.639999,127.110001,127.360001,fe9eeb851e6faba2a7187e008fab271608d8a4d544227ad3543ac3d95d5dd769,9478000,0.0,,1395,buy,2.355,-137.04,2.355,2.355,13.95,filled,,XBI,50.6014
46.64,False,46.63,46.63,1537.5856,1.0,2026-02-24,46.639999,0.0,0.1514,0.198,8.987,100.0,33,0.0135,1.5344,0,,46.635,1538.79,market,@Weather_ColdSnap_Max,0.00011,0.33,weather: 5 cold anomaly days in 10,0.0,47.200001,data/real/prices/yahoo/XLU.json,47.23,46.290001,46.639999,5dddbd83cab3a8b7cd0814ea8215cbfc7d759602d4557e0cdf34937ba995df5d,29503300,0.0064,,33,sell,2.144,-120.763,2.144,-2.144,0.165,filled,,XLU,1.383
475.76,False,475.77,475.72,-3331.432,1.0,2026-02-25,475.73999,0.0,0.0154,0.042,3.713,100.0,7,0.0546,1.2521,0,,475.74,3330.39,market,@GOLD_Trend_GLD,5e-05,0.2101,gold: trend up,0.0,473.420013,data/real/prices/yahoo/GLD.json,479.529999,472.899994,475.73999,545093d31c9d8284e3b5dc66f668a6cb7391d9925b5abdf3e82bcaa71e423b40,12954300,0.0,,7,buy,0.631,49.639,0.631,0.631,0.14,filled,,GLD,1.2366
11.65,False,11.65,11.64,-1458.0,1.0,2026-02-25,11.64,0.0,0.4481,0.75,17.524,100.0,125,0.1769,3.0,0,,11.645,1456.25,market,@Weather_ColdSnap_Max,0.00161,1.25,weather: 5 cold anomaly days in 10,0.0,11.6,data/real/prices/yahoo/UNG.json,11.79,11.52,11.64,eb7bcc0769945fb2c40fbcd98753ed7e17e367cf69d2ce2bde9ae60f00a462cc,7762100,0.0,,125,buy,8.591,43.103,8.591,8.591,0.625,filled,,UNG,2.5519
129.26,False,129.26,129.25,-1293.66,1.0,2026-02-25,129.25,0.0,0.0337,0.06,8.714,100.0,10,0.0163,1.16,0,,129.255,1292.6,market,@FDACatalyst_Rider,0.0001,0.1,fda: 30d approvals=79 median=67,0.0,128.279999,data/real/prices/yahoo/XBI.json,131.179993,128.089996,129.25,fe9eeb851e6faba2a7187e008fab271608d8a4d544227ad3543ac3d95d5dd769,9733900,0.0,,10,buy,0.774,76.395,0.774,0.774,0.05,filled,,XBI,1.1263
127.51,False,127.5,127.5,1146.4442,1.0,2026-02-26,127.5,0.0,-0.0588,0.054,9.713,100.0,9,0.0138,1.0558,0,,127.505,1147.5,market,@FDACatalyst_Rider,0.0001,-0.0,fda: 30d approvals=76 median=67,0.0,127.669998,data/real/prices/yahoo/XBI.json,127.830002,125.0,127.5,fe9eeb851e6faba2a7187e008fab271608d8a4d544227ad3543ac3d95d5dd769,9223800,0.0018,,9,sell,-0.0,-13.315,-0.0,0.0,0.045,filled,,XBI,1.1146
47.27,False,47.26,47.26,1747.3908,1.0,2026-02-26,47.27,0.0,0.1688,0.222,8.18,100.0,37,0.0162,1.5992,0,,47.265,1748.62,market,@Weather_ColdSnap_Max,0.00012,0.37,weather: 5 cold anomaly days in 10,0.0,47.18,data/real/prices/yahoo/XLU.json,47.389999,46.91,47.27,5dddbd83cab3a8b7cd0814ea8215cbfc7d759602d4557e0cdf34937ba995df5d,30578600,0.0072,,37,sell,2.116,16.956,2.116,-2.116,0.185,filled,,XLU,1.4304
480.77,False,480.78,480.73,-3366.502,1.0,2026-02-27,480.75,0.0,0.0155,0.042,3.674,100.0,7,0.0545,1.252,0,,480.75,3365.46,market,@GOLD_Trend_GLD,4e-05,0.21,gold: trend up,0.0,483.75,data/real/prices/yahoo/GLD.json,483.899994,479.109985,480.75,545093d31c9d8284e3b5dc66f668a6cb7391d9925b5abdf3e82bcaa71e423b40,16795100,0.0,,7,buy,0.624,-61.395,0.624,0.624,0.14,filled,,GLD,1.2365
126.08,False,126.07,126.07,1007.5104,1.0,2026-02-27,126.07,0.0,-0.0515,0.048,10.917,100.0,8,0.0115,1.0496,0,,126.075,1008.56,market,@FDACatalyst_Rider,0.00013,-0.0,fda: 30d approvals=77 median=67,0.0,127.370003,data/real/prices/yahoo/XBI.json,127.5,125.760002,126.07,fe9eeb851e6faba2a7187e008fab271608d8a4d544227ad3543ac3d95d5dd769,5937500,0.0016,,8,sell,-0.0,-102.065,-0.0,0.0,0.04,filled,,XBI,1.101
47.21,False,47.21,47.2,-992.536,1.0,2026-02-27,47.200001,0.0,0.0981,0.126,12.486,100.0,21,0.0069,1.336,0,,47.205,991.41,market,@Weather_ColdSnap_Max,5e-05,0.21,weather: 5 cold anomaly days in 10,0.0,47.73,data/real/prices/yahoo/XLU.json,47.799999,47.130001,47.200001,5dddbd83cab3a8b7cd0814ea8215cbfc7d759602d4557e0cdf34937ba995df5d,39759600,0.0,,21,buy,2.118,-108.946,2.118,2.118,0.105,filled,,XLU,1.2379
490.12,False,490.13,490.08,-5882.632,1.0,2026-03-02,490.100006,0.0,-0.001,0.072,2.436,100.0,12,0.1209,1.4319,0,,490.1,5881.56,market,@GOLD_Trend_GLD,6e-05,0.3599,gold: trend up,0.0,490.0,data/real/prices/yahoo/GLD.json,492.149994,483.279999,490.100006,545093d31c9d8284e3b5dc66f668a6cb7391d9925b5abdf3e82bcaa71e423b40,19916600,0.0,,12,buy,0.612,2.653,0.612,0.612,0.24,filled,,GLD,1.4329
678.71,False,678.69,678.69,677.6838,1.0,2026-03-02,678.700012,0.0,-0.0004,0.006,14.979,100.0,1,0.0004,1.0162,0,,678.7,678.69,market,@PinePilot_EMA_Cross,0.0,0.01,pinepilot: EMA(20) > EMA(50),0.0,686.380005,data/real/prices/yahoo/SPY.json,688.619995,678.02002,678.700012,e0f05aaf67be23da1db20513eaed93274b165898427ebeab80c7cb2eca1d9a2d,87477200,0.0002,,1,sell,0.148,-112.037,0.148,-0.148,0.01,filled,,SPY,1.0166
124.63,False,124.62,124.62,995.9104,1.0,2026-03-02,124.629997,0.0,0.029,0.048,11.039,100.0,8,0.011,1.1295,0,,124.625,996.96,market,@FDACatalyst_Rider,9e-05,0.08,fda: 30d approvals=77 median=67,0.0,126.550003,data/real/prices/yahoo/XBI.json,127.309998,124.150002,124.629997,fe9eeb851e6faba2a7187e008fab271608d8a4d544227ad3543ac3d95d5dd769,9334600,0.0016,,8,sell,0.802,-152.509,0.802,-0.802,0.04,filled,,XBI,1.1005
47.41,False,47.41,47.4,-2039.888,1.0,2026-03-02,47.41,0.0,-0.2352,0.258,7.325,100.0,43,0.0202,1.258,0,,47.405,2038.63,market,@Weather_ColdSnap_Max,0.00013,0.0,weather: 2 cold anomaly days in 10,0.0,47.369999,data/real/prices/yahoo/XLU.json,47.740002,47.360001,47.41,5dddbd83cab3a8b7cd0814ea8215cbfc7d759602d4557e0cdf34937ba995df5d,33087300,0.0,,43,buy,0.0,8.444,0.0,0.0,0.215,filled,,XLU,1.4932
472.85,False,472.8,472.81,10873.2575,1.0,2026-03-03,472.829987,0.0,-0.0793,0.138,1.758,100.0,23,0.309,1.8322,0,,472.83,10874.4,market,@GOLD_Trend_GLD,0.0001,0.6897,gold: trend up,0.0,468.140015,data/real/prices/yahoo/GLD.json,473.200012,458.929993,472.829987,545093d31c9d8284e3b5dc66f668a6cb7391d9925b5abdf3e82bcaa71e423b40,22591500,0.0045,,23,sell,0.634,99.543,0.634,-0.634,0.46,filled,,GLD,1.9115
46.71,False,46.71,46.7,-4579.168,1.0,2026-03-03,46.700001,0.0,0.4199,0.588,4.693,100.0,98,0.07,2.5679,0,,46.705,4577.58,market,@Weather_ColdSnap_Max,0.00016,0.9799,weather: 1 cold anomaly days in 10,0.0,47.07,data/real/prices/yahoo/XLU.json,47.450001,45.959999,46.700001,5dddbd83cab3a8b7cd0814ea8215cbfc7d759602d4557e0cdf34937ba995df5d,60946600,0.0,,98,buy,2.141,-76.482,2.141,2.141,0.49,filled,,XLU,2.148
11.85,False,11.83,11.84,98420.3528,1.0,2026-03-04,11.85,0.0,38.603,49.944,18.324,100.0,8324,86.257,219.0472,0,,11.845,98472.92,market,@Weather_ColdSnap_Max,0.06647,166.48,weather: no cold anomaly in the window,0.0,11.78,data/real/prices/yahoo/UNG.json,11.95,11.64,11.85,eb7bcc0769945fb2c40fbcd98753ed7e17e367cf69d2ce2bde9ae60f00a462cc,12522600,1.6232,,8324,sell,16.878,42.445,16.878,-16.878,41.62,filled,,UNG,180.4441
47.1,False,47.09,47.09,58618.3372,1.0,2026-03-04,47.09,0.0,-9.4204,7.47,3.093,100.0,1245,3.1954,8.7128,0,,47.095,58627.05,market,@Weather_ColdSnap_Max,0.00518,-0.0,weather: no cold anomaly in the window,0.0,47.27,data/real/prices/yahoo/XLU.json,47.419998,46.759998,47.09,5dddbd83cab3a8b7cd0814ea8215cbfc7d759602d4557e0cdf34937ba995df5d,24020800,0.2428,,1245,sell,-0.0,-38.079,-0.0,0.0,6.225,filled,,XLU,18.1332
470.47,False,470.43,470.43,1880.6952,1.0,2026-03-05,470.450012,0.0,-0.0164,0.024,5.959,100.0,4,0.0165,1.1048,0,,470.45,1881.72,market,@GOLD_Trend_GLD,3e-05,0.08,gold: trend up,0.0,466.130005,data/real/prices/yahoo/GLD.json,470.670013,463.910004,470.450012,545093d31c9d8284e3b5dc66f668a6cb7391d9925b5abdf3e82bcaa71e423b40,11674800,0.0008,,4,sell,0.425,92.249,0.425,-0.425,0.08,filled,,GLD,1.1212
469.06,False,469.02,469.02,937.0276,1.0,2026-03-06,469.040009,0.0,-0.005,0.012,11.272,100.0,2,0.005,1.0524,0,,469.04,938.04,market,@GOLD_Trend_GLD,2e-05,0.04,gold: trend up,0.0,473.51001,data/real/prices/yahoo/GLD.json,475.459991,467.070007,469.040009,545093d31c9d8284e3b5dc66f668a6cb7391d9925b5abdf3e82bcaa71e423b40,10489800,0.0004,,2,sell,0.427,-94.824,0.427,-0.427,0.04,filled,,GLD,1.0574
673.42,False,673.39,673.39,672.3838,1.0,2026-03-06,673.409973,0.0,0.0045,0.006,15.171,100.0,1,0.0004,1.0262,0,,673.405,673.39,market,@PinePilot_EMA_Cross,0.0,0.02,pinepilot: EMA(20) > EMA(50),0.0,672.380005,data/real/prices/yahoo/SPY.json,676.109985,669.76001,673.409973,e0f05aaf67be23da1db20513eaed93274b165898427ebeab80c7cb2eca1d9a2d,100687000,0.0002,,1,sell,0.297,15.021,0.297,-0.297,0.015,filled,,SPY,1.0216
121.78,False,121.76,121.76,1947.0609,1.0,2026-03-06,121.769997,0.0,-0.0328,0.096,6.631,100.0,16,0.0327,1.2591,0,,121.77,1948.16,market,@FDACatalyst_Rider,0.00014,0.16,fda: 30d approvals=82 median=67,0.0,124.0,data/real/prices/yahoo/XBI.json,124.150002,120.849998,121.769997,fe9eeb851e6faba2a7187e008fab271608d8a4d544227ad3543ac3d95d5dd769,11373300,0.0031,,16,sell,0.821,-180.645,0.821,-0.821,0.16,filled,,XBI,1.2918
124.21,False,124.21,124.19,-1491.592,1.0,2026-03-09,124.199997,0.0,-0.0211,0.072,8.139,100.0,12,0.0211,1.192,0,,124.2,1490.52,market,@FDACatalyst_Rider,0.0001,0.12,fda: 30d approvals=76 median=67,0.0,127.120003,data/real/prices/yahoo/XBI.json,127.519997,123.599998,124.199997,fe9eeb851e6faba2a7187e008fab271608d8a4d544227ad3543ac3d95d5dd769,12194300,0.0,,12,buy,0.805,-228.918,0.805,0.805,0.12,filled,,XBI,1.2131
479.75,False,479.76,479.72,-6717.724,1.0,2026-03-10,479.73999,0.0,-0.0209,0.084,2.062,100.0,14,0.091,1.3641,0,,479.735,6716.64,market,@GOLD_Trend_GLD,0.00015,0.2801,gold: trend up,0.0,477.859985,data/real/prices/yahoo/GLD.json,481.309998,474.209991,479.73999,545093d31c9d8284e3b5dc66f668a6cb7391d9925b5abdf3e82bcaa71e423b40,9616800,0.0,,14,buy,0.417,39.761,0.417,0.417,0.21,filled,,GLD,1.385
126.7,False,126.7,126.68,-1774.884,1.0,2026-03-10,126.690002,0.0,-0.0252,0.084,7.042,100.0,14,0.0252,1.224,0,,126.69,1773.8,market,@FDACatalyst_Rider,0.00014,0.14,fda: 30d approvals=81 median=67,0.0,127.43,data/real/prices/yahoo/XBI.json,129.110001,126.690002,126.690002,fe9eeb851e6faba2a7187e008fab271608d8a4d544227ad3543ac3d95d5dd769,10042000,0.0,,14,buy,0.789,-57.286,0.789,0.789,0.14,filled,,XBI,1.2492
476.15,False,476.12,476.12,1903.4552,1.0,2026-03-11,476.130005,0.0,-0.0332,0.024,5.765,100.0,4,0.0132,1.0648,0,,476.135,1904.48,market,@GOLD_Trend_GLD,5e-05,0.04,gold: trend up,0.0,476.23999,data/real/prices/yahoo/GLD.json,477.450012,473.130005,476.130005,545093d31c9d8284e3b5dc66f668a6cb7391d9925b5abdf3e82bcaa71e423b40,7522900,0.0008,,4,sell,0.21,-2.52,0.21,-0.21,0.06,filled,,GLD,1.098
475.03,False,475.0,475.0,948.9876,1.0,2026-03-12,475.019989,0.0,0.0055,0.012,11.02,100.0,2,0.0045,1.0524,0,,475.015,950.0,market,@GOLD_Trend_GLD,2e-05,0.04,gold: trend up,0.0,466.880005,data/real/prices/yahoo/GLD.json,475.019989,466.600006,475.019989,545093d31c9d8284e3b5dc66f668a6cb7391d9925b5abdf3e82bcaa71e423b40,11900600,0.0004,,2,sell,0.421,173.92,0.421,-0.421,0.03,filled,,GLD,1.0469
169.78,False,169.8,169.76,-45848.62,1.0,2026-03-12,169.770004,0.0,0.5627,1.62,2.215,100.0,270,4.8363,10.7189,0,,169.77,45846.0,market,@FDACatalyst_Rider,0.01038,8.0989,fda: 30d approvals=85 median=67,0.0,166.229996,data/real/prices/yahoo/IBB.json,169.770004,166.039993,169.770004,20849c9611587299a52489fe22060adc7823c700fb3483f21091d85a6cf8acb0,2600500,0.0,,270,buy,1.767,214.763,1.767,1.767,2.7,filled,,IBB,10.1563
86.92,False,86.91,86.91,1476.3647,1.0,2026-03-12,86.910004,0.0,-0.09,0.102,8.09,100.0,17,0.005,1.1054,0,,86.915,1477.47,market,@YieldCurve_Rotator,3e-05,0.0001,curve: 21d change -3.0bp,0.0,86.970001,data/real/prices/yahoo/TLT.json,87.25,86.779999,86.910004,b2914ca7451d1c04fbe97f399361df69871d9a8afcbb0121541ac2bdd13a29f3,48977000,0.0033,,17,sell,0.0,-6.899,0.0,-0.0,0.085,filled,,TLT,1.1953
124.76,False,124.75,124.75,1246.4381,1.0,2026-03-12,124.75,0.0,-0.0628,0.06,9.016,100.0,10,0.0128,1.0619,0,,124.755,1247.5,market,@FDACatalyst_Rider,9e-05,-0.0,fda: 30d approvals=85 median=67,0.0,122.620003,data/real/prices/yahoo/XBI.json,124.849998,121.809998,124.75,fe9eeb851e6faba2a7187e008fab271608d8a4d544227ad3543ac3d95d5dd769,11524800,0.0019,,10,sell,-0.0,173.707,-0.0,0.0,0.05,filled,,XBI,1.1247
124.76,False,124.74,124.75,125730.6754,1.0,2026-03-12,124.75,0.0,-7.9024,6.048,2.006,100.0,1008,12.9424,17.3246,0,,124.755,125737.92,market,@FDA_ClusterFade,0.00875,10.08,fda fade: z=1.66 short sector,0.0,122.620003,data/real/prices/yahoo/XBI.json,124.849998,121.809998,124.75,fe9eeb851e6faba2a7187e008fab271608d8a4d544227ad3543ac3d95d5dd769,11524800,0.1966,,1008,sell,0.802,172.892,0.802,-0.802,5.04,filled,,XBI,25.2269
469.32,False,469.29,469.29,3753.2704,1.0,2026-03-13,469.309998,0.0,0.0037,0.048,3.212,100.0,8,0.0363,1.2095,0,,469.305,3754.32,market,@GOLD_Trend_GLD,7e-05,0.16,gold: trend up,0.0,460.839996,data/real/prices/yahoo/GLD.json,470.100006,460.220001,469.309998,545093d31c9d8284e3b5dc66f668a6cb7391d9925b5abdf3e82bcaa71e423b40,11741600,0.0016,,8,sell,0.426,183.361,0.426,-0.426,0.12,filled,,GLD,1.2059
249.27,False,249.24,249.25,62805.9189,1.0,2026-03-13,249.259995,0.0,1.1439,1.512,1.028,100.0,252,1.3749,7.5999,0,,249.26,62808.48,market,@PinePilot_EMA_Cross,0.00047,5.0387,pinepilot: no trend,0.0,246.589996,data/real/prices/yahoo/IWM.json,250.610001,245.539993,249.259995,4f6191d7931ac8755dec346902f769128dd059359a542aaf947e90ff8f2d344a,53933300,0.0491,,252,sell,0.802,107.466,0.802,-0.802,2.52,filled,,IWM,6.456
599.74,False,599.7,599.71,65965.3185,1.0,2026-03-13,599.72998,0.0,0.9776,0.66,0.607,100.0,110,0.6702,4.9792,0,,599.725,65967.0,market,@PinePilot_EMA_Cross,0.00017,3.2978,pinepilot: no trend,0.0,593.719971,data/real/prices/yahoo/QQQ.json,603.599976,592.570007,599.72998,ae9ec3c0b0b8e0f5cd28ee45eac2dfcff9f95a7c5a1244e170ab0980d85979ed,63145500,0.0215,,110,sell,0.5,100.721,0.5,-0.5,1.65,filled,,QQQ,4.0017
669.28,False,669.26,669.26,63578.1115,1.0,2026-03-13,669.27002,0.0,-0.3705,0.57,0.458,100.0,95,0.3724,2.5404,0,,669.27,63579.7,market,@PinePilot_EMA_Cross,0.0001,0.9519,pinepilot: no trend,0.0,662.289978,data/real/prices/yahoo/SPY.json,672.340027,661.359985,669.27002,e0f05aaf67be23da1db20513eaed93274b165898427ebeab80c7cb2eca1d9a2d,97200200,0.0185,,95,sell,0.15,105.241,0.15,-0.15,0.95,filled,,SPY,2.9109
123.44,False,123.42,123.42,1726.7933,1.0,2026-03-13,123.43,0.0,-0.0231,0.084,7.233,100.0,14,0.0231,1.2267,0,,123.43,1727.88,market,@FDACatalyst_Rider,0.00013,0.14,fda: 30d approvals=84 median=67,0.0,121.830002,data/real/prices/yahoo/XBI.json,124.910004,120.970001,123.43,fe9eeb851e6faba2a7187e008fab271608d8a4d544227ad3543ac3d95d5dd769,10405300,0.0027,,14,sell,0.81,130.51,0.81,-0.81,0.14,filled,,XBI,1.2498
123.44,False,123.42,123.42,2590.6899,1.0,2026-03-13,123.43,0.0,-0.0425,0.126,5.334,100.0,21,0.0425,1.3401,0,,123.43,2591.82,market,@FDA_ClusterFade,0.0002,0.21,fda fade: z=1.56 short sector,0.0,121.830002,data/real/prices/yahoo/XBI.json,124.910004,120.970001,123.43,fe9eeb851e6faba2a7187e008fab271608d8a4d544227ad3543ac3d95d5dd769,10405300,0.0041,,21,sell,0.81,130.51,0.81,-0.81,0.21,filled,,XBI,1.3826
461.28,False,461.24,461.25,5072.5719,1.0,2026-03-16,461.269989,0.0,0.1072,0.066,2.544,100.0,11,0.0577,1.398,0,,461.265,5073.64,market,@GOLD_Trend_GLD,0.00012,0.3299,gold: trend up,0.0,460.429993,data/real/prices/yahoo/GLD.json,462.799988,456.910004,461.269989,545093d31c9d8284e3b5dc66f668a6cb7391d9925b5abdf3e82bcaa71e423b40,8964100,0.0021,,11,sell,0.65,17.592,0.65,-0.65,0.165,filled,,GLD,1.2908
446.68,False,446.64,446.65,9378.3099,1.0,2026-03-18,446.660004,0.0,-0.0255,0.126,1.68,100.0,21,0.1306,1.5502,0,,446.665,9379.44,market,@GOLD_Trend_GLD,0.00011,0.4201,gold: trend up,0.0,444.73999,data/real/prices/yahoo/GLD.json,450.059998,444.390015,446.660004,545093d31c9d8284e3b5dc66f668a6cb7391d9925b5abdf3e82bcaa71e423b40,18375600,0.0041,,21,sell,0.448,42.722,0.448,-0.448,0.315,filled,,GLD,1.5757
420.37,False,420.31,420.34,290849.2331,1.0,2026-03-19,420.359985,0.0,0.9807,4.152,1.337,100.0,692,23.2289,39.8766,0,,420.355,290854.52,market,@GOLD_Trend_GLD,0.00229,34.5896,gold: trend broke,0.0,426.410004,data/real/prices/yahoo/GLD.json,428.269989,416.799988,420.359985,545093d31c9d8284e3b5dc66f668a6cb7391d9925b5abdf3e82bcaa71e423b40,30206000,0.1349,,692,sell,1.189,-143.055,1.189,-1.189,10.38,filled,,GLD,38.8958
162.91,False,162.89,162.89,1139.1866,1.0,2026-03-19,162.899994,0.0,-0.0212,0.042,9.95,100.0,7,0.0211,1.1133,0,,162.9,1140.23,market,@FDACatalyst_Rider,0.00052,0.07,fda: 30d approvals=86 median=67,0.0,164.460007,data/real/prices/yahoo/IBB.json,165.429993,162.509995,162.899994,20849c9611587299a52489fe22060adc7823c700fb3483f21091d85a6cf8acb0,1346000,0.0014,,7,sell,0.614,-95.464,0.614,-0.614,0.07,filled,,IBB,1.1345
120.3,False,120.29,120.29,4088.6494,1.0,2026-03-19,120.290001,0.0,-0.2601,0.204,3.596,100.0,34,0.0902,1.2107,0,,120.295,4089.86,market,@FDACatalyst_Rider,0.00029,0.0,fda: 30d approvals=86 median=67,0.0,122.330002,data/real/prices/yahoo/XBI.json,123.360001,119.690002,120.290001,fe9eeb851e6faba2a7187e008fab271608d8a4d544227ad3543ac3d95d5dd769,11717300,0.0066,,34,sell,0.0,-166.762,0.0,-0.0,0.17,filled,,XBI,1.4708
120.3,False,120.29,120.29,6494.3255,1.0,2026-03-19,120.290001,0.0,-0.4504,0.324,2.748,100.0,54,0.1805,1.3346,0,,120.295,6495.66,market,@FDA_ClusterFade,0.00046,0.0001,fda fade: z=1.72 short sector,0.0,122.330002,data/real/prices/yahoo/XBI.json,123.360001,119.690002,120.290001,fe9eeb851e6faba2a7187e008fab271608d8a4d544227ad3543ac3d95d5dd769,11717300,0.0105,,54,sell,0.0,-166.762,0.0,-0.0,0.27,filled,,XBI,1.785
121.71,False,121.71,121.69,-1096.444,1.0,2026-03-20,121.699997,0.0,-0.0124,0.054,10.557,100.0,9,0.0124,1.144,0,,121.7,1095.39,market,@FDACatalyst_Rider,7e-05,0.09,fda: 30d approvals=87 median=67,0.0,120.309998,data/real/prices/yahoo/XBI.json,123.519997,119.529999,121.699997,fe9eeb851e6faba2a7187e008fab271608d8a4d544227ad3543ac3d95d5dd769,12186700,0.0,,9,buy,0.822,116.366,0.822,0.822,0.09,filled,,XBI,1.1564
121.71,False,121.71,121.69,-2922.184,1.0,2026-03-20,121.699997,0.0,-0.0541,0.144,4.923,100.0,24,0.0542,1.3841,0,,121.7,2921.04,market,@FDA_ClusterFade,0.0002,0.2401,fda fade: z=1.80 short sector,0.0,120.309998,data/real/prices/yahoo/XBI.json,123.519997,119.529999,121.699997,fe9eeb851e6faba2a7187e008fab271608d8a4d544227ad3543ac3d95d5dd769,12186700,0.0,,24,buy,0.822,116.366,0.822,0.822,0.24,filled,,XBI,1.4382
120.27,False,120.25,120.25,1682.4133,1.0,2026-03-24,120.260002,0.0,-0.0239,0.084,7.429,100.0,14,0.0239,1.2268,0,,120.26,1683.5,market,@FDACatalyst_Rider,0.00014,0.14,fda: 30d approvals=87 median=67,0.0,119.540001,data/real/prices/yahoo/XBI.json,120.629997,118.190002,120.260002,fe9eeb851e6faba2a7187e008fab271608d8a4d544227ad3543ac3d95d5dd769,10280000,0.0027,,14,sell,0.832,59.394,0.832,-0.832,0.14,filled,,XBI,1.2507
120.27,False,120.25,120.25,2884.8513,1.0,2026-03-24,120.260002,0.0,-0.0537,0.144,4.998,100.0,24,0.0537,1.3887,0,,120.26,2886.0,market,@FDA_ClusterFade,0.00023,0.24,fda fade: z=1.78 short sector,0.0,119.540001,data/real/prices/yahoo/XBI.json,120.629997,118.190002,120.260002,fe9eeb851e6faba2a7187e008fab271608d8a4d544227ad3543ac3d95d5dd769,10280000,0.0047,,24,sell,0.832,59.394,0.832,-0.832,0.24,filled,,XBI,1.4424
121.25,False,121.25,121.23,-1456.072,1.0,2026-03-25,121.239998,0.0,-0.0189,0.072,8.323,100.0,12,0.019,1.192,0,,121.24,1455.0,market,@FDACatalyst_Rider,0.0001,0.12,fda: 30d approvals=91 median=67,0.0,123.919998,data/real/prices/yahoo/XBI.json,125.0,121.099998,121.239998,fe9eeb851e6faba2a7187e008fab271608d8a4d544227ad3543ac3d95d5dd769,11469100,0.0,,12,buy,0.825,-215.461,0.825,0.825,0.12,filled,,XBI,1.211
121.25,False,121.25,121.23,-1941.096,1.0,2026-03-25,121.239998,0.0,-0.0292,0.096,6.625,100.0,16,0.0292,1.256,0,,121.24,1940.0,market,@FDA_ClusterFade,0.00014,0.16,fda fade: z=2.14 short sector,0.0,123.919998,data/real/prices/yahoo/XBI.json,125.0,121.099998,121.239998,fe9eeb851e6faba2a7187e008fab271608d8a4d544227ad3543ac3d95d5dd769,11469100,0.0,,16,buy,0.825,-215.461,0.825,0.825,0.16,filled,,XBI,1.2852
21.11,False,21.12,21.1,-60062.218,1.0,2026-03-26,21.1,8.43,17.4983,17.058,9.563,100.0,2843,16.7167,74.918,0,,21.105,60044.16,market,@MLB_Attention_Momo,0.01668,56.86,mlb attention: 1 finals in 7d,0.0,21.27,data/real/prices/yahoo/DKNG.json,21.629999,20.889999,21.1,728eccb3861f5cb322bf539a1926fb53cb11fdf0d1412a8d19111bd3a9ac37ef,17041400,0.0,,2843,buy,9.479,-70.522,9.479,9.479,14.215,filled,,DKNG,57.4197
102.23,False,102.27,102.21,-59934.736,1.0,2026-03-26,102.220001,0.0,2.6824,3.516,5.195,100.0,586,20.757,33.8154,0,,102.22,59930.22,market,@MLB_Attention_Momo,0.02656,29.2994,mlb attention: 1 finals in 7d,0.0,103.57,data/real/prices/yahoo/FLUT.json,105.230003,102.010002,102.220001,b0ffbb30d24f61202de05dce905e96fb554a730be44b61df2e48712c8bcbabd0,2206500,0.0,,586,buy,4.891,-125.519,4.891,4.891,5.86,filled,,FLUT,31.133
14.51,False,14.53,14.5,-60107.36,1.0,2026-03-26,14.51,21.35,-22.7881,24.81,21.853,100.0,4135,63.4631,108.51,0,,14.505,60081.55,market,@MLB_Attention_Momo,0.16824,82.7,mlb attention: 1 finals in 7d,0.0,14.57,data/real/prices/yahoo/PENN.json,14.97,14.42,14.51,a08c607c0926b67cf07c1d783cb680772c85851bf312595d1e12c5291078fa04,2457800,0.0,,4135,buy,13.784,-27.454,13.784,13.784,20.675,filled,,PENN,131.2981
122.53,False,122.53,122.51,-981.288,1.0,2026-03-26,122.519997,0.0,-0.0115,0.048,11.625,100.0,8,0.0115,1.128,0,,122.52,980.24,market,@FDACatalyst_Rider,7e-05,0.08,fda: 30d approvals=80 median=67,0.0,123.900002,data/real/prices/yahoo/XBI.json,125.639999,122.519997,122.519997,fe9eeb851e6faba2a7187e008fab271608d8a4d544227ad3543ac3d95d5dd769,11477100,0.0,,8,buy,0.816,-110.573,0.816,0.816,0.08,filled,,XBI,1.1395
20.81,False,20.8,20.8,2431.8752,1.0,2026-03-30,20.805,0.0,-0.1314,0.702,10.031,100.0,117,0.1314,2.3098,0,,20.805,2433.6,market,@MLB_Attention_Momo,0.0008,0.585,mlb attention: 47 finals in 7d,0.0,20.93,data/real/prices/yahoo/DKNG.json,21.129999,20.459999,20.805,728eccb3861f5cb322bf539a1926fb53cb11fdf0d1412a8d19111bd3a9ac37ef,14711500,0.0228,,117,sell,2.403,-62.112,2.403,-2.403,0.585,filled,,DKNG,2.4412
100.07,False,100.04,100.05,1899.6423,1.0,2026-03-30,100.059998,0.0,0.0741,0.114,7.49,100.0,19,0.1159,1.4977,0,,100.06,1900.76,market,@MLB_Attention_Momo,0.00066,0.38,mlb attention: 47 finals in 7d,0.0,99.5,data/real/prices/yahoo/FLUT.json,102.459999,98.875,100.059998,b0ffbb30d24f61202de05dce905e96fb554a730be44b61df2e48712c8bcbabd0,2887500,0.0037,,19,sell,1.999,54.271,1.999,-1.999,0.19,filled,,FLUT,1.4236
161.8,False,161.76,161.78,42378.4969,1.0,2026-03-30,161.789993,0.0,-0.4923,1.572,2.589,100.0,262,5.7305,10.4813,0,,161.79,42381.12,market,@FDACatalyst_Rider,0.0175,7.8582,fda: approval flow back below median,0.0,161.860001,data/real/prices/yahoo/IBB.json,162.949997,160.559998,161.789993,20849c9611587299a52489fe22060adc7823c700fb3483f21091d85a6cf8acb0,1497500,0.0511,,262,sell,1.854,-6.178,1.854,-1.854,2.62,filled,,IBB,10.9736
119.74,False,119.7,119.72,161226.5553,1.0,2026-03-30,119.730003,0.0,0.709,8.082,3.042,100.0,1347,26.2351,49.7587,0,,119.73,161235.9,market,@FDACatalyst_Rider,0.01447,40.414,fda: approval flow back below median,0.0,118.779999,data/real/prices/yahoo/XBI.json,120.610001,118.279999,119.730003,fe9eeb851e6faba2a7187e008fab271608d8a4d544227ad3543ac3d95d5dd769,9306200,0.2627,,1347,sell,2.506,77.454,2.506,-2.506,13.47,filled,,XBI,49.0497
20.83,False,20.83,20.82,-1542.864,1.0,2026-03-31,20.83,0.0,-0.4355,0.444,12.193,100.0,74,0.0655,1.444,0,,20.825,1541.42,market,@MLB_Attention_Momo,0.00062,0.0,mlb attention: 62 finals in 7d,0.0,21.620001,data/real/prices/yahoo/DKNG.json,21.719999,20.702,20.83,728eccb3861f5cb322bf539a1926fb53cb11fdf0d1412a8d19111bd3a9ac37ef,11952300,0.0,,74,buy,0.0,-365.403,0.0,0.0,0.37,filled,,DKNG,1.8795
100.92,False,100.92,100.9,-1111.186,1.0,2026-03-31,100.910004,0.0,-0.0331,0.066,10.891,100.0,11,0.0331,1.176,0,,100.91,1110.12,market,@MLB_Attention_Momo,0.00031,0.11,mlb attention: 62 finals in 7d,0.0,101.949997,data/real/prices/yahoo/FLUT.json,103.730003,99.949997,100.910004,b0ffbb30d24f61202de05dce905e96fb554a730be44b61df2e48712c8bcbabd0,3603800,0.0,,11,buy,0.991,-101.03,0.991,0.991,0.11,filled,,FLUT,1.2091
122.89,False,122.91,122.87,-131152.372,1.0,2026-03-31,122.879997,0.0,2.4007,6.402,2.822,100.0,1067,18.9425,39.4152,0,,122.88,131144.97,market,@FDA_ClusterFade,0.00577,32.0132,fda fade: z back inside the band,0.0,127.730003,data/real/prices/yahoo/XBI.json,127.949997,122.739998,122.879997,fe9eeb851e6faba2a7187e008fab271608d8a4d544227ad3543ac3d95d5dd769,18482500,0.0,,1067,buy,2.442,-377.359,2.442,2.442,10.67,filled,,XBI,37.0145
21.75,False,21.75,21.74,-2046.064,1.0,2026-04-01,21.75,0.0,-0.5723,0.564,10.449,100.0,94,0.1023,1.564,0,,21.745,2044.5,market,@MLB_Attention_Momo,0.00071,0.0,mlb attention: 76 finals in 7d,0.0,22.16,data/real/prices/yahoo/DKNG.json,22.535,21.75,21.75,728eccb3861f5cb322bf539a1926fb53cb11fdf0d1412a8d19111bd3a9ac37ef,13290300,0.0,,94,buy,0.0,-185.018,0.0,0.0,0.47,filled,,DKNG,2.1363
103.49,False,103.5,103.47,-3106.18,1.0,2026-04-01,103.480003,0.0,0.1434,0.18,5.27,100.0,30,0.1565,1.7799,0,,103.48,3105.0,market,@MLB_Attention_Momo,0.00142,0.5999,mlb attention: 76 finals in 7d,0.0,102.730003,data/real/prices/yahoo/FLUT.json,103.910004,100.525002,103.480003,b0ffbb30d24f61202de05dce905e96fb554a730be44b61df2e48712c8bcbabd0,2116500,0.0,,30,buy,1.932,74.953,1.932,1.932,0.3,filled,,FLUT,1.6365
128.8,False,128.83,128.78,-158469.28,1.0,2026-04-01,128.789993,0.0,4.2878,7.38,3.364,100.0,1230,32.6208,57.5886,0,,128.79,158460.9,market,@FDACatalyst_Rider,0.00614,49.2086,fda: 30d approvals=67 median=67,0.0,128.550003,data/real/prices/yahoo/XBI.json,131.449997,128.029999,128.789993,fe9eeb851e6faba2a7187e008fab271608d8a4d544227ad3543ac3d95d5dd769,20031500,0.0,,1230,buy,3.106,21.781,3.106,3.106,12.3,filled,,XBI,53.3008
21.83,False,21.82,21.82,2267.6357,1.0,2026-04-02,21.83,0.0,0.4013,0.624,10.06,100.0,104,0.1187,2.6843,0,,21.825,2269.28,market,@MLB_Attention_Momo,0.00102,1.04,mlb attention: 90 finals in 7d,0.0,23.16,data/real/prices/yahoo/DKNG.json,23.225,21.83,21.83,728eccb3861f5cb322bf539a1926fb53cb11fdf0d1412a8d19111bd3a9ac37ef,10212800,0.0203,,104,sell,4.581,-578.584,4.581,-4.581,0.52,filled,,DKNG,2.2829
125.67,False,125.63,125.65,154390.6563,1.0,2026-04-02,125.660004,0.0,-6.133,7.374,3.343,100.0,1229,30.7179,45.4886,0,,125.66,154399.27,market,@FDACatalyst_Rider,0.01242,36.8749,fda: approval flow back below median,0.0,128.960007,data/real/prices/yahoo/XBI.json,129.949997,125.57,125.660004,fe9eeb851e6faba2a7187e008fab271608d8a4d544227ad3543ac3d95d5dd769,9896100,0.2397,,1229,sell,2.388,-258.22,2.388,-2.388,12.29,filled,,XBI,51.6215
14.67,False,14.67,14.66,-4051.576,1.0,2026-04-06,14.67,0.0,-2.1102,1.656,11.772,100.0,276,0.7302,2.656,0,,14.665,4048.92,market,@MLB_Attention_Momo,0.00936,0.0,mlb attention: 91 finals in 7d,0.0,14.66,data/real/prices/yahoo/PENN.json,14.76,14.28,14.67,a08c607c0926b67cf07c1d783cb680772c85851bf312595d1e12c5291078fa04,2949200,0.0,,276,buy,0.0,6.821,0.0,0.0,1.38,filled,,PENN,4.7662
168.02,False,168.04,168.0,-40500.086,1.0,2026-04-07,168.009995,0.0,-0.7926,1.446,2.585,100.0,241,5.6138,9.6772,0,,168.01,40497.64,market,@FDACatalyst_Rider,0.03038,7.2312,fda: 30d approvals=86 median=67,0.0,168.5,data/real/prices/yahoo/IBB.json,168.75,165.860001,168.009995,20849c9611587299a52489fe22060adc7823c700fb3483f21091d85a6cf8acb0,793200,0.0,,241,buy,1.786,-27.3,1.786,1.786,2.41,filled,,IBB,10.4698
127.98,False,128.0,127.96,-152328.14,1.0,2026-04-07,127.970001,0.0,-4.871,7.14,3.198,100.0,1190,28.6698,43.8388,0,,127.97,152320.0,market,@FDACatalyst_Rider,0.01216,35.6988,fda: 30d approvals=86 median=67,0.0,128.850006,data/real/prices/yahoo/XBI.json,129.220001,126.370003,127.970001,fe9eeb851e6faba2a7187e008fab271608d8a4d544227ad3543ac3d95d5dd769,9788800,0.0,,1190,buy,2.344,-65.969,2.344,2.344,11.9,filled,,XBI,48.7098
127.98,False,127.94,127.96,127418.4448,1.0,2026-04-07,127.970001,0.0,-2.032,5.976,3.273,100.0,996,21.953,39.6762,0,,127.97,127428.24,market,@FDA_ClusterFade,0.01017,29.881,fda fade: z=1.65 short sector,0.0,128.850006,data/real/prices/yahoo/XBI.json,129.220001,126.370003,127.970001,fe9eeb851e6faba2a7187e008fab271608d8a4d544227ad3543ac3d95d5dd769,9788800,2.8192,,996,sell,2.344,-70.625,2.344,-2.344,9.96,filled,,XBI,41.7082
23.71,False,23.71,23.7,-3392.388,1.0,2026-04-08,23.709999,0.0,-0.9253,0.858,8.21,100.0,143,0.2105,1.8581,0,,23.705,3390.53,market,@MLB_Attention_Momo,0.00144,0.0001,mlb attention: 90 finals in 7d,0.0,23.940001,data/real/prices/yahoo/DKNG.json,24.049999,23.440001,23.709999,728eccb3861f5cb322bf539a1926fb53cb11fdf0d1412a8d19111bd3a9ac37ef,9945800,0.0,,143,buy,0.0,-96.074,0.0,0.0,0.715,filled,,DKNG,2.7835
109.44,False,109.44,109.42,-2956.042,1.0,2026-04-08,109.43,0.0,-0.13,0.162,5.286,100.0,27,0.13,1.432,0,,109.43,2954.88,market,@MLB_Attention_Momo,0.00101,0.27,mlb attention: 90 finals in 7d,0.0,109.510002,data/real/prices/yahoo/FLUT.json,110.660004,108.150002,109.43,b0ffbb30d24f61202de05dce905e96fb554a730be44b61df2e48712c8bcbabd0,2673900,0.0,,27,buy,0.914,-6.392,0.914,0.914,0.27,filled,,FLUT,1.562
172.38,False,172.38,172.36,-1380.088,1.0,2026-04-08,172.369995,0.0,-0.035,0.048,8.433,100.0,8,0.035,1.128,0,,172.37,1379.04,market,@FDACatalyst_Rider,0.00063,0.08,fda: 30d approvals=89 median=67,0.0,171.860001,data/real/prices/yahoo/IBB.json,172.550003,170.270004,172.369995,20849c9611587299a52489fe22060adc7823c700fb3483f21091d85a6cf8acb0,1274900,0.0,,8,buy,0.58,30.257,0.58,0.58,0.08,filled,,IBB,1.163
132.43,False,132.43,132.41,-4238.952,1.0,2026-04-08,132.419998,0.0,-0.131,0.192,3.877,100.0,32,0.131,1.5121,0,,132.42,4237.76,market,@FDACatalyst_Rider,0.00043,0.3201,fda: 30d approvals=89 median=67,0.0,130.649994,data/real/prices/yahoo/XBI.json,133.270004,129.789993,132.419998,fe9eeb851e6faba2a7187e008fab271608d8a4d544227ad3543ac3d95d5dd769,7511800,0.0,,32,buy,0.755,136.242,0.755,0.755,0.32,filled,,XBI,1.643
132.43,False,132.44,132.41,-8874.882,1.0,2026-04-08,132.419998,0.0,0.2731,0.402,2.782,100.0,67,0.397,2.7421,0,,132.42,8873.48,market,@FDA_ClusterFade,0.00089,1.3401,fda fade: z=1.91 short sector,0.0,130.649994,data/real/prices/yahoo/XBI.json,133.270004,129.789993,132.419998,fe9eeb851e6faba2a7187e008fab271608d8a4d544227ad3543ac3d95d5dd769,7511800,0.0,,67,buy,1.51,137.008,1.51,1.51,0.67,filled,,XBI,2.469
23.71,False,23.7,23.7,1728.6121,1.0,2026-04-09,23.700001,0.0,-0.4464,0.438,11.181,100.0,73,0.0815,1.4879,0,,23.705,1730.1,market,@MLB_Attention_Momo,0.00047,0.0001,mlb attention: 90 finals in 7d,0.0,22.25,data/real/prices/yahoo/DKNG.json,23.73,22.17,23.700001,728eccb3861f5cb322bf539a1926fb53cb11fdf0d1412a8d19111bd3a9ac37ef,15539900,0.0499,,73,sell,0.0,651.685,0.0,-0.0,0.365,filled,,DKNG,1.9344
171.42,False,171.4,171.4,1027.3416,1.0,2026-04-09,171.410004,0.0,-0.0224,0.036,11.093,100.0,6,0.0224,1.1184,0,,171.41,1028.4,market,@FDACatalyst_Rider,0.00075,0.06,fda: 30d approvals=87 median=67,0.0,172.160004,data/real/prices/yahoo/IBB.json,172.619995,170.330002,171.410004,20849c9611587299a52489fe22060adc7823c700fb3483f21091d85a6cf8acb0,796100,0.0224,,6,sell,0.584,-44.145,0.584,-0.584,0.06,filled,,IBB,1.1408
129.71,False,129.69,129.69,1944.217,1.0,2026-04-09,129.699997,0.0,-0.0406,0.09,6.803,100.0,15,0.0405,1.283,0,,129.7,1945.35,market,@FDACatalyst_Rider,0.00027,0.15,fda: 30d approvals=87 median=67,0.0,131.820007,data/real/prices/yahoo/XBI.json,132.149994,129.550003,129.699997,fe9eeb851e6faba2a7187e008fab271608d8a4d544227ad3543ac3d95d5dd769,5596600,0.043,,15,sell,0.771,-161.585,0.771,-0.771,0.15,filled,,XBI,1.3235
129.71,False,129.69,129.69,4926.8831,1.0,2026-04-09,129.699997,0.0,-0.1635,0.228,3.815,100.0,38,0.1633,1.7168,0,,129.7,4928.22,market,@FDA_ClusterFade,0.00068,0.3799,fda fade: z=1.71 short sector,0.0,131.820007,data/real/prices/yahoo/XBI.json,132.149994,129.550003,129.699997,fe9eeb851e6faba2a7187e008fab271608d8a4d544227ad3543ac3d95d5dd769,5596600,0.1089,,38,sell,0.771,-161.585,0.771,-0.771,0.38,filled,,XBI,1.8803
22.42,False,22.42,22.41,-2804.25,1.0,2026-04-10,22.41,0.0,0.433,0.75,9.16,100.0,125,0.192,3.0,0,,22.415,2802.5,market,@MLB_Attention_Momo,0.00096,1.25,mlb attention: 93 finals in 7d,0.0,22.23,data/real/prices/yahoo/DKNG.json,22.75,21.795,22.41,728eccb3861f5cb322bf539a1926fb53cb11fdf0d1412a8d19111bd3a9ac37ef,13028500,0.0,,125,buy,4.462,85.47,4.462,4.462,0.625,filled,,DKNG,2.567
107.14,False,107.12,107.12,1070.116,1.0,2026-04-10,107.129997,0.0,-0.0332,0.06,11.363,100.0,10,0.0332,1.184,0,,107.13,1071.2,market,@MLB_Attention_Momo,0.00037,0.1,mlb attention: 93 finals in 7d,0.0,102.379997,data/real/prices/yahoo/FLUT.json,107.389999,101.190002,107.129997,b0ffbb30d24f61202de05dce905e96fb554a730be44b61df2e48712c8bcbabd0,2711900,0.024,,10,sell,0.933,462.981,0.933,-0.933,0.1,filled,,FLUT,1.2172
15.74,False,15.73,15.73,2467.5865,1.0,2026-04-10,15.73,0.0,-1.0988,0.942,12.643,100.0,157,0.3138,2.0235,0,,15.735,2469.61,market,@MLB_Attention_Momo,0.00675,-0.0,mlb attention: 93 finals in 7d,0.0,15.25,data/real/prices/yahoo/PENN.json,15.82,15.15,15.73,a08c607c0926b67cf07c1d783cb680772c85851bf312595d1e12c5291078fa04,2325800,0.0815,,157,sell,-0.0,314.754,-0.0,0.0,0.785,filled,,PENN,3.1223
132.1,False,132.1,132.08,-1718.378,1.0,2026-04-10,132.089996,0.0,-0.0337,0.078,7.231,100.0,13,0.0337,1.2081,0,,132.09,1717.3,market,@FDACatalyst_Rider,0.00013,0.1301,fda: 30d approvals=88 median=67,0.0,129.440002,data/real/prices/yahoo/XBI.json,132.270004,128.759995,132.089996,fe9eeb851e6faba2a7187e008fab271608d8a4d544227ad3543ac3d95d5dd769,10034300,0.0,,13,buy,0.757,205.5,0.757,0.757,0.13,filled,,XBI,1.2417
132.1,False,132.1,132.08,-4492.604,1.0,2026-04-10,132.089996,0.0,-0.1426,0.204,3.755,100.0,34,0.1427,1.5441,0,,132.09,4491.4,market,@FDA_ClusterFade,0.00034,0.3401,fda fade: z=1.78 short sector,0.0,129.440002,data/real/prices/yahoo/XBI.json,132.270004,128.759995,132.089996,fe9eeb851e6faba2a7187e008fab271608d8a4d544227ad3543ac3d95d5dd769,10034300,0.0,,34,buy,0.757,205.5,0.757,0.757,0.34,filled,,XBI,1.6867
22.03,False,22.02,22.02,3367.0428,1.0,2026-04-13,22.02,0.0,-1.0177,0.918,9.008,100.0,153,0.2527,2.0172,0,,22.025,3369.06,market,@MLB_Attention_Momo,0.00132,-0.0,mlb attention: 94 finals in 7d,0.0,22.51,data/real/prices/yahoo/DKNG.json,22.805,21.715,22.02,728eccb3861f5cb322bf539a1926fb53cb11fdf0d1412a8d19111bd3a9ac37ef,11593700,0.0992,,153,sell,-0.0,-217.681,-0.0,0.0,0.765,filled,,DKNG,3.0349
15.15,False,15.14,15.14,2042.0216,1.0,2026-04-13,15.14,0.0,-0.9148,0.81,13.666,100.0,135,0.2398,1.8784,0,,15.145,2043.9,market,@MLB_Attention_Momo,0.00466,-0.0,mlb attention: 94 finals in 7d,0.0,15.29,data/real/prices/yahoo/PENN.json,15.46,14.96,15.14,a08c607c0926b67cf07c1d783cb680772c85851bf312595d1e12c5291078fa04,2896300,0.0684,,135,sell,-0.0,-98.103,-0.0,0.0,0.675,filled,,PENN,2.7932
130.31,False,130.29,130.29,1692.6546,1.0,2026-04-13,130.300003,0.0,-0.0338,0.078,7.553,100.0,13,0.0338,1.2455,0,,130.3,1693.77,market,@FDACatalyst_Rider,0.00017,0.13,fda: 30d approvals=80 median=67,0.0,132.050003,data/real/prices/yahoo/XBI.json,133.600006,130.190002,130.300003,fe9eeb851e6faba2a7187e008fab271608d8a4d544227ad3543ac3d95d5dd769,7851900,0.0374,,13,sell,0.768,-133.283,0.768,-0.768,0.13,filled,,XBI,1.2793
22.62,False,22.62,22.61,-2127.844,1.0,2026-04-14,22.610001,0.0,0.3442,0.564,10.157,100.0,94,0.1257,2.5039,0,,22.615,2126.28,market,@MLB_Attention_Momo,0.00094,0.9399,mlb attention: 91 finals in 7d,0.0,22.959999,data/real/prices/yahoo/DKNG.json,23.299999,22.52,22.610001,728eccb3861f5cb322bf539a1926fb53cb11fdf0d1412a8d19111bd3a9ac37ef,9978300,0.0,,94,buy,4.422,-148.083,4.422,4.422,0.47,filled,,DKNG,2.1597
15.4,False,15.4,15.39,-2743.268,1.0,2026-04-14,15.4,0.0,-1.2535,1.068,12.117,100.0,178,0.3635,2.068,0,,15.395,2741.2,market,@MLB_Attention_Momo,0.00539,0.0,mlb attention: 91 finals in 7d,0.0,15.61,data/real/prices/yahoo/PENN.json,15.81,15.4,15.4,a08c607c0926b67cf07c1d783cb680772c85851bf312595d1e12c5291078fa04,3299400,0.0,,178,buy,0.0,-134.529,0.0,0.0,0.89,filled,,PENN,3.3215
133.21,False,133.21,133.19,-2398.888,1.0,2026-04-14,133.199997,0.0,-0.0546,0.108,5.599,100.0,18,0.0546,1.2881,0,,133.2,2397.78,market,@FDACatalyst_Rider,0.00016,0.1801,fda: 30d approvals=82 median=67,0.0,135.720001,data/real/prices/yahoo/XBI.json,136.399994,133.029999,133.199997,fe9eeb851e6faba2a7187e008fab271608d8a4d544227ad3543ac3d95d5dd769,11046900,0.0,,18,buy,0.751,-184.94,0.751,0.751,0.18,filled,,XBI,1.3426
108.71,False,108.71,108.69,-1088.16,1.0,2026-04-15,108.695,0.0,0.0172,0.06,10.972,100.0,10,0.0328,1.21,0,,108.7,1087.1,market,@MLB_Attention_Momo,0.00052,0.15,mlb attention: 91 finals in 7d,0.0,111.790001,data/real/prices/yahoo/FLUT.json,112.394997,108.389999,108.695,b0ffbb30d24f61202de05dce905e96fb554a730be44b61df2e48712c8bcbabd0,1932700,0.0,,10,buy,1.38,-275.517,1.38,1.38,0.1,filled,,FLUT,1.1928
442.9,False,442.94,442.87,-273741.628,1.0,2026-04-15,442.880005,0.0,1.8567,3.708,1.459,100.0,618,25.9502,41.7849,0,,442.885,273736.92,market,@GOLD_Trend_GLD,0.00957,37.0769,gold: trend up,0.0,440.459991,data/real/prices/yahoo/GLD.json,443.73999,439.600006,442.880005,545093d31c9d8284e3b5dc66f668a6cb7391d9925b5abdf3e82bcaa71e423b40,6455900,0.0,,618,buy,1.355,56.305,1.355,1.355,9.27,filled,,GLD,39.9282
268.79,False,268.8,268.77,-62632.798,1.0,2026-04-15,268.779999,0.0,0.7602,1.398,1.006,100.0,233,1.57,7.0582,0,,268.78,62630.4,market,@PinePilot_EMA_Cross,0.00108,4.6602,pinepilot: EMA(20) > EMA(50),0.0,269.390015,data/real/prices/yahoo/IWM.json,269.589996,267.589996,268.779999,4f6191d7931ac8755dec346902f769128dd059359a542aaf947e90ff8f2d344a,21670600,0.0,,233,buy,0.744,-21.902,0.744,0.744,2.33,filled,,IWM,6.298
15.78,False,15.78,15.77,-1311.238,1.0,2026-04-15,15.77,0.0,0.2966,0.498,15.51,100.0,83,0.1184,2.328,0,,15.775,1309.74,market,@MLB_Attention_Momo,0.00284,0.83,mlb attention: 91 finals in 7d,0.0,16.01,data/real/prices/yahoo/PENN.json,16.290001,15.72,15.77,a08c607c0926b67cf07c1d783cb680772c85851bf312595d1e12c5291078fa04,2917900,0.0,,83,buy,6.341,-143.66,6.341,6.341,0.415,filled,,PENN,2.0314
136.38,False,136.38,136.36,-3274.264,1.0,2026-04-15,136.369995,0.0,-0.0876,0.144,4.496,100.0,24,0.0877,1.3841,0,,136.37,3273.12,market,@FDACatalyst_Rider,0.00028,0.2401,fda: 30d approvals=83 median=67,0.0,136.449997,data/real/prices/yahoo/XBI.json,137.5,134.449997,136.369995,fe9eeb851e6faba2a7187e008fab271608d8a4d544227ad3543ac3d95d5dd769,8563800,0.0,,24,buy,0.734,-5.13,0.734,0.734,0.24,filled,,XBI,1.4717
23.8,False,23.8,23.79,-2429.212,1.0,2026-04-16,23.790001,0.0,0.3596,0.612,9.36,100.0,102,0.1503,2.6319,0,,23.795,2427.6,market,@MLB_Attention_Momo,0.00103,1.0199,mlb attention: 91 finals in 7d,0.0,23.74,data/real/prices/yahoo/DKNG.json,24.165001,23.299999,23.790001,728eccb3861f5cb322bf539a1926fb53cb11fdf0d1412a8d19111bd3a9ac37ef,9865100,0.0,,102,buy,4.203,25.274,4.203,4.203,0.51,filled,,DKNG,2.2723
110.81,False,110.81,110.79,-1663.24,1.0,2026-04-16,110.800003,0.0,-0.0661,0.09,7.857,100.0,15,0.066,1.24,0,,110.8,1662.15,market,@MLB_Attention_Momo,0.00028,0.15,mlb attention: 91 finals in 7d,0.0,109.059998,data/real/prices/yahoo/FLUT.json,112.805,106.360001,110.800003,b0ffbb30d24f61202de05dce905e96fb554a730be44b61df2e48712c8bcbabd0,5427400,0.0,,15,buy,0.902,160.462,0.902,0.902,0.15,filled,,FLUT,1.306
175.54,False,175.55,175.52,-2283.228,1.0,2026-04-16,175.529999,0.0,0.0557,0.078,5.619,100.0,13,0.0743,1.338,0,,175.53,2282.15,market,@FDACatalyst_Rider,0.00101,0.26,fda: 30d approvals=87 median=68,0.0,174.119995,data/real/prices/yahoo/IBB.json,176.050003,173.440002,175.529999,20849c9611587299a52489fe22060adc7823c700fb3483f21091d85a6cf8acb0,1282200,0.0,,13,buy,1.139,82.128,1.139,1.139,0.13,filled,,IBB,1.2823
136.15,False,136.16,136.13,-7490.13,1.0,2026-04-16,136.139999,0.0,0.2484,0.33,2.913,100.0,55,0.3017,2.4301,0,,136.14,7488.8,market,@FDA_ClusterFade,0.0008,1.1001,fda fade: z=1.64 short sector,0.0,135.460007,data/real/prices/yahoo/XBI.json,136.630005,134.710007,136.139999,fe9eeb851e6faba2a7187e008fab271608d8a4d544227ad3543ac3d95d5dd769,6839900,0.0,,55,buy,1.469,51.675,1.469,1.469,0.55,filled,,XBI,2.1817
445.66,False,445.66,445.63,-1783.664,1.0,2026-04-17,445.649994,0.0,-0.0338,0.024,6.158,100.0,4,0.0138,1.064,0,,445.645,1782.64,market,@GOLD_Trend_GLD,4e-05,0.04,gold: trend up,0.0,445.929993,data/real/prices/yahoo/GLD.json,448.700012,445.320007,445.649994,545093d31c9d8284e3b5dc66f668a6cb7391d9925b5abdf3e82bcaa71e423b40,9712000,0.0,,4,buy,0.225,-6.055,0.225,0.225,0.06,filled,,GLD,1.0978
16.2,False,16.2,16.19,-2269.84,1.0,2026-04-17,16.190001,0.0,0.4365,0.84,12.36,100.0,140,0.2633,3.2399,0,,16.195,2268.0,market,@MLB_Attention_Momo,0.00396,1.3999,mlb attention: 95 finals in 7d,0.0,15.85,data/real/prices/yahoo/PENN.json,16.43,15.73,16.190001,a08c607c0926b67cf07c1d783cb680772c85851bf312595d1e12c5291078fa04,3539700,0.0,,140,buy,6.176,220.82,6.176,6.176,0.7,filled,,PENN,2.8033
645.61,False,645.62,645.58,-63272.348,1.0,2026-04-17,645.590027,0.0,0.6352,0.588,0.615,100.0,98,0.8321,4.5254,0,,645.595,63270.76,market,@PinePilot_EMA_Cross,0.00018,2.9374,pinepilot: EMA(20) > EMA(50),0.0,648.849976,data/real/prices/yahoo/QQQ.json,650.0,644.070007,645.590027,ae9ec3c0b0b8e0f5cd28ee45eac2dfcff9f95a7c5a1244e170ab0980d85979ed,53488900,0.0,,98,buy,0.464,-49.78,0.464,0.464,1.47,filled,,QQQ,3.8901
706.16,False,706.17,706.13,-62850.664,1.0,2026-04-17,706.140015,0.0,0.7685,0.534,0.546,100.0,89,0.5651,4.2027,0,,706.145,62849.13,market,@PinePilot_EMA_Cross,0.00013,2.6687,pinepilot: EMA(20) > EMA(50),0.0,710.140015,data/real/prices/yahoo/SPY.json,712.390015,705.76001,706.140015,e0f05aaf67be23da1db20513eaed93274b165898427ebeab80c7cb2eca1d9a2d,70661900,0.0,,89,buy,0.425,-55.905,0.425,0.425,1.335,filled,,SPY,3.4341
137.78,False,137.78,137.76,-2894.506,1.0,2026-04-17,137.770004,0.0,-0.0728,0.126,4.869,100.0,21,0.0727,1.3359,0,,137.77,2893.38,market,@FDA_ClusterFade,0.00021,0.2099,fda fade: z=1.54 short sector,0.0,138.669998,data/real/prices/yahoo/XBI.json,139.190002,137.210007,137.770004,fe9eeb851e6faba2a7187e008fab271608d8a4d544227ad3543ac3d95d5dd769,10212700,0.0,,21,buy,0.726,-64.181,0.726,0.726,0.21,filled,,XBI,1.4087
108.55,False,108.52,108.53,3579.8818,1.0,2026-04-20,108.540001,0.0,0.1212,0.198,5.074,100.0,33,0.2088,1.9382,0,,108.54,3581.16,market,@MLB_Attention_Momo,0.00196,0.66,mlb attention: 95 finals in 7d,0.0,109.629997,data/real/prices/yahoo/FLUT.json,111.169998,108.339996,108.540001,b0ffbb30d24f61202de05dce905e96fb554a730be44b61df2e48712c8bcbabd0,1680500,0.0802,,33,sell,1.843,-101.249,1.843,-1.843,0.33,filled,,FLUT,1.817
443.15,False,443.12,443.12,885.2094,1.0,2026-04-20,443.130005,0.0,-0.0147,0.012,12.021,100.0,2,0.0047,1.0507,0,,443.135,886.24,market,@GOLD_Trend_GLD,2e-05,0.02,gold: trend up,0.0,442.089996,data/real/prices/yahoo/GLD.json,443.420013,440.049988,443.130005,545093d31c9d8284e3b5dc66f668a6cb7391d9925b5abdf3e82bcaa71e423b40,8473000,0.0186,,2,sell,0.226,23.299,0.226,-0.226,0.03,filled,,GLD,1.0653
15.62,False,15.61,15.61,3665.8186,1.0,2026-04-20,15.61,0.0,-1.738,1.41,11.638,100.0,235,0.563,2.5314,0,,15.615,3668.35,market,@MLB_Attention_Momo,0.00628,-0.0,mlb attention: 95 finals in 7d,0.0,15.84,data/real/prices/yahoo/PENN.json,15.96,15.32,15.61,a08c607c0926b67cf07c1d783cb680772c85851bf312595d1e12c5291078fa04,3740800,0.1214,,235,sell,-0.0,-145.202,-0.0,0.0,1.175,filled,,PENN,4.2694
138.0,False,138.0,137.98,-967.042,1.0,2026-04-20,137.990005,0.0,-0.0137,0.042,11.653,100.0,7,0.0136,1.112,0,,137.99,966.0,market,@FDACatalyst_Rider,0.00012,0.07,fda: 30d approvals=76 median=68,0.0,137.789993,data/real/prices/yahoo/XBI.json,138.630005,137.0,137.990005,fe9eeb851e6faba2a7187e008fab271608d8a4d544227ad3543ac3d95d5dd769,6034000,0.0,,7,buy,0.724,15.241,0.724,0.724,0.07,filled,,XBI,1.1256
109.58,False,109.58,109.56,-1316.032,1.0,2026-04-21,109.57,0.0,-0.0465,0.072,9.418,100.0,12,0.0465,1.192,0,,109.57,1314.96,market,@MLB_Attention_Momo,0.00058,0.12,mlb attention: 95 finals in 7d,0.0,109.5,data/real/prices/yahoo/FLUT.json,111.695,108.364998,109.57,b0ffbb30d24f61202de05dce905e96fb554a730be44b61df2e48712c8bcbabd0,2082900,0.0,,12,buy,0.913,7.306,0.913,0.913,0.12,filled,,FLUT,1.2385
438.56,False,438.53,438.53,2630.0886,1.0,2026-04-21,438.549988,0.0,0.0079,0.036,4.574,100.0,6,0.022,1.2113,0,,438.545,2631.18,market,@GOLD_Trend_GLD,6e-05,0.1199,gold: trend up,0.0,429.570007,data/real/prices/yahoo/GLD.json,440.25,428.709991,438.549988,545093d31c9d8284e3b5dc66f668a6cb7391d9925b5abdf3e82bcaa71e423b40,9480000,0.0554,,6,sell,0.456,208.581,0.456,-0.456,0.09,filled,,GLD,1.2034
710.3,False,710.3,710.27,-711.306,1.0,2026-04-21,710.280029,0.0,0.0043,0.006,14.383,100.0,1,0.0007,1.026,0,,710.285,710.3,market,@PinePilot_EMA_Cross,0.0,0.02,pinepilot: EMA(20) > EMA(50),0.0,704.080017,data/real/prices/yahoo/SPY.json,711.280029,702.640015,710.280029,e0f05aaf67be23da1db20513eaed93274b165898427ebeab80c7cb2eca1d9a2d,58941400,0.0,,1,buy,0.281,88.342,0.281,0.281,0.015,filled,,SPY,1.0217
23.0,False,22.99,22.99,1033.2499,1.0,2026-04-22,23.0,0.0,0.1832,0.27,15.145,100.0,45,0.0418,1.7501,0,,22.995,1034.55,market,@MLB_Attention_Momo,0.00047,0.45,mlb attention: 95 finals in 7d,0.0,22.469999,data/real/prices/yahoo/DKNG.json,23.15,22.299999,23.0,728eccb3861f5cb322bf539a1926fb53cb11fdf0d1412a8d19111bd3a9ac37ef,9558700,0.0301,,45,sell,4.348,231.42,4.348,-4.348,0.225,filled,,DKNG,1.5669
436.28,False,436.21,436.25,267386.4241,1.0,2026-04-22,436.269989,0.0,5.0568,3.678,1.572,100.0,613,22.5214,47.0792,0,,436.265,267396.73,market,@GOLD_Trend_GLD,0.01184,36.7733,gold: trend broke,0.0,435.26001,data/real/prices/yahoo/GLD.json,437.170013,433.779999,436.269989,545093d31c9d8284e3b5dc66f668a6cb7391d9925b5abdf3e82bcaa71e423b40,5178100,5.6279,,613,sell,1.375,21.826,1.375,-1.375,9.195,filled,,GLD,42.0223
15.67,False,15.67,15.66,-1490.22,1.0,2026-04-22,15.66,0.0,0.3346,0.57,14.68,100.0,95,0.1404,2.52,0,,15.665,1488.65,market,@MLB_Attention_Momo,0.00127,0.95,mlb attention: 95 finals in 7d,0.0,14.77,data/real/prices/yahoo/PENN.json,15.84,14.64,15.66,a08c607c0926b67cf07c1d783cb680772c85851bf312595d1e12c5291078fa04,7469400,0.0,,95,buy,6.386,609.343,6.386,6.386,0.475,filled,,PENN,2.1854
22.27,False,22.26,22.26,1356.4541,1.0,2026-04-23,22.264999,0.0,-0.0643,0.366,13.073,100.0,61,0.0642,1.7108,0,,22.265,1357.86,market,@MLB_Attention_Momo,0.00069,0.3049,mlb attention: 95 finals in 7d,0.0,22.17,data/real/prices/yahoo/DKNG.json,22.700001,21.690001,22.264999,728eccb3861f5cb322bf539a1926fb53cb11fdf0d1412a8d19111bd3a9ac37ef,8881300,0.0399,,61,sell,2.245,40.595,2.245,-2.245,0.305,filled,,DKNG,1.7751
105.11,False,105.09,105.09,1049.8164,1.0,2026-04-23,105.099998,0.0,-0.0326,0.06,11.573,100.0,10,0.0326,1.1836,0,,105.1,1050.9,market,@MLB_Attention_Momo,0.00059,0.1,mlb attention: 95 finals in 7d,0.0,106.050003,data/real/prices/yahoo/FLUT.json,107.139999,104.07,105.099998,b0ffbb30d24f61202de05dce905e96fb554a730be44b61df2e48712c8bcbabd0,1688000,0.0236,,10,sell,0.951,-90.524,0.951,-0.951,0.1,filled,,FLUT,1.2162
15.51,False,15.5,15.5,2834.3079,1.0,2026-04-23,15.5,0.0,-1.2804,1.098,12.242,100.0,183,0.3654,2.1921,0,,15.505,2836.5,market,@MLB_Attention_Momo,0.00162,-0.0,mlb attention: 95 finals in 7d,0.0,17.26,data/real/prices/yahoo/PENN.json,17.280001,15.16,15.5,a08c607c0926b67cf07c1d783cb680772c85851bf312595d1e12c5291078fa04,11322200,0.0941,,183,sell,-0.0,-1019.699,-0.0,0.0,0.915,filled,,PENN,3.4725
136.83,False,136.81,136.81,1367.0099,1.0,2026-04-23,136.820007,0.0,-0.0231,0.06,8.869,100.0,10,0.0232,1.1902,0,,136.82,1368.1,market,@FDACatalyst_Rider,0.00013,0.1001,fda: 30d approvals=86 median=68,0.0,134.490005,data/real/prices/yahoo/XBI.json,138.119995,133.589996,136.820007,fe9eeb851e6faba2a7187e008fab271608d8a4d544227ad3543ac3d95d5dd769,7785000,0.0301,,10,sell,0.731,172.503,0.731,-0.731,0.1,filled,,XBI,1.2133
136.83,False,136.81,136.81,1503.8109,1.0,2026-04-23,136.820007,0.0,-0.0267,0.066,8.212,100.0,11,0.0267,1.2092,0,,136.82,1504.91,market,@FDA_ClusterFade,0.00014,0.1101,fda fade: z=1.50 short sector,0.0,134.490005,data/real/prices/yahoo/XBI.json,138.119995,133.589996,136.820007,fe9eeb851e6faba2a7187e008fab271608d8a4d544227ad3543ac3d95d5dd769,7785000,0.0331,,11,sell,0.731,172.503,0.731,-0.731,0.11,filled,,XBI,1.2359
21.8,False,21.8,21.79,-5169.022,1.0,2026-04-24,21.790001,0.0,0.7065,1.422,7.907,100.0,237,0.4783,4.7918,0,,21.795,5166.6,market,@MLB_Attention_Momo,0.00145,2.3698,mlb attention: 94 finals in 7d,0.0,23.18,data/real/prices/yahoo/DKNG.json,23.448,21.66,21.790001,728eccb3861f5cb322bf539a1926fb53cb11fdf0d1412a8d19111bd3a9ac37ef,16289400,0.0,,237,buy,4.589,-595.341,4.589,4.589,1.185,filled,,DKNG,4.0853
105.85,False,105.86,105.83,-3282.846,1.0,2026-04-24,105.839996,0.0,0.131,0.186,5.104,100.0,31,0.1791,1.8061,0,,105.84,3281.66,market,@MLB_Attention_Momo,0.00084,0.6201,mlb attention: 94 finals in 7d,0.0,111.57,data/real/prices/yahoo/FLUT.json,112.800003,105.275002,105.839996,b0ffbb30d24f61202de05dce905e96fb554a730be44b61df2e48712c8bcbabd0,3685000,0.0,,31,buy,1.89,-511.786,1.89,1.89,0.31,filled,,FLUT,1.6751
17.24,False,17.23,17.23,3460.9135,1.0,2026-04-24,17.23,0.0,-1.7679,1.206,11.794,100.0,201,0.7629,2.3165,0,,17.235,3463.23,market,@MLB_Attention_Momo,0.00255,-0.0,mlb attention: 94 finals in 7d,0.0,17.24,data/real/prices/yahoo/PENN.json,17.41,16.34,17.23,a08c607c0926b67cf07c1d783cb680772c85851bf312595d1e12c5291078fa04,7882200,0.1105,,201,sell,-0.0,-5.8,-0.0,0.0,1.005,filled,,PENN,4.0844
134.54,False,134.52,134.52,2420.1986,1.0,2026-04-24,134.529999,0.0,-0.0555,0.108,5.769,100.0,18,0.0555,1.3414,0,,134.53,2421.36,market,@FDACatalyst_Rider,0.00027,0.18,fda: 30d approvals=85 median=68,0.0,133.279999,data/real/prices/yahoo/XBI.json,134.889999,131.970001,134.529999,fe9eeb851e6faba2a7187e008fab271608d8a4d544227ad3543ac3d95d5dd769,6790700,0.0534,,18,sell,0.743,93.037,0.743,-0.743,0.18,filled,,XBI,1.3969
111.17,False,111.17,111.15,-1112.76,1.0,2026-04-27,111.160004,0.0,-0.0353,0.06,10.752,100.0,10,0.0353,1.16,0,,111.16,1111.7,market,@MLB_Attention_Momo,0.00027,0.1,mlb attention: 93 finals in 7d,0.0,110.93,data/real/prices/yahoo/FLUT.json,114.580002,110.730003,111.160004,b0ffbb30d24f61202de05dce905e96fb554a730be44b61df2e48712c8bcbabd0,3703900,0.0,,10,buy,0.899,21.635,0.899,0.899,0.1,filled,,FLUT,1.1953
17.24,False,17.24,17.23,-4519.452,1.0,2026-04-27,17.23,0.0,0.1813,1.572,11.093,100.0,262,1.1287,5.192,0,,17.235,4516.88,market,@MLB_Attention_Momo,0.00491,2.62,mlb attention: 93 finals in 7d,0.0,17.83,data/real/prices/yahoo/PENN.json,18.07,17.209999,17.23,a08c607c0926b67cf07c1d783cb680772c85851bf312595d1e12c5291078fa04,5335800,0.0,,262,buy,5.804,-330.903,5.804,5.804,1.31,filled,,PENN,5.0107
713.18,False,713.18,713.15,-714.186,1.0,2026-04-27,713.169983,0.0,-0.0056,0.006,14.325,100.0,1,0.0006,1.016,0,,713.165,713.18,market,@PinePilot_EMA_Cross,0.0,0.01,pinepilot: EMA(20) > EMA(50),0.0,715.169983,data/real/prices/yahoo/SPY.json,715.630005,712.299988,713.169983,e0f05aaf67be23da1db20513eaed93274b165898427ebeab80c7cb2eca1d9a2d,33135900,0.0,,1,buy,0.14,-27.825,0.14,0.14,0.015,filled,,SPY,1.0216
133.45,False,133.43,133.43,1466.6316,1.0,2026-04-27,133.440002,0.0,-0.0253,0.066,8.406,100.0,11,0.0254,1.2084,0,,133.44,1467.73,market,@FDACatalyst_Rider,0.00017,0.11,fda: 30d approvals=82 median=68,0.0,133.039993,data/real/prices/yahoo/XBI.json,135.860001,132.630005,133.440002,fe9eeb851e6faba2a7187e008fab271608d8a4d544227ad3543ac3d95d5dd769,6658700,0.0324,,11,sell,0.75,29.315,0.75,-0.75,0.11,filled,,XBI,1.2337
109.86,False,109.86,109.84,-1978.588,1.0,2026-04-28,109.849998,0.0,-0.0843,0.108,6.94,100.0,18,0.0844,1.288,0,,109.85,1977.48,market,@MLB_Attention_Momo,0.00052,0.18,mlb attention: 91 finals in 7d,0.0,109.089996,data/real/prices/yahoo/FLUT.json,111.089996,106.980003,109.849998,b0ffbb30d24f61202de05dce905e96fb554a730be44b61df2e48712c8bcbabd0,3429100,0.0,,18,buy,0.911,70.584,0.911,0.911,0.18,filled,,FLUT,1.3724
17.75,False,17.74,17.74,1009.8061,1.0,2026-04-28,17.75,0.0,0.167,0.342,17.573,100.0,57,0.118,1.9439,0,,17.745,1011.18,market,@MLB_Attention_Momo,0.00144,0.57,mlb attention: 91 finals in 7d,0.0,18.0,data/real/prices/yahoo/PENN.json,18.25,17.629999,17.75,a08c607c0926b67cf07c1d783cb680772c85851bf312595d1e12c5291078fa04,3948700,0.0319,,57,sell,5.634,-144.444,5.634,-5.634,0.285,filled,,PENN,1.7769
23.42,False,23.42,23.41,-1406.56,1.0,2026-04-29,23.41,0.0,0.2435,0.36,12.215,100.0,60,0.0565,1.96,0,,23.415,1405.2,market,@MLB_Attention_Momo,0.00091,0.6,mlb attention: 91 finals in 7d,0.0,23.139999,data/real/prices/yahoo/DKNG.json,23.459999,22.799999,23.41,728eccb3861f5cb322bf539a1926fb53cb11fdf0d1412a8d19111bd3a9ac37ef,6608200,0.0,,60,buy,4.272,121.003,4.272,4.272,0.3,filled,,DKNG,1.7165
130.06,False,130.04,130.04,3379.8093,1.0,2026-04-29,130.050003,0.0,-0.0842,0.156,4.658,100.0,26,0.0843,1.4908,0,,130.05,3381.04,market,@FDACatalyst_Rider,0.00029,0.2601,fda: 30d approvals=85 median=68,0.0,128.899994,data/real/prices/yahoo/XBI.json,130.610001,127.760002,130.050003,fe9eeb851e6faba2a7187e008fab271608d8a4d544227ad3543ac3d95d5dd769,9033100,0.0747,,26,sell,0.769,88.441,0.769,-0.769,0.26,filled,,XBI,1.575
273.14,False,273.14,273.12,-1093.584,1.0,2026-04-30,273.130005,0.0,-0.0028,0.024,9.764,100.0,4,0.0028,1.064,0,,273.13,1092.56,market,@PinePilot_EMA_Cross,1e-05,0.04,pinepilot: EMA(20) > EMA(50),0.0,277.970001,data/real/prices/yahoo/IWM.json,278.220001,272.440002,273.130005,4f6191d7931ac8755dec346902f769128dd059359a542aaf947e90ff8f2d344a,29220700,0.0,,4,buy,0.366,-173.76,0.366,0.366,0.04,filled,,IWM,1.0668
17.86,False,17.85,17.85,1408.6315,1.0,2026-04-30,17.85,0.0,-0.5797,0.474,14.879,100.0,79,0.1847,1.5185,0,,17.855,1410.15,market,@MLB_Attention_Momo,0.00129,-0.0,mlb attention: 89 finals in 7d,0.0,17.459999,data/real/prices/yahoo/PENN.json,18.030001,17.42,17.85,a08c607c0926b67cf07c1d783cb680772c85851bf312595d1e12c5291078fa04,6102100,0.0445,,79,sell,-0.0,223.368,-0.0,0.0,0.395,filled,,PENN,2.0981
23.5,False,23.49,23.49,1384.5159,1.0,2026-05-01,23.49,0.0,-0.3497,0.354,12.582,100.0,59,0.0547,1.3941,0,,23.495,1385.91,market,@MLB_Attention_Momo,0.00073,-0.0,mlb attention: 91 finals in 7d,0.0,23.0,data/real/prices/yahoo/DKNG.json,23.799999,22.84,23.49,728eccb3861f5cb322bf539a1926fb53cb11fdf0d1412a8d19111bd3a9ac37ef,8090800,0.0401,,59,sell,-0.0,213.043,-0.0,0.0,0.295,filled,,DKNG,1.7437
167.98,False,167.97,167.97,1342.6828,1.0,2026-05-01,167.970001,0.0,-0.0654,0.048,8.504,100.0,8,0.0254,1.0772,0,,167.975,1343.76,market,@FDACatalyst_Rider,0.00067,0.0,fda: 30d approvals=89 median=69,0.0,167.270004,data/real/prices/yahoo/IBB.json,168.110001,166.0,167.970001,20849c9611587299a52489fe22060adc7823c700fb3483f21091d85a6cf8acb0,1200300,0.0292,,8,sell,0.0,41.848,0.0,-0.0,0.04,filled,,IBB,1.1427
17.58,False,17.58,17.57,-1777.186,1.0,2026-05-01,17.57,0.0,0.2543,0.606,13.301,100.0,101,0.2507,2.616,0,,17.575,1775.58,market,@MLB_Attention_Momo,0.00222,1.01,mlb attention: 91 finals in 7d,0.0,17.27,data/real/prices/yahoo/PENN.json,18.0,17.139999,17.57,a08c607c0926b67cf07c1d783cb680772c85851bf312595d1e12c5291078fa04,4547300,0.0,,101,buy,5.692,179.502,5.692,5.692,0.505,filled,,PENN,2.3617
669.17,False,669.17,669.15,-14722.872,1.0,2026-05-01,669.159973,0.0,-0.0595,0.132,0.959,100.0,22,0.0601,1.3526,0,,669.16,14721.74,market,@LeapMaxLever_Momentum,6e-05,0.2206,the leap: monthly leader QQQ,0.0,674.150024,data/real/prices/yahoo/QQQ.json,675.969971,668.799988,669.159973,ae9ec3c0b0b8e0f5cd28ee45eac2dfcff9f95a7c5a1244e170ab0980d85979ed,39172600,0.0,,22,buy,0.15,-73.871,0.15,0.15,0.22,filled,,QQQ,1.4121
130.62,False,130.61,130.61,10708.2914,1.0,2026-05-01,130.619995,0.0,0.0886,0.492,2.297,100.0,82,0.321,2.5482,0,,130.615,10710.02,market,@FDA_ClusterFade,0.00099,0.8196,fda fade: z=1.70 short sector,0.0,130.419998,data/real/prices/yahoo/XBI.json,131.460007,128.990005,130.619995,fe9eeb851e6faba2a7187e008fab271608d8a4d544227ad3543ac3d95d5dd769,8261100,0.2366,,82,sell,0.765,14.568,0.765,-0.765,0.41,filled,,XBI,2.4596
22.97,False,22.96,22.96,1651.6399,1.0,2026-05-04,22.965,0.0,-0.0723,0.432,11.568,100.0,72,0.0723,1.8401,0,,22.965,1653.12,market,@MLB_Attention_Momo,0.00078,0.36,mlb attention: 92 finals in 7d,0.0,23.57,data/real/prices/yahoo/DKNG.json,23.805,22.85,22.965,728eccb3861f5cb322bf539a1926fb53cb11fdf0d1412a8d19111bd3a9ac37ef,9207800,0.0481,,72,sell,2.177,-258.804,2.177,-2.177,0.36,filled,,DKNG,1.9124
106.14,False,106.12,106.12,954.0046,1.0,2026-05-04,106.129997,0.0,-0.0284,0.054,12.5,100.0,9,0.0284,1.1654,0,,106.13,955.08,market,@MLB_Attention_Momo,0.00029,0.09,mlb attention: 92 finals in 7d,0.0,104.449997,data/real/prices/yahoo/FLUT.json,108.690002,104.220001,106.129997,b0ffbb30d24f61202de05dce905e96fb554a730be44b61df2e48712c8bcbabd0,3090400,0.0214,,9,sell,0.942,159.885,0.942,-0.942,0.09,filled,,FLUT,1.1938
17.14,False,17.13,17.13,1471.6169,1.0,2026-05-04,17.139999,0.0,0.2371,0.516,14.838,100.0,86,0.1928,2.423,0,,17.135,1473.18,market,@MLB_Attention_Momo,0.00274,0.8599,mlb attention: 92 finals in 7d,0.0,16.790001,data/real/prices/yahoo/PENN.json,17.32,16.66,17.139999,a08c607c0926b67cf07c1d783cb680772c85851bf312595d1e12c5291078fa04,3141300,0.0471,,86,sell,5.834,202.501,5.834,-5.834,0.43,filled,,PENN,2.1859
720.08,False,720.08,720.06,-721.086,1.0,2026-05-04,720.070007,0.0,-0.0004,0.006,14.115,100.0,1,0.0004,1.016,0,,720.07,720.08,market,@PinePilot_EMA_Cross,0.0,0.01,pinepilot: EMA(20) > EMA(50),0.0,718.01001,data/real/prices/yahoo/SPY.json,722.119995,714.98999,720.070007,e0f05aaf67be23da1db20513eaed93274b165898427ebeab80c7cb2eca1d9a2d,51950600,0.0,,1,buy,0.139,28.83,0.139,0.139,0.01,filled,,SPY,1.0164
130.0,False,129.99,129.99,1168.8301,1.0,2026-05-04,129.990005,0.0,-0.0566,0.054,9.715,100.0,9,0.0117,1.0799,0,,129.995,1169.91,market,@FDA_ClusterFade,0.00011,0.0,fda fade: z=1.52 short sector,0.0,133.5,data/real/prices/yahoo/XBI.json,133.770004,129.800003,129.990005,fe9eeb851e6faba2a7187e008fab271608d8a4d544227ad3543ac3d95d5dd769,8114200,0.0259,,9,sell,0.0,-262.921,0.0,-0.0,0.045,filled,,XBI,1.1365
23.58,False,23.57,23.57,2614.5285,1.0,2026-05-05,23.58,0.0,0.4187,0.666,9.299,100.0,111,0.1363,2.8515,0,,23.575,2616.27,market,@MLB_Attention_Momo,0.00116,1.11,mlb attention: 96 finals in 7d,0.0,24.17,data/real/prices/yahoo/DKNG.json,24.18,23.198999,23.58,728eccb3861f5cb322bf539a1926fb53cb11fdf0d1412a8d19111bd3a9ac37ef,9580600,0.0755,,111,sell,4.241,-248.242,4.241,-4.241,0.555,filled,,DKNG,2.4328
171.29,False,171.29,171.28,-1542.664,1.0,2026-05-05,171.289993,0.0,-0.0776,0.054,7.341,100.0,9,0.0327,1.0541,0,,171.285,1541.61,market,@FDACatalyst_Rider,0.00087,0.0001,fda: 30d approvals=89 median=69,0.0,170.339996,data/real/prices/yahoo/IBB.json,172.679993,168.759995,171.289993,20849c9611587299a52489fe22060adc7823c700fb3483f21091d85a6cf8acb0,1036400,0.0,,9,buy,0.0,55.771,0.0,0.0,0.045,filled,,IBB,1.1317
135.15,False,135.15,135.14,-4866.616,1.0,2026-05-05,135.149994,0.0,-0.2826,0.216,3.081,100.0,36,0.1028,1.2162,0,,135.145,4865.4,market,@FDACatalyst_Rider,0.00041,0.0002,fda: 30d approvals=89 median=69,0.0,133.789993,data/real/prices/yahoo/XBI.json,136.369995,131.960007,135.149994,fe9eeb851e6faba2a7187e008fab271608d8a4d544227ad3543ac3d95d5dd769,8702600,0.0,,36,buy,0.0,101.652,0.0,0.0,0.18,filled,,XBI,1.4988
135.15,False,135.15,135.14,-9732.232,1.0,2026-05-05,135.149994,0.0,-0.6504,0.432,2.14,100.0,72,0.2908,1.4324,0,,135.145,9730.8,market,@FDA_ClusterFade,0.00083,0.0004,fda fade: z=1.68 short sector,0.0,133.789993,data/real/prices/yahoo/XBI.json,136.369995,131.960007,135.149994,fe9eeb851e6faba2a7187e008fab271608d8a4d544227ad3543ac3d95d5dd769,8702600,0.0,,72,buy,0.0,101.652,0.0,0.0,0.36,filled,,XBI,2.0828
24.45,False,24.45,24.44,-1028.152,1.0,2026-05-06,24.440001,0.0,0.1765,0.252,14.563,100.0,42,0.0334,1.672,0,,24.445,1026.9,market,@MLB_Attention_Momo,0.00022,0.42,mlb attention: 94 finals in 7d,0.0,23.92,data/real/prices/yahoo/DKNG.json,24.92,23.889999,24.440001,728eccb3861f5cb322bf539a1926fb53cb11fdf0d1412a8d19111bd3a9ac37ef,19315200,0.0,,42,buy,4.091,221.572,4.091,4.091,0.21,filled,,DKNG,1.4954
105.78,False,105.79,105.76,-2963.288,1.0,2026-05-06,105.769997,0.0,0.1305,0.168,5.393,100.0,28,0.1495,1.7281,0,,105.77,2962.12,market,@MLB_Attention_Momo,0.0004,0.5601,mlb attention: 94 finals in 7d,0.0,99.110001,data/real/prices/yahoo/FLUT.json,106.150002,97.940002,105.769997,b0ffbb30d24f61202de05dce905e96fb554a730be44b61df2e48712c8bcbabd0,7006000,0.0,,28,buy,1.891,673.998,1.891,1.891,0.28,filled,,FLUT,1.5975
285.37,False,285.37,285.35,-1142.504,1.0,2026-05-06,285.359985,0.0,-0.0027,0.024,9.346,100.0,4,0.0028,1.0641,0,,285.36,1141.48,market,@PinePilot_EMA_Cross,2e-05,0.0401,pinepilot: EMA(20) > EMA(50),0.0,286.799988,data/real/prices/yahoo/IWM.json,287.049988,283.359985,285.359985,4f6191d7931ac8755dec346902f769128dd059359a542aaf947e90ff8f2d344a,23330300,0.0,,4,buy,0.351,-49.86,0.351,0.351,0.04,filled,,IWM,1.0668
17.3,False,17.3,17.29,-2268.086,1.0,2026-05-06,17.290001,0.0,0.2859,0.786,12.399,100.0,131,0.369,3.0959,0,,17.295,2266.3,market,@MLB_Attention_Momo,0.00393,1.3099,mlb attention: 94 finals in 7d,0.0,16.75,data/real/prices/yahoo/PENN.json,17.360001,16.690001,17.290001,a08c607c0926b67cf07c1d783cb680772c85851bf312595d1e12c5291078fa04,3331100,0.0,,131,buy,5.783,328.358,5.783,5.783,0.655,filled,,PENN,2.81
687.8,False,687.8,687.77,-688.806,1.0,2026-05-06,687.780029,0.0,0.0044,0.006,14.853,100.0,1,0.0006,1.026,0,,687.785,687.8,market,@PinePilot_EMA_Cross,0.0,0.02,pinepilot: EMA(20) > EMA(50),0.0,695.77002,data/real/prices/yahoo/QQQ.json,695.929993,686.47998,687.780029,ae9ec3c0b0b8e0f5cd28ee45eac2dfcff9f95a7c5a1244e170ab0980d85979ed,38778500,0.0,,1,buy,0.29,-114.55,0.29,0.29,0.015,filled,,QQQ,1.0216
728.17,False,728.17,728.15,-1457.352,1.0,2026-05-06,728.159973,0.0,-0.0012,0.012,7.095,100.0,2,0.0013,1.0321,0,,728.16,1456.34,market,@PinePilot_EMA_Cross,0.0,0.0201,pinepilot: EMA(20) > EMA(50),0.0,733.830017,data/real/prices/yahoo/SPY.json,734.590027,727.820007,728.159973,e0f05aaf67be23da1db20513eaed93274b165898427ebeab80c7cb2eca1d9a2d,53288900,0.0,,2,buy,0.138,-77.13,0.138,0.138,0.02,filled,,SPY,1.0333
24.21,False,24.2,24.2,2853.8102,1.0,2026-05-07,24.200001,0.0,-0.7464,0.708,8.882,100.0,118,0.1565,1.79,0,,24.205,2855.6,market,@MLB_Attention_Momo,0.00055,0.0001,mlb attention: 96 finals in 7d,0.0,25.219999,data/real/prices/yahoo/DKNG.json,25.27,24.16,24.200001,728eccb3861f5cb322bf539a1926fb53cb11fdf0d1412a8d19111bd3a9ac37ef,21597500,0.0818,,118,sell,0.0,-404.441,0.0,-0.0,0.59,filled,,DKNG,2.5363
172.84,False,172.81,172.83,44408.663,1.0,2026-05-07,172.830002,0.0,-1.5555,1.542,2.297,100.0,257,5.411,8.6475,0,,172.835,44412.17,market,@FDACatalyst_Rider,0.01848,5.1405,fda: approval flow back below median,0.0,170.100006,data/real/prices/yahoo/IBB.json,173.449997,168.809998,172.830002,20849c9611587299a52489fe22060adc7823c700fb3483f21091d85a6cf8acb0,1390500,0.965,,257,sell,1.157,159.318,1.157,-1.157,1.285,filled,,IBB,10.203
16.71,False,16.7,16.7,1117.4619,1.0,2026-05-07,16.709999,0.0,0.2034,0.402,17.023,100.0,67,0.1315,2.108,0,,16.705,1118.9,market,@MLB_Attention_Momo,0.00254,0.6699,mlb attention: 96 finals in 7d,0.0,16.77,data/real/prices/yahoo/PENN.json,17.01,16.559999,16.709999,a08c607c0926b67cf07c1d783cb680772c85851bf312595d1e12c5291078fa04,2638100,0.0361,,67,sell,5.984,-41.741,5.984,-5.984,0.335,filled,,PENN,1.9047
696.6,False,696.6,696.57,-697.606,1.0,2026-05-07,696.580017,0.0,0.0043,0.006,14.666,100.0,1,0.0006,1.026,0,,696.585,696.6,market,@PinePilot_EMA_Cross,0.0,0.02,pinepilot: EMA(20) > EMA(50),0.0,694.940002,data/real/prices/yahoo/QQQ.json,701.23999,691.77002,696.580017,ae9ec3c0b0b8e0f5cd28ee45eac2dfcff9f95a7c5a1244e170ab0980d85979ed,43779100,0.0,,1,buy,0.287,23.887,0.287,0.287,0.015,filled,,QQQ,1.0216
136.81,False,136.78,136.8,167953.7724,1.0,2026-05-07,136.800003,0.0,-3.9056,7.368,2.413,100.0,1228,22.3293,36.6312,0,,136.805,167965.84,market,@FDACatalyst_Rider,0.01148,24.5637,fda: approval flow back below median,0.0,133.660004,data/real/prices/yahoo/XBI.json,137.169998,131.960007,136.800003,fe9eeb851e6faba2a7187e008fab271608d8a4d544227ad3543ac3d95d5dd769,10692800,3.6996,,1228,sell,1.462,233.428,1.462,-1.462,6.14,filled,,XBI,40.5368
136.81,False,136.83,136.8,-121237.696,1.0,2026-05-07,136.800003,0.0,8.4629,5.316,2.015,100.0,886,13.6845,32.8933,0,,136.805,121231.38,market,@FDA_ClusterFade,0.00829,26.5773,fda fade: z back inside the band,0.0,133.660004,data/real/prices/yahoo/XBI.json,137.169998,131.960007,136.800003,fe9eeb851e6faba2a7187e008fab271608d8a4d544227ad3543ac3d95d5dd769,10692800,0.0,,886,buy,2.193,237.169,2.193,2.193,4.43,filled,,XBI,24.4305
26.4,False,26.39,26.39,2320.727,1.0,2026-05-08,26.395,0.0,-0.1134,0.528,9.243,100.0,88,0.1134,2.033,0,,26.395,2322.32,market,@MLB_Attention_Momo,0.00031,0.44,mlb attention: 95 finals in 7d,0.0,25.52,data/real/prices/yahoo/DKNG.json,27.209999,25.48,26.395,728eccb3861f5cb322bf539a1926fb53cb11fdf0d1412a8d19111bd3a9ac37ef,28569200,0.065,,88,sell,1.894,340.909,1.894,-1.894,0.44,filled,,DKNG,2.1464
101.27,False,101.28,101.25,-3647.296,1.0,2026-05-08,101.260002,0.0,0.1648,0.216,4.858,100.0,36,0.1951,1.9359,0,,101.26,3646.08,market,@MLB_Attention_Momo,0.00124,0.7199,mlb attention: 95 finals in 7d,0.0,101.190002,data/real/prices/yahoo/FLUT.json,104.760002,100.639999,101.260002,b0ffbb30d24f61202de05dce905e96fb554a730be44b61df2e48712c8bcbabd0,2897100,0.0,,36,buy,1.975,8.894,1.975,1.975,0.36,filled,,FLUT,1.7711
284.05,False,284.05,284.03,-1137.224,1.0,2026-05-08,284.040009,0.0,-0.0028,0.024,9.389,100.0,4,0.0027,1.064,0,,284.04,1136.2,market,@PinePilot_EMA_Cross,2e-05,0.04,pinepilot: EMA(20) > EMA(50),0.0,284.170013,data/real/prices/yahoo/IWM.json,284.970001,282.609985,284.040009,4f6191d7931ac8755dec346902f769128dd059359a542aaf947e90ff8f2d344a,22474300,0.0,,4,buy,0.352,-4.223,0.352,0.352,0.04,filled,,IWM,1.0667
16.88,False,16.88,16.87,-3310.656,1.0,2026-05-08,16.879999,0.0,-1.6488,1.176,11.561,100.0,196,0.669,2.1762,0,,16.875,3308.48,market,@MLB_Attention_Momo,0.00891,0.0002,mlb attention: 95 finals in 7d,0.0,16.74,data/real/prices/yahoo/PENN.json,17.0,16.52,16.879999,a08c607c0926b67cf07c1d783cb680772c85851bf312595d1e12c5291078fa04,2200200,0.0,,196,buy,0.001,83.632,0.001,0.001,0.98,filled,,PENN,3.825
97.95,False,97.93,97.93,1761.5922,1.0,2026-05-11,97.940002,0.0,-0.063,0.108,7.89,100.0,18,0.063,1.3279,0,,97.94,1762.74,market,@MLB_Attention_Momo,0.0004,0.18,mlb attention: 94 finals in 7d,0.0,93.959999,data/real/prices/yahoo/FLUT.json,98.690002,93.580002,97.940002,b0ffbb30d24f61202de05dce905e96fb554a730be44b61df2e48712c8bcbabd0,4556100,0.0398,,18,sell,1.021,422.52,1.021,-1.021,0.18,filled,,FLUT,1.3909
16.6,False,16.59,16.59,2984.0234,1.0,2026-05-11,16.59,0.0,-1.4814,1.08,12.25,100.0,180,0.5814,2.1766,0,,16.595,2986.2,market,@MLB_Attention_Momo,0.00647,-0.0,mlb attention: 94 finals in 7d,0.0,15.94,data/real/prices/yahoo/PENN.json,16.59,15.87,16.59,a08c607c0926b67cf07c1d783cb680772c85851bf312595d1e12c5291078fa04,2782800,0.0966,,180,sell,-0.0,407.779,-0.0,0.0,0.9,filled,,PENN,3.6581
736.46,False,736.46,736.44,-737.466,1.0,2026-05-11,736.450012,0.0,-0.0004,0.006,13.801,100.0,1,0.0004,1.016,0,,736.45,736.46,market,@PinePilot_EMA_Cross,0.0,0.01,pinepilot: EMA(20) > EMA(50),0.0,739.299988,data/real/prices/yahoo/SPY.json,740.789978,736.450012,736.450012,e0f05aaf67be23da1db20513eaed93274b165898427ebeab80c7cb2eca1d9a2d,44024000,0.0,,1,buy,0.136,-38.415,0.136,0.136,0.01,filled,,SPY,1.0164
24.5,False,24.49,24.49,3622.5285,1.0,2026-05-12,24.492001,0.0,-0.6435,0.888,8.087,100.0,148,0.1997,2.2877,0,,24.495,3624.52,market,@MLB_Attention_Momo,0.00126,0.2961,mlb attention: 88 finals in 7d,0.0,24.610001,data/real/prices/yahoo/DKNG.json,25.719999,24.450001,24.492001,728eccb3861f5cb322bf539a1926fb53cb11fdf0d1412a8d19111bd3a9ac37ef,11729900,0.1035,,148,sell,0.817,-48.761,0.817,-0.817,0.74,filled,,DKNG,2.9312
24.5,False,24.48,24.49,49949.0068,1.0,2026-05-12,24.492001,0.0,4.0621,12.246,7.026,100.0,2041,10.2269,39.1673,0,,24.495,49963.68,market,@MLB_Upset_Short,0.0174,24.494,mlb upsets: 36 in 7d vs median 3.5,0.0,24.610001,data/real/prices/yahoo/DKNG.json,25.719999,24.450001,24.492001,728eccb3861f5cb322bf539a1926fb53cb11fdf0d1412a8d19111bd3a9ac37ef,11729900,1.4272,,2041,sell,4.9,-52.824,4.9,-4.9,10.205,filled,,DKNG,35.1052
93.57,False,93.55,93.55,1589.2119,1.0,2026-05-12,93.559998,0.0,-0.0667,0.102,8.645,100.0,17,0.0667,1.308,0,,93.56,1590.35,market,@MLB_Attention_Momo,0.00047,0.17,mlb attention: 88 finals in 7d,0.0,95.959999,data/real/prices/yahoo/FLUT.json,99.489998,93.559998,93.559998,b0ffbb30d24f61202de05dce905e96fb554a730be44b61df2e48712c8bcbabd0,3628700,0.0361,,17,sell,1.069,-251.146,1.069,-1.069,0.17,filled,,FLUT,1.3748
93.57,False,93.53,93.55,49939.683,1.0,2026-05-12,93.559998,0.0,-1.0662,3.204,4.489,100.0,534,11.7451,21.3559,0,,93.56,49945.02,market,@MLB_Upset_Short,0.01472,16.0189,mlb upsets: 36 in 7d vs median 3.5,0.0,95.959999,data/real/prices/yahoo/FLUT.json,99.489998,93.559998,93.559998,b0ffbb30d24f61202de05dce905e96fb554a730be44b61df2e48712c8bcbabd0,3628700,1.133,,534,sell,3.206,-253.23,3.206,-3.206,5.34,filled,,FLUT,22.4221
15.94,False,15.93,15.93,1941.6642,1.0,2026-05-12,15.94,0.0,0.2902,0.732,14.024,100.0,122,0.3198,3.0158,0,,15.935,1943.46,market,@MLB_Attention_Momo,0.00436,1.22,mlb attention: 88 finals in 7d,0.0,15.71,data/real/prices/yahoo/PENN.json,16.370001,15.66,15.94,a08c607c0926b67cf07c1d783cb680772c85851bf312595d1e12c5291078fa04,2795600,0.0638,,122,sell,6.274,140.038,6.274,-6.274,0.61,filled,,PENN,2.7256
15.94,False,15.92,15.93,49903.664,1.0,2026-05-12,15.94,0.0,5.3673,18.816,15.785,100.0,3136,41.6727,84.176,0,,15.935,49925.12,market,@MLB_Upset_Short,0.11218,62.72,mlb upsets: 36 in 7d vs median 3.5,0.0,15.71,data/real/prices/yahoo/PENN.json,16.370001,15.66,15.94,a08c607c0926b67cf07c1d783cb680772c85851bf312595d1e12c5291078fa04,2795600,1.64,,3136,sell,12.547,133.673,12.547,-12.547,15.68,filled,,PENN,78.8087
94.54,False,94.52,94.52,1038.6304,1.0,2026-05-13,94.529999,0.0,-0.0347,0.066,11.871,100.0,11,0.0347,1.1996,0,,94.53,1039.72,market,@MLB_Attention_Momo,0.00046,0.11,mlb attention: 90 finals in 7d,0.0,95.010002,data/real/prices/yahoo/FLUT.json,96.010002,92.220001,94.529999,b0ffbb30d24f61202de05dce905e96fb554a730be44b61df2e48712c8bcbabd0,2386600,0.0236,,11,sell,1.058,-51.574,1.058,-1.058,0.11,filled,,FLUT,1.2343
282.93,False,282.93,282.91,-849.808,1.0,2026-05-13,282.920013,0.0,-0.0018,0.018,12.368,100.0,3,0.0018,1.048,0,,282.92,848.79,market,@PinePilot_EMA_Cross,1e-05,0.03,pinepilot: EMA(20) > EMA(50),0.0,282.670013,data/real/prices/yahoo/IWM.json,283.559998,279.929993,282.920013,4f6191d7931ac8755dec346902f769128dd059359a542aaf947e90ff8f2d344a,20742300,0.0,,3,buy,0.353,9.198,0.353,0.353,0.03,filled,,IWM,1.0498
15.65,False,15.64,15.64,1108.9773,1.0,2026-05-13,15.64,0.0,-0.4949,0.426,17.629,100.0,71,0.1399,1.4627,0,,15.645,1110.44,market,@MLB_Upset_Short,0.00249,-0.0,mlb upsets: 32 in 7d vs median 10.5,0.0,15.83,data/real/prices/yahoo/PENN.json,16.15,15.5,15.64,a08c607c0926b67cf07c1d783cb680772c85851bf312595d1e12c5291078fa04,2851700,0.0367,,71,sell,-0.0,-120.025,-0.0,0.0,0.355,filled,,PENN,1.9576
93.8,False,93.8,93.78,-1126.672,1.0,2026-05-14,93.790001,0.0,-0.0389,0.072,10.935,100.0,12,0.0389,1.192,0,,93.79,1125.6,market,@MLB_Attention_Momo,0.00037,0.12,mlb attention: 90 finals in 7d,0.0,93.849998,data/real/prices/yahoo/FLUT.json,95.150002,92.019997,93.790001,b0ffbb30d24f61202de05dce905e96fb554a730be44b61df2e48712c8bcbabd0,3212000,0.0,,12,buy,1.066,-5.327,1.066,1.066,0.12,filled,,FLUT,1.2309
15.99,False,15.99,15.98,-1536.616,1.0,2026-05-14,15.98,0.0,0.2561,0.576,14.852,100.0,96,0.2239,2.536,0,,15.985,1535.04,market,@MLB_Upset_Short,0.0039,0.96,mlb upsets: 34 in 7d vs median 15.5,0.0,15.83,data/real/prices/yahoo/PENN.json,16.33,15.71,15.98,a08c607c0926b67cf07c1d783cb680772c85851bf312595d1e12c5291078fa04,2460200,0.0,,96,buy,6.258,101.074,6.258,6.258,0.48,filled,,PENN,2.2799
25.0,False,24.99,24.99,1073.2815,1.0,2026-05-15,25.0,0.0,0.1837,0.258,14.283,100.0,43,0.0313,1.7185,0,,24.995,1074.57,market,@MLB_Attention_Momo,0.00033,0.43,mlb attention: 91 finals in 7d,0.0,25.0,data/real/prices/yahoo/DKNG.json,25.940001,24.610001,25.0,728eccb3861f5cb322bf539a1926fb53cb11fdf0d1412a8d19111bd3a9ac37ef,12984800,0.0305,,43,sell,4.0,-4.0,4.0,-4.0,0.215,filled,,DKNG,1.5348
25.0,False,25.0,24.99,-1276.306,1.0,2026-05-15,25.0,0.0,-0.2954,0.306,12.56,100.0,51,0.0404,1.306,0,,24.995,1275.0,market,@MLB_Upset_Short,0.00039,0.0,mlb upsets: 35 in 7d vs median 19.0,0.0,25.0,data/real/prices/yahoo/DKNG.json,25.940001,24.610001,25.0,728eccb3861f5cb322bf539a1926fb53cb11fdf0d1412a8d19111bd3a9ac37ef,12984800,0.0,,51,buy,0.0,0.0,0.0,0.0,0.255,filled,,DKNG,1.6014
15.62,False,15.62,15.61,-1610.478,1.0,2026-05-15,15.61,0.0,0.2731,0.618,14.761,100.0,103,0.2419,2.648,0,,15.615,1608.86,market,@MLB_Attention_Momo,0.00343,1.03,mlb attention: 91 finals in 7d,0.0,16.200001,data/real/prices/yahoo/PENN.json,16.33,15.61,15.61,a08c607c0926b67cf07c1d783cb680772c85851bf312595d1e12c5291078fa04,2999400,0.0,,103,buy,6.406,-358.025,6.406,6.406,0.515,filled,,PENN,2.3749
15.62,False,15.61,15.61,1153.6578,1.0,2026-05-15,15.61,0.0,-0.5173,0.444,17.31,100.0,74,0.1473,1.4822,0,,15.615,1155.14,market,@MLB_Upset_Short,0.00247,0.0,mlb upsets: 35 in 7d vs median 19.0,0.0,16.200001,data/real/prices/yahoo/PENN.json,16.33,15.61,15.61,a08c607c0926b67cf07c1d783cb680772c85851bf312595d1e12c5291078fa04,2999400,0.0382,,74,sell,0.0,-364.198,0.0,0.0,0.37,filled,,PENN,1.9995
133.22,False,133.24,133.21,-169623.158,1.0,2026-05-15,133.210007,0.0,10.1727,7.638,2.161,100.0,1273,21.6434,46.8191,0,,133.215,169614.52,market,@FDACatalyst_Rider,0.01349,38.1811,fda: 30d approvals=69 median=67,0.0,130.690002,data/real/prices/yahoo/XBI.json,133.669998,130.300003,133.210007,fe9eeb851e6faba2a7187e008fab271608d8a4d544227ad3543ac3d95d5dd769,9438200,0.0,,1273,buy,2.252,195.118,2.252,2.252,6.365,filled,,XBI,36.6464
25.0,False,25.0,24.99,-1176.282,1.0,2026-05-18,25.0,0.0,-0.272,0.282,13.225,100.0,47,0.037,1.282,0,,24.995,1175.0,market,@MLB_Attention_Momo,0.00057,0.0,mlb attention: 92 finals in 7d,0.0,25.780001,data/real/prices/yahoo/DKNG.json,25.969999,24.700001,25.0,728eccb3861f5cb322bf539a1926fb53cb11fdf0d1412a8d19111bd3a9ac37ef,8227400,0.0,,47,buy,0.0,-302.561,0.0,0.0,0.235,filled,,DKNG,1.554
91.92,False,91.92,91.91,-2483.002,1.0,2026-05-18,91.919998,0.0,-0.2507,0.162,5.692,100.0,27,0.1158,1.1621,0,,91.915,2481.84,market,@MLB_Attention_Momo,0.00135,0.0001,mlb attention: 92 finals in 7d,0.0,97.290001,data/real/prices/yahoo/FLUT.json,97.75,91.919998,91.919998,b0ffbb30d24f61202de05dce905e96fb554a730be44b61df2e48712c8bcbabd0,2003400,0.0,,27,buy,0.0,-551.958,0.0,0.0,0.135,filled,,FLUT,1.4128
16.47,False,16.46,16.46,2384.7526,1.0,2026-05-18,16.469999,0.0,0.2939,0.87,13.003,100.0,145,0.4309,3.3973,0,,16.465,2386.7,market,@MLB_Attention_Momo,0.00509,1.4499,mlb attention: 92 finals in 7d,0.0,16.48,data/real/prices/yahoo/PENN.json,16.879999,16.34,16.469999,a08c607c0926b67cf07c1d783cb680772c85851bf312595d1e12c5291078fa04,2848700,0.0774,,145,sell,6.071,-12.136,6.071,-6.071,0.725,filled,,PENN,3.1034
16.47,False,16.47,16.46,-3477.436,1.0,2026-05-18,16.469999,0.0,-1.8113,1.266,11.733,100.0,211,0.7565,2.2662,0,,16.465,3475.17,market,@MLB_Upset_Short,0.00741,0.0002,mlb upsets: 33 in 7d vs median 23.0,0.0,16.48,data/real/prices/yahoo/PENN.json,16.879999,16.34,16.469999,a08c607c0926b67cf07c1d783cb680772c85851bf312595d1e12c5291078fa04,2848700,0.0,,211,buy,0.001,-6.068,0.001,0.001,1.055,filled,,PENN,4.0775
711.55,False,711.52,711.52,710.4991,1.0,2026-05-18,711.539978,0.0,0.0043,0.006,14.568,100.0,1,0.0007,1.0408,0,,711.535,711.52,market,@PinePilot_EMA_Cross,0.0,0.02,pinepilot: EMA(20) > EMA(50),0.0,705.880005,data/real/prices/yahoo/QQQ.json,712.070007,698.849976,711.539978,ae9ec3c0b0b8e0f5cd28ee45eac2dfcff9f95a7c5a1244e170ab0980d85979ed,49834500,0.0149,,1,sell,0.281,79.9,0.281,-0.281,0.015,filled,,QQQ,1.0366
130.9,False,130.87,130.89,166585.1919,1.0,2026-05-18,130.899994,0.0,8.6897,7.638,2.51,100.0,1273,23.1276,50.5005,0,,130.895,166597.51,market,@FDACatalyst_Rider,0.01576,38.1824,fda: approval flow back below median,0.0,127.669998,data/real/prices/yahoo/XBI.json,131.5,126.699997,130.899994,fe9eeb851e6faba2a7187e008fab271608d8a4d544227ad3543ac3d95d5dd769,8076600,3.6801,,1273,sell,2.291,250.646,2.291,-2.291,6.365,filled,,XBI,41.8108
25.97,False,25.97,25.96,-1949.2,1.0,2026-05-19,25.969999,0.0,-0.4491,0.45,9.751,100.0,75,0.0742,1.4501,0,,25.965,1947.75,market,@MLB_Attention_Momo,0.00091,0.0001,mlb attention: 100 finals in 7d,0.0,25.540001,data/real/prices/yahoo/DKNG.json,26.24,25.445,25.969999,728eccb3861f5cb322bf539a1926fb53cb11fdf0d1412a8d19111bd3a9ac37ef,8197900,0.0,,75,buy,0.0,168.363,0.0,0.0,0.375,filled,,DKNG,1.8992
25.97,False,25.97,25.96,-5481.936,1.0,2026-05-19,25.969999,0.0,-1.4047,1.266,6.699,100.0,211,0.3499,2.2662,0,,25.965,5479.67,market,@MLB_Upset_Short,0.00257,0.0002,mlb upsets: 37 in 7d vs median 25.5,0.0,25.540001,data/real/prices/yahoo/DKNG.json,26.24,25.445,25.969999,728eccb3861f5cb322bf539a1926fb53cb11fdf0d1412a8d19111bd3a9ac37ef,8197900,0.0,,211,buy,0.0,168.363,0.0,0.0,1.055,filled,,DKNG,3.6709
98.52,False,98.53,98.5,-6405.84,1.0,2026-05-19,98.510002,0.0,0.1228,0.39,4.008,100.0,65,0.527,2.6899,0,,98.51,6404.45,market,@MLB_Upset_Short,0.00317,1.2999,mlb upsets: 37 in 7d vs median 25.5,0.0,97.5,data/real/prices/yahoo/FLUT.json,99.629997,96.470001,98.510002,b0ffbb30d24f61202de05dce905e96fb554a730be44b61df2e48712c8bcbabd0,2048400,0.0,,65,buy,2.03,105.641,2.03,2.03,0.65,filled,,FLUT,2.567
16.52,False,16.52,16.51,-4347.338,1.0,2026-05-19,16.51,0.0,0.2597,1.578,11.389,100.0,263,1.0553,5.208,0,,16.515,4344.76,market,@MLB_Attention_Momo,0.01128,2.63,mlb attention: 100 finals in 7d,0.0,16.120001,data/real/prices/yahoo/PENN.json,16.65,16.049999,16.51,a08c607c0926b67cf07c1d783cb680772c85851bf312595d1e12c5291078fa04,2331400,0.0,,263,buy,6.057,248.138,6.057,6.057,1.315,filled,,PENN,4.9483
16.52,False,16.52,16.51,-2909.576,1.0,2026-05-19,16.51,0.0,0.3023,1.056,12.085,100.0,176,0.5777,3.816,0,,16.515,2907.52,market,@MLB_Upset_Short,0.00755,1.76,mlb upsets: 37 in 7d vs median 25.5,0.0,16.120001,data/real/prices/yahoo/PENN.json,16.65,16.049999,16.51,a08c607c0926b67cf07c1d783cb680772c85851bf312595d1e12c5291078fa04,2331400,0.0,,176,buy,6.057,248.138,6.057,6.057,0.88,filled,,PENN,3.5137
699.82,False,699.79,699.79,698.7694,1.0,2026-05-19,699.809998,0.0,0.0043,0.006,14.809,100.0,1,0.0007,1.0406,0,,699.805,699.79,market,@PinePilot_EMA_Cross,0.0,0.02,pinepilot: EMA(20) > EMA(50),0.0,701.530029,data/real/prices/yahoo/QQQ.json,706.48999,695.25,699.809998,ae9ec3c0b0b8e0f5cd28ee45eac2dfcff9f95a7c5a1244e170ab0980d85979ed,46827500,0.0146,,1,sell,0.286,-24.803,0.286,-0.286,0.015,filled,,QQQ,1.0363
734.79,False,734.77,734.77,1468.4973,1.0,2026-05-19,734.780029,0.0,-0.0011,0.012,7.239,100.0,2,0.0011,1.0627,0,,734.78,1469.54,market,@PinePilot_EMA_Cross,0.0,0.0201,pinepilot: EMA(20) > EMA(50),0.0,733.72998,data/real/prices/yahoo/SPY.json,737.650024,731.530029,734.780029,e0f05aaf67be23da1db20513eaed93274b165898427ebeab80c7cb2eca1d9a2d,54255900,0.0307,,2,sell,0.136,14.174,0.136,-0.136,0.02,filled,,SPY,1.0638
127.28,False,127.3,127.27,-164989.576,1.0,2026-05-19,127.279999,0.0,-3.057,7.776,2.288,100.0,1296,22.4983,34.6973,0,,127.275,164980.8,market,@FDACatalyst_Rider,0.01078,25.9213,fda: 30d approvals=67 median=67,0.0,126.790001,data/real/prices/yahoo/XBI.json,128.130005,125.07,127.279999,fe9eeb851e6faba2a7187e008fab271608d8a4d544227ad3543ac3d95d5dd769,12027000,0.0,,1296,buy,1.571,40.224,1.571,1.571,6.48,filled,,XBI,37.7543
25.31,False,25.3,25.3,2553.6217,1.0,2026-05-20,25.309999,0.0,0.3899,0.606,8.994,100.0,101,0.115,2.6882,0,,25.305,2555.3,market,@MLB_Upset_Short,0.00118,1.0099,mlb upsets: 35 in 7d vs median 26.5,0.0,25.01,data/real/prices/yahoo/DKNG.json,25.504999,24.68,25.309999,728eccb3861f5cb322bf539a1926fb53cb11fdf0d1412a8d19111bd3a9ac37ef,8561300,0.0723,,101,sell,3.951,115.954,3.951,-3.951,0.505,filled,,DKNG,2.2983
96.8,False,96.78,96.78,1644.1208,1.0,2026-05-20,96.790001,0.0,-0.07,0.102,8.383,100.0,17,0.07,1.3092,0,,96.79,1645.26,market,@MLB_Attention_Momo,0.00065,0.17,mlb attention: 100 finals in 7d,0.0,96.75,data/real/prices/yahoo/FLUT.json,97.400002,94.330002,96.790001,b0ffbb30d24f61202de05dce905e96fb554a730be44b61df2e48712c8bcbabd0,2624900,0.0372,,17,sell,1.033,3.101,1.033,-1.033,0.17,filled,,FLUT,1.3792
96.8,False,96.78,96.78,2127.9798,1.0,2026-05-20,96.790001,0.0,-0.1031,0.132,7.06,100.0,22,0.1031,1.4002,0,,96.79,2129.16,market,@MLB_Upset_Short,0.00084,0.22,mlb upsets: 35 in 7d vs median 26.5,0.0,96.75,data/real/prices/yahoo/FLUT.json,97.400002,94.330002,96.790001,b0ffbb30d24f61202de05dce905e96fb554a730be44b61df2e48712c8bcbabd0,2624900,0.0482,,22,sell,1.033,3.101,1.033,-1.033,0.22,filled,,FLUT,1.5033
16.21,False,16.2,16.2,1294.4777,1.0,2026-05-20,16.200001,0.0,-0.576,0.48,16.191,100.0,80,0.1761,1.5224,0,,16.205,1296.0,market,@MLB_Attention_Momo,0.00351,0.0001,mlb attention: 100 finals in 7d,0.0,16.17,data/real/prices/yahoo/PENN.json,16.27,15.89,16.200001,a08c607c0926b67cf07c1d783cb680772c85851bf312595d1e12c5291078fa04,2278100,0.0423,,80,sell,0.001,18.553,0.001,-0.001,0.4,filled,,PENN,2.0984
16.21,False,16.2,16.2,2266.086,1.0,2026-05-20,16.200001,0.0,-1.1075,0.84,13.323,100.0,140,0.4077,1.9142,0,,16.205,2268.0,market,@MLB_Upset_Short,0.00615,0.0001,mlb upsets: 35 in 7d vs median 26.5,0.0,16.17,data/real/prices/yahoo/PENN.json,16.27,15.89,16.200001,a08c607c0926b67cf07c1d783cb680772c85851bf312595d1e12c5291078fa04,2278100,0.074,,140,sell,0.001,18.553,0.001,-0.001,0.7,filled,,PENN,3.0217
25.02,False,25.01,25.01,1799.2369,1.0,2026-05-21,25.01,0.0,-0.4308,0.432,10.628,100.0,72,0.0708,1.4831,0,,25.015,1800.72,market,@MLB_Attention_Momo,0.00071,-0.0,mlb attention: 100 finals in 7d,0.0,25.4,data/real/prices/yahoo/DKNG.json,25.790001,24.52,25.01,728eccb3861f5cb322bf539a1926fb53cb11fdf0d1412a8d19111bd3a9ac37ef,10083900,0.0511,,72,sell,-0.0,-153.543,-0.0,0.0,0.36,filled,,DKNG,1.9139
25.02,False,25.03,25.01,-47043.644,1.0,2026-05-21,25.01,0.0,18.7522,11.274,6.613,100.0,1879,9.4328,49.854,0,,25.015,47031.37,market,@MLB_Upset_Short,0.01863,37.58,mlb upsets: rate normalised,0.0,25.4,data/real/prices/yahoo/DKNG.json,25.790001,24.52,25.01,728eccb3861f5cb322bf539a1926fb53cb11fdf0d1412a8d19111bd3a9ac37ef,10083900,0.0,,1879,buy,7.997,-145.669,7.997,7.997,9.395,filled,,DKNG,31.1018
94.96,False,94.98,94.94,-46639.126,1.0,2026-05-21,94.949997,0.0,-0.8926,2.946,4.196,100.0,491,10.7141,18.6775,0,,94.95,46635.18,market,@MLB_Upset_Short,0.03512,14.7315,mlb upsets: rate normalised,0.0,97.120003,data/real/prices/yahoo/FLUT.json,97.714996,93.760002,94.949997,b0ffbb30d24f61202de05dce905e96fb554a730be44b61df2e48712c8bcbabd0,1398000,0.0,,491,buy,3.16,-220.346,3.16,3.16,4.91,filled,,FLUT,19.5701
15.99,False,16.01,15.98,-47056.008,1.0,2026-05-21,15.99,9.38,-3.7677,17.628,17.253,100.0,2938,38.4577,77.388,0,,15.985,47037.38,market,@MLB_Upset_Short,0.09796,58.76,mlb upsets: rate normalised,0.0,16.700001,data/real/prices/yahoo/PENN.json,16.92,15.89,15.99,a08c607c0926b67cf07c1d783cb680772c85851bf312595d1e12c5291078fa04,2999100,0.0,,2938,buy,12.508,-413.174,12.508,12.508,14.69,filled,,PENN,81.1557
130.65,False,130.61,130.63,169127.4432,1.0,2026-05-21,130.639999,0.0,-0.4396,7.77,3.062,100.0,1295,26.3383,51.3555,0,,130.64,169139.95,market,@FDACatalyst_Rider,0.0189,38.8487,fda: approval flow back below median,0.0,132.779999,data/real/prices/yahoo/XBI.json,133.429993,129.669998,130.639999,fe9eeb851e6faba2a7187e008fab271608d8a4d544227ad3543ac3d95d5dd769,6852700,3.7368,,1295,sell,2.296,-163.428,2.296,-2.296,12.95,filled,,XBI,51.7951
25.66,False,25.66,25.65,-1951.616,1.0,2026-05-22,25.655001,0.0,-0.0764,0.456,9.806,100.0,76,0.0764,1.8359,0,,25.655,1950.16,market,@MLB_Attention_Momo,0.00077,0.3799,mlb attention: 96 finals in 7d,0.0,25.120001,data/real/prices/yahoo/DKNG.json,26.205,24.530001,25.655001,728eccb3861f5cb322bf539a1926fb53cb11fdf0d1412a8d19111bd3a9ac37ef,9806500,0.0,,76,buy,1.949,214.968,1.949,1.949,0.38,filled,,DKNG,1.9124
96.84,False,96.84,96.82,-1841.074,1.0,2026-05-22,96.830002,0.0,-0.0824,0.114,7.535,100.0,19,0.0824,1.304,0,,96.83,1839.96,market,@MLB_Attention_Momo,0.00113,0.19,mlb attention: 96 finals in 7d,0.0,97.379997,data/real/prices/yahoo/FLUT.json,100.040001,96.809998,96.830002,b0ffbb30d24f61202de05dce905e96fb554a730be44b61df2e48712c8bcbabd0,1677300,0.0,,19,buy,1.033,-55.453,1.033,1.033,0.19,filled,,FLUT,1.3864
718.09,False,718.09,718.06,-719.096,1.0,2026-05-22,718.070007,0.0,0.0043,0.006,14.229,100.0,1,0.0007,1.026,0,,718.075,718.09,market,@PinePilot_EMA_Cross,0.0,0.02,pinepilot: EMA(20) > EMA(50),0.0,717.539978,data/real/prices/yahoo/QQQ.json,722.119995,715.950012,718.070007,ae9ec3c0b0b8e0f5cd28ee45eac2dfcff9f95a7c5a1244e170ab0980d85979ed,33118600,0.0,,1,buy,0.278,7.665,0.278,0.278,0.015,filled,,QQQ,1.0217
746.25,False,746.25,746.23,-1493.512,1.0,2026-05-22,746.23999,0.0,-0.0012,0.012,6.922,100.0,2,0.0012,1.032,0,,746.24,1492.5,market,@PinePilot_EMA_Cross,0.0,0.02,pinepilot: EMA(20) > EMA(50),0.0,745.640015,data/real/prices/yahoo/SPY.json,748.940002,744.47998,746.23999,e0f05aaf67be23da1db20513eaed93274b165898427ebeab80c7cb2eca1d9a2d,41762000,0.0,,2,buy,0.134,8.181,0.134,0.134,0.02,filled,,SPY,1.0332
24.8,False,24.8,24.79,-1092.464,1.0,2026-05-26,24.790001,0.0,0.1875,0.264,13.897,100.0,44,0.0324,1.704,0,,24.795,1091.2,market,@MLB_Attention_Momo,0.0004,0.44,mlb attention: 93 finals in 7d,0.0,23.809999,data/real/prices/yahoo/DKNG.json,25.15,23.790001,24.790001,728eccb3861f5cb322bf539a1926fb53cb11fdf0d1412a8d19111bd3a9ac37ef,10991800,0.0,,44,buy,4.033,415.792,4.033,4.033,0.22,filled,,DKNG,1.5164
288.4,False,288.4,288.38,-1154.624,1.0,2026-05-26,288.390015,0.0,-0.0034,0.024,9.252,100.0,4,0.0034,1.0639,0,,288.39,1153.6,market,@PinePilot_EMA_Cross,2e-05,0.0399,pinepilot: EMA(20) > EMA(50),0.0,290.51001,data/real/prices/yahoo/IWM.json,290.549988,287.73999,288.390015,4f6191d7931ac8755dec346902f769128dd059359a542aaf947e90ff8f2d344a,24506500,0.0,,4,buy,0.346,-72.631,0.346,0.346,0.04,filled,,IWM,1.0674
16.9,False,16.89,16.89,2362.684,1.0,2026-05-26,16.9,0.0,0.4985,0.84,11.915,100.0,140,0.2015,3.316,0,,16.895,2364.6,market,@MLB_Attention_Momo,0.00383,1.4,mlb attention: 93 finals in 7d,0.0,17.059999,data/real/prices/yahoo/PENN.json,17.15,16.65,16.9,a08c607c0926b67cf07c1d783cb680772c85851bf312595d1e12c5291078fa04,3651000,0.076,,140,sell,5.917,-99.648,5.917,-5.917,0.7,filled,,PENN,2.8175
750.02,False,750.02,750.0,-751.026,1.0,2026-05-26,750.01001,0.0,-0.0004,0.006,13.552,100.0,1,0.0004,1.016,0,,750.01,750.02,market,@PinePilot_EMA_Cross,0.0,0.01,pinepilot: EMA(20) > EMA(50),0.0,750.590027,data/real/prices/yahoo/SPY.json,752.130005,748.369995,750.01001,e0f05aaf67be23da1db20513eaed93274b165898427ebeab80c7cb2eca1d9a2d,41123600,0.0,,1,buy,0.133,-7.594,0.133,0.133,0.01,filled,,SPY,1.0164
11.13,False,11.15,11.12,-98664.664,1.0,2026-05-26,11.13,104.88,-26.7779,53.064,26.135,100.0,8844,54.5579,230.944,0,,11.125,98610.6,market,@Weather_ColdSnap_Max,0.14108,176.88,weather: 2 cold anomaly days in 10,0.0,10.91,data/real/prices/yahoo/UNG.json,11.22,10.88,11.13,eb7bcc0769945fb2c40fbcd98753ed7e17e367cf69d2ce2bde9ae60f00a462cc,6268700,0.0,,8844,buy,17.969,219.982,17.969,17.969,44.22,filled,,UNG,257.7219
132.48,False,132.5,132.46,-177559.04,1.0,2026-05-26,132.470001,0.0,-0.9545,8.04,2.827,100.0,1340,27.7532,49.2387,0,,132.47,177550.0,market,@FDA_ClusterFade,0.0226,40.1987,fda fade: z=-1.29 long sector,0.0,133.350006,data/real/prices/yahoo/XBI.json,133.679993,131.389999,132.470001,fe9eeb851e6faba2a7187e008fab271608d8a4d544227ad3543ac3d95d5dd769,5928300,0.0,,1340,buy,2.265,-63.742,2.265,2.265,13.4,filled,,XBI,50.1932
45.6,False,45.6,45.59,-53633.656,1.0,2026-05-26,45.59,0.0,2.973,7.056,3.141,100.0,1176,2.907,19.816,0,,45.595,53625.6,market,@Weather_ColdSnap_Max,0.00856,11.76,weather: 2 cold anomaly days in 10,0.0,45.330002,data/real/prices/yahoo/XLU.json,45.639999,45.330002,45.59,5dddbd83cab3a8b7cd0814ea8215cbfc7d759602d4557e0cdf34937ba995df5d,13738200,0.0,,1176,buy,2.193,59.563,2.193,2.193,5.88,filled,,XLU,16.843
23.86,False,23.86,23.85,-1027.238,1.0,2026-05-27,23.85,0.0,0.1828,0.258,14.671,100.0,43,0.0322,1.688,0,,23.855,1025.98,market,@MLB_Attention_Momo,0.00036,0.43,mlb attention: 93 finals in 7d,0.0,25.07,data/real/prices/yahoo/DKNG.json,25.33,23.780001,23.85,728eccb3861f5cb322bf539a1926fb53cb11fdf0d1412a8d19111bd3a9ac37ef,11819500,0.0,,43,buy,4.193,-482.649,4.193,4.193,0.215,filled,,DKNG,1.5052
23.86,False,23.84,23.85,48499.7938,1.0,2026-05-27,23.85,0.0,-0.3086,12.21,7.269,100.0,2035,10.4836,34.9562,0,,23.855,48514.4,market,@MLB_Upset_Short,0.01722,20.35,mlb upsets: 38 in 7d vs median 29.5,0.0,25.07,data/real/prices/yahoo/DKNG.json,25.33,23.780001,23.85,728eccb3861f5cb322bf539a1926fb53cb11fdf0d1412a8d19111bd3a9ac37ef,11819500,1.3962,,2035,sell,4.193,-490.626,4.193,-4.193,10.175,filled,,DKNG,35.2648
94.52,False,94.51,94.51,1133.0223,1.0,2026-05-27,94.519997,0.0,0.0229,0.072,10.535,100.0,12,0.0371,1.2177,0,,94.515,1134.12,market,@MLB_Attention_Momo,0.00041,0.12,mlb attention: 93 finals in 7d,0.0,95.75,data/real/prices/yahoo/FLUT.json,96.720001,93.809998,94.519997,b0ffbb30d24f61202de05dce905e96fb554a730be44b61df2e48712c8bcbabd0,2905200,0.0257,,12,sell,1.058,-129.504,1.058,-1.058,0.06,filled,,FLUT,1.1948
94.52,False,94.49,94.51,48468.1934,1.0,2026-05-27,94.519997,0.0,2.4514,3.078,3.737,100.0,513,10.3721,20.565,0,,94.515,48473.37,market,@MLB_Upset_Short,0.01766,15.3885,mlb upsets: 38 in 7d vs median 29.5,0.0,95.75,data/real/prices/yahoo/FLUT.json,96.720001,93.809998,94.519997,b0ffbb30d24f61202de05dce905e96fb554a730be44b61df2e48712c8bcbabd0,2905200,1.0986,,513,sell,3.174,-131.593,3.174,-3.174,2.565,filled,,FLUT,18.1137
17.18,False,17.17,17.17,2727.9888,1.0,2026-05-27,17.18,0.0,0.5452,0.954,11.304,100.0,159,0.2498,3.6312,0,,17.175,2730.03,market,@MLB_Attention_Momo,0.00239,1.59,mlb attention: 93 finals in 7d,0.0,19.09,data/real/prices/yahoo/PENN.json,19.110001,17.18,17.18,a08c607c0926b67cf07c1d783cb680772c85851bf312595d1e12c5291078fa04,6648900,0.0872,,159,sell,5.821,-1005.762,5.821,-5.821,0.795,filled,,PENN,3.0861
17.18,False,17.16,17.17,48474.654,1.0,2026-05-27,17.18,0.0,23.6712,16.956,10.796,100.0,2826,18.7188,76.026,0,,17.175,48494.16,market,@MLB_Upset_Short,0.0425,56.52,mlb upsets: 38 in 7d vs median 29.5,0.0,19.09,data/real/prices/yahoo/PENN.json,19.110001,17.18,17.18,a08c607c0926b67cf07c1d783cb680772c85851bf312595d1e12c5291078fa04,6648900,1.55,,2826,sell,11.641,-1011.001,11.641,-11.641,14.13,filled,,PENN,52.3548
732.98,False,732.98,732.95,-733.986,1.0,2026-05-27,732.960022,0.0,0.0042,0.006,13.939,100.0,1,0.0007,1.026,0,,732.965,732.98,market,@PinePilot_EMA_Cross,0.0,0.02,pinepilot: EMA(20) > EMA(50),0.0,729.450012,data/real/prices/yahoo/QQQ.json,733.320007,725.440002,732.960022,ae9ec3c0b0b8e0f5cd28ee45eac2dfcff9f95a7c5a1244e170ab0980d85979ed,35148700,0.0,,1,buy,0.273,48.392,0.273,0.273,0.015,filled,,QQQ,1.0217
750.89,False,750.89,750.87,-1502.792,1.0,2026-05-27,750.880005,0.0,-0.0012,0.012,6.88,100.0,2,0.0012,1.032,0,,750.88,1501.78,market,@PinePilot_EMA_Cross,0.0,0.02,pinepilot: EMA(20) > EMA(50),0.0,750.460022,data/real/prices/yahoo/SPY.json,751.380005,748.219971,750.880005,e0f05aaf67be23da1db20513eaed93274b165898427ebeab80c7cb2eca1d9a2d,42106300,0.0,,2,buy,0.133,5.73,0.133,0.133,0.02,filled,,SPY,1.0332
25.0,False,25.0,24.99,-2701.648,1.0,2026-05-28,24.99,0.0,0.3926,0.648,8.65,100.0,108,0.1474,2.728,0,,24.995,2700.0,market,@MLB_Attention_Momo,0.00085,1.08,mlb attention: 93 finals in 7d,0.0,24.530001,data/real/prices/yahoo/DKNG.json,25.389999,24.42,24.99,728eccb3861f5cb322bf539a1926fb53cb11fdf0d1412a8d19111bd3a9ac37ef,12718200,0.0,,108,buy,4.002,191.602,4.002,4.002,0.54,filled,,DKNG,2.3354
25.0,False,25.0,24.99,-5927.422,1.0,2026-05-28,24.99,0.0,0.7057,1.422,6.897,100.0,237,0.4793,4.792,0,,24.995,5925.0,market,@MLB_Upset_Short,0.00186,2.37,mlb upsets: 40 in 7d vs median 30.0,0.0,24.530001,data/real/prices/yahoo/DKNG.json,25.389999,24.42,24.99,728eccb3861f5cb322bf539a1926fb53cb11fdf0d1412a8d19111bd3a9ac37ef,12718200,0.0,,237,buy,4.002,191.602,4.002,4.002,1.185,filled,,DKNG,4.0863
94.63,False,94.64,94.62,-5774.406,1.0,2026-05-28,94.629997,0.0,-0.1363,0.366,3.659,100.0,61,0.4415,1.9762,0,,94.625,5773.04,market,@MLB_Attention_Momo,0.00316,0.6102,mlb attention: 93 finals in 7d,0.0,95.580002,data/real/prices/yahoo/FLUT.json,96.559998,93.669998,94.629997,b0ffbb30d24f61202de05dce905e96fb554a730be44b61df2e48712c8bcbabd0,1932900,0.0,,61,buy,1.057,-98.347,1.057,1.057,0.305,filled,,FLUT,2.1125
94.63,False,94.64,94.62,-3502.902,1.0,2026-05-28,94.629997,0.0,-0.0235,0.222,4.614,100.0,37,0.2086,1.5921,0,,94.625,3501.68,market,@MLB_Upset_Short,0.00191,0.3701,mlb upsets: 40 in 7d vs median 30.0,0.0,95.580002,data/real/prices/yahoo/FLUT.json,96.559998,93.669998,94.629997,b0ffbb30d24f61202de05dce905e96fb554a730be44b61df2e48712c8bcbabd0,1932900,0.0,,37,buy,1.057,-98.347,1.057,1.057,0.185,filled,,FLUT,1.6156
18.86,False,18.86,18.85,-8320.906,1.0,2026-05-28,18.85,0.0,0.2246,2.646,9.416,100.0,441,1.9804,8.056,0,,18.855,8317.26,market,@MLB_Upset_Short,0.00762,4.41,mlb upsets: 40 in 7d vs median 30.0,0.0,19.440001,data/real/prices/yahoo/PENN.json,19.76,18.709999,18.85,a08c607c0926b67cf07c1d783cb680772c85851bf312595d1e12c5291078fa04,5787900,0.0,,441,buy,5.305,-298.354,5.305,5.305,2.205,filled,,PENN,7.8314
24.5,False,24.5,24.49,-2549.624,1.0,2026-05-29,24.49,0.0,0.3809,0.624,8.96,100.0,104,0.1391,2.664,0,,24.495,2548.0,market,@MLB_Attention_Momo,0.0003,1.04,mlb attention: 92 finals in 7d,0.0,24.49,data/real/prices/yahoo/DKNG.json,24.715,23.540001,24.49,728eccb3861f5cb322bf539a1926fb53cb11fdf0d1412a8d19111bd3a9ac37ef,34297500,0.0,,104,buy,4.083,4.083,4.083,4.083,0.52,filled,,DKNG,2.2831
24.5,False,24.51,24.49,-44080.768,1.0,2026-05-29,24.49,0.0,16.9715,10.788,6.984,100.0,1798,9.9985,47.748,0,,24.495,44068.98,market,@MLB_Upset_Short,0.00524,35.96,mlb upsets: rate normalised,0.0,24.49,data/real/prices/yahoo/DKNG.json,24.715,23.540001,24.49,728eccb3861f5cb322bf539a1926fb53cb11fdf0d1412a8d19111bd3a9ac37ef,34297500,0.0,,1798,buy,8.167,8.167,8.167,8.167,8.99,filled,,DKNG,30.7765
95.67,False,95.69,95.66,-45552.296,1.0,2026-05-29,95.660004,0.0,2.1058,2.856,3.519,100.0,476,9.7923,18.1341,0,,95.665,45548.44,market,@MLB_Upset_Short,0.00847,14.2781,mlb upsets: rate normalised,0.0,96.980003,data/real/prices/yahoo/FLUT.json,98.720001,93.559998,95.660004,b0ffbb30d24f61202de05dce905e96fb554a730be44b61df2e48712c8bcbabd0,5623000,0.0,,476,buy,3.136,-133.017,3.136,3.136,2.38,filled,,FLUT,16.0283
19.49,False,19.48,19.48,2043.7074,1.0,2026-05-29,19.48,0.0,-0.7678,0.63,12.029,100.0,105,0.2428,1.6926,0,,19.485,2045.4,market,@MLB_Attention_Momo,0.00259,-0.0,mlb attention: 92 finals in 7d,0.0,18.83,data/real/prices/yahoo/PENN.json,19.549999,18.790001,19.48,a08c607c0926b67cf07c1d783cb680772c85851bf312595d1e12c5291078fa04,4056800,0.0626,,105,sell,-0.0,345.194,-0.0,0.0,0.525,filled,,PENN,2.4604
19.49,False,19.5,19.48,-46522.81,1.0,2026-05-29,19.48,3.85,5.6385,14.31,12.336,100.0,2385,26.2865,63.01,0,,19.485,46507.5,market,@MLB_Upset_Short,0.05879,47.7,mlb upsets: rate normalised,0.0,18.83,data/real/prices/yahoo/PENN.json,19.549999,18.790001,19.48,a08c607c0926b67cf07c1d783cb680772c85851bf312595d1e12c5291078fa04,4056800,0.0,,2385,buy,10.267,355.815,10.267,10.267,11.925,filled,,PENN,57.3715
44.67,False,44.67,44.66,-5719.528,1.0,2026-05-29,44.669998,0.0,-0.7452,0.768,4.396,100.0,128,0.1054,1.7683,0,,44.665,5717.76,market,@Weather_ColdSnap_Max,0.00056,0.0003,weather: 2 cold anomaly days in 10,0.0,44.419998,data/real/prices/yahoo/XLU.json,44.720001,44.25,44.669998,5dddbd83cab3a8b7cd0814ea8215cbfc7d759602d4557e0cdf34937ba995df5d,23048500,0.0,,128,buy,0.0,56.281,0.0,0.0,0.64,filled,,XLU,2.5134
99.16,False,99.14,99.14,1386.8447,1.0,2026-06-01,99.150002,0.0,-0.0539,0.084,9.433,100.0,14,0.0539,1.2553,0,,99.15,1387.96,market,@MLB_Attention_Momo,0.00032,0.14,mlb attention: 94 finals in 7d,0.0,104.309998,data/real/prices/yahoo/FLUT.json,104.75,98.980003,99.150002,b0ffbb30d24f61202de05dce905e96fb554a730be44b61df2e48712c8bcbabd0,4406100,0.0313,,14,sell,1.009,-495.638,1.009,-1.009,0.14,filled,,FLUT,1.3093
288.38,False,288.38,288.36,-866.158,1.0,2026-06-01,288.369995,0.0,-0.0022,0.018,12.139,100.0,3,0.0022,1.048,0,,288.37,865.14,market,@PinePilot_EMA_Cross,1e-05,0.03,pinepilot: EMA(20) > EMA(50),0.0,288.980011,data/real/prices/yahoo/IWM.json,290.609985,286.269989,288.369995,4f6191d7931ac8755dec346902f769128dd059359a542aaf947e90ff8f2d344a,23826100,0.0,,3,buy,0.347,-20.763,0.347,0.347,0.03,filled,,IWM,1.0502
19.03,False,19.03,19.02,-2761.22,1.0,2026-06-01,19.02,0.0,0.3242,0.87,10.857,100.0,145,0.4008,3.32,0,,19.025,2759.35,market,@MLB_Attention_Momo,0.00258,1.45,mlb attention: 94 finals in 7d,0.0,20.24,data/real/prices/yahoo/PENN.json,20.58,19.02,19.02,a08c607c0926b67cf07c1d783cb680772c85851bf312595d1e12c5291078fa04,5617600,0.0,,145,buy,5.258,-597.826,5.258,5.258,0.725,filled,,PENN,2.9958
737.05,False,737.05,737.02,-22112.68,1.0,2026-06-01,737.039978,0.0,-0.2675,0.18,0.791,100.0,30,0.1181,1.4807,0,,737.035,22111.5,market,@LeapMaxLever_Momentum,9e-05,0.3007,the leap: monthly leader QQQ,0.0,742.73999,data/real/prices/yahoo/QQQ.json,745.650024,735.98999,737.039978,ae9ec3c0b0b8e0f5cd28ee45eac2dfcff9f95a7c5a1244e170ab0980d85979ed,33890600,0.0,,30,buy,0.136,-76.608,0.136,0.136,0.45,filled,,QQQ,1.7481
11.62,False,11.61,11.61,2134.0561,1.0,2026-06-01,11.61,0.0,-1.1021,1.104,15.382,100.0,184,0.1821,2.1839,0,,11.615,2136.24,market,@Weather_ColdSnap_Max,0.00211,-0.0,weather: 1 cold anomaly days in 10,0.0,11.54,data/real/prices/yahoo/UNG.json,11.66,11.45,11.61,eb7bcc0769945fb2c40fbcd98753ed7e17e367cf69d2ce2bde9ae60f00a462cc,8716900,0.0799,,184,sell,-0.0,60.659,-0.0,0.0,0.92,filled,,UNG,3.286
135.62,False,135.62,135.61,-2035.39,1.0,2026-06-01,135.619995,0.0,-0.1079,0.09,5.889,100.0,15,0.0329,1.0901,0,,135.615,2034.3,market,@FDA_ClusterFade,0.00019,0.0001,fda fade: z=-1.52 long sector,0.0,133.619995,data/real/prices/yahoo/XBI.json,135.660004,132.240005,135.619995,fe9eeb851e6faba2a7187e008fab271608d8a4d544227ad3543ac3d95d5dd769,7929300,0.0,,15,buy,0.0,149.679,0.0,0.0,0.075,filled,,XBI,1.1979
43.91,False,43.9,43.9,2413.1095,1.0,2026-06-01,43.900002,0.0,-0.3036,0.33,7.017,100.0,55,0.0287,1.3906,0,,43.905,2414.5,market,@Weather_ColdSnap_Max,0.00018,0.0001,weather: 1 cold anomaly days in 10,0.0,43.099998,data/real/prices/yahoo/XLU.json,43.959999,43.07,43.900002,5dddbd83cab3a8b7cd0814ea8215cbfc7d759602d4557e0cdf34937ba995df5d,31206300,0.0605,,55,sell,0.0,185.615,0.0,-0.0,0.275,filled,,XLU,1.6942
25.86,False,25.84,25.85,78687.1486,1.0,2026-06-02,25.853001,0.0,-2.1718,18.276,8.038,100.0,3046,26.5428,61.0924,0,,25.855,78708.64,market,@MLB_Attention_Momo,0.03589,39.601,mlb attention: schedule cooled,0.0,25.299999,data/real/prices/yahoo/DKNG.json,25.92,25.219999,25.853001,728eccb3861f5cb322bf539a1926fb53cb11fdf0d1412a8d19111bd3a9ac37ef,8486900,2.2154,,3046,sell,5.029,213.439,5.029,-5.029,15.23,filled,,DKNG,63.2642
102.39,False,102.33,102.37,78070.4548,1.0,2026-06-02,102.379997,0.0,3.2461,4.578,5.41,100.0,763,27.2716,45.4829,0,,102.38,78077.79,market,@MLB_Attention_Momo,0.03914,38.1477,mlb attention: schedule cooled,0.0,101.989998,data/real/prices/yahoo/FLUT.json,103.639999,100.150002,102.379997,b0ffbb30d24f61202de05dce905e96fb554a730be44b61df2e48712c8bcbabd0,1949200,1.7572,,763,sell,4.883,33.337,4.883,-4.883,7.63,filled,,FLUT,42.2368
20.14,False,20.11,20.13,79950.1849,1.0,2026-06-02,20.139999,0.0,33.209,23.862,14.177,100.0,3977,66.212,146.5911,0,,20.135,79977.47,market,@MLB_Attention_Momo,0.09387,119.306,mlb attention: schedule cooled,0.0,20.110001,data/real/prices/yahoo/PENN.json,20.42,19.799999,20.139999,a08c607c0926b67cf07c1d783cb680772c85851bf312595d1e12c5291078fa04,4236800,2.4231,,3977,sell,14.895,-0.0,14.895,-14.895,19.885,filled,,PENN,113.3821
85.81,False,85.81,85.8,-1545.688,1.0,2026-06-02,85.800003,0.0,0.0848,0.108,7.789,100.0,18,0.0051,1.2879,0,,85.805,1544.58,market,@YieldCurve_Rotator,9e-05,0.1799,curve: 21d change -3.0bp,0.0,85.650002,data/real/prices/yahoo/TLT.json,85.82,85.5,85.800003,b2914ca7451d1c04fbe97f399361df69871d9a8afcbb0121541ac2bdd13a29f3,20319000,0.0,,18,buy,1.165,18.68,1.165,1.165,0.09,filled,,TLT,1.2031
11.35,False,11.33,11.34,98049.8065,1.0,2026-06-02,11.34,0.0,-14.6173,51.954,16.092,100.0,8659,57.9123,143.2535,0,,11.345,98106.47,market,@Weather_ColdSnap_Max,0.14611,86.59,weather: no cold anomaly in the window,0.0,11.47,data/real/prices/yahoo/UNG.json,11.52,11.33,11.34,eb7bcc0769945fb2c40fbcd98753ed7e17e367cf69d2ce2bde9ae60f00a462cc,5926300,3.7095,,8659,sell,8.818,-122.058,8.818,-8.818,43.295,filled,,UNG,157.8708
131.54,False,131.53,131.53,2629.4219,1.0,2026-06-02,131.539993,0.0,0.0494,0.12,5.05,100.0,20,0.0505,1.378,0,,131.535,2630.6,market,@FDA_ClusterFade,0.00014,0.1999,fda fade: z=-1.07 long sector,0.0,127.760002,data/real/prices/yahoo/XBI.json,131.970001,127.57,131.539993,fe9eeb851e6faba2a7187e008fab271608d8a4d544227ad3543ac3d95d5dd769,14202400,0.0581,,20,sell,0.76,295.084,0.76,-0.76,0.1,filled,,XBI,1.3285
43.21,False,43.2,43.2,53990.1439,1.0,2026-06-02,43.209999,0.0,3.2254,7.5,3.543,100.0,1250,3.0234,22.3549,0,,43.205,54000.0,market,@Weather_ColdSnap_Max,0.00457,12.4988,weather: no cold anomaly in the window,0.0,43.900002,data/real/prices/yahoo/XLU.json,43.959999,43.18,43.209999,5dddbd83cab3a8b7cd0814ea8215cbfc7d759602d4557e0cdf34937ba995df5d,27366300,1.3561,,1250,sell,2.314,-159.454,2.314,-2.314,6.25,filled,,XLU,19.1295
25.49,False,25.47,25.48,44254.1812,1.0,2026-06-04,25.48,0.0,-3.1253,10.428,7.496,100.0,1738,11.8153,30.0588,0,,25.485,44266.86,market,@MLB_Upset_Short,0.01851,17.38,mlb upsets: 43 in 7d vs median 32.5,0.0,25.370001,data/real/prices/yahoo/DKNG.json,26.135,25.059999,25.48,728eccb3861f5cb322bf539a1926fb53cb11fdf0d1412a8d19111bd3a9ac37ef,9390800,1.2508,,1738,sell,3.925,39.416,3.925,-3.925,8.69,filled,,DKNG,33.1841
102.86,False,102.81,102.84,44306.5271,1.0,2026-06-04,102.849998,0.0,1.1965,2.586,4.655,100.0,431,11.7326,21.822,0,,102.85,44311.11,market,@MLB_Upset_Short,0.01835,17.2391,mlb upsets: 43 in 7d vs median 32.5,0.0,100.830002,data/real/prices/yahoo/FLUT.json,104.800003,100.720001,102.849998,b0ffbb30d24f61202de05dce905e96fb554a730be44b61df2e48712c8bcbabd0,2348400,0.9969,,431,sell,3.889,196.37,3.889,-3.889,4.31,filled,,FLUT,20.6255
19.68,False,19.66,19.67,44258.4568,1.0,2026-06-04,19.68,0.0,6.3504,13.512,12.322,100.0,2252,27.4296,60.9032,0,,19.675,44274.32,market,@MLB_Upset_Short,0.10928,45.04,mlb upsets: 43 in 7d vs median 32.5,0.0,19.629999,data/real/prices/yahoo/PENN.json,19.799999,19.459999,19.68,a08c607c0926b67cf07c1d783cb680772c85851bf312595d1e12c5291078fa04,2060800,1.3512,,2252,sell,10.163,15.283,10.163,-10.163,11.26,filled,,PENN,54.5528
130.45,False,130.47,130.43,-171315.988,1.0,2026-06-04,130.440002,0.0,-3.3824,7.878,3.015,100.0,1313,29.6398,48.2654,0,,130.44,171307.11,market,@FDACatalyst_Rider,0.01793,39.3874,fda: 30d approvals=70 median=67,0.0,133.419998,data/real/prices/yahoo/XBI.json,134.479996,130.440002,130.440002,fe9eeb851e6faba2a7187e008fab271608d8a4d544227ad3543ac3d95d5dd769,7324200,0.0,,1313,buy,2.3,-221.106,2.3,2.3,13.13,filled,,XBI,51.6478
130.45,False,130.41,130.43,173954.0922,1.0,2026-06-04,130.440002,0.0,-3.671,8.004,3.25,100.0,1334,30.3537,52.8705,0,,130.44,173966.94,market,@FDA_ClusterFade,0.01821,40.0227,fda fade: z back inside the band,0.0,133.419998,data/real/prices/yahoo/XBI.json,134.479996,130.440002,130.440002,fe9eeb851e6faba2a7187e008fab271608d8a4d544227ad3543ac3d95d5dd769,7324200,3.8438,,1334,sell,2.3,-225.603,2.3,-2.3,13.34,filled,,XBI,56.5415
25.79,False,25.8,25.78,-81728.602,1.0,2026-06-05,25.780001,11.67,6.6151,19.002,9.39,100.0,3167,29.2167,83.3388,0,,25.785,81708.6,market,@MLB_Attention_Momo,0.03363,63.3368,mlb attention: 93 finals in 7d,0.0,24.93,data/real/prices/yahoo/DKNG.json,26.0,24.74,25.780001,728eccb3861f5cb322bf539a1926fb53cb11fdf0d1412a8d19111bd3a9ac37ef,9416000,0.0,,3167,buy,7.758,348.977,7.758,7.758,15.835,filled,,DKNG,76.7237
102.35,False,102.39,102.33,-81713.008,1.0,2026-06-05,102.339996,0.0,2.5587,4.788,5.279,100.0,798,29.3645,45.6912,0,,102.34,81707.22,market,@MLB_Attention_Momo,0.03721,39.9032,mlb attention: 93 finals in 7d,0.0,100.489998,data/real/prices/yahoo/FLUT.json,103.324997,99.629997,102.339996,b0ffbb30d24f61202de05dce905e96fb554a730be44b61df2e48712c8bcbabd0,2144800,0.0,,798,buy,4.886,189.074,4.886,4.886,7.98,filled,,FLUT,43.1325
19.83,False,19.85,19.82,-81787.864,1.0,2026-06-05,19.83,21.19,-28.1758,24.714,16.667,100.0,4119,68.7708,108.094,0,,19.825,81762.15,market,@MLB_Attention_Momo,0.13812,82.38,mlb attention: 93 finals in 7d,0.0,19.23,data/real/prices/yahoo/PENN.json,20.0,19.200001,19.83,a08c607c0926b67cf07c1d783cb680772c85851bf312595d1e12c5291078fa04,2982200,0.0,,4119,buy,10.086,322.413,10.086,10.086,20.595,filled,,PENN,136.2698
132.78,False,132.78,132.76,-1461.646,1.0,2026-06-05,132.770004,0.0,-0.0243,0.066,8.218,100.0,11,0.0243,1.176,0,,132.77,1460.58,market,@FDACatalyst_Rider,0.00013,0.11,fda: 30d approvals=73 median=67,0.0,128.669998,data/real/prices/yahoo/XBI.json,133.320007,128.179993,132.770004,fe9eeb851e6faba2a7187e008fab271608d8a4d544227ad3543ac3d95d5dd769,8408400,0.0,,11,buy,0.753,319.422,0.753,0.753,0.11,filled,,XBI,1.2003
24.71,False,24.7,24.7,2073.2369,1.0,2026-06-08,24.700001,0.0,-0.5417,0.504,10.145,100.0,84,0.1218,1.5632,0,,24.705,2074.8,market,@MLB_Attention_Momo,0.00072,0.0001,mlb attention: 92 finals in 7d,0.0,24.780001,data/real/prices/yahoo/DKNG.json,25.215,24.41,24.700001,728eccb3861f5cb322bf539a1926fb53cb11fdf0d1412a8d19111bd3a9ac37ef,11628600,0.0591,,84,sell,0.0,-32.285,0.0,-0.0,0.42,filled,,DKNG,2.1049
24.71,False,24.7,24.7,3431.3682,1.0,2026-06-08,24.700001,0.0,-0.9542,0.834,8.406,100.0,139,0.2593,1.932,0,,24.705,3433.3,market,@MLB_Upset_Short,0.0012,0.0001,mlb upsets: 47 in 7d vs median 33.5,0.0,24.780001,data/real/prices/yahoo/DKNG.json,25.215,24.41,24.700001,728eccb3861f5cb322bf539a1926fb53cb11fdf0d1412a8d19111bd3a9ac37ef,11628600,0.0978,,139,sell,0.0,-32.285,0.0,-0.0,0.695,filled,,DKNG,2.8861
98.99,False,98.96,98.97,2769.6495,1.0,2026-06-08,98.980003,0.0,0.1009,0.168,6.098,100.0,28,0.1792,1.7906,0,,98.98,2770.88,market,@MLB_Attention_Momo,0.00096,0.5601,mlb attention: 92 finals in 7d,0.0,104.949997,data/real/prices/yahoo/FLUT.json,106.110001,98.934998,98.980003,b0ffbb30d24f61202de05dce905e96fb554a730be44b61df2e48712c8bcbabd0,2917500,0.0625,,28,sell,2.021,-570.748,2.021,-2.021,0.28,filled,,FLUT,1.6897
98.99,False,98.96,98.97,3660.2154,1.0,2026-06-08,98.980003,0.0,0.098,0.222,5.317,100.0,37,0.2722,2.0448,0,,98.98,3661.52,market,@MLB_Upset_Short,0.00127,0.7401,mlb upsets: 47 in 7d vs median 33.5,0.0,104.949997,data/real/prices/yahoo/FLUT.json,106.110001,98.934998,98.980003,b0ffbb30d24f61202de05dce905e96fb554a730be44b61df2e48712c8bcbabd0,2917500,0.0826,,37,sell,2.021,-570.748,2.021,-2.021,0.37,filled,,FLUT,1.9468
285.52,False,285.5,285.5,1140.9517,1.0,2026-06-08,285.51001,0.0,-0.004,0.024,9.565,100.0,4,0.004,1.0883,0,,285.51,1142.0,market,@PinePilot_EMA_Cross,1e-05,0.04,pinepilot: EMA(20) > EMA(50),0.0,284.109985,data/real/prices/yahoo/IWM.json,286.839996,283.579987,285.51001,4f6191d7931ac8755dec346902f769128dd059359a542aaf947e90ff8f2d344a,27277400,0.0243,,4,sell,0.351,48.925,0.351,-0.351,0.04,filled,,IWM,1.0923
19.13,False,19.12,19.12,2617.5373,1.0,2026-06-08,19.129999,0.0,0.2812,0.822,11.42,100.0,137,0.4036,3.2725,0,,19.125,2619.44,market,@MLB_Attention_Momo,0.00542,1.3699,mlb attention: 92 finals in 7d,0.0,19.17,data/real/prices/yahoo/PENN.json,19.299999,18.790001,19.129999,a08c607c0926b67cf07c1d783cb680772c85851bf312595d1e12c5291078fa04,2527400,0.0807,,137,sell,5.227,-26.082,5.227,-5.227,0.685,filled,,PENN,2.9913
19.13,False,19.12,19.12,3305.6201,1.0,2026-06-08,19.129999,0.0,0.2921,1.038,10.816,100.0,173,0.5727,3.8697,0,,19.125,3307.76,market,@MLB_Upset_Short,0.00684,1.7298,mlb upsets: 47 in 7d vs median 33.5,0.0,19.17,data/real/prices/yahoo/PENN.json,19.299999,18.790001,19.129999,a08c607c0926b67cf07c1d783cb680772c85851bf312595d1e12c5291078fa04,2527400,0.1019,,173,sell,5.227,-26.082,5.227,-5.227,0.865,filled,,PENN,3.5776
743.37,False,743.35,743.35,742.3285,1.0,2026-06-08,743.359985,0.0,-0.0005,0.006,13.884,100.0,1,0.0005,1.0315,0,,743.36,743.35,market,@PinePilot_EMA_Cross,0.0,0.01,pinepilot: EMA(20) > EMA(50),0.0,739.219971,data/real/prices/yahoo/SPY.json,745.340027,738.190002,743.359985,e0f05aaf67be23da1db20513eaed93274b165898427ebeab80c7cb2eca1d9a2d,49319100,0.0155,,1,sell,0.134,55.87,0.134,-0.134,0.01,filled,,SPY,1.032
11.4,False,11.42,11.39,-97042.018,1.0,2026-06-08,11.4,97.86,-30.9386,50.958,26.06,100.0,8493,60.4736,221.818,0,,11.395,96990.06,market,@Weather_ColdSnap_Max,0.20289,169.86,weather: 1 cold anomaly days in 10,0.0,11.37,data/real/prices/yahoo/UNG.json,11.44,11.23,11.4,eb7bcc0769945fb2c40fbcd98753ed7e17e367cf69d2ce2bde9ae60f00a462cc,4186100,0.0,,8493,buy,17.544,43.975,17.544,17.544,42.465,filled,,UNG,252.7566
130.22,False,130.2,130.2,1561.2935,1.0,2026-06-08,130.210007,0.0,-0.0275,0.072,8.027,100.0,12,0.0276,1.2266,0,,130.21,1562.4,market,@FDACatalyst_Rider,0.00019,0.1201,fda: 30d approvals=67 median=67,0.0,128.429993,data/real/prices/yahoo/XBI.json,131.059998,127.849998,130.210007,fe9eeb851e6faba2a7187e008fab271608d8a4d544227ad3543ac3d95d5dd769,6472300,0.0345,,12,sell,0.769,137.819,0.769,-0.769,0.12,filled,,XBI,1.2541
44.32,False,44.32,44.31,-52793.266,1.0,2026-06-08,44.32,0.0,-9.1956,7.146,3.285,100.0,1191,3.2406,8.146,0,,44.315,52785.12,market,@Weather_ColdSnap_Max,0.00571,0.0,weather: 1 cold anomaly days in 10,0.0,43.52,data/real/prices/yahoo/XLU.json,44.380001,43.470001,44.32,5dddbd83cab3a8b7cd0814ea8215cbfc7d759602d4557e0cdf34937ba995df5d,20843500,0.0,,1191,buy,0.0,183.824,0.0,0.0,5.955,filled,,XLU,17.3416
25.15,False,25.15,25.14,-2290.196,1.0,2026-06-09,25.15,0.0,-0.5852,0.546,9.312,100.0,91,0.1302,1.546,0,,25.145,2288.65,market,@MLB_Attention_Momo,0.00045,0.0,mlb attention: 91 finals in 7d,0.0,27.59,data/real/prices/yahoo/DKNG.json,27.639999,25.129999,25.15,728eccb3861f5cb322bf539a1926fb53cb11fdf0d1412a8d19111bd3a9ac37ef,20304200,0.0,,91,buy,0.0,-884.378,0.0,0.0,0.455,filled,,DKNG,2.1312
25.15,False,25.16,25.14,-47237.582,1.0,2026-06-09,25.15,0.0,-2.8104,11.262,7.166,100.0,1877,12.1954,31.032,0,,25.145,47225.32,market,@MLB_Upset_Short,0.00924,18.77,mlb upsets: rate normalised,0.0,27.59,data/real/prices/yahoo/DKNG.json,27.639999,25.129999,25.15,728eccb3861f5cb322bf539a1926fb53cb11fdf0d1412a8d19111bd3a9ac37ef,20304200,0.0,,1877,buy,3.976,-880.754,3.976,3.976,9.385,filled,,DKNG,33.8424
104.95,False,104.98,104.93,-49029.462,1.0,2026-06-09,104.940002,0.0,0.5233,2.802,4.479,100.0,467,13.4857,22.4811,0,,104.94,49025.66,market,@MLB_Upset_Short,0.01605,18.6791,mlb upsets: rate normalised,0.0,111.309998,data/real/prices/yahoo/FLUT.json,112.415001,104.639999,104.940002,b0ffbb30d24f61202de05dce905e96fb554a730be44b61df2e48712c8bcbabd0,2909600,0.0,,467,buy,3.812,-568.682,3.812,3.812,4.67,filled,,FLUT,21.9577
19.18,False,19.18,19.17,-3473.666,1.0,2026-06-09,19.18,0.0,-1.5228,1.086,10.395,100.0,181,0.6178,2.086,0,,19.175,3471.58,market,@MLB_Attention_Momo,0.00467,0.0,mlb attention: 91 finals in 7d,0.0,20.32,data/real/prices/yahoo/PENN.json,20.360001,19.18,19.18,a08c607c0926b67cf07c1d783cb680772c85851bf312595d1e12c5291078fa04,3878800,0.0,,181,buy,0.0,-561.024,0.0,0.0,0.905,filled,,PENN,3.6088
19.18,False,19.19,19.17,-46551.3,1.0,2026-06-09,19.18,4.25,-22.4226,14.55,13.371,100.0,2425,30.2976,39.8,0,,19.175,46535.75,market,@MLB_Upset_Short,0.06252,24.25,mlb upsets: rate normalised,0.0,20.32,data/real/prices/yahoo/PENN.json,20.360001,19.18,19.18,a08c607c0926b67cf07c1d783cb680772c85851bf312595d1e12c5291078fa04,3878800,0.0,,2425,buy,5.214,-556.102,5.214,5.214,12.125,filled,,PENN,62.2226
11.35,False,11.34,11.34,1189.025,1.0,2026-06-09,11.34,0.0,-0.6109,0.63,19.198,100.0,105,0.0859,1.675,0,,11.345,1190.7,market,@Weather_ColdSnap_Max,0.00252,-0.0,weather: 1 cold anomaly days in 10,0.0,11.39,data/real/prices/yahoo/UNG.json,11.56,11.31,11.34,eb7bcc0769945fb2c40fbcd98753ed7e17e367cf69d2ce2bde9ae60f00a462cc,4161200,0.045,,105,sell,-0.0,-43.898,-0.0,0.0,0.525,filled,,UNG,2.2859
28.03,False,28.03,28.02,-2664.42,1.0,2026-06-10,28.02,0.0,0.2743,0.57,8.434,100.0,95,0.2007,2.52,0,,28.025,2662.85,market,@MLB_Attention_Momo,0.00033,0.95,mlb attention: 91 finals in 7d,0.0,28.790001,data/real/prices/yahoo/DKNG.json,29.950001,27.950001,28.02,728eccb3861f5cb322bf539a1926fb53cb11fdf0d1412a8d19111bd3a9ac37ef,28884300,0.0,,95,buy,3.569,-263.981,3.569,3.569,0.475,filled,,DKNG,2.2457
111.82,False,111.83,111.8,-5480.964,1.0,2026-06-10,111.809998,0.0,-0.0384,0.294,4.22,100.0,49,0.5285,2.2741,0,,111.81,5479.67,market,@MLB_Attention_Momo,0.00107,0.9801,mlb attention: 91 finals in 7d,0.0,112.940002,data/real/prices/yahoo/FLUT.json,119.440002,111.190002,111.809998,b0ffbb30d24f61202de05dce905e96fb554a730be44b61df2e48712c8bcbabd0,4571200,0.0,,49,buy,1.789,-98.282,1.789,1.789,0.49,filled,,FLUT,2.3125
284.6,False,284.58,284.58,1706.4077,1.0,2026-06-10,284.589996,0.0,-0.0072,0.036,6.674,100.0,6,0.0072,1.1323,0,,284.59,1707.48,market,@PinePilot_EMA_Cross,2e-05,0.06,pinepilot: EMA(20) > EMA(50),0.0,282.049988,data/real/prices/yahoo/IWM.json,289.0,281.76001,284.589996,4f6191d7931ac8755dec346902f769128dd059359a542aaf947e90ff8f2d344a,39285000,0.0363,,6,sell,0.351,89.701,0.351,-0.351,0.06,filled,,IWM,1.1396
20.45,False,20.46,20.44,-6550.12,1.0,2026-06-10,20.440001,0.0,3.1744,1.92,9.386,100.0,320,1.6252,9.3197,0,,20.445,6547.2,market,@MLB_Attention_Momo,0.00521,6.3997,mlb attention: 91 finals in 7d,0.0,21.450001,data/real/prices/yahoo/PENN.json,21.6,20.299999,20.440001,a08c607c0926b67cf07c1d783cb680772c85851bf312595d1e12c5291078fa04,6139900,0.0,,320,buy,9.784,-461.539,9.784,9.784,1.6,filled,,PENN,6.1452
733.41,False,733.38,733.38,732.3587,1.0,2026-06-10,733.390015,0.0,-0.0055,0.006,14.137,100.0,1,0.0005,1.0313,0,,733.395,733.38,market,@PinePilot_EMA_Cross,0.0,0.01,pinepilot: EMA(20) > EMA(50),0.0,725.429993,data/real/prices/yahoo/SPY.json,738.380005,725.330017,733.390015,e0f05aaf67be23da1db20513eaed93274b165898427ebeab80c7cb2eca1d9a2d,60341300,0.0153,,1,sell,0.137,109.59,0.137,-0.137,0.015,filled,,SPY,1.0368
11.65,False,11.65,11.64,-1015.072,1.0,2026-06-10,11.65,0.0,-0.5018,0.522,19.967,100.0,87,0.0668,1.522,0,,11.645,1013.55,market,@Weather_ColdSnap_Max,0.00141,0.0,weather: 1 cold anomaly days in 10,0.0,11.54,data/real/prices/yahoo/UNG.json,11.72,11.5,11.65,eb7bcc0769945fb2c40fbcd98753ed7e17e367cf69d2ce2bde9ae60f00a462cc,6187700,0.0,,87,buy,0.0,95.321,0.0,0.0,0.435,filled,,UNG,2.0238
44.23,False,44.23,44.22,-1195.372,1.0,2026-06-10,44.220001,0.0,0.1234,0.162,10.958,100.0,27,0.0116,1.432,0,,44.225,1194.21,market,@Weather_ColdSnap_Max,0.00015,0.27,weather: 1 cold anomaly days in 10,0.0,44.0,data/real/prices/yahoo/XLU.json,44.279999,43.790001,44.220001,5dddbd83cab3a8b7cd0814ea8215cbfc7d759602d4557e0cdf34937ba995df5d,17778000,0.0,,27,buy,2.261,52.273,2.261,2.261,0.135,filled,,XLU,1.3086
29.06,False,29.06,29.05,-1105.508,1.0,2026-06-11,29.059999,0.0,-0.2415,0.228,13.308,100.0,38,0.0516,1.228,0,,29.055,1104.28,market,@MLB_Attention_Momo,0.0002,0.0,mlb attention: 91 finals in 7d,0.0,30.02,data/real/prices/yahoo/DKNG.json,30.08,28.9,29.059999,728eccb3861f5cb322bf539a1926fb53cb11fdf0d1412a8d19111bd3a9ac37ef,19296500,0.0,,38,buy,0.0,-319.787,0.0,0.0,0.19,filled,,DKNG,1.4696
111.52,False,111.53,111.5,-4797.048,1.0,2026-06-11,111.510002,0.0,0.0617,0.258,4.288,100.0,43,0.3683,2.1179,0,,111.51,4795.79,market,@MLB_Attention_Momo,0.0018,0.8599,mlb attention: 91 finals in 7d,0.0,110.800003,data/real/prices/yahoo/FLUT.json,115.334999,109.550003,111.510002,b0ffbb30d24f61202de05dce905e96fb554a730be44b61df2e48712c8bcbabd0,2385600,0.0,,43,buy,1.793,65.884,1.793,1.793,0.43,filled,,FLUT,2.0563
44.23,False,44.22,44.22,1546.4513,1.0,2026-06-11,44.220001,0.0,-0.1917,0.21,9.307,100.0,35,0.0168,1.2487,0,,44.225,1547.7,market,@Weather_ColdSnap_Max,0.00018,0.0,weather: 1 cold anomaly days in 10,0.0,44.049999,data/real/prices/yahoo/XLU.json,44.52,44.009998,44.220001,5dddbd83cab3a8b7cd0814ea8215cbfc7d759602d4557e0cdf34937ba995df5d,19146300,0.0387,,35,sell,0.0,38.593,0.0,-0.0,0.175,filled,,XLU,1.4405
29.9,False,29.88,29.89,98819.5108,1.0,2026-06-12,29.9,0.0,5.8429,19.848,8.483,100.0,3308,43.7771,89.6892,0,,29.895,98843.04,market,@MLB_Attention_Momo,0.02303,66.16,mlb attention: schedule cooled,0.0,29.0,data/real/prices/yahoo/DKNG.json,30.129999,28.66,29.9,728eccb3861f5cb322bf539a1926fb53cb11fdf0d1412a8d19111bd3a9ac37ef,14361600,2.6812,,3308,sell,6.689,303.448,6.689,-6.689,16.54,filled,,DKNG,83.8463
111.31,False,111.25,111.29,95889.1844,1.0,2026-06-12,111.300003,0.0,0.6143,5.172,5.298,100.0,862,33.8683,51.4182,0,,111.3,95897.5,market,@MLB_Attention_Momo,0.03939,43.1026,mlb attention: schedule cooled,0.0,110.650002,data/real/prices/yahoo/FLUT.json,112.019997,107.290001,111.300003,b0ffbb30d24f61202de05dce905e96fb554a730be44b61df2e48712c8bcbabd0,2188100,2.1436,,862,sell,4.493,54.225,4.493,-4.493,8.62,filled,,FLUT,50.8039
21.13,False,21.1,21.12,94560.5792,1.0,2026-06-12,21.120001,0.0,-17.6872,26.898,14.597,100.0,4483,84.9367,120.3852,0,,21.125,94591.3,market,@MLB_Attention_Momo,0.16813,89.6645,mlb attention: schedule cooled,0.0,21.68,data/real/prices/yahoo/PENN.json,21.940001,21.120001,21.120001,a08c607c0926b67cf07c1d783cb680772c85851bf312595d1e12c5291078fa04,2666400,2.8228,,4483,sell,9.47,-267.528,9.47,-9.47,22.415,filled,,PENN,138.0724
740.73,False,740.73,740.7,-741.736,1.0,2026-06-12,740.710022,0.0,0.0044,0.006,13.792,100.0,1,0.0006,1.026,0,,740.715,740.73,market,@PinePilot_EMA_Cross,0.0,0.02,pinepilot: EMA(20) > EMA(50),0.0,741.75,data/real/prices/yahoo/SPY.json,744.440002,735.030029,740.710022,e0f05aaf67be23da1db20513eaed93274b165898427ebeab80c7cb2eca1d9a2d,57079500,0.0,,1,buy,0.27,-13.751,0.27,0.27,0.015,filled,,SPY,1.0216
132.99,False,132.99,132.97,-1596.952,1.0,2026-06-12,132.979996,0.0,-0.0298,0.072,7.657,100.0,12,0.0299,1.192,0,,132.98,1595.88,market,@FDACatalyst_Rider,0.00015,0.12,fda: 30d approvals=79 median=67,0.0,133.789993,data/real/prices/yahoo/XBI.json,135.539993,132.960007,132.979996,fe9eeb851e6faba2a7187e008fab271608d8a4d544227ad3543ac3d95d5dd769,7822900,0.0,,12,buy,0.752,-59.795,0.752,0.752,0.12,filled,,XBI,1.2219
296.57,False,296.57,296.55,-1780.456,1.0,2026-06-15,296.559998,0.0,-0.0084,0.036,6.207,100.0,6,0.0084,1.096,0,,296.56,1779.42,market,@PinePilot_EMA_Cross,3e-05,0.06,pinepilot: EMA(20) > EMA(50),0.0,294.640015,data/real/prices/yahoo/IWM.json,297.910004,293.920013,296.559998,4f6191d7931ac8755dec346902f769128dd059359a542aaf947e90ff8f2d344a,23889000,0.0,,6,buy,0.337,65.503,0.337,0.337,0.06,filled,,IWM,1.1044
751.86,False,751.86,751.83,-1504.732,1.0,2026-06-15,751.849976,0.0,-0.0117,0.012,6.941,100.0,2,0.0018,1.032,0,,751.845,1503.72,market,@PinePilot_EMA_Cross,0.0,0.02,pinepilot: EMA(20) > EMA(50),0.0,754.830017,data/real/prices/yahoo/SPY.json,756.679993,751.76001,751.849976,e0f05aaf67be23da1db20513eaed93274b165898427ebeab80c7cb2eca1d9a2d,60176400,0.0,,2,buy,0.133,-39.347,0.133,0.133,0.03,filled,,SPY,1.0438
135.76,False,135.76,135.74,-1901.724,1.0,2026-06-15,135.75,0.0,-0.0386,0.084,6.643,100.0,14,0.0386,1.224,0,,135.75,1900.64,market,@FDACatalyst_Rider,0.00027,0.14,fda: 30d approvals=67 median=67,0.0,136.399994,data/real/prices/yahoo/XBI.json,136.770004,134.550003,135.75,fe9eeb851e6faba2a7187e008fab271608d8a4d544227ad3543ac3d95d5dd769,5269900,0.0,,14,buy,0.737,-46.92,0.737,0.737,0.14,filled,,XBI,1.2626
28.9,False,28.92,28.89,-96845.248,1.0,2026-06-16,28.9,13.48,-7.702,20.088,9.889,100.0,3348,44.442,88.048,0,,28.895,96824.16,market,@MLB_Attention_Momo,0.03529,66.96,mlb attention: 91 finals in 7d,0.0,28.51,data/real/prices/yahoo/DKNG.json,29.530001,28.235001,28.9,728eccb3861f5cb322bf539a1926fb53cb11fdf0d1412a8d19111bd3a9ac37ef,9487300,0.0,,3348,buy,6.92,143.809,6.92,6.92,16.74,filled,,DKNG,95.75
110.84,False,110.88,110.82,-96804.478,1.0,2026-06-16,110.830002,0.0,0.5977,5.238,5.092,100.0,873,34.3206,49.8863,0,,110.83,96798.24,market,@MLB_Attention_Momo,0.04166,43.6483,mlb attention: 91 finals in 7d,0.0,108.919998,data/real/prices/yahoo/FLUT.json,113.529999,108.709999,110.830002,b0ffbb30d24f61202de05dce905e96fb554a730be44b61df2e48712c8bcbabd0,2095700,0.0,,873,buy,4.511,179.949,4.511,4.511,8.73,filled,,FLUT,49.2886
21.83,False,21.85,21.82,-96866.792,1.0,2026-06-16,21.83,24.32,-44.0655,26.592,16.553,100.0,4432,86.2255,116.232,0,,21.825,96839.2,market,@MLB_Attention_Momo,0.17946,88.64,mlb attention: 91 finals in 7d,0.0,21.870001,data/real/prices/yahoo/PENN.json,22.360001,21.639999,21.83,a08c607c0926b67cf07c1d783cb680772c85851bf312595d1e12c5291078fa04,2469600,0.0,,4432,buy,9.162,-9.145,9.162,9.162,22.16,filled,,PENN,160.2975
108.01,False,108.01,107.99,-1189.176,1.0,2026-06-17,108.0,0.0,-0.0468,0.066,10.292,100.0,11,0.0468,1.176,0,,108.0,1188.11,market,@MLB_Attention_Momo,0.0005,0.11,mlb attention: 92 finals in 7d,0.0,101.650002,data/real/prices/yahoo/FLUT.json,110.011002,101.370003,108.0,b0ffbb30d24f61202de05dce905e96fb554a730be44b61df2e48712c8bcbabd0,2214000,0.0,,11,buy,0.926,625.676,0.926,0.926,0.11,filled,,FLUT,1.2228
22.08,False,22.07,22.07,2315.6518,1.0,2026-06-17,22.07,0.0,-0.8441,0.63,10.971,100.0,105,0.3191,1.6982,0,,22.075,2317.35,market,@MLB_Attention_Momo,0.00342,-0.0,mlb attention: 92 finals in 7d,0.0,21.23,data/real/prices/yahoo/PENN.json,22.09,21.1,22.07,a08c607c0926b67cf07c1d783cb680772c85851bf312595d1e12c5291078fa04,3066200,0.0682,,105,sell,-0.0,395.667,-0.0,0.0,0.525,filled,,PENN,2.5423
26.14,False,26.13,26.13,3081.5455,1.0,2026-06-18,26.139999,0.0,0.2989,0.708,8.677,100.0,118,0.291,2.9744,0,,26.135,3083.34,market,@MLB_Attention_Momo,0.00079,1.1799,mlb attention: 91 finals in 7d,0.0,26.389999,data/real/prices/yahoo/DKNG.json,26.6,25.43,26.139999,728eccb3861f5cb322bf539a1926fb53cb11fdf0d1412a8d19111bd3a9ac37ef,14981000,0.0865,,118,sell,3.825,-98.522,3.825,-3.825,0.59,filled,,DKNG,2.6755
100.22,False,100.19,100.2,4106.4514,1.0,2026-06-18,100.209999,0.0,0.0706,0.246,5.083,100.0,41,0.3393,2.1586,0,,100.21,4107.79,market,@MLB_Attention_Momo,0.00107,0.82,mlb attention: 91 finals in 7d,0.0,101.830002,data/real/prices/yahoo/FLUT.json,105.029999,99.349998,100.209999,b0ffbb30d24f61202de05dce905e96fb554a730be44b61df2e48712c8bcbabd0,3821000,0.0926,,41,sell,1.996,-161.053,1.996,-1.996,0.41,filled,,FLUT,2.0879
21.43,False,21.41,21.42,8282.1019,1.0,2026-06-18,21.43,0.0,3.5396,2.322,9.376,100.0,387,2.2654,11.3081,0,,21.425,8285.67,market,@MLB_Attention_Momo,0.00825,7.74,mlb attention: 91 finals in 7d,0.0,21.299999,data/real/prices/yahoo/PENN.json,21.559999,20.92,21.43,a08c607c0926b67cf07c1d783cb680772c85851bf312595d1e12c5291078fa04,4689700,0.2461,,387,sell,9.333,51.644,9.333,-9.333,1.935,filled,,PENN,7.7685
87.08,False,87.08,87.07,-1046.032,1.0,2026-06-18,87.07,0.0,0.0574,0.072,10.857,100.0,12,0.0026,1.192,0,,87.075,1044.96,market,@YieldCurve_Rotator,4e-05,0.12,curve: 21d change -27.0bp,0.0,86.75,data/real/prices/yahoo/TLT.json,87.18,86.650002,87.07,b2914ca7451d1c04fbe97f399361df69871d9a8afcbb0121541ac2bdd13a29f3,32350900,0.0,,12,buy,1.149,38.04,1.149,1.149,0.06,filled,,TLT,1.1346
11.42,False,11.4,11.41,96570.9007,1.0,2026-06-18,11.41,0.0,-17.941,50.856,16.372,100.0,8476,60.321,140.2593,0,,11.415,96626.4,market,@Weather_ColdSnap_Max,0.12452,84.76,weather: no cold anomaly in the window,0.0,11.74,data/real/prices/yahoo/UNG.json,11.82,11.41,11.41,eb7bcc0769945fb2c40fbcd98753ed7e17e367cf69d2ce2bde9ae60f00a462cc,6806800,3.6433,,8476,sell,8.764,-289.608,8.764,-8.764,42.38,filled,,UNG,158.2003
142.01,False,142.01,141.99,-4119.464,1.0,2026-06-18,142.0,0.0,-0.116,0.174,3.836,100.0,29,0.116,1.464,0,,142.0,4118.29,market,@FDACatalyst_Rider,0.0003,0.29,fda: 30d approvals=78 median=67,0.0,140.720001,data/real/prices/yahoo/XBI.json,143.460007,138.699997,142.0,fe9eeb851e6faba2a7187e008fab271608d8a4d544227ad3543ac3d95d5dd769,9569900,0.0,,29,buy,0.704,91.671,0.704,0.704,0.29,filled,,XBI,1.58
44.6,False,44.59,44.59,52740.5547,1.0,2026-06-18,44.599998,0.0,2.723,7.098,3.511,100.0,1183,3.1896,21.243,0,,44.595,52749.97,market,@Weather_ColdSnap_Max,0.00321,11.8276,weather: no cold anomaly in the window,0.0,44.759998,data/real/prices/yahoo/XLU.json,45.34,44.529999,44.599998,5dddbd83cab3a8b7cd0814ea8215cbfc7d759602d4557e0cdf34937ba995df5d,36828300,1.3173,,1183,sell,2.242,-37.98,2.242,-2.242,5.915,filled,,XLU,18.52
25.59,False,25.57,25.58,82568.3888,1.0,2026-06-22,25.584999,0.0,-8.3367,19.38,9.625,100.0,3230,40.6334,71.158,0,,25.585,82591.1,market,@MLB_Attention_Momo,0.03975,48.4468,mlb attention: schedule cooled,0.0,25.65,data/real/prices/yahoo/DKNG.json,26.42,25.530001,25.584999,728eccb3861f5cb322bf539a1926fb53cb11fdf0d1412a8d19111bd3a9ac37ef,8125300,2.3312,,3230,sell,5.862,-31.189,5.862,-5.862,16.15,filled,,DKNG,79.4947
99.31,False,99.25,99.29,83560.5623,1.0,2026-06-22,99.300003,0.0,2.5647,5.052,5.681,100.0,842,31.1178,50.0402,0,,99.3,83568.5,market,@MLB_Attention_Momo,0.02295,42.1025,mlb attention: schedule cooled,0.0,97.440002,data/real/prices/yahoo/FLUT.json,102.43,97.440002,99.300003,b0ffbb30d24f61202de05dce905e96fb554a730be44b61df2e48712c8bcbabd0,3669000,1.8857,,842,sell,5.036,185.755,5.036,-5.036,8.42,filled,,FLUT,47.4755
21.17,False,21.14,21.16,83243.3425,1.0,2026-06-22,21.16,0.0,-12.0074,23.634,14.159,100.0,3939,71.0924,105.8975,0,,21.165,83270.46,market,@MLB_Attention_Momo,0.14727,78.78,mlb attention: schedule cooled,0.0,20.83,data/real/prices/yahoo/PENN.json,21.870001,20.73,21.16,a08c607c0926b67cf07c1d783cb680772c85851bf312595d1e12c5291078fa04,2674600,2.4835,,3939,sell,9.452,148.824,9.452,-9.452,19.695,filled,,PENN,117.9049
143.54,False,143.54,143.52,-1149.368,1.0,2026-06-22,143.529999,0.0,-0.0169,0.048,9.97,100.0,8,0.0169,1.128,0,,143.53,1148.32,market,@FDACatalyst_Rider,5e-05,0.08,fda: 30d approvals=72 median=67,0.0,145.860001,data/real/prices/yahoo/XBI.json,146.770004,143.25,143.529999,fe9eeb851e6faba2a7187e008fab271608d8a4d544227ad3543ac3d95d5dd769,16738700,0.0,,8,buy,0.697,-159.057,0.697,0.697,0.08,filled,,XBI,1.1449
25.43,False,25.45,25.42,-82172.968,1.0,2026-06-23,25.43,12.28,-4.5973,19.368,10.897,100.0,3228,40.7373,84.928,0,,25.425,82152.6,market,@MLB_Attention_Momo,0.02184,64.56,mlb attention: 92 finals in 7d,0.0,25.15,data/real/prices/yahoo/DKNG.json,25.92,24.99,25.43,728eccb3861f5cb322bf539a1926fb53cb11fdf0d1412a8d19111bd3a9ac37ef,14777700,0.0,,3228,buy,7.865,119.284,7.865,7.865,16.14,filled,,DKNG,89.5253
97.65,False,97.69,97.63,-81967.944,1.0,2026-06-23,97.639999,0.0,1.6314,5.034,5.655,100.0,839,31.9295,47.9848,0,,97.64,81961.91,market,@MLB_Attention_Momo,0.02861,41.9508,mlb attention: 92 finals in 7d,0.0,97.849998,data/real/prices/yahoo/FLUT.json,100.660004,97.294998,97.639999,b0ffbb30d24f61202de05dce905e96fb554a730be44b61df2e48712c8bcbabd0,2932800,0.0,,839,buy,5.121,-16.351,5.121,5.121,8.39,filled,,FLUT,46.3535
293.27,False,293.25,293.25,1465.1888,1.0,2026-06-23,293.26001,0.0,-0.0058,0.03,7.619,100.0,5,0.0059,1.1112,0,,293.26,1466.25,market,@PinePilot_EMA_Cross,2e-05,0.0501,pinepilot: EMA(20) > EMA(50),0.0,295.320007,data/real/prices/yahoo/IWM.json,297.75,292.399994,293.26001,4f6191d7931ac8755dec346902f769128dd059359a542aaf947e90ff8f2d344a,26821700,0.0312,,5,sell,0.341,-70.094,0.341,-0.341,0.05,filled,,IWM,1.1171
20.71,False,20.73,20.7,-82219.24,1.0,2026-06-23,20.700001,19.65,7.3562,23.79,16.592,100.0,3965,72.1149,143.736,0,,20.705,82194.45,market,@MLB_Attention_Momo,0.14045,118.946,mlb attention: 92 finals in 7d,0.0,20.5,data/real/prices/yahoo/PENN.json,21.059999,20.440001,20.700001,a08c607c0926b67cf07c1d783cb680772c85851bf312595d1e12c5291078fa04,2823100,0.0,,3965,buy,14.492,112.195,14.492,14.492,19.825,filled,,PENN,136.3799
97.98,False,97.95,97.96,1468.1268,1.0,2026-06-24,97.970001,0.0,0.0733,0.09,9.187,100.0,15,0.0767,1.4232,0,,97.97,1469.25,market,@MLB_Attention_Momo,0.00057,0.3,mlb attention: 91 finals in 7d,0.0,98.510002,data/real/prices/yahoo/FLUT.json,100.855003,97.459999,97.970001,b0ffbb30d24f61202de05dce905e96fb554a730be44b61df2e48712c8bcbabd0,2638800,0.0332,,15,sell,2.042,-56.847,2.042,-2.042,0.15,filled,,FLUT,1.3499
147.33,False,147.33,147.31,-2800.384,1.0,2026-06-24,147.320007,0.0,-0.0628,0.114,4.882,100.0,19,0.0627,1.3039,0,,147.32,2799.27,market,@FDACatalyst_Rider,0.00014,0.1899,fda: 30d approvals=78 median=67,0.0,149.710007,data/real/prices/yahoo/XBI.json,151.779999,147.320007,147.320007,fe9eeb851e6faba2a7187e008fab271608d8a4d544227ad3543ac3d95d5dd769,13716000,0.0,,19,buy,0.678,-158.974,0.678,0.678,0.19,filled,,XBI,1.3667
24.78,False,24.78,24.77,-1413.802,1.0,2026-06-25,24.775,0.0,-0.0944,0.342,12.188,100.0,57,0.0944,1.627,0,,24.775,1412.46,market,@MLB_Attention_Momo,0.00045,0.285,mlb attention: 93 finals in 7d,0.0,23.1,data/real/prices/yahoo/DKNG.json,25.014999,23.08,24.775,728eccb3861f5cb322bf539a1926fb53cb11fdf0d1412a8d19111bd3a9ac37ef,12556700,0.0,,57,buy,2.018,727.273,2.018,2.018,0.285,filled,,DKNG,1.7214
24.78,False,24.76,24.77,44406.4111,1.0,2026-06-25,24.775,0.0,1.2636,10.764,8.707,100.0,1794,16.6764,39.9389,0,,24.775,44419.44,market,@MLB_Upset_Short,0.01429,26.91,mlb upsets: 47 in 7d vs median 36.5,0.0,23.1,data/real/prices/yahoo/DKNG.json,25.014999,23.08,24.775,728eccb3861f5cb322bf539a1926fb53cb11fdf0d1412a8d19111bd3a9ac37ef,12556700,1.2649,,1794,sell,6.054,718.615,6.054,-6.054,8.97,filled,,DKNG,38.6753
98.7,False,98.65,98.68,44289.156,1.0,2026-06-25,98.690002,0.0,0.8191,2.694,4.93,100.0,449,12.6518,22.6549,0,,98.69,44293.85,market,@MLB_Upset_Short,0.01069,17.9609,mlb upsets: 47 in 7d vs median 36.5,0.0,96.190002,data/real/prices/yahoo/FLUT.json,99.559998,95.110001,98.690002,b0ffbb30d24f61202de05dce905e96fb554a730be44b61df2e48712c8bcbabd0,4198700,1.0,,449,sell,4.053,255.744,4.053,-4.053,4.49,filled,,FLUT,21.8358
20.8,False,20.79,20.79,1038.1688,1.0,2026-06-25,20.790001,0.0,-0.3538,0.3,16.21,100.0,50,0.1039,1.3312,0,,20.795,1039.5,market,@MLB_Attention_Momo,0.00127,0.0001,mlb attention: 93 finals in 7d,0.0,21.09,data/real/prices/yahoo/PENN.json,21.799999,20.74,20.790001,a08c607c0926b67cf07c1d783cb680772c85851bf312595d1e12c5291078fa04,3941500,0.0312,,50,sell,0.0,-142.248,0.0,-0.0,0.25,filled,,PENN,1.685
20.8,False,20.78,20.79,44433.2533,1.0,2026-06-25,20.790001,0.0,-18.3642,12.834,12.357,100.0,2139,29.0613,36.5589,0,,20.795,44448.42,market,@MLB_Upset_Short,0.05427,21.3921,mlb upsets: 47 in 7d vs median 36.5,0.0,21.09,data/real/prices/yahoo/PENN.json,21.799999,20.74,20.790001,a08c607c0926b67cf07c1d783cb680772c85851bf312595d1e12c5291078fa04,3941500,1.3327,,2139,sell,4.81,-146.989,4.81,-4.81,10.695,filled,,PENN,54.9231
725.92,False,725.92,725.89,-726.926,1.0,2026-06-25,725.900024,0.0,0.0035,0.006,14.086,100.0,1,0.0015,1.026,0,,725.905,725.92,market,@PinePilot_EMA_Cross,0.0,0.02,pinepilot: EMA(20) > EMA(50),0.0,716.380005,data/real/prices/yahoo/QQQ.json,726.830017,705.299988,725.900024,ae9ec3c0b0b8e0f5cd28ee45eac2dfcff9f95a7c5a1244e170ab0980d85979ed,49668000,0.0,,1,buy,0.275,133.169,0.275,0.275,0.015,filled,,QQQ,1.0225
149.9,False,149.9,149.88,-1799.872,1.0,2026-06-25,149.889999,0.0,-0.0318,0.072,6.804,100.0,12,0.0318,1.192,0,,149.89,1798.8,market,@FDACatalyst_Rider,0.0001,0.12,fda: 30d approvals=81 median=67,0.0,151.589996,data/real/prices/yahoo/XBI.json,154.699997,149.889999,149.889999,fe9eeb851e6faba2a7187e008fab271608d8a4d544227ad3543ac3d95d5dd769,12268600,0.0,,12,buy,0.667,-111.485,0.667,0.667,0.12,filled,,XBI,1.2238
23.71,False,23.71,23.7,-2135.44,1.0,2026-06-26,23.700001,0.0,0.2681,0.54,10.177,100.0,90,0.1818,2.4399,0,,23.705,2133.9,market,@MLB_Attention_Momo,0.00054,0.8999,mlb attention: 93 finals in 7d,0.0,25.700001,data/real/prices/yahoo/DKNG.json,25.74,23.32,23.700001,728eccb3861f5cb322bf539a1926fb53cb11fdf0d1412a8d19111bd3a9ac37ef,16724400,0.0,,90,buy,4.219,-774.319,4.219,4.219,0.45,filled,,DKNG,2.1718
23.71,False,23.72,23.7,-42589.17,1.0,2026-06-26,23.700001,0.0,10.7337,10.77,8.675,100.0,1795,16.1896,47.6682,0,,23.705,42577.4,market,@MLB_Upset_Short,0.01073,35.8982,mlb upsets: rate normalised,0.0,25.700001,data/real/prices/yahoo/DKNG.json,25.74,23.32,23.700001,728eccb3861f5cb322bf539a1926fb53cb11fdf0d1412a8d19111bd3a9ac37ef,16724400,0.0,,1795,buy,8.438,-770.428,8.438,8.438,8.975,filled,,DKNG,36.9346
96.46,False,96.49,96.44,-43424.2,1.0,2026-06-26,96.449997,0.0,1.3501,2.7,4.687,100.0,450,12.1513,21.7013,0,,96.45,43420.5,market,@MLB_Upset_Short,0.00646,18.0013,mlb upsets: rate normalised,0.0,104.190002,data/real/prices/yahoo/FLUT.json,104.519997,96.449997,96.449997,b0ffbb30d24f61202de05dce905e96fb554a730be44b61df2e48712c8bcbabd0,6964500,0.0,,450,buy,4.148,-739.035,4.148,4.148,4.5,filled,,FLUT,20.3513
183.83,False,183.86,183.81,-56815.594,1.0,2026-06-26,183.820007,0.0,0.0003,1.854,2.677,100.0,309,9.2675,15.2118,0,,183.82,56812.74,market,@FDACatalyst_Rider,0.01461,12.3578,fda: 30d approvals=84 median=67,0.0,187.360001,data/real/prices/yahoo/IBB.json,188.690002,183.509995,183.820007,20849c9611587299a52489fe22060adc7823c700fb3483f21091d85a6cf8acb0,2114900,0.0,,309,buy,2.176,-186.806,2.176,2.176,3.09,filled,,IBB,15.2115
296.61,False,296.59,296.59,1185.3108,1.0,2026-06-26,296.600006,0.0,-0.0042,0.024,9.217,100.0,4,0.0042,1.0892,0,,296.6,1186.36,market,@PinePilot_EMA_Cross,1e-05,0.04,pinepilot: EMA(20) > EMA(50),0.0,299.829987,data/real/prices/yahoo/IWM.json,300.029999,295.730011,296.600006,4f6191d7931ac8755dec346902f769128dd059359a542aaf947e90ff8f2d344a,39832500,0.0252,,4,sell,0.337,-108.061,0.337,-0.337,0.04,filled,,IWM,1.0935
21.58,False,21.57,21.57,4441.0523,1.0,2026-06-26,21.57,0.0,-1.9369,1.236,9.688,100.0,206,0.9069,2.3677,0,,21.575,4443.42,market,@MLB_Attention_Momo,0.00104,-0.0,mlb attention: 93 finals in 7d,0.0,21.879999,data/real/prices/yahoo/PENN.json,22.120001,21.27,21.57,a08c607c0926b67cf07c1d783cb680772c85851bf312595d1e12c5291078fa04,19777000,0.1317,,206,sell,-0.0,-141.681,-0.0,0.0,1.03,filled,,PENN,4.3046
21.58,False,21.59,21.57,-46194.844,1.0,2026-06-26,21.57,1.39,0.3513,12.834,12.183,100.0,2139,30.3437,56.614,0,,21.575,46181.01,market,@MLB_Upset_Short,0.01082,42.78,mlb upsets: rate normalised,0.0,21.879999,data/real/prices/yahoo/PENN.json,22.120001,21.27,21.57,a08c607c0926b67cf07c1d783cb680772c85851bf312595d1e12c5291078fa04,19777000,0.0,,2139,buy,9.272,-132.541,9.272,9.272,10.695,filled,,PENN,56.2627
151.24,False,151.24,151.22,-908.476,1.0,2026-06-26,151.229996,0.0,-0.0113,0.036,12.203,100.0,6,0.0113,1.096,0,,151.23,907.44,market,@FDACatalyst_Rider,5e-05,0.06,fda: 30d approvals=84 median=67,0.0,155.380005,data/real/prices/yahoo/XBI.json,155.929993,151.199997,151.229996,fe9eeb851e6faba2a7187e008fab271608d8a4d544227ad3543ac3d95d5dd769,11014400,0.0,,6,buy,0.662,-266.444,0.662,0.662,0.06,filled,,XBI,1.1073
25.95,False,25.95,25.94,-2518.732,1.0,2026-06-29,25.940001,0.0,0.2365,0.582,9.198,100.0,97,0.2484,2.5519,0,,25.945,2517.15,market,@MLB_Attention_Momo,0.00086,0.9699,mlb attention: 96 finals in 7d,0.0,25.799999,data/real/prices/yahoo/DKNG.json,26.35,25.23,25.940001,728eccb3861f5cb322bf539a1926fb53cb11fdf0d1412a8d19111bd3a9ac37ef,11266900,0.0,,97,buy,3.855,58.14,3.855,3.855,0.485,filled,,DKNG,2.3154
106.26,False,106.27,106.24,-2339.072,1.0,2026-06-29,106.25,0.0,0.0571,0.132,6.48,100.0,22,0.1629,1.572,0,,106.25,2337.94,market,@MLB_Attention_Momo,0.00094,0.44,mlb attention: 96 finals in 7d,0.0,104.120003,data/real/prices/yahoo/FLUT.json,108.589996,102.410004,106.25,b0ffbb30d24f61202de05dce905e96fb554a730be44b61df2e48712c8bcbabd0,2334100,0.0,,22,buy,1.882,206.492,1.882,1.882,0.22,filled,,FLUT,1.5149
21.88,False,21.88,21.87,-8908.602,1.0,2026-06-29,21.879999,0.0,-3.9782,2.442,8.333,100.0,407,1.9436,3.4424,0,,21.875,8905.16,market,@MLB_Attention_Momo,0.01268,0.0004,mlb attention: 96 finals in 7d,0.0,22.059999,data/real/prices/yahoo/PENN.json,22.35,21.719999,21.879999,a08c607c0926b67cf07c1d783cb680772c85851bf312595d1e12c5291078fa04,3209400,0.0,,407,buy,0.0,-81.595,0.0,0.0,2.035,filled,,PENN,7.4206
155.51,False,155.51,155.49,-5133.028,1.0,2026-06-29,155.5,0.0,-0.1532,0.198,3.276,100.0,33,0.1532,1.528,0,,155.5,5131.83,market,@FDACatalyst_Rider,0.00027,0.33,fda: 30d approvals=76 median=67,0.0,158.309998,data/real/prices/yahoo/XBI.json,158.330002,154.369995,155.5,fe9eeb851e6faba2a7187e008fab271608d8a4d544227ad3543ac3d95d5dd769,12227900,0.0,,33,buy,0.643,-176.868,0.643,0.643,0.33,filled,,XBI,1.6812
25.63,False,25.62,25.62,1279.6639,1.0,2026-06-30,25.620001,0.0,-0.3403,0.3,13.088,100.0,50,0.0904,1.3362,0,,25.625,1281.0,market,@MLB_Attention_Momo,0.00046,0.0,mlb attention: 97 finals in 7d,0.0,25.26,data/real/prices/yahoo/DKNG.json,25.799999,24.77,25.620001,728eccb3861f5cb322bf539a1926fb53cb11fdf0d1412a8d19111bd3a9ac37ef,10951200,0.0361,,50,sell,0.0,142.518,0.0,-0.0,0.25,filled,,DKNG,1.6765
298.57,False,298.57,298.55,-1493.88,1.0,2026-06-30,298.559998,0.0,-0.006,0.03,7.275,100.0,5,0.006,1.08,0,,298.56,1492.85,market,@PinePilot_EMA_Cross,2e-05,0.05,pinepilot: EMA(20) > EMA(50),0.0,300.450012,data/real/prices/yahoo/IWM.json,300.980011,297.440002,298.559998,4f6191d7931ac8755dec346902f769128dd059359a542aaf947e90ff8f2d344a,23230300,0.0,,5,buy,0.335,-62.573,0.335,0.335,0.05,filled,,IWM,1.086
21.85,False,21.84,21.84,2226.0022,1.0,2026-06-30,21.84,0.0,-0.7527,0.612,10.91,100.0,102,0.2427,1.6778,0,,21.845,2227.68,market,@MLB_Attention_Momo,0.00316,-0.0,mlb attention: 97 finals in 7d,0.0,21.360001,data/real/prices/yahoo/PENN.json,21.889999,21.110001,21.84,a08c607c0926b67cf07c1d783cb680772c85851bf312595d1e12c5291078fa04,3227100,0.0658,,102,sell,-0.0,224.719,-0.0,0.0,0.51,filled,,PENN,2.4304
158.82,False,158.82,158.8,-3336.346,1.0,2026-06-30,158.809998,0.0,-0.0797,0.126,4.245,100.0,21,0.0798,1.336,0,,158.81,3335.22,market,@FDACatalyst_Rider,0.00023,0.21,fda: 30d approvals=80 median=67,0.0,158.25,data/real/prices/yahoo/XBI.json,160.009995,157.520004,158.809998,fe9eeb851e6faba2a7187e008fab271608d8a4d544227ad3543ac3d95d5dd769,9017700,0.0,,21,buy,0.63,36.019,0.63,0.63,0.21,filled,,XBI,1.4158
104.16,False,104.13,104.14,1352.5816,1.0,2026-07-01,104.150002,0.0,0.0567,0.078,9.69,100.0,13,0.0733,1.3684,0,,104.15,1353.69,market,@MLB_Attention_Momo,0.00075,0.26,mlb attention: 97 finals in 7d,0.0,105.389999,data/real/prices/yahoo/FLUT.json,106.790001,103.139999,104.150002,b0ffbb30d24f61202de05dce905e96fb554a730be44b61df2e48712c8bcbabd0,1735000,0.0304,,13,sell,1.92,-119.556,1.92,-1.92,0.13,filled,,FLUT,1.3117
190.59,False,190.6,190.57,-2478.878,1.0,2026-07-01,190.580002,0.0,0.0459,0.078,5.215,100.0,13,0.0841,1.338,0,,190.58,2477.8,market,@FDACatalyst_Rider,0.00078,0.26,fda: 30d approvals=84 median=67,0.0,190.119995,data/real/prices/yahoo/IBB.json,191.080002,189.479996,190.580002,20849c9611587299a52489fe22060adc7823c700fb3483f21091d85a6cf8acb0,1662600,0.0,,13,buy,1.049,25.247,1.049,1.049,0.13,filled,,IBB,1.2921
729.21,False,729.18,729.18,1457.3176,1.0,2026-07-01,729.190002,0.0,-0.0145,0.012,7.385,100.0,2,0.0045,1.0624,0,,729.195,1458.36,market,@LeapMaxLever_Momentum,0.0,0.02,the leap: monthly leader QQQ,0.0,725.169983,data/real/prices/yahoo/QQQ.json,731.919983,724.599976,729.190002,ae9ec3c0b0b8e0f5cd28ee45eac2dfcff9f95a7c5a1244e170ab0980d85979ed,40803800,0.0304,,2,sell,0.137,55.298,0.137,-0.137,0.03,filled,,QQQ,1.077
85.49,False,85.48,85.48,1281.0807,1.0,2026-07-01,85.480003,0.0,-0.0793,0.09,9.349,100.0,15,0.0044,1.1194,0,,85.485,1282.2,market,@YieldCurve_Rotator,5e-05,0.0,curve: 21d change -19.0bp,0.0,85.519997,data/real/prices/yahoo/TLT.json,85.790001,85.43,85.480003,b2914ca7451d1c04fbe97f399361df69871d9a8afcbb0121541ac2bdd13a29f3,28109800,0.0293,,15,sell,0.0,-4.677,0.0,-0.0,0.075,filled,,TLT,1.1987
21.5,False,21.5,21.49,-2345.154,1.0,2026-07-02,21.49,0.0,0.3171,0.654,10.356,100.0,109,0.2279,2.744,0,,21.495,2343.5,market,@MLB_Attention_Momo,0.00464,1.09,mlb attention: 95 finals in 7d,0.0,22.02,data/real/prices/yahoo/PENN.json,22.09,21.450001,21.49,a08c607c0926b67cf07c1d783cb680772c85851bf312595d1e12c5291078fa04,2350800,0.0,,109,buy,4.653,-236.149,4.653,4.653,0.545,filled,,PENN,2.4269
725.6,False,725.6,725.57,-726.606,1.0,2026-07-02,725.580017,0.0,0.0034,0.006,14.094,100.0,1,0.0016,1.026,0,,725.585,725.6,market,@PinePilot_EMA_Cross,0.0,0.02,pinepilot: EMA(20) > EMA(50),0.0,712.599976,data/real/prices/yahoo/QQQ.json,730.830017,707.559998,725.580017,ae9ec3c0b0b8e0f5cd28ee45eac2dfcff9f95a7c5a1244e170ab0980d85979ed,50959800,0.0,,1,buy,0.275,182.431,0.275,0.275,0.015,filled,,QQQ,1.0226
25.82,False,25.82,25.81,-1421.43,1.0,2026-07-06,25.813999,0.0,-0.044,0.33,11.999,100.0,55,0.099,1.6601,0,,25.815,1420.1,market,@MLB_Attention_Momo,0.00058,0.3301,mlb attention: 94 finals in 7d,0.0,26.209999,data/real/prices/yahoo/DKNG.json,26.26,25.135,25.813999,728eccb3861f5cb322bf539a1926fb53cb11fdf0d1412a8d19111bd3a9ac37ef,9557900,0.0,,55,buy,2.325,-148.798,2.325,2.325,0.275,filled,,DKNG,1.704
106.25,False,106.25,106.23,-1169.816,1.0,2026-07-06,106.239998,0.0,-0.0526,0.066,10.512,100.0,11,0.0526,1.176,0,,106.24,1168.75,market,@MLB_Attention_Momo,0.00076,0.11,mlb attention: 94 finals in 7d,0.0,107.43,data/real/prices/yahoo/FLUT.json,108.080002,103.610001,106.239998,b0ffbb30d24f61202de05dce905e96fb554a730be44b61df2e48712c8bcbabd0,1442300,0.0,,11,buy,0.941,-109.839,0.941,0.941,0.11,filled,,FLUT,1.2286
195.71,False,195.66,195.69,62998.2274,1.0,2026-07-06,195.699997,0.0,0.465,1.932,2.652,100.0,322,9.194,17.1717,0,,195.7,63002.52,market,@FDACatalyst_Rider,0.01953,12.879,fda: approval flow back below median,0.0,195.309998,data/real/prices/yahoo/IBB.json,196.020004,192.630005,195.699997,20849c9611587299a52489fe22060adc7823c700fb3483f21091d85a6cf8acb0,1648700,1.3606,,322,sell,2.044,17.92,2.044,-2.044,3.22,filled,,IBB,16.7067
160.24,False,160.19,160.22,234823.6205,1.0,2026-07-06,160.229996,0.0,4.484,8.796,2.941,100.0,1466,39.4901,73.5537,0,,160.23,234838.54,market,@FDACatalyst_Rider,0.01962,58.6341,fda: approval flow back below median,0.0,160.809998,data/real/prices/yahoo/XBI.json,161.559998,158.669998,160.229996,fe9eeb851e6faba2a7187e008fab271608d8a4d544227ad3543ac3d95d5dd769,7470600,5.1235,,1466,sell,2.496,-38.555,2.496,-2.496,14.66,filled,,XBI,69.0697
26.38,False,26.36,26.37,91602.9387,1.0,2026-07-07,26.379999,0.0,1.2708,20.856,10.113,100.0,3476,50.8658,93.9379,0,,26.375,91627.36,market,@MLB_Attention_Momo,0.03921,69.5165,mlb attention: schedule cooled,0.0,26.91,data/real/prices/yahoo/DKNG.json,27.360001,26.290001,26.379999,728eccb3861f5cb322bf539a1926fb53cb11fdf0d1412a8d19111bd3a9ac37ef,8864300,2.5653,,3476,sell,7.581,-204.385,7.581,-7.581,17.38,filled,,DKNG,92.6671
108.07,False,108.01,108.05,91260.3351,1.0,2026-07-07,108.055,0.0,-6.4333,5.07,5.76,100.0,845,36.0083,46.1399,0,,108.06,91268.45,market,@MLB_Attention_Momo,0.05676,38.025,mlb attention: schedule cooled,0.0,108.349998,data/real/prices/yahoo/FLUT.json,111.18,107.805,108.055,b0ffbb30d24f61202de05dce905e96fb554a730be44b61df2e48712c8bcbabd0,1488600,2.0449,,845,sell,4.165,-31.38,4.165,-4.165,8.45,filled,,FLUT,52.5732
21.0,False,20.98,20.99,86493.1895,1.0,2026-07-07,21.0,0.0,7.1917,24.744,11.976,100.0,4124,54.6683,110.8105,0,,20.995,86521.52,market,@MLB_Attention_Momo,0.12907,82.48,mlb attention: schedule cooled,0.0,20.780001,data/real/prices/yahoo/PENN.json,21.370001,20.51,21.0,a08c607c0926b67cf07c1d783cb680772c85851bf312595d1e12c5291078fa04,3195100,2.5865,,4124,sell,9.524,96.246,9.524,-9.524,20.62,filled,,PENN,103.6188
162.05,False,162.08,162.03,-238429.506,1.0,2026-07-07,162.039993,0.0,3.7804,8.826,2.722,100.0,1471,40.3599,68.6763,0,,162.04,238419.68,market,@FDACatalyst_Rider,0.01541,58.8503,fda: 30d approvals=67 median=67,0.0,163.869995,data/real/prices/yahoo/XBI.json,164.350006,159.350006,162.039993,fe9eeb851e6faba2a7187e008fab271608d8a4d544227ad3543ac3d95d5dd769,9548200,0.0,,1471,buy,2.469,-109.233,2.469,2.469,14.71,filled,,XBI,64.8959
743.17,False,743.14,743.14,1485.237,1.0,2026-07-08,743.159973,0.0,0.0077,0.012,7.235,100.0,2,0.0023,1.083,0,,743.155,1486.28,market,@PinePilot_EMA_Cross,0.0,0.0399,pinepilot: EMA(20) > EMA(50),0.0,745.400024,data/real/prices/yahoo/SPY.json,746.150024,739.51001,743.159973,e0f05aaf67be23da1db20513eaed93274b165898427ebeab80c7cb2eca1d9a2d,43767400,0.031,,2,sell,0.269,-30.32,0.269,-0.269,0.03,filled,,SPY,1.0753
26.74,False,26.76,26.73,-89667.1,1.0,2026-07-10,26.73,13.5,20.9202,20.1,11.231,100.0,3350,49.3298,121.6,0,,26.735,89646.0,market,@MLB_Attention_Momo,0.04338,100.5,mlb attention: 95 finals in 7d,0.0,26.475,data/real/prices/yahoo/DKNG.json,27.309999,26.299999,26.73,728eccb3861f5cb322bf539a1926fb53cb11fdf0d1412a8d19111bd3a9ac37ef,7721600,0.0,,3350,buy,11.223,107.649,11.223,11.223,16.75,filled,,DKNG,100.6798
113.47,False,113.51,113.45,-89565.124,1.0,2026-07-10,113.459999,0.0,-1.745,4.734,5.24,100.0,789,33.3058,45.1848,0,,113.46,89559.39,market,@MLB_Attention_Momo,0.06178,39.4508,mlb attention: 95 finals in 7d,0.0,110.660004,data/real/prices/yahoo/FLUT.json,115.150002,110.559998,113.459999,b0ffbb30d24f61202de05dce905e96fb554a730be44b61df2e48712c8bcbabd0,1277200,0.0,,789,buy,4.407,257.545,4.407,4.407,7.89,filled,,FLUT,46.9298
20.71,False,20.73,20.7,-89725.672,1.0,2026-07-10,20.700001,23.27,23.8709,25.962,14.816,100.0,4327,61.0298,156.7677,0,,20.705,89698.71,market,@MLB_Attention_Momo,0.22778,129.8057,mlb attention: 95 finals in 7d,0.0,20.360001,data/real/prices/yahoo/PENN.json,21.129999,20.280001,20.700001,a08c607c0926b67cf07c1d783cb680772c85851bf312595d1e12c5291078fa04,1899600,0.0,,4327,buy,14.492,181.728,14.492,14.492,21.635,filled,,PENN,132.8968
752.06,False,752.06,752.03,-753.066,1.0,2026-07-10,752.049988,0.0,-0.0057,0.006,13.586,100.0,1,0.0007,1.016,0,,752.045,752.06,market,@PinePilot_EMA_Cross,0.0,0.01,pinepilot: EMA(20) > EMA(50),0.0,754.950012,data/real/prices/yahoo/SPY.json,755.419983,748.099976,752.049988,e0f05aaf67be23da1db20513eaed93274b165898427ebeab80c7cb2eca1d9a2d,42191300,0.0,,1,buy,0.133,-38.281,0.133,0.133,0.015,filled,,SPY,1.0217
163.89,False,163.89,163.88,-1312.168,1.0,2026-07-10,163.889999,0.0,-0.0532,0.048,8.399,100.0,8,0.0132,1.048,0,,163.885,1311.12,market,@FDACatalyst_Rider,7e-05,0.0,fda: 30d approvals=69 median=67,0.0,159.029999,data/real/prices/yahoo/XBI.json,164.229996,156.270004,163.889999,fe9eeb851e6faba2a7187e008fab271608d8a4d544227ad3543ac3d95d5dd769,12260000,0.0,,8,buy,0.0,305.603,0.0,0.0,0.04,filled,,XBI,1.1012
26.81,False,26.8,26.8,1445.8357,1.0,2026-07-13,26.809999,0.0,0.1838,0.324,11.888,100.0,54,0.0861,1.9043,0,,26.805,1447.2,market,@MLB_Attention_Momo,0.0004,0.5399,mlb attention: 97 finals in 7d,0.0,26.450001,data/real/prices/yahoo/DKNG.json,27.52,26.209999,26.809999,728eccb3861f5cb322bf539a1926fb53cb11fdf0d1412a8d19111bd3a9ac37ef,13615600,0.0403,,54,sell,3.73,132.325,3.73,-3.73,0.27,filled,,DKNG,1.7205
157.24,False,157.19,157.22,232469.0584,1.0,2026-07-13,157.229996,0.0,7.1331,8.874,2.881,100.0,1479,37.2309,74.1057,0,,157.23,232484.01,market,@FDACatalyst_Rider,0.01303,59.1541,fda: approval flow back below median,0.0,155.339996,data/real/prices/yahoo/XBI.json,157.289993,153.869995,157.229996,fe9eeb851e6faba2a7187e008fab271608d8a4d544227ad3543ac3d95d5dd769,11350500,5.0776,,1479,sell,2.544,119.094,2.544,-2.544,14.79,filled,,XBI,66.9725
25.88,False,25.86,25.87,85237.2387,1.0,2026-07-14,25.879999,0.0,11.1278,19.782,9.147,100.0,3297,38.3239,89.118,0,,25.875,85260.42,market,@MLB_Attention_Momo,0.02664,65.9367,mlb attention: schedule cooled,0.0,25.209999,data/real/prices/yahoo/DKNG.json,26.23,25.055,25.879999,728eccb3861f5cb322bf539a1926fb53cb11fdf0d1412a8d19111bd3a9ac37ef,12374000,2.3993,,3297,sell,7.728,257.835,7.728,-7.728,16.485,filled,,DKNG,77.9902
109.3,False,109.24,109.28,86182.6966,1.0,2026-07-14,109.290001,0.0,2.1688,4.734,5.215,100.0,789,29.392,47.1142,0,,109.29,86190.36,market,@MLB_Attention_Momo,0.02969,39.4508,mlb attention: schedule cooled,0.0,108.470001,data/real/prices/yahoo/FLUT.json,112.07,107.010002,109.290001,b0ffbb30d24f61202de05dce905e96fb554a730be44b61df2e48712c8bcbabd0,2657300,1.9294,,789,sell,4.575,70.987,4.575,-4.575,7.89,filled,,FLUT,44.9454
20.38,False,20.36,20.37,88068.0994,1.0,2026-07-14,20.379999,0.0,17.1071,25.962,11.243,100.0,4327,47.7936,116.1563,0,,20.375,88097.72,market,@MLB_Attention_Momo,0.15658,86.5357,mlb attention: schedule cooled,0.0,20.18,data/real/prices/yahoo/PENN.json,20.540001,19.799999,20.379999,a08c607c0926b67cf07c1d783cb680772c85851bf312595d1e12c5291078fa04,2763500,2.6586,,4327,sell,9.813,89.197,9.813,-9.813,21.635,filled,,PENN,99.0492
155.73,False,155.76,155.71,-227575.126,1.0,2026-07-14,155.720001,0.0,6.9587,8.766,2.691,100.0,1461,36.8698,68.2045,0,,155.72,227565.36,market,@FDACatalyst_Rider,0.01784,58.4385,fda: 30d approvals=67 median=67,0.0,155.449997,data/real/prices/yahoo/XBI.json,156.320007,153.75,155.720001,fe9eeb851e6faba2a7187e008fab271608d8a4d544227ad3543ac3d95d5dd769,8187600,0.0,,1461,buy,2.569,19.942,2.569,2.569,14.61,filled,,XBI,61.2458
295.26,False,295.26,295.24,-886.798,1.0,2026-07-15,295.25,0.0,-0.0018,0.018,11.851,100.0,3,0.0018,1.048,0,,295.25,885.78,market,@PinePilot_EMA_Cross,2e-05,0.03,pinepilot: EMA(20) > EMA(50),0.0,295.769989,data/real/prices/yahoo/IWM.json,297.140015,294.149994,295.25,4f6191d7931ac8755dec346902f769128dd059359a542aaf947e90ff8f2d344a,18832700,0.0,,3,buy,0.339,-17.243,0.339,0.339,0.03,filled,,IWM,1.0498
154.26,False,154.24,154.24,1078.6144,1.0,2026-07-15,154.25,0.0,-0.0117,0.042,10.626,100.0,7,0.0117,1.1356,0,,154.25,1079.68,market,@FDACatalyst_Rider,0.00012,0.07,fda: 30d approvals=71 median=67,0.0,156.220001,data/real/prices/yahoo/XBI.json,156.330002,152.899994,154.25,fe9eeb851e6faba2a7187e008fab271608d8a4d544227ad3543ac3d95d5dd769,5608900,0.0236,,7,sell,0.648,-126.744,0.648,-0.648,0.07,filled,,XBI,1.1473
292.04,False,292.02,292.02,2043.0545,1.0,2026-07-17,292.029999,0.0,-0.0061,0.042,5.682,100.0,7,0.0061,1.1555,0,,292.03,2044.14,market,@PinePilot_EMA_Cross,2e-05,0.07,pinepilot: EMA(20) > EMA(50),0.0,294.040009,data/real/prices/yahoo/IWM.json,296.130005,291.640015,292.029999,4f6191d7931ac8755dec346902f769128dd059359a542aaf947e90ff8f2d344a,28738500,0.0435,,7,sell,0.342,-68.698,0.342,-0.342,0.07,filled,,IWM,1.1616
742.09,False,742.07,742.07,1483.097,1.0,2026-07-17,742.080017,0.0,-0.0016,0.012,7.173,100.0,2,0.0016,1.063,0,,742.08,1484.14,market,@PinePilot_EMA_Cross,0.0,0.02,pinepilot: EMA(20) > EMA(50),0.0,743.289978,data/real/prices/yahoo/SPY.json,747.289978,740.799988,742.080017,e0f05aaf67be23da1db20513eaed93274b165898427ebeab80c7cb2eca1d9a2d,62651000,0.031,,2,sell,0.135,-16.413,0.135,-0.135,0.02,filled,,SPY,1.0646
149.58,False,149.56,149.56,3438.6667,1.0,2026-07-17,149.570007,0.0,-0.073,0.138,4.409,100.0,23,0.0731,1.4435,0,,149.57,3439.88,market,@FDACatalyst_Rider,0.0002,0.2302,fda: 30d approvals=68 median=67,0.0,154.259995,data/real/prices/yahoo/XBI.json,155.470001,149.149994,149.570007,fe9eeb851e6faba2a7187e008fab271608d8a4d544227ad3543ac3d95d5dd769,11572800,0.0753,,23,sell,0.669,-304.68,0.669,-0.669,0.23,filled,,XBI,1.5165
154.65,False,154.6,154.63,221372.7682,1.0,2026-07-20,154.639999,0.0,6.2547,8.592,2.957,100.0,1432,36.7039,71.7104,0,,154.64,221387.2,market,@FDACatalyst_Rider,0.01836,57.2786,fda: approval flow back below median,0.0,150.940002,data/real/prices/yahoo/XBI.json,156.539993,150.889999,154.639999,fe9eeb851e6faba2a7187e008fab271608d8a4d544227ad3543ac3d95d5dd769,7797500,4.8398,,1432,sell,2.587,242.48,2.587,-2.587,14.32,filled,,XBI,65.4557
153.65,False,153.68,153.63,-224997.304,1.0,2026-07-22,153.639999,0.0,4.9731,8.784,2.817,100.0,1464,38.9483,68.3455,0,,153.64,224987.52,market,@FDACatalyst_Rider,0.02323,58.5615,fda: 30d approvals=68 median=67,0.0,152.110001,data/real/prices/yahoo/XBI.json,154.75,151.979996,153.639999,fe9eeb851e6faba2a7187e008fab271608d8a4d544227ad3543ac3d95d5dd769,6301200,0.0,,1464,buy,2.604,103.215,2.604,2.604,14.64,filled,,XBI,63.3723
150.0,False,149.98,149.98,2698.4729,1.0,2026-07-23,149.990005,0.0,-0.049,0.108,5.172,100.0,18,0.0491,1.3472,0,,149.99,2699.64,market,@FDACatalyst_Rider,0.00027,0.1801,fda: 30d approvals=72 median=67,0.0,152.229996,data/real/prices/yahoo/XBI.json,153.389999,149.330002,149.990005,fe9eeb851e6faba2a7187e008fab271608d8a4d544227ad3543ac3d95d5dd769,6647000,0.0591,,18,sell,0.667,-147.802,0.667,-0.667,0.18,filled,,XBI,1.3962
23.08,False,23.09,23.07,-84832.608,1.0,2026-07-24,23.07,16.73,1.8922,22.038,11.155,100.0,3673,36.4728,96.498,0,,23.075,84809.57,market,@MLB_Attention_Momo,0.04538,73.46,mlb attention: 95 finals in 7d,0.0,23.01,data/real/prices/yahoo/DKNG.json,23.42,22.860001,23.07,728eccb3861f5cb322bf539a1926fb53cb11fdf0d1412a8d19111bd3a9ac37ef,8094700,0.0,,3673,buy,8.669,34.767,8.669,8.669,18.365,filled,,DKNG,94.6058
101.39,False,101.42,101.37,-84691.71,1.0,2026-07-24,101.379997,0.0,-3.432,5.01,5.059,100.0,835,28.4845,39.4125,0,,101.38,84685.7,market,@MLB_Attention_Momo,0.03588,33.4025,mlb attention: 95 finals in 7d,0.0,101.25,data/real/prices/yahoo/FLUT.json,102.260002,99.714996,101.379997,b0ffbb30d24f61202de05dce905e96fb554a730be44b61df2e48712c8bcbabd0,2327300,0.0,,835,buy,3.946,16.79,3.946,3.946,8.35,filled,,FLUT,42.8445
20.5,False,20.52,20.49,-84834.958,1.0,2026-07-24,20.5,21.33,-12.3026,24.798,14.239,100.0,4133,52.9676,108.458,0,,20.495,84809.16,market,@MLB_Attention_Momo,0.16162,82.66,mlb attention: 95 finals in 7d,0.0,20.48,data/real/prices/yahoo/PENN.json,20.98,20.219999,20.5,a08c607c0926b67cf07c1d783cb680772c85851bf312595d1e12c5291078fa04,2557300,0.0,,4133,buy,9.756,19.531,9.756,9.756,20.665,filled,,PENN,120.7606
152.79,False,152.79,152.77,-1834.552,1.0,2026-07-24,152.779999,0.0,-0.0271,0.072,6.649,100.0,12,0.0271,1.192,0,,152.78,1833.48,market,@FDACatalyst_Rider,0.00016,0.12,fda: 30d approvals=68 median=67,0.0,150.479996,data/real/prices/yahoo/XBI.json,153.279999,149.910004,152.779999,fe9eeb851e6faba2a7187e008fab271608d8a4d544227ad3543ac3d95d5dd769,7387100,0.0,,12,buy,0.655,153.509,0.655,0.655,0.12,filled,,XBI,1.2191
23.61,False,23.61,23.6,-1677.736,1.0,2026-07-27,23.6,0.0,0.2553,0.426,11.219,100.0,71,0.0997,2.136,0,,23.605,1676.31,market,@MLB_Attention_Momo,0.00069,0.71,mlb attention: 95 finals in 7d,0.0,24.110001,data/real/prices/yahoo/DKNG.json,24.59,23.48,23.6,728eccb3861f5cb322bf539a1926fb53cb11fdf0d1412a8d19111bd3a9ac37ef,10287700,0.0,,71,buy,4.237,-207.383,4.237,4.237,0.355,filled,,DKNG,1.8807
20.63,False,20.63,20.62,-3096.4,1.0,2026-07-27,20.629999,0.0,-1.1262,0.9,9.78,100.0,150,0.3764,1.9001,0,,20.625,3094.5,market,@MLB_Attention_Momo,0.00707,0.0001,mlb attention: 95 finals in 7d,0.0,21.18,data/real/prices/yahoo/PENN.json,21.27,20.629999,20.629999,a08c607c0926b67cf07c1d783cb680772c85851bf312595d1e12c5291078fa04,2121100,0.0,,150,buy,0.0,-259.679,0.0,0.0,0.75,filled,,PENN,3.0264
151.77,False,151.73,151.75,221207.7505,1.0,2026-07-27,151.759995,0.0,-6.5342,8.748,2.932,100.0,1458,35.6869,58.3222,0,,151.76,221222.34,market,@FDACatalyst_Rider,0.01564,43.7327,fda: approval flow back below median,0.0,150.589996,data/real/prices/yahoo/XBI.json,154.210007,150.539993,151.759995,fe9eeb851e6faba2a7187e008fab271608d8a4d544227ad3543ac3d95d5dd769,9321300,4.8415,,1458,sell,1.976,75.703,1.976,-1.976,14.58,filled,,XBI,64.8564
24.21,False,24.19,24.2,90541.3002,1.0,2026-07-28,24.200001,0.0,-19.6496,22.464,9.181,100.0,3744,38.3733,63.5035,0,,24.205,90567.36,market,@MLB_Attention_Momo,0.0361,37.4437,mlb attention: schedule cooled,0.0,24.620001,data/real/prices/yahoo/DKNG.json,24.719999,23.98,24.200001,728eccb3861f5cb322bf539a1926fb53cb11fdf0d1412a8d19111bd3a9ac37ef,10372200,2.5958,,3744,sell,4.133,-174.655,4.133,-4.133,18.72,filled,,DKNG,83.1531
108.51,False,108.45,108.49,90547.7117,1.0,2026-07-28,108.5,0.0,1.8508,5.01,5.294,100.0,835,31.5492,49.7883,0,,108.5,90555.75,market,@MLB_Attention_Momo,0.03629,41.75,mlb attention: schedule cooled,0.0,109.059998,data/real/prices/yahoo/FLUT.json,110.264999,106.43,108.5,b0ffbb30d24f61202de05dce905e96fb554a730be44b61df2e48712c8bcbabd0,2301200,2.0283,,835,sell,4.608,-55.932,4.608,-4.608,8.35,filled,,FLUT,47.9375
293.17,False,293.16,293.16,1171.5911,1.0,2026-07-28,293.160004,0.0,-0.0223,0.024,9.135,100.0,4,0.0023,1.049,0,,293.165,1172.64,market,@PinePilot_EMA_Cross,2e-05,0.0,pinepilot: EMA(20) > EMA(50),0.0,293.369995,data/real/prices/yahoo/IWM.json,293.769989,290.380005,293.160004,4f6191d7931ac8755dec346902f769128dd059359a542aaf947e90ff8f2d344a,20531100,0.0249,,4,sell,0.0,-7.158,0.0,-0.0,0.02,filled,,IWM,1.0712
21.25,False,21.23,21.24,90898.6837,1.0,2026-07-28,21.24,0.0,-38.3644,25.698,12.164,100.0,4283,59.7794,72.2363,0,,21.245,90928.09,market,@MLB_Attention_Momo,0.22659,42.83,mlb attention: schedule cooled,0.0,21.08,data/real/prices/yahoo/PENN.json,21.360001,20.92,21.24,a08c607c0926b67cf07c1d783cb680772c85851bf312595d1e12c5291078fa04,1890200,2.7083,,4283,sell,4.708,71.157,4.708,-4.708,21.415,filled,,PENN,110.6007
739.2,False,739.18,739.18,738.1586,1.0,2026-07-28,739.190002,0.0,-0.0005,0.006,13.961,100.0,1,0.0005,1.0314,0,,739.19,739.18,market,@PinePilot_EMA_Cross,0.0,0.01,pinepilot: EMA(20) > EMA(50),0.0,740.859985,data/real/prices/yahoo/SPY.json,742.789978,735.97998,739.190002,e0f05aaf67be23da1db20513eaed93274b165898427ebeab80c7cb2eca1d9a2d,47322200,0.0154,,1,sell,0.135,-22.676,0.135,-0.135,0.01,filled,,SPY,1.0319
24.46,False,24.47,24.45,-92544.756,1.0,2026-07-29,24.450001,17.81,11.7237,22.686,9.466,100.0,3781,27.1775,99.3022,0,,24.455,92521.07,market,@MLB_Attention_Momo,0.04977,75.6162,mlb attention: 93 finals in 7d,0.0,24.549999,data/real/prices/yahoo/DKNG.json,24.839001,24.110001,24.450001,728eccb3861f5cb322bf539a1926fb53cb11fdf0d1412a8d19111bd3a9ac37ef,7597300,0.0,,3781,buy,8.18,-32.586,8.18,8.18,18.905,filled,,DKNG,87.5785
107.84,False,107.87,107.82,-92450.732,1.0,2026-07-29,107.834999,0.0,-4.9719,5.142,4.447,100.0,857,26.3977,36.1379,0,,107.83,92444.59,market,@MLB_Attention_Momo,0.04487,29.9959,mlb attention: 93 finals in 7d,0.0,107.779999,data/real/prices/yahoo/FLUT.json,109.989998,107.379997,107.834999,b0ffbb30d24f61202de05dce905e96fb554a730be44b61df2e48712c8bcbabd0,1909800,0.0,,857,buy,3.246,8.35,3.246,3.246,8.57,filled,,FLUT,41.1097
20.96,False,20.98,20.95,-92570.246,1.0,2026-07-29,20.959999,24.11,-16.8614,26.466,14.323,100.0,4411,58.9208,115.6904,0,,20.955,92542.78,market,@MLB_Attention_Momo,0.20165,88.2244,mlb attention: 93 finals in 7d,0.0,21.200001,data/real/prices/yahoo/PENN.json,21.440001,20.959999,20.959999,a08c607c0926b67cf07c1d783cb680772c85851bf312595d1e12c5291078fa04,2187400,0.0,,4411,buy,9.542,-103.774,9.542,9.542,22.055,filled,,PENN,132.5518
149.24,False,149.26,149.22,-220616.148,1.0,2026-07-29,149.229996,0.0,-3.7293,8.868,2.627,100.0,1478,33.2953,54.2139,0,,149.23,220606.28,market,@FDACatalyst_Rider,0.01635,44.3459,fda: 30d approvals=81 median=67,0.0,147.910004,data/real/prices/yahoo/XBI.json,151.110001,146.669998,149.229996,fe9eeb851e6faba2a7187e008fab271608d8a4d544227ad3543ac3d95d5dd769,9042200,0.0,,1478,buy,2.011,91.271,2.011,2.011,14.78,filled,,XBI,57.9433
21.08,False,21.07,21.07,2842.5551,1.0,2026-07-30,21.07,0.0,-0.9929,0.81,10.152,100.0,135,0.3179,1.8949,0,,21.075,2844.45,market,@MLB_Attention_Momo,0.00456,-0.0,mlb attention: 92 finals in 7d,0.0,20.52,data/real/prices/yahoo/PENN.json,21.129999,20.49,21.07,a08c607c0926b67cf07c1d783cb680772c85851bf312595d1e12c5291078fa04,2959900,0.0849,,135,sell,-0.0,268.031,-0.0,0.0,0.675,filled,,PENN,2.8878
23.8,False,23.79,23.79,3185.9642,1.0,2026-07-31,23.790001,0.0,-0.8505,0.804,8.615,100.0,134,0.1807,1.8959,0,,23.795,3187.86,market,@MLB_Attention_Momo,0.00159,0.0001,mlb attention: 97 finals in 7d,0.0,23.48,data/real/prices/yahoo/DKNG.json,24.049999,23.309999,23.790001,728eccb3861f5cb322bf539a1926fb53cb11fdf0d1412a8d19111bd3a9ac37ef,8444700,0.0918,,134,sell,0.0,132.027,0.0,-0.0,0.67,filled,,DKNG,2.7465
293.57,False,293.57,293.55,-881.728,1.0,2026-07-31,293.559998,0.0,-0.0018,0.018,11.92,100.0,3,0.0018,1.048,0,,293.56,880.71,market,@PinePilot_EMA_Cross,1e-05,0.03,pinepilot: EMA(20) > EMA(50),0.0,291.200012,data/real/prices/yahoo/IWM.json,293.950012,287.829987,293.559998,4f6191d7931ac8755dec346902f769128dd059359a542aaf947e90ff8f2d344a,28350700,0.0,,3,buy,0.341,81.387,0.341,0.341,0.03,filled,,IWM,1.0498
20.61,False,20.6,20.6,1337.5697,1.0,2026-07-31,20.6,0.0,-0.4291,0.39,13.886,100.0,65,0.1041,1.4303,0,,20.605,1339.0,market,@MLB_Attention_Momo,0.00243,-0.0,mlb attention: 97 finals in 7d,0.0,20.530001,data/real/prices/yahoo/PENN.json,20.77,20.219999,20.6,a08c607c0926b67cf07c1d783cb680772c85851bf312595d1e12c5291078fa04,2677700,0.0403,,65,sell,-0.0,34.096,-0.0,0.0,0.325,filled,,PENN,1.8594
151.21,False,151.21,151.19,-1361.944,1.0,2026-07-31,151.199997,0.0,-0.0165,0.054,8.528,100.0,9,0.0166,1.144,0,,151.2,1360.89,market,@FDACatalyst_Rider,0.00011,0.09,fda: 30d approvals=79 median=67,0.0,147.009995,data/real/prices/yahoo/XBI.json,151.770004,146.0,151.199997,fe9eeb851e6faba2a7187e008fab271608d8a4d544227ad3543ac3d95d5dd769,8044000,0.0,,9,buy,0.662,285.695,0.662,0.662,0.09,filled,,XBI,1.1606
23.78,False,23.78,23.77,-1903.88,1.0,2026-08-03,23.77,0.0,0.3186,0.48,10.31,100.0,80,0.0814,2.28,0,,23.775,1902.4,market,@MLB_Attention_Momo,0.00065,0.8,mlb attention: 96 finals in 7d,0.0,23.5,data/real/prices/yahoo/DKNG.json,23.889999,23.110001,23.77,728eccb3861f5cb322bf539a1926fb53cb11fdf0d1412a8d19111bd3a9ac37ef,12326800,0.0,,80,buy,4.207,119.149,4.207,4.207,0.4,filled,,DKNG,1.9614
105.73,False,105.71,105.71,1901.6293,1.0,2026-08-03,105.720001,0.0,-0.0871,0.108,7.451,100.0,18,0.0871,1.3307,0,,105.72,1902.78,market,@MLB_Attention_Momo,0.00061,0.18,mlb attention: 96 finals in 7d,0.0,105.959999,data/real/prices/yahoo/FLUT.json,108.150002,103.779999,105.720001,b0ffbb30d24f61202de05dce905e96fb554a730be44b61df2e48712c8bcbabd0,2950700,0.0427,,18,sell,0.946,-23.594,0.946,-0.946,0.18,filled,,FLUT,1.4178
20.55,False,20.55,20.54,-2118.268,1.0,2026-08-03,20.540001,0.0,0.3066,0.618,11.061,100.0,103,0.2083,2.6479,0,,20.545,2116.65,market,@MLB_Attention_Momo,0.00331,1.0299,mlb attention: 96 finals in 7d,0.0,19.98,data/real/prices/yahoo/PENN.json,20.690001,19.92,20.540001,a08c607c0926b67cf07c1d783cb680772c85851bf312595d1e12c5291078fa04,3116400,0.0,,103,buy,4.868,285.285,4.868,4.868,0.515,filled,,PENN,2.3413
688.31,False,688.27,688.28,14452.2422,1.0,2026-08-03,688.299988,0.0,0.2076,0.126,1.28,100.0,21,0.1071,2.0576,0,,688.295,14453.67,market,@LeapMaxLever_Momentum,5e-05,0.6297,the leap: monthly leader QQQ,0.0,700.070007,data/real/prices/yahoo/QQQ.json,701.590027,685.820007,688.299988,ae9ec3c0b0b8e0f5cd28ee45eac2dfcff9f95a7c5a1244e170ab0980d85979ed,44965100,0.3018,,21,sell,0.436,-168.555,0.436,-0.436,0.315,filled,,QQQ,1.8499
10.12,False,10.14,10.11,-100355.086,1.0,2026-08-03,10.11,125.82,66.4666,59.346,28.976,100.0,9891,54.9884,357.076,0,,10.115,100294.74,market,@Kalshi_Attention_Timer,0.14513,296.73,kalshi: weather/fuel attention elevated,0.0,10.11,data/real/prices/yahoo/UNG.json,10.14,10.0,10.11,eb7bcc0769945fb2c40fbcd98753ed7e17e367cf69d2ce2bde9ae60f00a462cc,6815200,0.0,,9891,buy,29.674,29.674,29.674,29.674,49.455,filled,,UNG,290.6094
146.99,False,146.97,146.97,3085.1763,1.0,2026-08-03,146.979996,0.0,-0.0606,0.126,4.744,100.0,21,0.0605,1.4036,0,,146.98,3086.37,market,@FDACatalyst_Rider,0.00031,0.2099,fda: 30d approvals=78 median=67,0.0,147.309998,data/real/prices/yahoo/XBI.json,148.149994,143.779999,146.979996,fe9eeb851e6faba2a7187e008fab271608d8a4d544227ad3543ac3d95d5dd769,6719000,0.0677,,21,sell,0.68,-23.08,0.68,-0.68,0.21,filled,,XBI,1.4642
44.25,False,44.25,44.24,-60012.136,1.0,2026-08-03,44.240002,0.0,3.2432,8.136,3.242,100.0,1356,3.5341,22.6933,0,,44.245,60003.0,market,@Kalshi_Attention_Timer,0.00524,13.5573,kalshi: weather/fuel attention elevated,0.0,44.360001,data/real/prices/yahoo/XLU.json,44.66,43.939999,44.240002,5dddbd83cab3a8b7cd0814ea8215cbfc7d759602d4557e0cdf34937ba995df5d,25872600,0.0,,1356,buy,2.26,-24.797,2.26,2.26,6.78,filled,,XLU,19.4501
23.3,False,23.29,23.29,1000.183,1.0,2026-08-04,23.290001,0.0,-0.2462,0.258,15.31,100.0,43,0.0313,1.2871,0,,23.295,1001.47,market,@MLB_Attention_Momo,0.00033,0.0,mlb attention: 93 finals in 7d,0.0,23.610001,data/real/prices/yahoo/DKNG.json,23.879999,23.17,23.290001,728eccb3861f5cb322bf539a1926fb53cb11fdf0d1412a8d19111bd3a9ac37ef,12847600,0.029,,43,sell,0.0,-135.536,0.0,-0.0,0.215,filled,,DKNG,1.5333
105.01,False,104.98,104.99,2203.4045,1.0,2026-08-04,105.0,0.0,0.1007,0.126,6.78,100.0,21,0.1093,1.5955,0,,105.0,2204.58,market,@MLB_Attention_Momo,0.00055,0.42,mlb attention: 93 finals in 7d,0.0,104.959999,data/real/prices/yahoo/FLUT.json,106.940002,102.110001,105.0,b0ffbb30d24f61202de05dce905e96fb554a730be44b61df2e48712c8bcbabd0,3789800,0.0495,,21,sell,1.905,1.906,1.905,-1.905,0.21,filled,,FLUT,1.4948
297.6,False,297.6,297.58,-1489.03,1.0,2026-08-04,297.589996,0.0,-0.0043,0.03,7.287,100.0,5,0.0043,1.08,0,,297.59,1488.0,market,@PinePilot_EMA_Cross,2e-05,0.05,pinepilot: EMA(20) > EMA(50),0.0,301.709991,data/real/prices/yahoo/IWM.json,302.390015,297.220001,297.589996,4f6191d7931ac8755dec346902f769128dd059359a542aaf947e90ff8f2d344a,20751800,0.0,,5,buy,0.336,-136.223,0.336,0.336,0.05,filled,,IWM,1.0843
760.64,False,760.64,760.62,-761.646,1.0,2026-08-04,760.630005,0.0,-0.0006,0.006,13.365,100.0,1,0.0006,1.016,0,,760.63,760.64,market,@PinePilot_EMA_Cross,0.0,0.01,pinepilot: EMA(20) > EMA(50),0.0,771.330017,data/real/prices/yahoo/SPY.json,773.409973,760.52002,760.630005,e0f05aaf67be23da1db20513eaed93274b165898427ebeab80c7cb2eca1d9a2d,69154800,0.0,,1,buy,0.131,-138.592,0.131,0.131,0.01,filled,,SPY,1.0166
148.78,False,148.78,148.76,-1191.288,1.0,2026-08-04,148.770004,0.0,-0.0136,0.048,9.591,100.0,8,0.0135,1.128,0,,148.77,1190.24,market,@FDACatalyst_Rider,0.0001,0.08,fda: 30d approvals=80 median=67,0.0,151.880005,data/real/prices/yahoo/XBI.json,152.210007,147.940002,148.770004,fe9eeb851e6faba2a7187e008fab271608d8a4d544227ad3543ac3d95d5dd769,7841300,0.0,,8,buy,0.672,-204.109,0.672,0.672,0.08,filled,,XBI,1.1415
44.26,False,44.25,44.25,2166.9018,1.0,2026-08-04,44.25,0.0,-0.2658,0.294,7.444,100.0,49,0.0208,1.3482,0,,44.255,2168.25,market,@Kalshi_Attention_Timer,0.00018,-0.0,kalshi: weather/fuel attention elevated,0.0,44.110001,data/real/prices/yahoo/XLU.json,44.290001,43.59,44.25,5dddbd83cab3a8b7cd0814ea8215cbfc7d759602d4557e0cdf34937ba995df5d,26772300,0.0542,,49,sell,-0.0,31.739,-0.0,0.0,0.245,filled,,XLU,1.614
22.72,False,22.71,22.71,2655.2904,1.0,2026-08-05,22.719999,0.0,0.4496,0.702,9.408,100.0,117,0.1353,2.9494,0,,22.715,2657.07,market,@MLB_Attention_Momo,0.00043,1.1699,mlb attention: 93 finals in 7d,0.0,21.76,data/real/prices/yahoo/DKNG.json,22.84,21.440001,22.719999,728eccb3861f5cb322bf539a1926fb53cb11fdf0d1412a8d19111bd3a9ac37ef,26981300,0.0776,,117,sell,4.401,436.581,4.401,-4.401,0.585,filled,,DKNG,2.4999
97.72,False,97.72,97.7,-1075.986,1.0,2026-08-05,97.705002,0.0,0.0166,0.066,11.297,100.0,11,0.0383,1.231,0,,97.71,1074.92,market,@MLB_Attention_Momo,7e-05,0.165,mlb attention: 93 finals in 7d,0.0,92.910004,data/real/prices/yahoo/FLUT.json,98.5,89.709999,97.705002,b0ffbb30d24f61202de05dce905e96fb554a730be44b61df2e48712c8bcbabd0,15819800,0.0,,11,buy,1.535,517.705,1.535,1.535,0.11,filled,,FLUT,1.2143
302.44,False,302.44,302.42,-1513.23,1.0,2026-08-05,302.429993,0.0,-0.0048,0.03,7.174,100.0,5,0.0048,1.08,0,,302.43,1512.2,market,@PinePilot_EMA_Cross,3e-05,0.05,pinepilot: EMA(20) > EMA(50),0.0,299.769989,data/real/prices/yahoo/IWM.json,303.059998,299.75,302.429993,4f6191d7931ac8755dec346902f769128dd059359a542aaf947e90ff8f2d344a,17791000,0.0,,5,buy,0.331,89.069,0.331,0.331,0.05,filled,,IWM,1.0848
20.05,False,20.04,20.04,5408.0159,1.0,2026-08-05,20.040001,0.0,-2.1647,1.62,9.147,100.0,270,0.815,2.7844,0,,20.045,5410.8,market,@MLB_Attention_Momo,0.00973,0.0003,mlb attention: 93 finals in 7d,0.0,19.620001,data/real/prices/yahoo/PENN.json,20.16,19.469999,20.040001,a08c607c0926b67cf07c1d783cb680772c85851bf312595d1e12c5291078fa04,2774200,0.1641,,270,sell,0.0,214.067,0.0,-0.0,1.35,filled,,PENN,4.9491
775.86,False,775.86,775.83,-1552.732,1.0,2026-08-05,775.849976,0.0,-0.0119,0.012,6.728,100.0,2,0.0019,1.032,0,,775.845,1551.72,market,@PinePilot_EMA_Cross,0.0,0.02,pinepilot: EMA(20) > EMA(50),0.0,769.789978,data/real/prices/yahoo/SPY.json,776.849976,769.51001,775.849976,e0f05aaf67be23da1db20513eaed93274b165898427ebeab80c7cb2eca1d9a2d,44689100,0.0,,2,buy,0.129,78.853,0.129,0.129,0.03,filled,,SPY,1.0439
153.14,False,153.14,153.12,-3217.066,1.0,2026-08-05,153.130005,0.0,-0.065,0.126,4.356,100.0,21,0.0649,1.3359,0,,153.13,3215.94,market,@FDACatalyst_Rider,0.00023,0.2099,fda: 30d approvals=82 median=67,0.0,153.009995,data/real/prices/yahoo/XBI.json,155.119995,151.490005,153.130005,fe9eeb851e6faba2a7187e008fab271608d8a4d544227ad3543ac3d95d5dd769,8973800,0.0,,21,buy,0.653,8.497,0.653,0.653,0.21,filled,,XBI,1.4009
94.01,False,93.98,93.99,1690.4936,1.0,2026-08-06,94.0,0.0,0.0756,0.108,8.458,100.0,18,0.1044,1.5064,0,,94.0,1691.64,market,@MLB_Attention_Momo,0.00024,0.36,mlb attention: 92 finals in 7d,0.0,93.010002,data/real/prices/yahoo/FLUT.json,94.559998,90.724998,94.0,b0ffbb30d24f61202de05dce905e96fb554a730be44b61df2e48712c8bcbabd0,7405300,0.0384,,18,sell,2.128,104.29,2.128,-2.128,0.18,filled,,FLUT,1.4308
20.02,False,20.01,20.01,4679.7939,1.0,2026-08-06,20.01,0.0,-1.8299,1.404,9.346,100.0,234,0.6599,2.5461,0,,20.015,4682.34,market,@MLB_Attention_Momo,0.00636,-0.0,mlb attention: 92 finals in 7d,0.0,20.129999,data/real/prices/yahoo/PENN.json,20.58,19.16,20.01,a08c607c0926b67cf07c1d783cb680772c85851bf312595d1e12c5291078fa04,3680100,0.1421,,234,sell,-0.0,-59.612,-0.0,0.0,1.17,filled,,PENN,4.376
710.84,False,710.84,710.81,-2133.538,1.0,2026-08-06,710.820007,0.0,0.0085,0.018,5.015,100.0,3,0.0065,1.078,0,,710.825,2132.52,market,@PinePilot_EMA_Cross,1e-05,0.06,pinepilot: EMA(20) > EMA(50),0.0,714.650024,data/real/prices/yahoo/QQQ.json,719.320007,708.5,710.820007,ae9ec3c0b0b8e0f5cd28ee45eac2dfcff9f95a7c5a1244e170ab0980d85979ed,33035900,0.0,,3,buy,0.281,-53.313,0.281,0.281,0.045,filled,,QQQ,1.0695
22.9,False,22.89,22.89,1577.95,1.0,2026-08-07,22.895,0.0,-0.072,0.414,11.884,100.0,69,0.072,1.805,0,,22.895,1579.41,market,@MLB_Attention_Momo,0.00018,0.345,mlb attention: 93 finals in 7d,0.0,24.030001,data/real/prices/yahoo/DKNG.json,24.139999,21.895,22.895,728eccb3861f5cb322bf539a1926fb53cb11fdf0d1412a8d19111bd3a9ac37ef,37778300,0.046,,69,sell,2.184,-474.407,2.184,-2.184,0.345,filled,,DKNG,1.877
94.42,False,94.43,94.4,-3495.132,1.0,2026-08-07,94.410004,0.0,0.0682,0.222,5.42,100.0,37,0.3017,1.9619,0,,94.41,3493.91,market,@MLB_Attention_Momo,0.00059,0.7399,mlb attention: 93 finals in 7d,0.0,94.739998,data/real/prices/yahoo/FLUT.json,97.349998,91.915001,94.410004,b0ffbb30d24f61202de05dce905e96fb554a730be44b61df2e48712c8bcbabd0,6315200,0.0,,37,buy,2.118,-32.721,2.118,2.118,0.37,filled,,FLUT,1.8937
20.18,False,20.18,20.17,-3190.388,1.0,2026-08-07,20.18,0.0,-1.1555,0.948,9.734,100.0,158,0.3655,1.948,0,,20.175,3188.44,market,@MLB_Attention_Momo,0.00634,0.0,mlb attention: 93 finals in 7d,0.0,20.18,data/real/prices/yahoo/PENN.json,20.59,19.82,20.18,a08c607c0926b67cf07c1d783cb680772c85851bf312595d1e12c5291078fa04,2492800,0.0,,158,buy,0.0,0.0,0.0,0.0,0.79,filled,,PENN,3.1035
9.78,False,9.77,9.77,1727.1579,1.0,2026-08-07,9.78,0.0,0.7561,1.062,18.193,100.0,177,0.1289,3.9021,0,,9.775,1729.29,market,@Kalshi_Attention_Timer,0.0022,1.77,kalshi: weather/fuel attention elevated,0.0,9.74,data/real/prices/yahoo/UNG.json,9.81,9.68,9.78,eb7bcc0769945fb2c40fbcd98753ed7e17e367cf69d2ce2bde9ae60f00a462cc,8059800,0.0701,,177,sell,10.225,30.801,10.225,-10.225,0.885,filled,,UNG,3.1461
156.88,False,156.88,156.86,-2824.948,1.0,2026-08-07,156.869995,0.0,-0.0518,0.108,4.745,100.0,18,0.0519,1.2881,0,,156.87,2823.84,market,@FDACatalyst_Rider,0.00021,0.1801,fda: 30d approvals=80 median=67,0.0,157.369995,data/real/prices/yahoo/XBI.json,157.850006,154.960007,156.869995,fe9eeb851e6faba2a7187e008fab271608d8a4d544227ad3543ac3d95d5dd769,8397100,0.0,,18,buy,0.638,-31.136,0.638,0.638,0.18,filled,,XBI,1.3399
23.7,False,23.69,23.69,2225.2318,1.0,2026-08-10,23.695,0.0,-0.1435,0.564,10.067,100.0,94,0.1435,2.0982,0,,23.695,2226.86,market,@MLB_Attention_Momo,0.0005,0.47,mlb attention: 94 finals in 7d,0.0,24.27,data/real/prices/yahoo/DKNG.json,25.190001,23.549999,23.695,728eccb3861f5cb322bf539a1926fb53cb11fdf0d1412a8d19111bd3a9ac37ef,18762600,0.0642,,94,sell,2.11,-238.978,2.11,-2.11,0.47,filled,,DKNG,2.2417
93.02,False,93.03,93.0,-1768.684,1.0,2026-08-10,93.010002,0.0,0.0792,0.114,8.004,100.0,19,0.1108,1.494,0,,93.01,1767.57,market,@MLB_Attention_Momo,0.00044,0.38,mlb attention: 94 finals in 7d,0.0,94.269997,data/real/prices/yahoo/FLUT.json,97.098,92.989998,93.010002,b0ffbb30d24f61202de05dce905e96fb554a730be44b61df2e48712c8bcbabd0,4313100,0.0,,19,buy,2.15,-131.537,2.15,2.15,0.19,filled,,FLUT,1.4148
20.03,False,20.03,20.02,-1203.16,1.0,2026-08-10,20.02,0.0,0.2183,0.36,14.492,100.0,60,0.0817,1.96,0,,20.025,1201.8,market,@MLB_Attention_Momo,0.00188,0.6,mlb attention: 94 finals in 7d,0.0,18.85,data/real/prices/yahoo/PENN.json,20.02,18.82,20.02,a08c607c0926b67cf07c1d783cb680772c85851bf312595d1e12c5291078fa04,3194100,0.0,,60,buy,4.995,625.995,4.995,4.995,0.3,filled,,PENN,1.7417
43.43,False,43.43,43.42,-2650.596,1.0,2026-08-10,43.43,0.0,-0.3326,0.366,6.412,100.0,61,0.0276,1.366,0,,43.425,2649.23,market,@Kalshi_Attention_Timer,0.00024,0.0,kalshi: weather/fuel attention elevated,0.0,43.130001,data/real/prices/yahoo/XLU.json,43.52,43.060001,43.43,5dddbd83cab3a8b7cd0814ea8215cbfc7d759602d4557e0cdf34937ba995df5d,25438200,0.0,,61,buy,0.0,69.557,0.0,0.0,0.305,filled,,XLU,1.6986
24.4,False,24.39,24.39,2729.9299,1.0,2026-08-11,24.4,0.0,0.3664,0.672,9.166,100.0,112,0.1936,2.8701,0,,24.395,2731.68,market,@MLB_Attention_Momo,0.00098,1.12,mlb attention: 96 finals in 7d,0.0,25.34,data/real/prices/yahoo/DKNG.json,25.52,24.129999,24.4,728eccb3861f5cb322bf539a1926fb53cb11fdf0d1412a8d19111bd3a9ac37ef,11397900,0.0781,,112,sell,4.098,-374.901,4.098,-4.098,0.56,filled,,DKNG,2.5037
94.28,False,94.25,94.26,1412.628,1.0,2026-08-11,94.269997,0.0,0.0715,0.09,9.552,100.0,15,0.0784,1.422,0,,94.27,1413.75,market,@MLB_Attention_Momo,0.00045,0.3,mlb attention: 96 finals in 7d,0.0,99.019997,data/real/prices/yahoo/FLUT.json,100.480003,93.510002,94.269997,b0ffbb30d24f61202de05dce905e96fb554a730be44b61df2e48712c8bcbabd0,3334100,0.032,,15,sell,2.121,-481.721,2.121,-2.121,0.15,filled,,FLUT,1.3505
19.02,False,19.02,19.01,-3730.096,1.0,2026-08-11,19.01,0.0,0.4433,1.176,9.905,100.0,196,0.5367,4.136,0,,19.015,3727.92,market,@MLB_Attention_Momo,0.00618,1.96,mlb attention: 96 finals in 7d,0.0,19.129999,data/real/prices/yahoo/PENN.json,19.33,18.889999,19.01,a08c607c0926b67cf07c1d783cb680772c85851bf312595d1e12c5291078fa04,3171800,0.0,,196,buy,5.26,-57.501,5.26,5.26,0.98,filled,,PENN,3.6927
158.51,False,158.51,158.49,-1269.128,1.0,2026-08-11,158.5,0.0,-0.0149,0.048,9.013,100.0,8,0.0149,1.128,0,,158.5,1268.08,market,@FDACatalyst_Rider,0.00013,0.08,fda: 30d approvals=75 median=67,0.0,158.070007,data/real/prices/yahoo/XBI.json,159.179993,156.789993,158.5,fe9eeb851e6faba2a7187e008fab271608d8a4d544227ad3543ac3d95d5dd769,6203700,0.0,,8,buy,0.631,27.835,0.631,0.631,0.08,filled,,XBI,1.1429
19.05,False,19.05,19.04,-2859.4,1.0,2026-08-12,19.040001,0.0,0.3872,0.9,10.543,100.0,150,0.3626,3.3999,0,,19.045,2857.5,market,@MLB_Attention_Momo,0.00471,1.4999,mlb attention: 96 finals in 7d,0.0,19.17,data/real/prices/yahoo/PENN.json,19.4,18.73,19.040001,a08c607c0926b67cf07c1d783cb680772c85851bf312595d1e12c5291078fa04,3187000,0.0,,150,buy,5.252,-62.598,5.252,5.252,0.75,filled,,PENN,3.0126
98.09,False,98.09,98.07,-1080.056,1.0,2026-08-13,98.080002,0.0,-0.0533,0.066,11.393,100.0,11,0.0533,1.176,0,,98.08,1078.99,market,@MLB_Attention_Momo,0.00035,0.11,mlb attention: 96 finals in 7d,0.0,98.32,data/real/prices/yahoo/FLUT.json,99.099998,96.309998,98.080002,b0ffbb30d24f61202de05dce905e96fb554a730be44b61df2e48712c8bcbabd0,3157000,0.0,,11,buy,1.019,-23.393,1.019,1.019,0.11,filled,,FLUT,1.2293
160.26,False,160.26,160.24,-1283.128,1.0,2026-08-13,160.25,0.0,-0.0145,0.048,8.911,100.0,8,0.0145,1.128,0,,160.25,1282.08,market,@FDACatalyst_Rider,0.00011,0.08,fda: 30d approvals=75 median=67,0.0,156.860001,data/real/prices/yahoo/XBI.json,160.669998,156.550003,160.25,fe9eeb851e6faba2a7187e008fab271608d8a4d544227ad3543ac3d95d5dd769,7535100,0.0,,8,buy,0.624,216.754,0.624,0.624,0.08,filled,,XBI,1.1425
43.89,False,43.88,43.88,1139.6954,1.0,2026-08-13,43.889999,0.0,0.1218,0.156,11.595,100.0,26,0.0082,1.4445,0,,43.885,1140.88,market,@Kalshi_Attention_Timer,0.00015,0.26,kalshi: weather/fuel attention elevated,0.0,44.040001,data/real/prices/yahoo/XLU.json,44.200001,43.880001,43.889999,5dddbd83cab3a8b7cd0814ea8215cbfc7d759602d4557e0cdf34937ba995df5d,17855900,0.0286,,26,sell,2.278,-36.331,2.278,-2.278,0.13,filled,,XLU,1.3228
18.83,False,18.83,18.82,-2788.728,1.0,2026-08-14,18.83,0.0,-1.0595,0.888,10.576,100.0,148,0.3195,1.888,0,,18.825,2786.84,market,@MLB_Attention_Momo,0.0081,0.0,mlb attention: 94 finals in 7d,0.0,18.790001,data/real/prices/yahoo/PENN.json,19.049999,18.690001,18.83,a08c607c0926b67cf07c1d783cb680772c85851bf312595d1e12c5291078fa04,1826300,0.0,,148,buy,0.0,21.287,0.0,0.0,0.74,filled,,PENN,2.9475
10.03,False,10.03,10.02,-1074.852,1.0,2026-08-14,10.02,0.0,0.4783,0.642,20.813,100.0,107,0.0567,2.712,0,,10.025,1073.21,market,@Kalshi_Attention_Timer,0.00099,1.07,kalshi: weather/fuel attention elevated,0.0,9.92,data/real/prices/yahoo/UNG.json,10.13,9.9,10.02,eb7bcc0769945fb2c40fbcd98753ed7e17e367cf69d2ce2bde9ae60f00a462cc,10851400,0.0,,107,buy,9.98,110.887,9.98,9.98,0.535,filled,,UNG,2.2337
156.55,False,156.53,156.53,2659.8499,1.0,2026-08-14,156.539993,0.0,-0.0449,0.102,5.167,100.0,17,0.0447,1.33,0,,156.54,2661.01,market,@FDACatalyst_Rider,0.00027,0.1699,fda: 30d approvals=74 median=67,0.0,157.410004,data/real/prices/yahoo/XBI.json,157.770004,154.149994,156.539993,fe9eeb851e6faba2a7187e008fab271608d8a4d544227ad3543ac3d95d5dd769,6322600,0.0581,,17,sell,0.638,-55.905,0.638,-0.638,0.17,filled,,XBI,1.3749
18.8,False,18.8,18.79,-2220.108,1.0,2026-08-17,18.790001,0.0,0.364,0.708,11.377,100.0,118,0.2258,2.8879,0,,18.795,2218.4,market,@MLB_Attention_Momo,0.00428,1.1799,mlb attention: 93 finals in 7d,0.0,18.65,data/real/prices/yahoo/PENN.json,19.219999,18.43,18.790001,a08c607c0926b67cf07c1d783cb680772c85851bf312595d1e12c5291078fa04,2756600,0.0,,118,buy,5.321,80.429,5.321,5.321,0.59,filled,,PENN,2.5238
776.19,False,776.19,776.17,-777.196,1.0,2026-08-17,776.179993,0.0,-0.0007,0.006,13.098,100.0,1,0.0007,1.016,0,,776.18,776.19,market,@PinePilot_EMA_Cross,0.0,0.01,pinepilot: EMA(20) > EMA(50),0.0,772.669983,data/real/prices/yahoo/SPY.json,776.780029,772.51001,776.179993,e0f05aaf67be23da1db20513eaed93274b165898427ebeab80c7cb2eca1d9a2d,34356600,0.0,,1,buy,0.129,45.557,0.129,0.129,0.01,filled,,SPY,1.0167
44.21,False,44.2,44.2,1589.9442,1.0,2026-08-17,44.200001,0.0,-0.1934,0.216,9.108,100.0,36,0.0134,1.2558,0,,44.205,1591.2,market,@Kalshi_Attention_Timer,0.00022,0.0,kalshi: weather/fuel attention elevated,0.0,44.18,data/real/prices/yahoo/XLU.json,44.25,43.82,44.200001,5dddbd83cab3a8b7cd0814ea8215cbfc7d759602d4557e0cdf34937ba995df5d,16377500,0.0398,,36,sell,0.0,4.527,0.0,-0.0,0.18,filled,,XLU,1.4492
25.26,False,25.25,25.25,1084.4612,1.0,2026-08-18,25.254999,0.0,-0.0497,0.258,14.307,100.0,43,0.0496,1.5037,0,,25.255,1085.75,market,@MLB_Attention_Momo,0.00049,0.215,mlb attention: 94 finals in 7d,0.0,24.040001,data/real/prices/yahoo/DKNG.json,25.43,24.030001,25.254999,728eccb3861f5cb322bf539a1926fb53cb11fdf0d1412a8d19111bd3a9ac37ef,8705100,0.0308,,43,sell,1.979,503.327,1.979,-1.979,0.215,filled,,DKNG,1.5534
18.68,False,18.67,18.67,4571.538,1.0,2026-08-18,18.67,0.0,-1.8742,1.47,9.808,100.0,245,0.6492,2.612,0,,18.675,4574.15,market,@MLB_Attention_Momo,0.01119,-0.0,mlb attention: 94 finals in 7d,0.0,18.290001,data/real/prices/yahoo/PENN.json,18.719999,18.26,18.67,a08c607c0926b67cf07c1d783cb680772c85851bf312595d1e12c5291078fa04,2189700,0.142,,245,sell,-0.0,207.763,-0.0,0.0,1.225,filled,,PENN,4.4862
158.35,False,158.35,158.33,-1267.848,1.0,2026-08-18,158.339996,0.0,-0.0135,0.048,9.011,100.0,8,0.0136,1.128,0,,158.34,1266.8,market,@FDACatalyst_Rider,0.00012,0.08,fda: 30d approvals=77 median=67,0.0,160.110001,data/real/prices/yahoo/XBI.json,160.600006,157.880005,158.339996,fe9eeb851e6faba2a7187e008fab271608d8a4d544227ad3543ac3d95d5dd769,6522000,0.0,,8,buy,0.632,-109.924,0.632,0.632,0.08,filled,,XBI,1.1416
93.36,False,93.33,93.34,2425.3689,1.0,2026-08-19,93.349998,0.0,0.0624,0.156,6.877,100.0,26,0.1976,1.731,0,,93.35,2426.58,market,@MLB_Attention_Momo,0.00136,0.5199,mlb attention: 94 finals in 7d,0.0,99.160004,data/real/prices/yahoo/FLUT.json,100.644997,92.980003,93.349998,b0ffbb30d24f61202de05dce905e96fb554a730be44b61df2e48712c8bcbabd0,1917100,0.0551,,26,sell,2.142,-587.939,2.142,-2.142,0.26,filled,,FLUT,1.6686
18.46,False,18.45,18.45,3023.7217,1.0,2026-08-19,18.459999,0.0,0.4882,0.984,10.675,100.0,164,0.3316,3.7181,0,,18.455,3025.8,market,@MLB_Attention_Momo,0.00829,1.6398,mlb attention: 94 finals in 7d,0.0,18.559999,data/real/prices/yahoo/PENN.json,18.77,18.23,18.459999,a08c607c0926b67cf07c1d783cb680772c85851bf312595d1e12c5291078fa04,1978700,0.0943,,164,sell,5.417,-59.267,5.417,-5.417,0.82,filled,,PENN,3.2299
165.7,False,165.7,165.69,-5469.298,1.0,2026-08-19,165.699997,0.0,-0.2769,0.198,2.698,100.0,33,0.112,1.1981,0,,165.695,5468.1,market,@FDACatalyst_Rider,0.00023,0.0001,fda: 30d approvals=78 median=67,0.0,169.550003,data/real/prices/yahoo/XBI.json,169.679993,164.5,165.699997,fe9eeb851e6faba2a7187e008fab271608d8a4d544227ad3543ac3d95d5dd769,14090500,0.0,,33,buy,0.0,-227.072,0.0,0.0,0.165,filled,,XBI,1.475
44.26,False,44.26,44.25,-3011.088,1.0,2026-08-19,44.259998,0.0,-0.3746,0.408,5.923,100.0,68,0.0347,1.4081,0,,44.255,3009.68,market,@Kalshi_Attention_Timer,0.00043,0.0001,kalshi: weather/fuel attention elevated,0.0,44.02,data/real/prices/yahoo/XLU.json,44.380001,43.799999,44.259998,5dddbd83cab3a8b7cd0814ea8215cbfc7d759602d4557e0cdf34937ba995df5d,15856400,0.0,,68,buy,0.0,54.521,0.0,0.0,0.34,filled,,XLU,1.7827
25.31,False,25.31,25.3,-1190.852,1.0,2026-08-20,25.309999,0.0,-0.2964,0.282,13.269,100.0,47,0.0614,1.282,0,,25.305,1189.57,market,@MLB_Attention_Momo,0.00057,0.0,mlb attention: 94 finals in 7d,0.0,25.030001,data/real/prices/yahoo/DKNG.json,26.129999,24.610001,25.309999,728eccb3861f5cb322bf539a1926fb53cb11fdf0d1412a8d19111bd3a9ac37ef,8271100,0.0,,47,buy,0.0,111.865,0.0,0.0,0.235,filled,,DKNG,1.5784
410.09,False,410.13,410.06,-265358.992,1.0,2026-08-20,410.079987,0.0,-5.7404,3.882,1.62,100.0,647,28.3939,37.2404,0,,410.075,265354.11,market,@GOLD_Trend_GLD,0.00465,32.3584,gold: trend up,0.0,415.26001,data/real/prices/yahoo/GLD.json,416.450012,409.820007,410.079987,545093d31c9d8284e3b5dc66f668a6cb7391d9925b5abdf3e82bcaa71e423b40,13900900,0.0,,647,buy,1.22,-123.537,1.22,1.22,9.705,filled,,GLD,42.9809
18.46,False,18.46,18.45,-5356.14,1.0,2026-08-20,18.450001,0.0,0.6534,1.74,9.314,100.0,290,0.7963,5.6397,0,,18.455,5353.4,market,@MLB_Attention_Momo,0.01409,2.8997,mlb attention: 94 finals in 7d,0.0,18.440001,data/real/prices/yahoo/PENN.json,18.629999,18.209999,18.450001,a08c607c0926b67cf07c1d783cb680772c85851bf312595d1e12c5291078fa04,2058800,0.0,,290,buy,5.42,10.845,5.42,5.42,1.45,filled,,PENN,4.9863
765.97,False,765.95,765.95,764.928,1.0,2026-08-20,765.960022,0.0,-0.0006,0.006,13.481,100.0,1,0.0006,1.032,0,,765.96,765.95,market,@PinePilot_EMA_Cross,0.0,0.01,pinepilot: EMA(20) > EMA(50),0.0,762.599976,data/real/prices/yahoo/SPY.json,768.150024,762.039978,765.960022,e0f05aaf67be23da1db20513eaed93274b165898427ebeab80c7cb2eca1d9a2d,45520300,0.016,,1,sell,0.131,43.929,0.131,-0.131,0.01,filled,,SPY,1.0326
43.84,False,43.83,43.83,1445.1558,1.0,2026-08-20,43.830002,0.0,-0.1766,0.198,9.755,100.0,33,0.0117,1.2343,0,,43.835,1446.39,market,@Kalshi_Attention_Timer,0.00019,0.0001,kalshi: weather/fuel attention elevated,0.0,43.77,data/real/prices/yahoo/XLU.json,44.259998,43.75,43.830002,5dddbd83cab3a8b7cd0814ea8215cbfc7d759602d4557e0cdf34937ba995df5d,17077400,0.0362,,33,sell,0.0,13.708,0.0,-0.0,0.165,filled,,XLU,1.4109
420.54,False,420.48,420.52,272039.9476,1.0,2026-08-21,420.529999,0.0,-2.8861,3.882,1.685,100.0,647,28.7655,42.9618,0,,420.53,272050.56,market,@GOLD_Trend_GLD,0.00445,32.3494,gold: trend broke,0.0,423.359985,data/real/prices/yahoo/GLD.json,424.890015,419.420013,420.529999,545093d31c9d8284e3b5dc66f668a6cb7391d9925b5abdf3e82bcaa71e423b40,14529000,5.7304,,647,sell,1.189,-68.027,1.189,-1.189,6.47,filled,,GLD,45.8479
428.56,False,428.6,428.54,-278166.294,1.0,2026-08-24,428.549988,0.0,-1.9467,3.894,1.413,100.0,649,27.9145,37.3518,0,,428.55,278161.4,market,@GOLD_Trend_GLD,0.00343,32.4578,gold: trend up,0.0,426.690002,data/real/prices/yahoo/GLD.json,429.420013,424.200012,428.549988,545093d31c9d8284e3b5dc66f668a6cb7391d9925b5abdf3e82bcaa71e423b40,18943000,0.0,,649,buy,1.167,44.763,1.167,1.167,6.49,filled,,GLD,39.2985
299.56,False,299.54,299.54,897.5829,1.0,2026-08-24,299.549988,0.0,-0.0022,0.018,11.899,100.0,3,0.0022,1.0671,0,,299.55,898.62,market,@PinePilot_EMA_Cross,2e-05,0.03,pinepilot: EMA(20) > EMA(50),0.0,297.970001,data/real/prices/yahoo/IWM.json,299.73999,297.399994,299.549988,4f6191d7931ac8755dec346902f769128dd059359a542aaf947e90ff8f2d344a,12868900,0.0191,,3,sell,0.333,52.69,0.333,-0.333,0.03,filled,,IWM,1.0693
18.67,False,18.67,18.66,-2130.064,1.0,2026-08-24,18.66,0.0,0.3761,0.684,11.501,100.0,114,0.1939,2.824,0,,18.665,2128.38,market,@MLB_Attention_Momo,0.00568,1.14,mlb attention: 95 finals in 7d,0.0,18.26,data/real/prices/yahoo/PENN.json,18.77,18.200001,18.66,a08c607c0926b67cf07c1d783cb680772c85851bf312595d1e12c5291078fa04,2005600,0.0,,114,buy,5.359,224.535,5.359,5.359,0.57,filled,,PENN,2.4479
10.31,False,10.3,10.3,1543.0389,1.0,2026-08-24,10.3,0.0,-0.8447,0.9,18.161,100.0,150,0.0947,1.9611,0,,10.305,1545.0,market,@Kalshi_Attention_Timer,0.00147,-0.0,kalshi: weather/fuel attention elevated,0.0,10.15,data/real/prices/yahoo/UNG.json,10.31,10.1,10.3,eb7bcc0769945fb2c40fbcd98753ed7e17e367cf69d2ce2bde9ae60f00a462cc,10193300,0.0611,,150,sell,-0.0,147.783,-0.0,0.0,0.75,filled,,UNG,2.8058
42.87,False,42.87,42.86,-2273.428,1.0,2026-08-24,42.869999,0.0,-0.2862,0.318,7.061,100.0,53,0.0213,1.3181,0,,42.865,2272.11,market,@Kalshi_Attention_Timer,0.00026,0.0001,kalshi: weather/fuel attention elevated,0.0,43.220001,data/real/prices/yahoo/XLU.json,43.259998,42.700001,42.869999,5dddbd83cab3a8b7cd0814ea8215cbfc7d759602d4557e0cdf34937ba995df5d,20055700,0.0,,53,buy,0.0,-80.981,0.0,0.0,0.265,filled,,XLU,1.6043
422.79,False,422.77,422.77,2958.2857,1.0,2026-08-25,422.779999,0.0,-0.0304,0.042,4.071,100.0,7,0.0304,1.1743,0,,422.78,2959.39,market,@GOLD_Trend_GLD,6e-05,0.07,gold: trend up,0.0,428.070007,data/real/prices/yahoo/GLD.json,428.140015,422.329987,422.779999,545093d31c9d8284e3b5dc66f668a6cb7391d9925b5abdf3e82bcaa71e423b40,12450600,0.0623,,7,sell,0.237,-123.812,0.237,-0.237,0.07,filled,,GLD,1.2047
43.25,False,43.24,43.24,2376.8103,1.0,2026-08-25,43.240002,0.0,-0.2989,0.33,7.101,100.0,55,0.024,1.3898,0,,43.245,2378.2,market,@Kalshi_Attention_Timer,0.00041,0.0001,kalshi: weather/fuel attention elevated,0.0,43.310001,data/real/prices/yahoo/XLU.json,43.48,43.07,43.240002,5dddbd83cab3a8b7cd0814ea8215cbfc7d759602d4557e0cdf34937ba995df5d,13430200,0.0597,,55,sell,0.0,-16.163,0.0,-0.0,0.275,filled,,XLU,1.6887
25.58,False,25.57,25.57,1635.0498,1.0,2026-08-26,25.58,0.0,0.2242,0.384,11.28,100.0,64,0.0958,2.0702,0,,25.575,1636.48,market,@MLB_Attention_Momo,0.00068,0.64,mlb attention: 94 finals in 7d,0.0,24.780001,data/real/prices/yahoo/DKNG.json,25.76,24.639999,25.58,728eccb3861f5cb322bf539a1926fb53cb11fdf0d1412a8d19111bd3a9ac37ef,9416600,0.0462,,64,sell,3.909,318.805,3.909,-3.909,0.32,filled,,DKNG,1.846
101.37,False,101.34,101.35,2126.9661,1.0,2026-08-26,101.360001,0.0,0.0503,0.126,7.254,100.0,21,0.1597,1.594,0,,101.36,2128.14,market,@MLB_Attention_Momo,0.00113,0.42,mlb attention: 94 finals in 7d,0.0,98.059998,data/real/prices/yahoo/FLUT.json,101.849998,97.800003,101.360001,b0ffbb30d24f61202de05dce905e96fb554a730be44b61df2e48712c8bcbabd0,1858000,0.0479,,21,sell,1.973,334.489,1.973,-1.973,0.21,filled,,FLUT,1.5437
168.09,False,168.09,168.07,-1850.056,1.0,2026-08-26,168.080002,0.0,-0.0308,0.066,6.527,100.0,11,0.0308,1.176,0,,168.08,1848.99,market,@FDACatalyst_Rider,0.00012,0.11,fda: 30d approvals=71 median=68,0.0,168.389999,data/real/prices/yahoo/XBI.json,169.050003,166.5,168.080002,fe9eeb851e6faba2a7187e008fab271608d8a4d544227ad3543ac3d95d5dd769,8943200,0.0,,11,buy,0.595,-17.816,0.595,0.595,0.11,filled,,XBI,1.2068
43.32,False,43.32,43.31,-2253.952,1.0,2026-08-26,43.310001,0.0,0.2385,0.312,7.074,100.0,52,0.0215,1.8319,0,,43.315,2252.64,market,@Kalshi_Attention_Timer,0.00042,0.5199,kalshi: weather/fuel attention elevated,0.0,43.509998,data/real/prices/yahoo/XLU.json,43.709999,43.279999,43.310001,5dddbd83cab3a8b7cd0814ea8215cbfc7d759602d4557e0cdf34937ba995df5d,12240200,0.0,,52,buy,2.309,-43.668,2.309,2.309,0.26,filled,,XLU,1.5935
420.83,False,420.81,420.81,1261.3854,1.0,2026-08-27,420.820007,0.0,-0.0084,0.018,8.579,100.0,3,0.0085,1.0746,0,,420.82,1262.43,market,@GOLD_Trend_GLD,4e-05,0.03,gold: trend up,0.0,422.600006,data/real/prices/yahoo/GLD.json,423.350006,418.429993,420.820007,545093d31c9d8284e3b5dc66f668a6cb7391d9925b5abdf3e82bcaa71e423b40,7089000,0.0266,,3,sell,0.238,-42.357,0.238,-0.238,0.03,filled,,GLD,1.0831
17.8,False,17.79,17.79,2773.2164,1.0,2026-08-27,17.799999,0.0,0.4954,0.936,11.127,100.0,156,0.2845,3.5834,0,,17.795,2775.24,market,@MLB_Attention_Momo,0.00796,1.5598,mlb attention: 94 finals in 7d,0.0,17.33,data/real/prices/yahoo/PENN.json,17.83,17.290001,17.799999,a08c607c0926b67cf07c1d783cb680772c85851bf312595d1e12c5291078fa04,1958800,0.0876,,156,sell,5.617,265.436,5.617,-5.617,0.78,filled,,PENN,3.0881
43.23,False,43.23,43.22,-1384.552,1.0,2026-08-27,43.220001,0.0,0.1494,0.192,9.85,100.0,32,0.0105,1.512,0,,43.225,1383.36,market,@Kalshi_Attention_Timer,0.0002,0.32,kalshi: weather/fuel attention elevated,0.0,43.18,data/real/prices/yahoo/XLU.json,43.330002,42.919998,43.220001,5dddbd83cab3a8b7cd0814ea8215cbfc7d759602d4557e0cdf34937ba995df5d,16033500,0.0,,32,buy,2.314,11.579,2.314,2.314,0.16,filled,,XLU,1.3625
24.29,False,24.27,24.28,78393.7386,1.0,2026-08-28,24.280001,0.0,-17.7753,19.386,9.274,100.0,3231,33.9335,54.9447,0,,24.285,78416.37,market,@MLB_Attention_Momo,0.01624,32.3132,mlb attention: schedule cooled,0.0,25.26,data/real/prices/yahoo/DKNG.json,26.58,24.115,24.280001,728eccb3861f5cb322bf539a1926fb53cb11fdf0d1412a8d19111bd3a9ac37ef,19896400,2.2454,,3231,sell,4.119,-391.924,4.119,-4.119,16.155,filled,,DKNG,72.7199
95.81,False,95.74,95.79,78020.4437,1.0,2026-08-28,95.800003,0.0,3.6099,4.89,6.786,100.0,815,37.1426,56.5587,0,,95.8,78028.1,market,@MLB_Attention_Momo,0.02702,48.9024,mlb attention: schedule cooled,0.0,101.779999,data/real/prices/yahoo/FLUT.json,102.650002,95.18,95.800003,b0ffbb30d24f61202de05dce905e96fb554a730be44b61df2e48712c8bcbabd0,3016500,1.7663,,815,sell,6.263,-593.437,6.263,-6.263,8.15,filled,,FLUT,52.9489
17.42,False,17.4,17.41,77886.8537,1.0,2026-08-28,17.41,0.0,-21.362,26.868,12.383,100.0,4478,43.752,75.1263,0,,17.415,77917.2,market,@MLB_Attention_Momo,0.19931,44.78,mlb attention: schedule cooled,0.0,17.360001,data/real/prices/yahoo/PENN.json,17.860001,17.219999,17.41,a08c607c0926b67cf07c1d783cb680772c85851bf312595d1e12c5291078fa04,2246800,2.4783,,4478,sell,5.744,23.041,5.744,-5.744,22.39,filled,,PENN,96.4884
166.73,False,166.68,166.71,260504.7905,1.0,2026-08-28,166.720001,0.0,-3.9703,9.378,3.168,100.0,1563,50.8619,78.5711,0,,166.72,260520.84,market,@FDACatalyst_Rider,0.01596,62.5216,fda: approval flow back below median,0.0,162.380005,data/real/prices/yahoo/XBI.json,167.119995,162.160004,166.720001,fe9eeb851e6faba2a7187e008fab271608d8a4d544227ad3543ac3d95d5dd769,9792600,5.6715,,1563,sell,2.399,264.811,2.399,-2.399,15.63,filled,,XBI,82.5414
166.73,False,166.76,166.71,-173104.108,1.0,2026-08-28,166.720001,0.0,3.6125,6.228,2.607,100.0,1038,27.5264,48.747,0,,166.72,173096.88,market,@FDA_ClusterFade,0.0106,41.519,fda fade: z=-1.12 long sector,0.0,162.380005,data/real/prices/yahoo/XBI.json,167.119995,162.160004,166.720001,fe9eeb851e6faba2a7187e008fab271608d8a4d544227ad3543ac3d95d5dd769,9792600,0.0,,1038,buy,2.399,269.737,2.399,2.399,10.38,filled,,XBI,45.1344
24.83,False,24.84,24.82,-76427.296,1.0,2026-08-31,24.83,10.76,-28.1514,18.456,10.256,100.0,3076,32.7714,50.216,0,,24.825,76407.84,market,@MLB_Attention_Momo,0.02665,30.76,mlb attention: 93 finals in 7d,0.0,24.290001,data/real/prices/yahoo/DKNG.json,24.940001,23.875,24.83,728eccb3861f5cb322bf539a1926fb53cb11fdf0d1412a8d19111bd3a9ac37ef,11540900,0.0,,3076,buy,4.027,226.43,4.027,4.027,15.38,filled,,DKNG,78.3674
101.65,False,101.7,101.63,-76280.5,1.0,2026-08-31,101.639999,0.0,0.9176,4.5,6.501,100.0,750,36.5831,50.5007,0,,101.64,76275.0,market,@MLB_Attention_Momo,0.01258,45.0007,mlb attention: 93 finals in 7d,0.0,100.18,data/real/prices/yahoo/FLUT.json,103.040001,99.415001,101.639999,b0ffbb30d24f61202de05dce905e96fb554a730be44b61df2e48712c8bcbabd0,5963200,0.0,,750,buy,5.903,151.727,5.903,5.903,7.5,filled,,FLUT,49.5831
407.78,False,407.71,407.75,260516.3645,1.0,2026-08-31,407.76001,0.0,-5.8157,3.834,1.846,100.0,639,28.187,42.2818,0,,407.765,260526.69,market,@GOLD_Trend_GLD,0.00673,31.9564,gold: trend broke,0.0,408.420013,data/real/prices/yahoo/GLD.json,408.799988,404.899994,407.76001,545093d31c9d8284e3b5dc66f668a6cb7391d9925b5abdf3e82bcaa71e423b40,9490000,5.4915,,639,sell,1.226,-17.384,1.226,-1.226,9.585,filled,,GLD,48.0975
17.31,False,17.32,17.3,-76460.638,1.0,2026-08-31,17.309999,24.13,-43.7074,26.478,15.088,100.0,4413,41.6469,71.6124,0,,17.305,76433.16,market,@MLB_Attention_Momo,0.1804,44.1344,mlb attention: 93 finals in 7d,0.0,16.709999,data/real/prices/yahoo/PENN.json,17.450001,16.620001,17.309999,a08c607c0926b67cf07c1d783cb680772c85851bf312595d1e12c5291078fa04,2446200,0.0,,4413,buy,5.778,365.051,5.778,5.778,22.065,filled,,PENN,115.3199
767.34,False,767.32,767.32,766.298,1.0,2026-08-31,767.330017,0.0,-0.0005,0.006,13.456,100.0,1,0.0005,1.032,0,,767.33,767.32,market,@PinePilot_EMA_Cross,0.0,0.01,pinepilot: EMA(20) > EMA(50),0.0,767.049988,data/real/prices/yahoo/SPY.json,768.0,764.719971,767.330017,e0f05aaf67be23da1db20513eaed93274b165898427ebeab80c7cb2eca1d9a2d,38810800,0.016,,1,sell,0.131,3.52,0.131,-0.131,0.01,filled,,SPY,1.0325
10.42,False,10.41,10.41,1257.8345,1.0,2026-08-31,10.42,0.0,0.5462,0.726,19.366,100.0,121,0.0588,2.9855,0,,10.415,1259.61,market,@Kalshi_Attention_Timer,0.00124,1.21,kalshi: weather/fuel attention elevated,0.0,10.54,data/real/prices/yahoo/UNG.json,10.59,10.34,10.42,eb7bcc0769945fb2c40fbcd98753ed7e17e367cf69d2ce2bde9ae60f00a462cc,9753000,0.0495,,121,sell,9.597,-123.34,9.597,-9.597,0.605,filled,,UNG,2.4393
161.01,False,160.99,160.99,2896.6488,1.0,2026-08-31,161.0,0.0,-0.0647,0.108,4.886,100.0,18,0.0647,1.3512,0,,161.0,2897.82,market,@FDA_ClusterFade,0.00024,0.18,fda fade: z=-1.90 long sector,0.0,162.5,data/real/prices/yahoo/XBI.json,163.220001,159.619995,161.0,fe9eeb851e6faba2a7187e008fab271608d8a4d544227ad3543ac3d95d5dd769,7354700,0.0632,,18,sell,0.621,-92.923,0.621,-0.621,0.18,filled,,XBI,1.4159
23.88,False,23.87,23.87,1908.0651,1.0,2026-09-01,23.879999,0.0,0.2638,0.48,10.845,100.0,80,0.1361,2.3349,0,,23.875,1909.6,market,@MLB_Attention_Momo,0.0009,0.7999,mlb attention: 95 finals in 7d,0.0,23.440001,data/real/prices/yahoo/DKNG.json,24.110001,23.33,23.879999,728eccb3861f5cb322bf539a1926fb53cb11fdf0d1412a8d19111bd3a9ac37ef,8869200,0.0549,,80,sell,4.187,183.447,4.187,-4.187,0.4,filled,,DKNG,2.071
98.16,False,98.13,98.14,2059.5575,1.0,2026-09-01,98.150002,0.0,0.0459,0.126,7.505,100.0,21,0.1641,1.5926,0,,98.15,2060.73,market,@MLB_Attention_Momo,0.00057,0.42,mlb attention: 95 finals in 7d,0.0,97.0,data/real/prices/yahoo/FLUT.json,99.555,96.559998,98.150002,b0ffbb30d24f61202de05dce905e96fb554a730be44b61df2e48712c8bcbabd0,3692500,0.0465,,21,sell,2.038,116.495,2.038,-2.038,0.21,filled,,FLUT,1.5467
16.78,False,16.77,16.77,2463.2286,1.0,2026-09-01,16.77,0.0,-0.9931,0.882,11.985,100.0,147,0.2581,1.9614,0,,16.775,2465.19,market,@MLB_Attention_Momo,0.00416,-0.0,mlb attention: 95 finals in 7d,0.0,16.4,data/real/prices/yahoo/PENN.json,16.77,16.24,16.77,a08c607c0926b67cf07c1d783cb680772c85851bf312595d1e12c5291078fa04,3535300,0.0794,,147,sell,-0.0,225.61,-0.0,0.0,0.735,filled,,PENN,2.9545
707.41,False,707.38,707.38,706.3592,1.0,2026-09-01,707.390015,0.0,-0.0059,0.006,14.655,100.0,1,0.0009,1.0308,0,,707.395,707.38,market,@PinePilot_EMA_Cross,0.0,0.01,pinepilot: EMA(20) > EMA(50),0.0,707.640015,data/real/prices/yahoo/QQQ.json,712.299988,704.659973,707.390015,ae9ec3c0b0b8e0f5cd28ee45eac2dfcff9f95a7c5a1244e170ab0980d85979ed,35236100,0.0148,,1,sell,0.142,-3.674,0.142,-0.142,0.015,filled,,QQQ,1.0366
762.02,False,762.0,762.0,760.9781,1.0,2026-09-01,762.01001,0.0,-0.0005,0.006,13.548,100.0,1,0.0005,1.0319,0,,762.01,762.0,market,@PinePilot_EMA_Cross,0.0,0.01,pinepilot: EMA(20) > EMA(50),0.0,761.780029,data/real/prices/yahoo/SPY.json,764.669983,759.47998,762.01001,e0f05aaf67be23da1db20513eaed93274b165898427ebeab80c7cb2eca1d9a2d,41126300,0.0159,,1,sell,0.131,2.888,0.131,-0.131,0.01,filled,,SPY,1.0324
81.89,False,81.88,81.88,1390.826,1.0,2026-09-01,81.889999,0.0,0.0798,0.102,8.795,100.0,17,0.0052,1.304,0,,81.885,1391.96,market,@YieldCurve_Rotator,7e-05,0.17,curve: 21d change -8.0bp,0.0,81.870003,data/real/prices/yahoo/TLT.json,82.349998,81.779999,81.889999,b2914ca7451d1c04fbe97f399361df69871d9a8afcbb0121541ac2bdd13a29f3,25623900,0.032,,17,sell,1.221,1.221,1.221,-1.221,0.085,filled,,TLT,1.2242
42.3,False,42.29,42.29,1056.0733,1.0,2026-09-01,42.299999,0.0,0.1178,0.15,12.38,100.0,25,0.0072,1.4266,0,,42.295,1057.25,market,@Kalshi_Attention_Timer,8e-05,0.25,kalshi: weather/fuel attention elevated,0.0,42.560001,data/real/prices/yahoo/XLU.json,42.610001,42.09,42.299999,5dddbd83cab3a8b7cd0814ea8215cbfc7d759602d4557e0cdf34937ba995df5d,30615800,0.0267,,25,sell,2.364,-63.44,2.364,-2.364,0.125,filled,,XLU,1.3089
164.46,False,164.46,164.44,-1645.66,1.0,2026-09-02,164.449997,0.0,-0.0258,0.06,7.211,100.0,10,0.0259,1.16,0,,164.45,1644.6,market,@FDA_ClusterFade,0.00012,0.1,fda fade: z=-1.36 long sector,0.0,165.369995,data/real/prices/yahoo/XBI.json,168.059998,162.270004,164.449997,fe9eeb851e6faba2a7187e008fab271608d8a4d544227ad3543ac3d95d5dd769,8653700,0.0,,10,buy,0.608,-55.028,0.608,0.608,0.1,filled,,XBI,1.1859
42.41,False,42.41,42.4,-1612.808,1.0,2026-09-02,42.400002,0.0,0.176,0.228,8.885,100.0,38,0.014,1.6079,0,,42.405,1611.58,market,@Kalshi_Attention_Timer,0.00013,0.3799,kalshi: weather/fuel attention elevated,0.0,42.669998,data/real/prices/yahoo/XLU.json,42.709999,42.02,42.400002,5dddbd83cab3a8b7cd0814ea8215cbfc7d759602d4557e0cdf34937ba995df5d,29769100,0.0,,38,buy,2.358,-60.932,2.358,2.358,0.19,filled,,XLU,1.432
24.39,False,24.39,24.38,-2611.372,1.0,2026-09-03,24.389999,0.0,-0.7574,0.642,9.194,100.0,107,0.2225,1.6421,0,,24.385,2609.73,market,@MLB_Attention_Momo,0.00155,0.0001,mlb attention: 95 finals in 7d,0.0,24.190001,data/real/prices/yahoo/DKNG.json,24.82,24.08,24.389999,728eccb3861f5cb322bf539a1926fb53cb11fdf0d1412a8d19111bd3a9ac37ef,6888600,0.0,,107,buy,0.0,82.678,0.0,0.0,0.535,filled,,DKNG,2.3995
17.05,False,17.05,17.04,-2951.688,1.0,2026-09-03,17.049999,0.0,-1.2212,1.038,11.05,100.0,173,0.3564,2.0382,0,,17.045,2949.65,market,@MLB_Attention_Momo,0.00818,0.0002,mlb attention: 95 finals in 7d,0.0,17.200001,data/real/prices/yahoo/PENN.json,17.309999,16.85,17.049999,a08c607c0926b67cf07c1d783cb680772c85851bf312595d1e12c5291078fa04,2114600,0.0,,173,buy,0.001,-87.21,0.001,0.001,0.865,filled,,PENN,3.2594
10.72,False,10.72,10.71,-1159.408,1.0,2026-09-03,10.72,0.0,-0.5859,0.648,19.295,100.0,108,0.0459,1.648,0,,10.715,1157.76,market,@Kalshi_Attention_Timer,0.00049,0.0,kalshi: weather/fuel attention elevated,0.0,10.49,data/real/prices/yahoo/UNG.json,10.82,10.37,10.72,eb7bcc0769945fb2c40fbcd98753ed7e17e367cf69d2ce2bde9ae60f00a462cc,22245700,0.0,,108,buy,0.0,219.256,0.0,0.0,0.54,filled,,UNG,2.2339
293.71,False,293.71,293.7,-1175.864,1.0,2026-09-04,293.700012,0.0,0.0171,0.024,8.91,100.0,4,0.0028,1.064,0,,293.705,1174.84,market,@PinePilot_EMA_Cross,3e-05,0.04,pinepilot: EMA(20) > EMA(50),0.0,296.01001,data/real/prices/yahoo/IWM.json,296.179993,293.559998,293.700012,4f6191d7931ac8755dec346902f769128dd059359a542aaf947e90ff8f2d344a,13951100,0.0,,4,buy,0.34,-77.7,0.34,0.34,0.02,filled,,IWM,1.0468
17.14,False,17.13,17.13,2156.555,1.0,2026-09-04,17.139999,0.0,0.4024,0.756,12.428,100.0,126,0.2274,3.0849,0,,17.135,2158.38,market,@MLB_Attention_Momo,0.0057,1.2599,mlb attention: 97 finals in 7d,0.0,17.07,data/real/prices/yahoo/PENN.json,17.450001,17.02,17.139999,a08c607c0926b67cf07c1d783cb680772c85851bf312595d1e12c5291078fa04,2210900,0.069,,126,sell,5.834,35.149,5.834,-5.834,0.63,filled,,PENN,2.6825
24.02,False,24.01,24.01,1079.149,1.0,2026-09-08,24.01,0.0,-0.2783,0.27,14.617,100.0,45,0.0533,1.301,0,,24.015,1080.45,market,@MLB_Attention_Momo,0.00056,-0.0,mlb attention: 96 finals in 7d,0.0,23.870001,data/real/prices/yahoo/DKNG.json,24.093,23.360001,24.01,728eccb3861f5cb322bf539a1926fb53cb11fdf0d1412a8d19111bd3a9ac37ef,7977000,0.031,,45,sell,-0.0,58.651,-0.0,0.0,0.225,filled,,DKNG,1.5793
403.57,False,403.61,403.54,-252664.616,1.0,2026-09-08,403.559998,0.0,-3.8879,3.756,1.581,100.0,626,25.7992,36.0573,0,,403.555,252659.86,market,@GOLD_Trend_GLD,0.00696,31.3013,gold: trend up,0.0,399.720001,data/real/prices/yahoo/GLD.json,404.279999,399.480011,403.559998,545093d31c9d8284e3b5dc66f668a6cb7391d9925b5abdf3e82bcaa71e423b40,8992200,0.0,,626,buy,1.239,97.318,1.239,1.239,9.39,filled,,GLD,39.9452
160.78,False,160.76,160.76,1767.2554,1.0,2026-09-08,160.770004,0.0,-0.0284,0.066,7.029,100.0,11,0.0284,1.2146,0,,160.77,1768.36,market,@FDA_ClusterFade,0.00013,0.11,fda fade: z=-1.59 long sector,0.0,161.929993,data/real/prices/yahoo/XBI.json,163.429993,158.800003,160.770004,fe9eeb851e6faba2a7187e008fab271608d8a4d544227ad3543ac3d95d5dd769,8518800,0.0386,,11,sell,0.622,-72.253,0.622,-0.622,0.11,filled,,XBI,1.243
406.12,False,406.12,406.09,-1219.378,1.0,2026-09-09,406.109985,0.0,-0.0235,0.018,8.795,100.0,3,0.0085,1.048,0,,406.105,1218.36,market,@GOLD_Trend_GLD,4e-05,0.03,gold: trend up,0.0,403.350006,data/real/prices/yahoo/GLD.json,406.559998,401.179993,406.109985,545093d31c9d8284e3b5dc66f668a6cb7391d9925b5abdf3e82bcaa71e423b40,8188400,0.0,,3,buy,0.247,68.675,0.247,0.247,0.045,filled,,GLD,1.0715
43.41,False,43.4,43.4,2298.8243,1.0,2026-09-09,43.400002,0.0,-0.2886,0.318,7.236,100.0,53,0.0237,1.3758,0,,43.405,2300.2,market,@Kalshi_Attention_Timer,0.00031,0.0001,kalshi: weather/fuel attention elevated,0.0,42.939999,data/real/prices/yahoo/XLU.json,43.529999,42.830002,43.400002,5dddbd83cab3a8b7cd0814ea8215cbfc7d759602d4557e0cdf34937ba995df5d,16901700,0.0577,,53,sell,0.0,107.126,0.0,-0.0,0.265,filled,,XLU,1.6644
399.54,False,399.51,399.51,3194.9646,1.0,2026-09-10,399.529999,0.0,0.0035,0.048,3.98,100.0,8,0.0365,1.2754,0,,399.525,3196.08,market,@GOLD_Trend_GLD,8e-05,0.16,gold: trend up,0.0,396.359985,data/real/prices/yahoo/GLD.json,401.149994,395.450012,399.529999,545093d31c9d8284e3b5dc66f668a6cb7391d9925b5abdf3e82bcaa71e423b40,10202900,0.0674,,8,sell,0.501,79.474,0.501,-0.501,0.12,filled,,GLD,1.2719
707.56,False,707.54,707.54,1414.0385,1.0,2026-09-10,707.549988,0.0,-0.0018,0.012,7.514,100.0,2,0.0018,1.0615,0,,707.55,1415.08,market,@PinePilot_EMA_Cross,1e-05,0.02,pinepilot: EMA(20) > EMA(50),0.0,708.690002,data/real/prices/yahoo/QQQ.json,712.059998,706.859985,707.549988,ae9ec3c0b0b8e0f5cd28ee45eac2dfcff9f95a7c5a1244e170ab0980d85979ed,31414400,0.0295,,2,sell,0.141,-16.227,0.141,-0.141,0.02,filled,,QQQ,1.0633
157.6,False,157.58,157.58,1574.7056,1.0,2026-09-10,157.589996,0.0,-0.0246,0.06,7.735,100.0,10,0.0245,1.1944,0,,157.59,1575.8,market,@FDA_ClusterFade,0.0001,0.1,fda fade: z=-1.67 long sector,0.0,156.820007,data/real/prices/yahoo/XBI.json,158.720001,155.820007,157.589996,fe9eeb851e6faba2a7187e008fab271608d8a4d544227ad3543ac3d95d5dd769,9706200,0.0344,,10,sell,0.634,48.463,0.634,-0.634,0.1,filled,,XBI,1.2189
43.0,False,42.99,42.99,1245.5047,1.0,2026-09-10,42.990002,0.0,-0.1545,0.174,10.908,100.0,29,0.0095,1.2054,0,,42.995,1246.71,market,@Kalshi_Attention_Timer,0.00014,0.0001,kalshi: weather/fuel attention elevated,0.0,42.52,data/real/prices/yahoo/XLU.json,43.25,42.509998,42.990002,5dddbd83cab3a8b7cd0814ea8215cbfc7d759602d4557e0cdf34937ba995df5d,20625300,0.0313,,29,sell,0.0,110.536,0.0,-0.0,0.145,filled,,XLU,1.3599
23.79,False,23.77,23.78,72690.9816,1.0,2026-09-11,23.785,0.0,5.9292,18.354,8.445,100.0,3059,24.6608,67.3334,0,,23.785,72712.43,market,@MLB_Attention_Momo,0.02605,45.885,mlb attention: schedule cooled,0.0,24.74,data/real/prices/yahoo/DKNG.json,24.74,23.469999,23.785,728eccb3861f5cb322bf539a1926fb53cb11fdf0d1412a8d19111bd3a9ac37ef,11740800,2.0944,,3059,sell,6.306,-392.078,6.306,-6.306,15.295,filled,,DKNG,61.4042
99.47,False,99.41,99.45,72562.2827,1.0,2026-09-11,99.459999,0.0,1.4557,4.38,5.796,100.0,730,27.7436,43.5165,0,,99.46,72569.3,market,@MLB_Attention_Momo,0.0433,36.4993,mlb attention: schedule cooled,0.0,100.559998,data/real/prices/yahoo/FLUT.json,101.550003,97.82,99.459999,b0ffbb30d24f61202de05dce905e96fb554a730be44b61df2e48712c8bcbabd0,1685900,1.6373,,730,sell,5.027,-114.359,5.027,-5.027,7.3,filled,,FLUT,42.0608
402.54,False,402.47,402.51,249923.8743,1.0,2026-09-11,402.529999,0.0,2.1065,3.726,1.806,100.0,621,25.8379,47.2551,0,,402.525,249933.87,market,@GOLD_Trend_GLD,0.00566,37.2594,gold: trend broke,0.0,398.769989,data/real/prices/yahoo/GLD.json,403.649994,398.140015,402.529999,545093d31c9d8284e3b5dc66f668a6cb7391d9925b5abdf3e82bcaa71e423b40,10963000,5.2697,,621,sell,1.491,92.786,1.491,-1.491,9.315,filled,,GLD,45.1486
17.39,False,17.37,17.38,74904.9111,1.0,2026-09-11,17.389999,0.0,29.9514,25.884,11.422,100.0,4314,34.7543,115.5446,0,,17.385,74934.18,market,@MLB_Attention_Momo,0.11434,86.2757,mlb attention: schedule cooled,0.0,17.82,data/real/prices/yahoo/PENN.json,17.879999,17.110001,17.389999,a08c607c0926b67cf07c1d783cb680772c85851bf312595d1e12c5291078fa04,3772800,2.3849,,4314,sell,11.5,-252.525,11.5,-11.5,21.57,filled,,PENN,85.5932
759.01,False,758.99,758.99,757.9682,1.0,2026-09-14,759.0,0.0,-0.0004,0.006,13.601,100.0,1,0.0004,1.0318,0,,759.0,758.99,market,@PinePilot_EMA_Cross,0.0,0.01,pinepilot: EMA(20) > EMA(50),0.0,760.880005,data/real/prices/yahoo/SPY.json,763.52002,757.929993,759.0,e0f05aaf67be23da1db20513eaed93274b165898427ebeab80c7cb2eca1d9a2d,43992400,0.0158,,1,sell,0.132,-24.84,0.132,-0.132,0.01,filled,,SPY,1.0323
42.39,False,42.39,42.38,-1824.028,1.0,2026-09-14,42.380001,0.0,0.1985,0.258,8.171,100.0,43,0.0164,1.688,0,,42.385,1822.77,market,@Kalshi_Attention_Timer,0.00018,0.43,kalshi: weather/fuel attention elevated,0.0,41.82,data/real/prices/yahoo/XLU.json,42.439999,41.75,42.380001,5dddbd83cab3a8b7cd0814ea8215cbfc7d759602d4557e0cdf34937ba995df5d,23581300,0.0,,43,buy,2.359,136.298,2.359,2.359,0.215,filled,,XLU,1.4894
10.56,False,10.55,10.55,1190.4254,1.0,2026-09-15,10.56,0.0,0.5196,0.678,19.586,100.0,113,0.0454,2.8546,0,,10.555,1192.15,market,@Kalshi_Attention_Timer,0.00048,1.13,kalshi: weather/fuel attention elevated,0.0,10.54,data/real/prices/yahoo/UNG.json,10.59,10.4,10.56,eb7bcc0769945fb2c40fbcd98753ed7e17e367cf69d2ce2bde9ae60f00a462cc,23461900,0.0466,,113,sell,9.47,9.488,9.47,-9.47,0.565,filled,,UNG,2.3349
41.92,False,41.92,41.91,-1887.67,1.0,2026-09-15,41.919998,0.0,-0.2428,0.27,8.02,100.0,45,0.0179,1.2701,0,,41.915,1886.4,market,@Kalshi_Attention_Timer,0.00019,0.0001,kalshi: weather/fuel attention elevated,0.0,41.32,data/real/prices/yahoo/XLU.json,41.950001,41.290001,41.919998,5dddbd83cab3a8b7cd0814ea8215cbfc7d759602d4557e0cdf34937ba995df5d,24210500,0.0,,45,buy,0.0,145.208,0.0,0.0,0.225,filled,,XLU,1.5129
391.75,False,391.72,391.72,390.7057,1.0,2026-09-16,391.73999,0.0,0.0034,0.006,26.317,100.0,1,0.0016,1.0343,13,,391.735,391.72,market,@GOLD_Trend_GLD,1e-05,0.02,end-of-competition forced liquidation,0.0,391.73999,data/real/prices/yahoo/GLD.json,400.600006,388.390015,398.910004,545093d31c9d8284e3b5dc66f668a6cb7391d9925b5abdf3e82bcaa71e423b40,15773200,0.0083,,1,sell,0.51,-0.51,0.51,-180.241,0.015,filled,,GLD,1.0309
202.41,False,202.39,202.39,201.3796,1.0,2026-09-16,202.399994,0.0,-0.0023,0.006,50.529,100.0,1,0.0023,1.0204,13,,202.4,202.39,market,@FDACatalyst_Rider,9e-05,0.01,end-of-competition forced liquidation,0.0,202.399994,data/real/prices/yahoo/IBB.json,204.160004,200.979996,202.490005,20849c9611587299a52489fe22060adc7823c700fb3483f21091d85a6cf8acb0,1098600,0.0044,,1,sell,0.494,-0.494,0.494,-4.939,0.01,filled,,IBB,1.0227
283.93,False,283.91,283.92,71825.183,1.0,2026-09-16,283.920013,0.0,-0.1285,1.518,0.934,100.0,253,1.3968,6.5803,13,,283.925,71829.23,market,@PinePilot_EMA_Cross,0.00092,2.5333,end-of-competition forced liquidation,0.0,283.920013,data/real/prices/yahoo/IWM.json,287.040009,281.029999,285.630005,4f6191d7931ac8755dec346902f769128dd059359a542aaf947e90ff8f2d344a,27599400,1.529,,253,sell,0.353,-0.353,0.353,-60.218,1.265,filled,,IWM,6.7088
704.73,False,704.7,704.71,71876.2874,1.0,2026-09-16,704.719971,0.0,0.3398,0.612,0.669,100.0,102,0.6773,5.1496,13,,704.72,71879.4,market,@PinePilot_EMA_Cross,0.00029,2.037,end-of-competition forced liquidation,0.0,704.719971,data/real/prices/yahoo/QQQ.json,711.880005,700.0,708.0,ae9ec3c0b0b8e0f5cd28ee45eac2dfcff9f95a7c5a1244e170ab0980d85979ed,35688000,1.5006,,102,sell,0.283,-0.283,0.283,-46.61,1.02,filled,,QQQ,4.8099
704.73,False,704.7,704.71,257206.9402,1.0,2026-09-16,704.719971,0.0,-0.9453,2.19,0.653,100.0,365,4.5847,15.8492,13,,704.72,257215.5,market,@LeapMaxLever_Momentum,0.00102,7.2894,end-of-competition forced liquidation,0.0,704.719971,data/real/prices/yahoo/QQQ.json,711.880005,700.0,708.0,ae9ec3c0b0b8e0f5cd28ee45eac2dfcff9f95a7c5a1244e170ab0980d85979ed,35688000,5.3698,,365,sell,0.283,-0.283,0.283,-46.61,3.65,filled,,QQQ,16.7945
754.06,False,754.04,754.04,71630.7358,1.0,2026-09-16,754.049988,0.0,-0.4009,0.57,0.616,100.0,95,0.3998,4.013,13,,754.05,71633.8,market,@PinePilot_EMA_Cross,0.00016,0.9489,end-of-competition forced liquidation,0.0,754.049988,data/real/prices/yahoo/SPY.json,761.669983,749.599976,759.5,e0f05aaf67be23da1db20513eaed93274b165898427ebeab80c7cb2eca1d9a2d,59217700,1.4942,,95,sell,0.132,-0.132,0.132,-71.889,0.95,filled,,SPY,4.414
80.88,False,80.87,80.87,134957.9101,1.0,2026-09-16,80.879997,0.0,3.508,10.014,2.022,100.0,1669,4.832,30.8049,13,,80.875,134972.03,market,@YieldCurve_Rotator,0.00295,16.685,end-of-competition forced liquidation,0.0,80.879997,data/real/prices/yahoo/TLT.json,81.559998,80.860001,80.940002,b2914ca7451d1c04fbe97f399361df69871d9a8afcbb0121541ac2bdd13a29f3,56481700,3.1059,,1669,sell,1.236,-1.236,1.236,-8.649,8.345,filled,,TLT,27.2969
10.37,False,10.36,10.36,98824.0317,1.0,2026-09-16,10.36,0.0,-82.693,57.27,14.649,100.0,9545,34.968,62.1683,13,,10.365,98886.2,market,@Kalshi_Attention_Timer,0.04523,-0.0,end-of-competition forced liquidation,0.0,10.36,data/real/prices/yahoo/UNG.json,10.59,10.32,10.56,eb7bcc0769945fb2c40fbcd98753ed7e17e367cf69d2ce2bde9ae60f00a462cc,21101700,3.8983,,9545,sell,-0.0,0.0,-0.0,-189.394,47.725,filled,,UNG,144.8614
154.38,False,154.36,154.36,1696.8569,1.0,2026-09-16,154.369995,0.0,-0.0285,0.066,7.312,100.0,11,0.0285,1.2131,0,,154.37,1697.96,market,@FDA_ClusterFade,0.00012,0.1099,fda fade: z=-2.06 long sector,0.0,154.179993,data/real/prices/yahoo/XBI.json,156.039993,152.5,154.369995,fe9eeb851e6faba2a7187e008fab271608d8a4d544227ad3543ac3d95d5dd769,8847200,0.0371,,11,sell,0.647,11.675,0.647,-0.647,0.11,filled,,XBI,1.2416
154.19,False,154.17,154.17,153.1606,1.0,2026-09-16,154.179993,0.0,-0.0008,0.006,66.17,100.0,1,0.0008,1.0194,13,,154.18,154.17,market,@FDACatalyst_Rider,1e-05,0.01,end-of-competition forced liquidation,0.0,154.179993,data/real/prices/yahoo/XBI.json,156.039993,152.5,154.369995,fe9eeb851e6faba2a7187e008fab271608d8a4d544227ad3543ac3d95d5dd769,8847200,0.0034,,1,sell,0.648,-0.648,0.648,-12.956,0.01,filled,,XBI,1.0201
154.19,False,154.15,154.17,153831.3483,1.0,2026-09-16,154.178602,0.0,-5.9981,5.988,2.918,100.0,998,24.5626,38.8962,13,,154.18,153841.7,market,@FDA_ClusterFade,0.01128,28.5445,end-of-competition forced liquidation,0.0,154.179993,data/real/prices/yahoo/XBI.json,156.039993,152.5,154.369995,fe9eeb851e6faba2a7187e008fab271608d8a4d544227ad3543ac3d95d5dd769,8847200,3.3637,,998,sell,1.855,-1.945,1.855,-14.251,9.98,filled,,XBI,44.8943
41.32,False,41.31,41.31,59557.8597,1.0,2026-09-16,41.32,0.0,4.0185,8.652,3.62,100.0,1442,3.1915,25.5803,13,,41.315,59569.02,market,@Kalshi_Attention_Timer,0.00612,14.42,end-of-competition forced liquidation,0.0,41.32,data/real/prices/yahoo/XLU.json,41.66,41.150002,41.630001,5dddbd83cab3a8b7cd0814ea8215cbfc7d759602d4557e0cdf34937ba995df5d,23577400,1.5083,,1442,sell,2.42,-2.42,2.42,-76.868,7.21,filled,,XLU,21.5618
