intent_id,participant,created_on,intended_session,session_status,symbol,side,quantity,order_type,status,settled_on,settle_note,avg_price,filled_qty,notional,total_cost,slippage_bps,participation_pct_of_session_volume,reference_close,reference_date,reference_file,reference_sha256,reference_source_class,rule,rationale
NasdaqMomentum_Max-00001,@NasdaqMomentum_Max,2025-09-17,2025-09-18,COLLECTED,QQQ,buy,160,market,filled,2025-09-18,,594.91,160,95185.6,1.7359,0.0,0.00026,595.320007,2025-09-18,data/real/prices/yahoo/QQQ.json,ae9ec3c0b0b8e0f5cd28ee45eac2dfcff9f95a7c5a1244e170ab0980d85979ed,SECONDARY,official NASDAQCOM trend rule,"nasdaq-momentum: NASDAQCOM 22,261 > 200d mean 19,471 and 210-session return +15.45% > 0"
DowNasdaq_SpreadMax-00001,@DowNasdaq_SpreadMax,2025-09-17,2025-09-18,COLLECTED,QQQ,buy,160,market,filled,2025-09-18,,594.91,160,95185.6,1.7359,0.0,0.00026,595.320007,2025-09-18,data/real/prices/yahoo/QQQ.json,ae9ec3c0b0b8e0f5cd28ee45eac2dfcff9f95a7c5a1244e170ab0980d85979ed,SECONDARY,official DJIA vs NASDAQCOM 63-session relative strength,dow-vs-nasdaq: Nasdaq leg stronger (+14.04% vs +9.01%)
VIXRegime_LiveMax-00001,@VIXRegime_LiveMax,2025-09-17,2025-09-18,COLLECTED,QQQ,buy,160,market,filled,2025-09-18,,594.91,160,95185.6,1.7359,0.0,0.00026,595.320007,2025-09-18,data/real/prices/yahoo/QQQ.json,ae9ec3c0b0b8e0f5cd28ee45eac2dfcff9f95a7c5a1244e170ab0980d85979ed,SECONDARY,official VIXCLS/SP500 regime rule,"vix-regime[calm]: VIX 15.72 vs 60d median 16.00, 252d 80th percentile 21.13; S&P 6,600 vs 100d mean 6,163"
SOFRPivot_Rider-00001,@SOFRPivot_Rider,2025-09-17,2025-09-18,COLLECTED,SPY,buy,120,market,filled,2025-09-18,,661.9,120,79428.0,1.1687,0.151,0.00013,662.26001,2025-09-18,data/real/prices/yahoo/SPY.json,e0f05aaf67be23da1db20513eaed93274b165898427ebeab80c7cb2eca1d9a2d,SECONDARY,official SOFR 21-session direction,sofr-pivot: flat (+4.0bp over 21 sessions)
CurveSteepener_MaxBeta-00001,@CurveSteepener_MaxBeta,2025-09-17,2025-09-18,COLLECTED,SPY,buy,120,market,filled,2025-09-18,,661.9,120,79428.0,1.1687,0.151,0.00013,662.26001,2025-09-18,data/real/prices/yahoo/SPY.json,e0f05aaf67be23da1db20513eaed93274b165898427ebeab80c7cb2eca1d9a2d,SECONDARY,official DGS10-DGS3MO 21-session change,curve-steepener: flat +1.0bp
OilDollar_FadeUNG-00001,@OilDollar_FadeUNG,2025-09-17,2025-09-18,COLLECTED,XOM,buy,400,market,filled,2025-09-18,,115.17,400,46068.0,4.1686,0.0,0.00273,113.93,2025-09-18,data/real/prices/yahoo/XOM.json,4a2c7d18351df35d3cb2b11781aad7ea882659abaffcd9d31683a3d09881cf97,SECONDARY,official DCOILWTICO/DTWEXBGS 21-session rule,"oil-dollar: mixed: oil -0.2%/21d, dollar -1.2%/21d"
LeapStyle_AutoLiquidate-00001,@LeapStyle_AutoLiquidate,2025-09-17,2025-09-18,COLLECTED,TSLA,buy,200,market,filled,2025-09-18,,428.89,200,85778.0,3.9124,0.466,0.00022,416.850006,2025-09-18,data/real/prices/yahoo/TSLA.json,6916f4c63d07180ce9efd08a9e88d50b7d43121d02443b933214c54bbb6e84f7,SECONDARY,contest rank rotation,leap: leader TSLA at +29.19% over 42 sessions
PinePilot_EMA_Live-00001,@PinePilot_EMA_Live,2025-09-17,2025-09-18,COLLECTED,QQQ,buy,160,market,filled,2025-09-18,,594.91,160,95185.6,1.7359,0.0,0.00026,595.320007,2025-09-18,data/real/prices/yahoo/QQQ.json,ae9ec3c0b0b8e0f5cd28ee45eac2dfcff9f95a7c5a1244e170ab0980d85979ed,SECONDARY,9/21 EMA cross,pinepilot: EMA9 585.07 > EMA21 579.14
VolControl_MaxLev-00001,@VolControl_MaxLev,2025-09-17,2025-09-18,COLLECTED,QQQ,buy,160,market,filled,2025-09-18,,594.91,160,95185.6,1.7359,0.0,0.00026,595.320007,2025-09-18,data/real/prices/yahoo/QQQ.json,ae9ec3c0b0b8e0f5cd28ee45eac2dfcff9f95a7c5a1244e170ab0980d85979ed,SECONDARY,official VIXCLS tercile scaling,vol-control: calm tercile (VIX 15.72 <= 16.27)
GoldVsRealRate_Live-00001,@GoldVsRealRate_Live,2025-09-17,2025-09-18,COLLECTED,GLD,buy,280,market,filled,2025-09-18,,336.23,280,94144.4,3.61,0.297,0.00188,335.619995,2025-09-18,data/real/prices/yahoo/GLD.json,545093d31c9d8284e3b5dc66f668a6cb7391d9925b5abdf3e82bcaa71e423b40,SECONDARY,"DGS10 minus SOFR, 21-session change",gold-real-rate: opportunity-cost proxy falling -29.0bp
FDA_Fade_Live-00001,@FDA_Fade_Live,2025-09-17,2025-09-18,COLLECTED,XBI,buy,1000,market,filled,2025-09-18,,94.8,1000,94800.0,12.7574,1.055,0.01077,96.68,2025-09-18,data/real/prices/yahoo/XBI.json,fe9eeb851e6faba2a7187e008fab271608d8a4d544227ad3543ac3d95d5dd769,SECONDARY,"openFDA approval drought, bought",fda-fade: approval z -1.12 < -1.0
KitchenSink_Official-00001,@KitchenSink_Official,2025-09-17,2025-09-18,COLLECTED,SPY,buy,120,market,filled,2025-09-18,,661.9,120,79428.0,1.1687,0.151,0.00013,662.26001,2025-09-18,data/real/prices/yahoo/SPY.json,e0f05aaf67be23da1db20513eaed93274b165898427ebeab80c7cb2eca1d9a2d,SECONDARY,sign of eight official 21-session changes,kitchen-sink[undecided]: score +2 of 8 official signs
NasdaqMomentum_Max-00002,@NasdaqMomentum_Max,2025-09-18,2025-09-19,COLLECTED,QQQ,buy,80,market,filled,2025-09-19,,597.34,80,47787.2,0.787,0.167,0.00014,599.349976,2025-09-19,data/real/prices/yahoo/QQQ.json,ae9ec3c0b0b8e0f5cd28ee45eac2dfcff9f95a7c5a1244e170ab0980d85979ed,SECONDARY,official NASDAQCOM trend rule,"nasdaq-momentum: NASDAQCOM 22,471 > 200d mean 19,488 and 210-session return +16.85% > 0"
DowNasdaq_SpreadMax-00002,@DowNasdaq_SpreadMax,2025-09-18,2025-09-19,COLLECTED,QQQ,buy,80,market,filled,2025-09-19,,597.34,80,47787.2,0.787,0.167,0.00014,599.349976,2025-09-19,data/real/prices/yahoo/QQQ.json,ae9ec3c0b0b8e0f5cd28ee45eac2dfcff9f95a7c5a1244e170ab0980d85979ed,SECONDARY,official DJIA vs NASDAQCOM 63-session relative strength,dow-vs-nasdaq: Nasdaq leg stronger (+14.96% vs +9.42%)
VIXRegime_LiveMax-00002,@VIXRegime_LiveMax,2025-09-18,2025-09-19,COLLECTED,QQQ,buy,80,market,filled,2025-09-19,,597.34,80,47787.2,0.787,0.167,0.00014,599.349976,2025-09-19,data/real/prices/yahoo/QQQ.json,ae9ec3c0b0b8e0f5cd28ee45eac2dfcff9f95a7c5a1244e170ab0980d85979ed,SECONDARY,official VIXCLS/SP500 regime rule,"vix-regime[calm]: VIX 15.70 vs 60d median 15.99, 252d 80th percentile 21.13; S&P 6,632 vs 100d mean 6,174"
SOFRPivot_Rider-00002,@SOFRPivot_Rider,2025-09-18,2025-09-19,COLLECTED,SPY,sell,120,market,filled,2025-09-19,,662.33,120,79479.6,1.1823,0.0,0.00012,663.700012,2025-09-19,data/real/prices/yahoo/SPY.json,e0f05aaf67be23da1db20513eaed93274b165898427ebeab80c7cb2eca1d9a2d,SECONDARY,official SOFR 21-session direction,sofr-pivot: easing (-19.0bp over 21 sessions)
SOFRPivot_Rider-00003,@SOFRPivot_Rider,2025-09-18,2025-09-19,COLLECTED,QQQ,buy,80,market,filled,2025-09-19,,597.34,80,47787.2,0.787,0.167,0.00014,599.349976,2025-09-19,data/real/prices/yahoo/QQQ.json,ae9ec3c0b0b8e0f5cd28ee45eac2dfcff9f95a7c5a1244e170ab0980d85979ed,SECONDARY,official SOFR 21-session direction,sofr-pivot: easing (-19.0bp over 21 sessions)
SOFRPivot_Rider-00004,@SOFRPivot_Rider,2025-09-18,2025-09-19,COLLECTED,TSLA,buy,80,market,filled,2025-09-19,,421.83,80,33746.4,1.3689,0.237,9e-05,426.070007,2025-09-19,data/real/prices/yahoo/TSLA.json,6916f4c63d07180ce9efd08a9e88d50b7d43121d02443b933214c54bbb6e84f7,SECONDARY,official SOFR 21-session direction,sofr-pivot: easing (-19.0bp over 21 sessions)
OilDollar_FadeUNG-00002,@OilDollar_FadeUNG,2025-09-18,2025-09-19,COLLECTED,UNG,buy,6000,market,filled,2025-09-19,,12.52,6000,75120.0,111.6034,7.994,0.07877,12.57,2025-09-19,data/real/prices/yahoo/UNG.json,eb7bcc0769945fb2c40fbcd98753ed7e17e367cf69d2ce2bde9ae60f00a462cc,SECONDARY,official DCOILWTICO/DTWEXBGS 21-session rule,oil-dollar: oil +0.8%/21d with dollar -0.9%/21d
OilDollar_FadeUNG-00003,@OilDollar_FadeUNG,2025-09-18,2025-09-19,COLLECTED,XOM,buy,400,market,filled,2025-09-19,,113.91,400,45564.0,4.1969,0.878,0.00103,112.82,2025-09-19,data/real/prices/yahoo/XOM.json,4a2c7d18351df35d3cb2b11781aad7ea882659abaffcd9d31683a3d09881cf97,SECONDARY,official DCOILWTICO/DTWEXBGS 21-session rule,oil-dollar: oil +0.8%/21d with dollar -0.9%/21d
LeapStyle_AutoLiquidate-00002,@LeapStyle_AutoLiquidate,2025-09-18,2025-09-19,COLLECTED,TSLA,buy,120,market,filled,2025-09-19,,421.84,120,50620.8,2.1643,0.474,0.00013,426.070007,2025-09-19,data/real/prices/yahoo/TSLA.json,6916f4c63d07180ce9efd08a9e88d50b7d43121d02443b933214c54bbb6e84f7,SECONDARY,contest rank rotation,leap: leader TSLA at +26.90% over 42 sessions
PinePilot_EMA_Live-00002,@PinePilot_EMA_Live,2025-09-18,2025-09-19,COLLECTED,QQQ,buy,80,market,filled,2025-09-19,,597.34,80,47787.2,0.787,0.167,0.00014,599.349976,2025-09-19,data/real/prices/yahoo/QQQ.json,ae9ec3c0b0b8e0f5cd28ee45eac2dfcff9f95a7c5a1244e170ab0980d85979ed,SECONDARY,9/21 EMA cross,pinepilot: EMA9 587.12 > EMA21 580.61
VolControl_MaxLev-00002,@VolControl_MaxLev,2025-09-18,2025-09-19,COLLECTED,QQQ,buy,80,market,filled,2025-09-19,,597.34,80,47787.2,0.787,0.167,0.00014,599.349976,2025-09-19,data/real/prices/yahoo/QQQ.json,ae9ec3c0b0b8e0f5cd28ee45eac2dfcff9f95a7c5a1244e170ab0980d85979ed,SECONDARY,official VIXCLS tercile scaling,vol-control: calm tercile (VIX 15.70 <= 16.27)
GoldVsRealRate_Live-00002,@GoldVsRealRate_Live,2025-09-18,2025-09-19,COLLECTED,GLD,sell,40,market,filled,2025-09-19,,336.51,40,13460.4,0.3995,0.0,0.00027,339.179993,2025-09-19,data/real/prices/yahoo/GLD.json,545093d31c9d8284e3b5dc66f668a6cb7391d9925b5abdf3e82bcaa71e423b40,SECONDARY,"DGS10 minus SOFR, 21-session change",gold-real-rate: proxy flat (-3.0bp)
FDA_Fade_Live-00002,@FDA_Fade_Live,2025-09-18,2025-09-19,COLLECTED,XBI,buy,500,market,filled,2025-09-19,,96.99,500,48495.0,5.817,0.0,0.007,95.599998,2025-09-19,data/real/prices/yahoo/XBI.json,fe9eeb851e6faba2a7187e008fab271608d8a4d544227ad3543ac3d95d5dd769,SECONDARY,"openFDA approval drought, bought",fda-fade: approval z -1.12 < -1.0
KitchenSink_Official-00002,@KitchenSink_Official,2025-09-18,2025-09-19,COLLECTED,SPY,sell,120,market,filled,2025-09-19,,662.33,120,79479.6,1.1823,0.0,0.00012,663.700012,2025-09-19,data/real/prices/yahoo/SPY.json,e0f05aaf67be23da1db20513eaed93274b165898427ebeab80c7cb2eca1d9a2d,SECONDARY,sign of eight official 21-session changes,kitchen-sink[riskon]: score +6 of 8 official signs
KitchenSink_Official-00003,@KitchenSink_Official,2025-09-18,2025-09-19,COLLECTED,QQQ,buy,80,market,filled,2025-09-19,,597.34,80,47787.2,0.787,0.167,0.00014,599.349976,2025-09-19,data/real/prices/yahoo/QQQ.json,ae9ec3c0b0b8e0f5cd28ee45eac2dfcff9f95a7c5a1244e170ab0980d85979ed,SECONDARY,sign of eight official 21-session changes,kitchen-sink[riskon]: score +6 of 8 official signs
NasdaqMomentum_Max-00003,@NasdaqMomentum_Max,2025-09-19,2025-09-22,COLLECTED,QQQ,buy,40,market,filled,2025-09-22,,597.74,40,23909.6,0.3705,0.0,7e-05,602.200012,2025-09-22,data/real/prices/yahoo/QQQ.json,ae9ec3c0b0b8e0f5cd28ee45eac2dfcff9f95a7c5a1244e170ab0980d85979ed,SECONDARY,official NASDAQCOM trend rule,"nasdaq-momentum: NASDAQCOM 22,631 > 200d mean 19,505 and 210-session return +18.44% > 0"
DowNasdaq_SpreadMax-00003,@DowNasdaq_SpreadMax,2025-09-19,2025-09-22,COLLECTED,QQQ,buy,40,market,filled,2025-09-22,,597.74,40,23909.6,0.3705,0.0,7e-05,602.200012,2025-09-22,data/real/prices/yahoo/QQQ.json,ae9ec3c0b0b8e0f5cd28ee45eac2dfcff9f95a7c5a1244e170ab0980d85979ed,SECONDARY,official DJIA vs NASDAQCOM 63-session relative strength,dow-vs-nasdaq: Nasdaq leg stronger (+16.37% vs +9.73%)
VIXRegime_LiveMax-00003,@VIXRegime_LiveMax,2025-09-19,2025-09-22,COLLECTED,QQQ,buy,40,market,filled,2025-09-22,,597.74,40,23909.6,0.3705,0.0,7e-05,602.200012,2025-09-22,data/real/prices/yahoo/QQQ.json,ae9ec3c0b0b8e0f5cd28ee45eac2dfcff9f95a7c5a1244e170ab0980d85979ed,SECONDARY,official VIXCLS/SP500 regime rule,"vix-regime[calm]: VIX 15.45 vs 60d median 15.97, 252d 80th percentile 21.13; S&P 6,664 vs 100d mean 6,185"
SOFRPivot_Rider-00005,@SOFRPivot_Rider,2025-09-19,2025-09-22,COLLECTED,QQQ,buy,80,market,filled,2025-09-22,,597.74,80,47819.2,0.7827,0.0,0.00014,602.200012,2025-09-22,data/real/prices/yahoo/QQQ.json,ae9ec3c0b0b8e0f5cd28ee45eac2dfcff9f95a7c5a1244e170ab0980d85979ed,SECONDARY,official SOFR 21-session direction,sofr-pivot: easing (-17.0bp over 21 sessions)
CurveSteepener_MaxBeta-00002,@CurveSteepener_MaxBeta,2025-09-19,2025-09-22,COLLECTED,SPY,sell,120,market,filled,2025-09-22,,662.2,120,79464.0,1.1789,0.0,0.00017,666.840027,2025-09-22,data/real/prices/yahoo/SPY.json,e0f05aaf67be23da1db20513eaed93274b165898427ebeab80c7cb2eca1d9a2d,SECONDARY,official DGS10-DGS3MO 21-session change,curve-steepener: steepening +11.0bp
CurveSteepener_MaxBeta-00003,@CurveSteepener_MaxBeta,2025-09-19,2025-09-22,COLLECTED,JPM,buy,160,market,filled,2025-09-22,,309.81,160,49569.6,2.0982,0.323,0.00213,312.440002,2025-09-22,data/real/prices/yahoo/JPM.json,169021a2b0a0985c1c427b57fe640e22b6ce82a79377bc3075417c6a8b98d12c,SECONDARY,official DGS10-DGS3MO 21-session change,curve-steepener: steepening +11.0bp
CurveSteepener_MaxBeta-00004,@CurveSteepener_MaxBeta,2025-09-19,2025-09-22,COLLECTED,XOM,buy,500,market,filled,2025-09-22,,112.45,500,56225.0,5.3931,0.0,0.0032,112.019997,2025-09-22,data/real/prices/yahoo/XOM.json,4a2c7d18351df35d3cb2b11781aad7ea882659abaffcd9d31683a3d09881cf97,SECONDARY,official DGS10-DGS3MO 21-session change,curve-steepener: steepening +11.0bp
OilDollar_FadeUNG-00004,@OilDollar_FadeUNG,2025-09-19,2025-09-22,COLLECTED,UNG,sell,5900,market,filled,2025-09-22,,12.48,5900,73632.0,63.4196,8.006,0.06616,12.15,2025-09-22,data/real/prices/yahoo/UNG.json,eb7bcc0769945fb2c40fbcd98753ed7e17e367cf69d2ce2bde9ae60f00a462cc,SECONDARY,official DCOILWTICO/DTWEXBGS 21-session rule,"oil-dollar: mixed: oil -1.8%/21d, dollar -0.8%/21d"
OilDollar_FadeUNG-00005,@OilDollar_FadeUNG,2025-09-19,2025-09-22,COLLECTED,XOM,sell,300,market,filled,2025-09-22,,112.44,300,33732.0,3.0973,0.889,0.00192,112.019997,2025-09-22,data/real/prices/yahoo/XOM.json,4a2c7d18351df35d3cb2b11781aad7ea882659abaffcd9d31683a3d09881cf97,SECONDARY,official DCOILWTICO/DTWEXBGS 21-session rule,"oil-dollar: mixed: oil -1.8%/21d, dollar -0.8%/21d"
LeapStyle_AutoLiquidate-00003,@LeapStyle_AutoLiquidate,2025-09-19,2025-09-22,COLLECTED,TSLA,buy,40,market,filled,2025-09-22,,431.12,40,17244.8,0.6364,0.232,4e-05,434.209991,2025-09-22,data/real/prices/yahoo/TSLA.json,6916f4c63d07180ce9efd08a9e88d50b7d43121d02443b933214c54bbb6e84f7,SECONDARY,contest rank rotation,leap: leader TSLA at +28.29% over 42 sessions
VolControl_MaxLev-00003,@VolControl_MaxLev,2025-09-19,2025-09-22,COLLECTED,QQQ,buy,40,market,filled,2025-09-22,,597.74,40,23909.6,0.3705,0.0,7e-05,602.200012,2025-09-22,data/real/prices/yahoo/QQQ.json,ae9ec3c0b0b8e0f5cd28ee45eac2dfcff9f95a7c5a1244e170ab0980d85979ed,SECONDARY,official VIXCLS tercile scaling,vol-control: calm tercile (VIX 15.45 <= 16.25)
KitchenSink_Official-00004,@KitchenSink_Official,2025-09-19,2025-09-22,COLLECTED,QQQ,buy,120,market,filled,2025-09-22,,597.74,120,71728.8,1.2222,0.0,0.00021,602.200012,2025-09-22,data/real/prices/yahoo/QQQ.json,ae9ec3c0b0b8e0f5cd28ee45eac2dfcff9f95a7c5a1244e170ab0980d85979ed,SECONDARY,sign of eight official 21-session changes,kitchen-sink[riskon]: score +6 of 8 official signs
VIXRegime_LiveMax-00004,@VIXRegime_LiveMax,2025-09-22,2025-09-23,COLLECTED,QQQ,sell,160,market,filled,2025-09-23,,602.36,160,96377.6,1.6988,0.166,0.00025,598.200012,2025-09-23,data/real/prices/yahoo/QQQ.json,ae9ec3c0b0b8e0f5cd28ee45eac2dfcff9f95a7c5a1244e170ab0980d85979ed,SECONDARY,official VIXCLS/SP500 regime rule,"vix-regime[undecided]: VIX 16.10 vs 60d median 15.96, 252d 80th percentile 21.13; S&P 6,694 vs 100d mean 6,197"
SOFRPivot_Rider-00006,@SOFRPivot_Rider,2025-09-22,2025-09-23,COLLECTED,QQQ,buy,40,market,filled,2025-09-23,,602.37,40,24094.8,0.369,0.0,6e-05,598.200012,2025-09-23,data/real/prices/yahoo/QQQ.json,ae9ec3c0b0b8e0f5cd28ee45eac2dfcff9f95a7c5a1244e170ab0980d85979ed,SECONDARY,official SOFR 21-session direction,sofr-pivot: easing (-18.0bp over 21 sessions)
CurveSteepener_MaxBeta-00005,@CurveSteepener_MaxBeta,2025-09-22,2025-09-23,COLLECTED,JPM,buy,120,market,filled,2025-09-23,,311.83,120,37419.6,1.5047,0.32,0.0014,312.73999,2025-09-23,data/real/prices/yahoo/JPM.json,169021a2b0a0985c1c427b57fe640e22b6ce82a79377bc3075417c6a8b98d12c,SECONDARY,official DGS10-DGS3MO 21-session change,curve-steepener: steepening +16.0bp
CurveSteepener_MaxBeta-00006,@CurveSteepener_MaxBeta,2025-09-22,2025-09-23,COLLECTED,XOM,buy,300,market,filled,2025-09-23,,112.73,300,33819.0,3.0582,0.887,0.00118,113.949997,2025-09-23,data/real/prices/yahoo/XOM.json,4a2c7d18351df35d3cb2b11781aad7ea882659abaffcd9d31683a3d09881cf97,SECONDARY,official DGS10-DGS3MO 21-session change,curve-steepener: steepening +16.0bp
LeapStyle_AutoLiquidate-00004,@LeapStyle_AutoLiquidate,2025-09-22,2025-09-23,COLLECTED,TSLA,buy,40,market,filled,2025-09-23,,439.89,40,17595.6,0.6373,0.227,5e-05,425.850006,2025-09-23,data/real/prices/yahoo/TSLA.json,6916f4c63d07180ce9efd08a9e88d50b7d43121d02443b933214c54bbb6e84f7,SECONDARY,contest rank rotation,leap: leader TSLA at +30.57% over 42 sessions
KitchenSink_Official-00005,@KitchenSink_Official,2025-09-22,2025-09-23,COLLECTED,QQQ,buy,40,market,filled,2025-09-23,,602.37,40,24094.8,0.369,0.0,6e-05,598.200012,2025-09-23,data/real/prices/yahoo/QQQ.json,ae9ec3c0b0b8e0f5cd28ee45eac2dfcff9f95a7c5a1244e170ab0980d85979ed,SECONDARY,sign of eight official 21-session changes,kitchen-sink[riskon]: score +4 of 8 official signs
VolControl_MaxLev-00004,@VolControl_MaxLev,2025-09-23,2025-09-24,COLLECTED,QQQ,sell,80,market,filled,2025-09-24,,599.58,80,47966.4,0.7838,0.0,0.00016,596.099976,2025-09-24,data/real/prices/yahoo/QQQ.json,ae9ec3c0b0b8e0f5cd28ee45eac2dfcff9f95a7c5a1244e170ab0980d85979ed,SECONDARY,official VIXCLS tercile scaling,vol-control: middle tercile (VIX 16.64)
KitchenSink_Official-00006,@KitchenSink_Official,2025-09-23,2025-09-24,COLLECTED,QQQ,buy,40,market,filled,2025-09-24,,599.59,40,23983.6,0.3661,0.166,8e-05,596.099976,2025-09-24,data/real/prices/yahoo/QQQ.json,ae9ec3c0b0b8e0f5cd28ee45eac2dfcff9f95a7c5a1244e170ab0980d85979ed,SECONDARY,sign of eight official 21-session changes,kitchen-sink[riskon]: score +4 of 8 official signs
SOFRPivot_Rider-00007,@SOFRPivot_Rider,2025-09-24,2025-09-25,COLLECTED,QQQ,buy,40,market,filled,2025-09-25,,592.21,40,23688.4,0.3657,0.169,6e-05,593.530029,2025-09-25,data/real/prices/yahoo/QQQ.json,ae9ec3c0b0b8e0f5cd28ee45eac2dfcff9f95a7c5a1244e170ab0980d85979ed,SECONDARY,official SOFR 21-session direction,sofr-pivot: easing (-24.0bp over 21 sessions)
OilDollar_FadeUNG-00006,@OilDollar_FadeUNG,2025-09-24,2025-09-25,COLLECTED,UNG,buy,5600,market,filled,2025-09-25,,12.71,5600,71176.0,98.6388,7.874,0.04305,12.59,2025-09-25,data/real/prices/yahoo/UNG.json,eb7bcc0769945fb2c40fbcd98753ed7e17e367cf69d2ce2bde9ae60f00a462cc,SECONDARY,official DCOILWTICO/DTWEXBGS 21-session rule,oil-dollar: oil +0.3%/21d with dollar -0.2%/21d
OilDollar_FadeUNG-00007,@OilDollar_FadeUNG,2025-09-24,2025-09-25,COLLECTED,XOM,buy,300,market,filled,2025-09-25,,114.64,300,34392.0,3.0655,0.0,0.002,115.589996,2025-09-25,data/real/prices/yahoo/XOM.json,4a2c7d18351df35d3cb2b11781aad7ea882659abaffcd9d31683a3d09881cf97,SECONDARY,official DCOILWTICO/DTWEXBGS 21-session rule,oil-dollar: oil +0.3%/21d with dollar -0.2%/21d
GoldVsRealRate_Live-00003,@GoldVsRealRate_Live,2025-09-24,2025-09-25,COLLECTED,GLD,sell,200,market,filled,2025-09-25,,344.39,200,68878.0,2.5232,0.0,0.00158,344.75,2025-09-25,data/real/prices/yahoo/GLD.json,545093d31c9d8284e3b5dc66f668a6cb7391d9925b5abdf3e82bcaa71e423b40,SECONDARY,"DGS10 minus SOFR, 21-session change",gold-real-rate: opportunity-cost proxy rising +13.0bp
GoldVsRealRate_Live-00004,@GoldVsRealRate_Live,2025-09-24,2025-09-25,COLLECTED,TLT,buy,600,market,filled,2025-09-25,,88.85,600,53310.0,5.3697,0.0,0.00201,88.980003,2025-09-25,data/real/prices/yahoo/TLT.json,b2914ca7451d1c04fbe97f399361df69871d9a8afcbb0121541ac2bdd13a29f3,SECONDARY,"DGS10 minus SOFR, 21-session change",gold-real-rate: opportunity-cost proxy rising +13.0bp
OilDollar_FadeUNG-00008,@OilDollar_FadeUNG,2025-09-25,2025-09-26,COLLECTED,UNG,sell,5700,market,filled,2025-09-26,,12.39,5700,70623.0,60.5812,-0.0,0.06517,12.47,2025-09-26,data/real/prices/yahoo/UNG.json,eb7bcc0769945fb2c40fbcd98753ed7e17e367cf69d2ce2bde9ae60f00a462cc,SECONDARY,official DCOILWTICO/DTWEXBGS 21-session rule,"oil-dollar: mixed: oil +3.0%/21d, dollar +0.0%/21d"
OilDollar_FadeUNG-00009,@OilDollar_FadeUNG,2025-09-25,2025-09-26,COLLECTED,XOM,sell,300,market,filled,2025-09-26,,115.95,300,34785.0,3.1286,0.862,0.00162,117.220001,2025-09-26,data/real/prices/yahoo/XOM.json,4a2c7d18351df35d3cb2b11781aad7ea882659abaffcd9d31683a3d09881cf97,SECONDARY,official DCOILWTICO/DTWEXBGS 21-session rule,"oil-dollar: mixed: oil +3.0%/21d, dollar +0.0%/21d"
GoldVsRealRate_Live-00005,@GoldVsRealRate_Live,2025-09-25,2025-09-26,COLLECTED,GLD,sell,40,market,filled,2025-09-26,,345.82,40,13832.8,0.4061,0.289,0.00034,346.73999,2025-09-26,data/real/prices/yahoo/GLD.json,545093d31c9d8284e3b5dc66f668a6cb7391d9925b5abdf3e82bcaa71e423b40,SECONDARY,"DGS10 minus SOFR, 21-session change",gold-real-rate: opportunity-cost proxy rising +9.0bp
GoldVsRealRate_Live-00006,@GoldVsRealRate_Live,2025-09-25,2025-09-26,COLLECTED,TLT,buy,700,market,filled,2025-09-26,,88.99,700,62293.0,6.3185,0.0,0.00226,88.900002,2025-09-26,data/real/prices/yahoo/TLT.json,b2914ca7451d1c04fbe97f399361df69871d9a8afcbb0121541ac2bdd13a29f3,SECONDARY,"DGS10 minus SOFR, 21-session change",gold-real-rate: opportunity-cost proxy rising +9.0bp
VIXRegime_LiveMax-00005,@VIXRegime_LiveMax,2025-09-26,2025-09-29,COLLECTED,QQQ,buy,80,market,filled,2025-09-29,,599.11,80,47928.8,0.7741,0.0,0.00017,598.72998,2025-09-29,data/real/prices/yahoo/QQQ.json,ae9ec3c0b0b8e0f5cd28ee45eac2dfcff9f95a7c5a1244e170ab0980d85979ed,SECONDARY,official VIXCLS/SP500 regime rule,"vix-regime[calm]: VIX 15.29 vs 60d median 15.92, 252d 80th percentile 21.13; S&P 6,644 vs 100d mean 6,237"
OilDollar_FadeUNG-00010,@OilDollar_FadeUNG,2025-09-26,2025-09-29,COLLECTED,UNG,buy,5500,market,filled,2025-09-29,,12.52,5500,68860.0,95.2986,16.0,0.05061,12.82,2025-09-29,data/real/prices/yahoo/UNG.json,eb7bcc0769945fb2c40fbcd98753ed7e17e367cf69d2ce2bde9ae60f00a462cc,SECONDARY,official DCOILWTICO/DTWEXBGS 21-session rule,oil-dollar: oil +3.1%/21d with dollar -0.2%/21d
OilDollar_FadeUNG-00011,@OilDollar_FadeUNG,2025-09-26,2025-09-29,COLLECTED,XOM,buy,300,market,filled,2025-09-29,,116.06,300,34818.0,3.0872,0.0,0.00156,114.220001,2025-09-29,data/real/prices/yahoo/XOM.json,4a2c7d18351df35d3cb2b11781aad7ea882659abaffcd9d31683a3d09881cf97,SECONDARY,official DCOILWTICO/DTWEXBGS 21-session rule,oil-dollar: oil +3.1%/21d with dollar -0.2%/21d
VolControl_MaxLev-00005,@VolControl_MaxLev,2025-09-26,2025-09-29,COLLECTED,QQQ,buy,40,market,filled,2025-09-29,,599.11,40,23964.4,0.3674,0.0,8e-05,598.72998,2025-09-29,data/real/prices/yahoo/QQQ.json,ae9ec3c0b0b8e0f5cd28ee45eac2dfcff9f95a7c5a1244e170ab0980d85979ed,SECONDARY,official VIXCLS tercile scaling,vol-control: calm tercile (VIX 15.29 <= 16.13)
VIXRegime_LiveMax-00006,@VIXRegime_LiveMax,2025-09-29,2025-09-30,COLLECTED,QQQ,sell,80,market,filled,2025-09-30,,598.42,80,47873.6,0.7861,0.167,0.00017,600.369995,2025-09-30,data/real/prices/yahoo/QQQ.json,ae9ec3c0b0b8e0f5cd28ee45eac2dfcff9f95a7c5a1244e170ab0980d85979ed,SECONDARY,official VIXCLS/SP500 regime rule,"vix-regime[undecided]: VIX 16.12 vs 60d median 15.89, 252d 80th percentile 20.93; S&P 6,661 vs 100d mean 6,248"
OilDollar_FadeUNG-00012,@OilDollar_FadeUNG,2025-09-29,2025-09-30,COLLECTED,UNG,sell,5400,market,filled,2025-09-30,,13.02,5400,70308.0,57.4377,-0.0,0.06616,13.07,2025-09-30,data/real/prices/yahoo/UNG.json,eb7bcc0769945fb2c40fbcd98753ed7e17e367cf69d2ce2bde9ae60f00a462cc,SECONDARY,official DCOILWTICO/DTWEXBGS 21-session rule,"oil-dollar: mixed: oil -1.1%/21d, dollar -0.1%/21d"
OilDollar_FadeUNG-00013,@OilDollar_FadeUNG,2025-09-29,2025-09-30,COLLECTED,XOM,sell,300,market,filled,2025-09-30,,113.34,300,34002.0,3.1917,0.882,0.00166,112.75,2025-09-30,data/real/prices/yahoo/XOM.json,4a2c7d18351df35d3cb2b11781aad7ea882659abaffcd9d31683a3d09881cf97,SECONDARY,official DCOILWTICO/DTWEXBGS 21-session rule,"oil-dollar: mixed: oil -1.1%/21d, dollar -0.1%/21d"
VolControl_MaxLev-00006,@VolControl_MaxLev,2025-09-29,2025-09-30,COLLECTED,QQQ,buy,40,market,filled,2025-09-30,,598.43,40,23937.2,0.367,0.0,9e-05,600.369995,2025-09-30,data/real/prices/yahoo/QQQ.json,ae9ec3c0b0b8e0f5cd28ee45eac2dfcff9f95a7c5a1244e170ab0980d85979ed,SECONDARY,official VIXCLS tercile scaling,vol-control: calm tercile (VIX 16.12 <= 16.12)
VolControl_MaxLev-00007,@VolControl_MaxLev,2025-09-30,2025-10-01,COLLECTED,QQQ,sell,80,market,filled,2025-10-01,,597.16,80,47772.8,0.7672,0.167,0.00017,603.25,2025-10-01,data/real/prices/yahoo/QQQ.json,ae9ec3c0b0b8e0f5cd28ee45eac2dfcff9f95a7c5a1244e170ab0980d85979ed,SECONDARY,official VIXCLS tercile scaling,vol-control: middle tercile (VIX 16.28)
GoldVsRealRate_Live-00007,@GoldVsRealRate_Live,2025-09-30,2025-10-01,COLLECTED,TLT,sell,1300,market,filled,2025-10-01,,89.44,1300,116272.0,12.4401,1.118,0.0033,89.290001,2025-10-01,data/real/prices/yahoo/TLT.json,b2914ca7451d1c04fbe97f399361df69871d9a8afcbb0121541ac2bdd13a29f3,SECONDARY,"DGS10 minus SOFR, 21-session change",gold-real-rate: proxy flat (+4.0bp)
GoldVsRealRate_Live-00008,@GoldVsRealRate_Live,2025-09-30,2025-10-01,COLLECTED,GLD,buy,120,market,filled,2025-10-01,,356.18,120,42741.6,1.3983,0.28,0.00077,356.029999,2025-10-01,data/real/prices/yahoo/GLD.json,545093d31c9d8284e3b5dc66f668a6cb7391d9925b5abdf3e82bcaa71e423b40,SECONDARY,"DGS10 minus SOFR, 21-session change",gold-real-rate: proxy flat (+4.0bp)
FDA_Fade_Live-00003,@FDA_Fade_Live,2025-09-30,2025-10-01,COLLECTED,XBI,buy,100,market,filled,2025-10-01,,100.12,100,10012.0,0.9744,0.999,0.00103,101.389999,2025-10-01,data/real/prices/yahoo/XBI.json,fe9eeb851e6faba2a7187e008fab271608d8a4d544227ad3543ac3d95d5dd769,SECONDARY,"openFDA approval drought, bought",fda-fade: approval z -1.97 < -1.0
LeapStyle_AutoLiquidate-00005,@LeapStyle_AutoLiquidate,2025-10-01,2025-10-02,COLLECTED,TSLA,buy,40,market,filled,2025-10-02,,470.55,40,18822.0,0.6458,0.212,3e-05,436.0,2025-10-02,data/real/prices/yahoo/TSLA.json,6916f4c63d07180ce9efd08a9e88d50b7d43121d02443b933214c54bbb6e84f7,SECONDARY,contest rank rotation,leap: leader TSLA at +51.82% over 42 sessions
CrowdFade_Live-00001,@CrowdFade_Live,2025-10-01,2025-10-02,COLLECTED,MU,sell,200,market,filled,2025-10-02,,184.95,200,36990.0,2.9452,0.541,0.0008,183.75,2025-10-02,data/real/prices/yahoo/MU.json,b6edc050ee19bfdd67f1d40541aa314649fd30441b108d6e3ecd58992480bae4,SECONDARY,3-session reversal at 2.5 sigma,crowd-fade: 3-session sigma extremes (MU z=+2.73)
GoldVsRealRate_Live-00009,@GoldVsRealRate_Live,2025-10-01,2025-10-02,COLLECTED,GLD,buy,80,market,filled,2025-10-02,,358.27,80,28661.6,0.8489,0.279,0.00049,354.790009,2025-10-02,data/real/prices/yahoo/GLD.json,545093d31c9d8284e3b5dc66f668a6cb7391d9925b5abdf3e82bcaa71e423b40,SECONDARY,"DGS10 minus SOFR, 21-session change",gold-real-rate: proxy flat (+3.0bp)
CurveSteepener_MaxBeta-00007,@CurveSteepener_MaxBeta,2025-10-02,2025-10-03,COLLECTED,JPM,sell,280,market,filled,2025-10-03,,308.5,280,86380.0,4.2693,0.324,0.00464,310.029999,2025-10-03,data/real/prices/yahoo/JPM.json,169021a2b0a0985c1c427b57fe640e22b6ce82a79377bc3075417c6a8b98d12c,SECONDARY,official DGS10-DGS3MO 21-session change,curve-steepener: flat +0.0bp
CurveSteepener_MaxBeta-00008,@CurveSteepener_MaxBeta,2025-10-02,2025-10-03,COLLECTED,XOM,sell,800,market,filled,2025-10-03,,111.9,800,89520.0,9.5319,0.0,0.00618,113.260002,2025-10-03,data/real/prices/yahoo/XOM.json,4a2c7d18351df35d3cb2b11781aad7ea882659abaffcd9d31683a3d09881cf97,SECONDARY,official DGS10-DGS3MO 21-session change,curve-steepener: flat +0.0bp
CurveSteepener_MaxBeta-00009,@CurveSteepener_MaxBeta,2025-10-03,2025-10-06,COLLECTED,SPY,buy,120,market,filled,2025-10-06,,671.62,120,80594.4,1.096,0.0,0.00022,671.609985,2025-10-06,data/real/prices/yahoo/SPY.json,e0f05aaf67be23da1db20513eaed93274b165898427ebeab80c7cb2eca1d9a2d,SECONDARY,official DGS10-DGS3MO 21-session change,curve-steepener: flat +6.0bp
GoldVsRealRate_Live-00010,@GoldVsRealRate_Live,2025-10-03,2025-10-06,COLLECTED,GLD,sell,160,market,filled,2025-10-06,,362.16,160,57945.6,1.8923,0.0,0.00094,364.380005,2025-10-06,data/real/prices/yahoo/GLD.json,545093d31c9d8284e3b5dc66f668a6cb7391d9925b5abdf3e82bcaa71e423b40,SECONDARY,"DGS10 minus SOFR, 21-session change",gold-real-rate: opportunity-cost proxy rising +12.0bp
GoldVsRealRate_Live-00011,@GoldVsRealRate_Live,2025-10-03,2025-10-06,COLLECTED,TLT,buy,700,market,filled,2025-10-06,,88.71,700,62097.0,6.22,0.0,0.00247,88.669998,2025-10-06,data/real/prices/yahoo/TLT.json,b2914ca7451d1c04fbe97f399361df69871d9a8afcbb0121541ac2bdd13a29f3,SECONDARY,"DGS10 minus SOFR, 21-session change",gold-real-rate: opportunity-cost proxy rising +12.0bp
CurveSteepener_MaxBeta-00010,@CurveSteepener_MaxBeta,2025-10-06,2025-10-07,COLLECTED,SPY,sell,120,market,filled,2025-10-07,,672.53,120,80703.6,1.1118,0.148,0.00017,669.119995,2025-10-07,data/real/prices/yahoo/SPY.json,e0f05aaf67be23da1db20513eaed93274b165898427ebeab80c7cb2eca1d9a2d,SECONDARY,official DGS10-DGS3MO 21-session change,curve-steepener: steepening +15.0bp
CurveSteepener_MaxBeta-00011,@CurveSteepener_MaxBeta,2025-10-06,2025-10-07,COLLECTED,JPM,buy,160,market,filled,2025-10-07,,309.36,160,49497.6,1.9039,0.323,0.00189,307.690002,2025-10-07,data/real/prices/yahoo/JPM.json,169021a2b0a0985c1c427b57fe640e22b6ce82a79377bc3075417c6a8b98d12c,SECONDARY,official DGS10-DGS3MO 21-session change,curve-steepener: steepening +15.0bp
CurveSteepener_MaxBeta-00012,@CurveSteepener_MaxBeta,2025-10-06,2025-10-07,COLLECTED,XOM,buy,500,market,filled,2025-10-07,,114.08,500,57040.0,5.3949,0.877,0.00419,114.260002,2025-10-07,data/real/prices/yahoo/XOM.json,4a2c7d18351df35d3cb2b11781aad7ea882659abaffcd9d31683a3d09881cf97,SECONDARY,official DGS10-DGS3MO 21-session change,curve-steepener: steepening +15.0bp
Weather_ColdSnap_Live-00001,@Weather_ColdSnap_Live,2025-10-06,2025-10-07,COLLECTED,XLU,buy,1300,market,filled,2025-10-07,,45.07,1300,58591.0,11.7327,0.0,0.00395,45.09,2025-10-07,data/real/prices/yahoo/XLU.json,5dddbd83cab3a8b7cd0814ea8215cbfc7d759602d4557e0cdf34937ba995df5d,SECONDARY,NOAA/NCEI 10-day minimum-temperature anomaly,weather-proxy: anomaly inside +/-5degC (+1.0)
GoldVsRealRate_Live-00012,@GoldVsRealRate_Live,2025-10-06,2025-10-07,COLLECTED,GLD,sell,40,market,filled,2025-10-07,,366.51,40,14660.4,0.4046,0.0,0.00024,366.26001,2025-10-07,data/real/prices/yahoo/GLD.json,545093d31c9d8284e3b5dc66f668a6cb7391d9925b5abdf3e82bcaa71e423b40,SECONDARY,"DGS10 minus SOFR, 21-session change",gold-real-rate: opportunity-cost proxy rising +27.0bp
GoldVsRealRate_Live-00013,@GoldVsRealRate_Live,2025-10-06,2025-10-07,COLLECTED,TLT,buy,700,market,filled,2025-10-07,,88.98,700,62286.0,6.1651,1.124,0.00241,89.18,2025-10-07,data/real/prices/yahoo/TLT.json,b2914ca7451d1c04fbe97f399361df69871d9a8afcbb0121541ac2bdd13a29f3,SECONDARY,"DGS10 minus SOFR, 21-session change",gold-real-rate: opportunity-cost proxy rising +27.0bp
KitchenSink_Official-00007,@KitchenSink_Official,2025-10-06,2025-10-07,COLLECTED,QQQ,sell,280,market,filled,2025-10-07,,609.02,280,170525.6,2.9562,0.0,0.00048,604.51001,2025-10-07,data/real/prices/yahoo/QQQ.json,ae9ec3c0b0b8e0f5cd28ee45eac2dfcff9f95a7c5a1244e170ab0980d85979ed,SECONDARY,sign of eight official 21-session changes,kitchen-sink[undecided]: score +2 of 8 official signs
CurveSteepener_MaxBeta-00013,@CurveSteepener_MaxBeta,2025-10-07,2025-10-08,COLLECTED,JPM,buy,120,market,filled,2025-10-08,,308.21,120,36985.2,1.3645,0.0,0.00185,304.029999,2025-10-08,data/real/prices/yahoo/JPM.json,169021a2b0a0985c1c427b57fe640e22b6ce82a79377bc3075417c6a8b98d12c,SECONDARY,official DGS10-DGS3MO 21-session change,curve-steepener: steepening +10.0bp
CurveSteepener_MaxBeta-00014,@CurveSteepener_MaxBeta,2025-10-07,2025-10-08,COLLECTED,XOM,buy,200,market,filled,2025-10-08,,114.38,200,22876.0,1.953,0.0,0.00163,114.019997,2025-10-08,data/real/prices/yahoo/XOM.json,4a2c7d18351df35d3cb2b11781aad7ea882659abaffcd9d31683a3d09881cf97,SECONDARY,official DGS10-DGS3MO 21-session change,curve-steepener: steepening +10.0bp
OilDollar_FadeUNG-00014,@OilDollar_FadeUNG,2025-10-07,2025-10-08,COLLECTED,UNG,sell,7300,market,filled,2025-10-08,,13.52,7300,98696.0,84.4881,7.391,0.06002,13.1,2025-10-08,data/real/prices/yahoo/UNG.json,eb7bcc0769945fb2c40fbcd98753ed7e17e367cf69d2ce2bde9ae60f00a462cc,SECONDARY,official DCOILWTICO/DTWEXBGS 21-session rule,oil-dollar: oil -0.1%/21d against dollar +0.3%/21d
OilDollar_FadeUNG-00015,@OilDollar_FadeUNG,2025-10-07,2025-10-08,COLLECTED,XOM,sell,400,market,filled,2025-10-08,,114.37,400,45748.0,4.2647,0.874,0.00325,114.019997,2025-10-08,data/real/prices/yahoo/XOM.json,4a2c7d18351df35d3cb2b11781aad7ea882659abaffcd9d31683a3d09881cf97,SECONDARY,official DCOILWTICO/DTWEXBGS 21-session rule,oil-dollar: oil -0.1%/21d against dollar +0.3%/21d
KitchenSink_Official-00008,@KitchenSink_Official,2025-10-07,2025-10-08,COLLECTED,SPY,buy,120,market,filled,2025-10-08,,670.26,120,80431.2,1.0986,0.149,0.0002,673.109985,2025-10-08,data/real/prices/yahoo/SPY.json,e0f05aaf67be23da1db20513eaed93274b165898427ebeab80c7cb2eca1d9a2d,SECONDARY,sign of eight official 21-session changes,kitchen-sink[undecided]: score +0 of 8 official signs
OilDollar_FadeUNG-00016,@OilDollar_FadeUNG,2025-10-08,2025-10-09,COLLECTED,UNG,buy,7200,market,filled,2025-10-09,,13.25,7200,95400.0,155.6071,15.117,0.05988,12.74,2025-10-09,data/real/prices/yahoo/UNG.json,eb7bcc0769945fb2c40fbcd98753ed7e17e367cf69d2ce2bde9ae60f00a462cc,SECONDARY,official DCOILWTICO/DTWEXBGS 21-session rule,"oil-dollar: mixed: oil +0.6%/21d, dollar +0.5%/21d"
OilDollar_FadeUNG-00017,@OilDollar_FadeUNG,2025-10-08,2025-10-09,COLLECTED,XOM,buy,300,market,filled,2025-10-09,,114.44,300,34332.0,3.0477,0.874,0.00273,112.910004,2025-10-09,data/real/prices/yahoo/XOM.json,4a2c7d18351df35d3cb2b11781aad7ea882659abaffcd9d31683a3d09881cf97,SECONDARY,official DCOILWTICO/DTWEXBGS 21-session rule,"oil-dollar: mixed: oil +0.6%/21d, dollar +0.5%/21d"
FDA_Fade_Live-00004,@FDA_Fade_Live,2025-10-08,2025-10-09,COLLECTED,XBI,sell,1500,market,filled,2025-10-09,,105.85,1500,158775.0,21.5913,0.945,0.01235,106.519997,2025-10-09,data/real/prices/yahoo/XBI.json,fe9eeb851e6faba2a7187e008fab271608d8a4d544227ad3543ac3d95d5dd769,SECONDARY,"openFDA approval burst, faded",fda-fade: |z|=0.23 < 0.5
OilDollar_FadeUNG-00018,@OilDollar_FadeUNG,2025-10-09,2025-10-10,COLLECTED,UNG,sell,7900,market,filled,2025-10-10,,12.46,7900,98434.0,92.4228,-0.0,0.05317,12.33,2025-10-10,data/real/prices/yahoo/UNG.json,eb7bcc0769945fb2c40fbcd98753ed7e17e367cf69d2ce2bde9ae60f00a462cc,SECONDARY,official DCOILWTICO/DTWEXBGS 21-session rule,oil-dollar: oil -2.6%/21d against dollar +0.8%/21d
OilDollar_FadeUNG-00019,@OilDollar_FadeUNG,2025-10-09,2025-10-10,COLLECTED,XOM,sell,400,market,filled,2025-10-10,,112.26,400,44904.0,4.2213,0.0,0.0029,110.730003,2025-10-10,data/real/prices/yahoo/XOM.json,4a2c7d18351df35d3cb2b11781aad7ea882659abaffcd9d31683a3d09881cf97,SECONDARY,official DCOILWTICO/DTWEXBGS 21-session rule,oil-dollar: oil -2.6%/21d against dollar +0.8%/21d
CurveSteepener_MaxBeta-00015,@CurveSteepener_MaxBeta,2025-10-10,2025-10-13,COLLECTED,JPM,sell,280,market,filled,2025-10-13,,305.6,280,85568.0,3.6375,0.0,0.0026,307.970001,2025-10-13,data/real/prices/yahoo/JPM.json,169021a2b0a0985c1c427b57fe640e22b6ce82a79377bc3075417c6a8b98d12c,SECONDARY,official DGS10-DGS3MO 21-session change,curve-steepener: flat +8.0bp
CurveSteepener_MaxBeta-00016,@CurveSteepener_MaxBeta,2025-10-10,2025-10-13,COLLECTED,XOM,sell,700,market,filled,2025-10-13,,111.54,700,78078.0,8.0506,0.0,0.0068,112.239998,2025-10-13,data/real/prices/yahoo/XOM.json,4a2c7d18351df35d3cb2b11781aad7ea882659abaffcd9d31683a3d09881cf97,SECONDARY,official DGS10-DGS3MO 21-session change,curve-steepener: flat +8.0bp
OilDollar_FadeUNG-00020,@OilDollar_FadeUNG,2025-10-10,2025-10-13,COLLECTED,UNG,sell,300,market,filled,2025-10-13,,12.02,300,3606.0,2.6458,-0.0,0.00193,12.18,2025-10-13,data/real/prices/yahoo/UNG.json,eb7bcc0769945fb2c40fbcd98753ed7e17e367cf69d2ce2bde9ae60f00a462cc,SECONDARY,official DCOILWTICO/DTWEXBGS 21-session rule,oil-dollar: oil -4.7%/21d against dollar +1.0%/21d
VolControl_MaxLev-00008,@VolControl_MaxLev,2025-10-10,2025-10-13,COLLECTED,QQQ,sell,200,market,filled,2025-10-13,,599.67,200,119934.0,2.4635,0.167,0.0003,602.01001,2025-10-13,data/real/prices/yahoo/QQQ.json,ae9ec3c0b0b8e0f5cd28ee45eac2dfcff9f95a7c5a1244e170ab0980d85979ed,SECONDARY,official VIXCLS tercile scaling,vol-control: volatile tercile (VIX 21.66 >= 18.62)
KitchenSink_Official-00009,@KitchenSink_Official,2025-10-10,2025-10-13,COLLECTED,SPY,sell,120,market,filled,2025-10-13,,660.65,120,79278.0,1.239,0.0,0.00015,663.039978,2025-10-13,data/real/prices/yahoo/SPY.json,e0f05aaf67be23da1db20513eaed93274b165898427ebeab80c7cb2eca1d9a2d,SECONDARY,sign of eight official 21-session changes,kitchen-sink[riskoff]: score -4 of 8 official signs
KitchenSink_Official-00010,@KitchenSink_Official,2025-10-10,2025-10-13,COLLECTED,TLT,buy,600,market,filled,2025-10-13,,90.28,600,54168.0,5.2563,0.0,0.00214,90.57,2025-10-13,data/real/prices/yahoo/TLT.json,b2914ca7451d1c04fbe97f399361df69871d9a8afcbb0121541ac2bdd13a29f3,SECONDARY,sign of eight official 21-session changes,kitchen-sink[riskoff]: score -4 of 8 official signs
CurveSteepener_MaxBeta-00017,@CurveSteepener_MaxBeta,2025-10-13,2025-10-14,COLLECTED,SPY,buy,120,market,filled,2025-10-14,,657.17,120,78860.4,1.2458,0.0,0.00014,662.22998,2025-10-14,data/real/prices/yahoo/SPY.json,e0f05aaf67be23da1db20513eaed93274b165898427ebeab80c7cb2eca1d9a2d,SECONDARY,official DGS10-DGS3MO 21-session change,curve-steepener: flat +8.0bp
FDA_Fade_Live-00005,@FDA_Fade_Live,2025-10-13,2025-10-14,COLLECTED,XBI,buy,1000,market,filled,2025-10-14,,104.13,1000,104130.0,12.557,0.0,0.01279,105.120003,2025-10-14,data/real/prices/yahoo/XBI.json,fe9eeb851e6faba2a7187e008fab271608d8a4d544227ad3543ac3d95d5dd769,SECONDARY,"openFDA approval drought, bought",fda-fade: approval z -1.23 < -1.0
KitchenSink_Official-00011,@KitchenSink_Official,2025-10-13,2025-10-14,COLLECTED,TLT,sell,500,market,filled,2025-10-14,,90.65,500,45325.0,4.4272,0.0,0.00168,90.860001,2025-10-14,data/real/prices/yahoo/TLT.json,b2914ca7451d1c04fbe97f399361df69871d9a8afcbb0121541ac2bdd13a29f3,SECONDARY,sign of eight official 21-session changes,kitchen-sink[undecided]: score +0 of 8 official signs
KitchenSink_Official-00012,@KitchenSink_Official,2025-10-13,2025-10-14,COLLECTED,SPY,buy,80,market,filled,2025-10-14,,657.17,80,52573.6,0.7956,0.0,9e-05,662.22998,2025-10-14,data/real/prices/yahoo/SPY.json,e0f05aaf67be23da1db20513eaed93274b165898427ebeab80c7cb2eca1d9a2d,SECONDARY,sign of eight official 21-session changes,kitchen-sink[undecided]: score +0 of 8 official signs
OilDollar_FadeUNG-00021,@OilDollar_FadeUNG,2025-10-14,2025-10-15,COLLECTED,UNG,sell,500,market,filled,2025-10-15,,11.91,500,5955.0,4.4833,-0.0,0.00378,11.88,2025-10-15,data/real/prices/yahoo/UNG.json,eb7bcc0769945fb2c40fbcd98753ed7e17e367cf69d2ce2bde9ae60f00a462cc,SECONDARY,official DCOILWTICO/DTWEXBGS 21-session rule,oil-dollar: oil -5.6%/21d against dollar +0.9%/21d
FDA_Fade_Live-00006,@FDA_Fade_Live,2025-10-14,2025-10-15,COLLECTED,XBI,buy,500,market,filled,2025-10-15,,105.52,500,52760.0,5.6064,0.948,0.00418,108.370003,2025-10-15,data/real/prices/yahoo/XBI.json,fe9eeb851e6faba2a7187e008fab271608d8a4d544227ad3543ac3d95d5dd769,SECONDARY,"openFDA approval drought, bought",fda-fade: approval z -1.23 < -1.0
KitchenSink_Official-00013,@KitchenSink_Official,2025-10-14,2025-10-15,COLLECTED,SPY,buy,40,market,filled,2025-10-15,,666.83,40,26673.2,0.3753,0.15,5e-05,665.169983,2025-10-15,data/real/prices/yahoo/SPY.json,e0f05aaf67be23da1db20513eaed93274b165898427ebeab80c7cb2eca1d9a2d,SECONDARY,sign of eight official 21-session changes,kitchen-sink[undecided]: score +2 of 8 official signs
KitchenSink_Official-00014,@KitchenSink_Official,2025-10-15,2025-10-16,COLLECTED,TLT,sell,100,market,filled,2025-10-16,,90.51,100,9051.0,0.8478,1.104,0.00025,91.339996,2025-10-16,data/real/prices/yahoo/TLT.json,b2914ca7451d1c04fbe97f399361df69871d9a8afcbb0121541ac2bdd13a29f3,SECONDARY,sign of eight official 21-session changes,kitchen-sink[undecided]: score +1 of 8 official signs
OilDollar_FadeUNG-00022,@OilDollar_FadeUNG,2025-10-16,2025-10-17,COLLECTED,UNG,sell,600,market,filled,2025-10-17,,11.61,600,6966.0,5.3995,8.606,0.00468,11.87,2025-10-17,data/real/prices/yahoo/UNG.json,eb7bcc0769945fb2c40fbcd98753ed7e17e367cf69d2ce2bde9ae60f00a462cc,SECONDARY,official DCOILWTICO/DTWEXBGS 21-session rule,oil-dollar: oil -10.2%/21d against dollar +1.3%/21d
OilDollar_FadeUNG-00023,@OilDollar_FadeUNG,2025-10-17,2025-10-20,COLLECTED,UNG,buy,400,market,filled,2025-10-20,,12.58,400,5032.0,3.494,7.955,0.00192,12.93,2025-10-20,data/real/prices/yahoo/UNG.json,eb7bcc0769945fb2c40fbcd98753ed7e17e367cf69d2ce2bde9ae60f00a462cc,SECONDARY,official DCOILWTICO/DTWEXBGS 21-session rule,oil-dollar: oil -9.5%/21d against dollar +1.3%/21d
Weather_ColdSnap_Live-00002,@Weather_ColdSnap_Live,2025-10-17,2025-10-20,COLLECTED,UNG,sell,6800,market,filled,2025-10-20,,12.57,6800,85476.0,76.1373,-0.0,0.03265,12.93,2025-10-20,data/real/prices/yahoo/UNG.json,eb7bcc0769945fb2c40fbcd98753ed7e17e367cf69d2ce2bde9ae60f00a462cc,SECONDARY,NOAA/NCEI 10-day minimum-temperature anomaly,weather-proxy: warm anomaly +6.0degC over 10 days
SOFRPivot_Rider-00008,@SOFRPivot_Rider,2025-10-20,2025-10-21,COLLECTED,QQQ,sell,200,market,filled,2025-10-21,,611.64,200,122328.0,2.5742,0.0,0.00045,611.380005,2025-10-21,data/real/prices/yahoo/QQQ.json,ae9ec3c0b0b8e0f5cd28ee45eac2dfcff9f95a7c5a1244e170ab0980d85979ed,SECONDARY,official SOFR 21-session direction,sofr-pivot: flat (+2.0bp over 21 sessions)
SOFRPivot_Rider-00009,@SOFRPivot_Rider,2025-10-20,2025-10-21,COLLECTED,TSLA,sell,40,market,filled,2025-10-21,,445.75,40,17830.0,0.668,0.225,7e-05,442.600006,2025-10-21,data/real/prices/yahoo/TSLA.json,6916f4c63d07180ce9efd08a9e88d50b7d43121d02443b933214c54bbb6e84f7,SECONDARY,official SOFR 21-session direction,sofr-pivot: flat (+2.0bp over 21 sessions)
OilDollar_FadeUNG-00024,@OilDollar_FadeUNG,2025-10-20,2025-10-21,COLLECTED,UNG,buy,1500,market,filled,2025-10-21,,12.92,1500,19380.0,14.7563,7.746,0.00677,13.15,2025-10-21,data/real/prices/yahoo/UNG.json,eb7bcc0769945fb2c40fbcd98753ed7e17e367cf69d2ce2bde9ae60f00a462cc,SECONDARY,official DCOILWTICO/DTWEXBGS 21-session rule,oil-dollar: oil -8.7%/21d against dollar +0.8%/21d
Weather_ColdSnap_Live-00003,@Weather_ColdSnap_Live,2025-10-20,2025-10-21,COLLECTED,UNG,buy,600,market,filled,2025-10-21,,12.92,600,7752.0,5.4973,7.746,0.00271,13.15,2025-10-21,data/real/prices/yahoo/UNG.json,eb7bcc0769945fb2c40fbcd98753ed7e17e367cf69d2ce2bde9ae60f00a462cc,SECONDARY,NOAA/NCEI 10-day minimum-temperature anomaly,weather-proxy: warm anomaly +8.0degC over 10 days
VolControl_MaxLev-00009,@VolControl_MaxLev,2025-10-20,2025-10-21,COLLECTED,QQQ,buy,160,market,filled,2025-10-21,,611.65,160,97864.0,1.9533,0.163,0.00036,611.380005,2025-10-21,data/real/prices/yahoo/QQQ.json,ae9ec3c0b0b8e0f5cd28ee45eac2dfcff9f95a7c5a1244e170ab0980d85979ed,SECONDARY,official VIXCLS tercile scaling,vol-control: middle tercile (VIX 18.23)
SOFRPivot_Rider-00010,@SOFRPivot_Rider,2025-10-21,2025-10-22,COLLECTED,QQQ,sell,40,market,filled,2025-10-22,,610.82,40,24432.8,0.4104,0.0,7e-05,605.48999,2025-10-22,data/real/prices/yahoo/QQQ.json,ae9ec3c0b0b8e0f5cd28ee45eac2dfcff9f95a7c5a1244e170ab0980d85979ed,SECONDARY,official SOFR 21-session direction,sofr-pivot: tightening (+9.0bp over 21 sessions)
SOFRPivot_Rider-00011,@SOFRPivot_Rider,2025-10-21,2025-10-22,COLLECTED,TSLA,sell,40,market,filled,2025-10-22,,443.44,40,17737.6,0.6674,0.226,5e-05,438.970001,2025-10-22,data/real/prices/yahoo/TSLA.json,6916f4c63d07180ce9efd08a9e88d50b7d43121d02443b933214c54bbb6e84f7,SECONDARY,official SOFR 21-session direction,sofr-pivot: tightening (+9.0bp over 21 sessions)
SOFRPivot_Rider-00012,@SOFRPivot_Rider,2025-10-21,2025-10-22,COLLECTED,TLT,buy,900,market,filled,2025-10-22,,91.99,900,82791.0,7.99,0.0,0.00295,92.059998,2025-10-22,data/real/prices/yahoo/TLT.json,b2914ca7451d1c04fbe97f399361df69871d9a8afcbb0121541ac2bdd13a29f3,SECONDARY,official SOFR 21-session direction,sofr-pivot: tightening (+9.0bp over 21 sessions)
OilDollar_FadeUNG-00025,@OilDollar_FadeUNG,2025-10-21,2025-10-22,COLLECTED,UNG,buy,200,market,filled,2025-10-22,,13.19,200,2638.0,1.7329,0.0,0.00146,13.06,2025-10-22,data/real/prices/yahoo/UNG.json,eb7bcc0769945fb2c40fbcd98753ed7e17e367cf69d2ce2bde9ae60f00a462cc,SECONDARY,official DCOILWTICO/DTWEXBGS 21-session rule,oil-dollar: oil -6.9%/21d against dollar +0.9%/21d
Weather_ColdSnap_Live-00004,@Weather_ColdSnap_Live,2025-10-21,2025-10-22,COLLECTED,UNG,buy,300,market,filled,2025-10-22,,13.19,300,3957.0,2.6441,0.0,0.00218,13.06,2025-10-22,data/real/prices/yahoo/UNG.json,eb7bcc0769945fb2c40fbcd98753ed7e17e367cf69d2ce2bde9ae60f00a462cc,SECONDARY,NOAA/NCEI 10-day minimum-temperature anomaly,weather-proxy: warm anomaly +7.0degC over 10 days
GoldVsRealRate_Live-00014,@GoldVsRealRate_Live,2025-10-21,2025-10-22,COLLECTED,TLT,sell,1400,market,filled,2025-10-22,,91.98,1400,128772.0,12.9652,1.087,0.00459,92.059998,2025-10-22,data/real/prices/yahoo/TLT.json,b2914ca7451d1c04fbe97f399361df69871d9a8afcbb0121541ac2bdd13a29f3,SECONDARY,"DGS10 minus SOFR, 21-session change",gold-real-rate: opportunity-cost proxy falling -22.0bp
GoldVsRealRate_Live-00015,@GoldVsRealRate_Live,2025-10-21,2025-10-22,COLLECTED,GLD,buy,80,market,filled,2025-10-22,,372.77,80,29821.6,1.1496,0.537,0.00026,377.279999,2025-10-22,data/real/prices/yahoo/GLD.json,545093d31c9d8284e3b5dc66f668a6cb7391d9925b5abdf3e82bcaa71e423b40,SECONDARY,"DGS10 minus SOFR, 21-session change",gold-real-rate: opportunity-cost proxy falling -22.0bp
SOFRPivot_Rider-00013,@SOFRPivot_Rider,2025-10-22,2025-10-23,COLLECTED,TLT,buy,600,market,filled,2025-10-23,,91.62,600,54972.0,5.2169,1.091,0.00212,91.43,2025-10-23,data/real/prices/yahoo/TLT.json,b2914ca7451d1c04fbe97f399361df69871d9a8afcbb0121541ac2bdd13a29f3,SECONDARY,official SOFR 21-session direction,sofr-pivot: tightening (+7.0bp over 21 sessions)
VolControl_MaxLev-00010,@VolControl_MaxLev,2025-10-22,2025-10-23,COLLECTED,QQQ,sell,160,market,filled,2025-10-23,,604.9,160,96784.0,1.9756,0.165,0.00037,610.580017,2025-10-23,data/real/prices/yahoo/QQQ.json,ae9ec3c0b0b8e0f5cd28ee45eac2dfcff9f95a7c5a1244e170ab0980d85979ed,SECONDARY,official VIXCLS tercile scaling,vol-control: volatile tercile (VIX 18.60 >= 18.60)
GoldVsRealRate_Live-00016,@GoldVsRealRate_Live,2025-10-22,2025-10-23,COLLECTED,GLD,buy,240,market,filled,2025-10-23,,381.47,240,91552.8,4.6004,0.262,0.00175,378.790009,2025-10-23,data/real/prices/yahoo/GLD.json,545093d31c9d8284e3b5dc66f668a6cb7391d9925b5abdf3e82bcaa71e423b40,SECONDARY,"DGS10 minus SOFR, 21-session change",gold-real-rate: opportunity-cost proxy falling -24.0bp
SOFRPivot_Rider-00014,@SOFRPivot_Rider,2025-10-23,2025-10-24,COLLECTED,TLT,buy,300,market,filled,2025-10-24,,91.59,300,27477.0,2.5529,0.0,0.00106,91.470001,2025-10-24,data/real/prices/yahoo/TLT.json,b2914ca7451d1c04fbe97f399361df69871d9a8afcbb0121541ac2bdd13a29f3,SECONDARY,official SOFR 21-session direction,sofr-pivot: tightening (+12.0bp over 21 sessions)
VolControl_MaxLev-00011,@VolControl_MaxLev,2025-10-23,2025-10-24,COLLECTED,QQQ,buy,160,market,filled,2025-10-24,,615.99,160,98558.4,1.9651,0.0,0.00034,617.099976,2025-10-24,data/real/prices/yahoo/QQQ.json,ae9ec3c0b0b8e0f5cd28ee45eac2dfcff9f95a7c5a1244e170ab0980d85979ed,SECONDARY,official VIXCLS tercile scaling,vol-control: middle tercile (VIX 17.30)
GoldVsRealRate_Live-00017,@GoldVsRealRate_Live,2025-10-23,2025-10-24,COLLECTED,GLD,buy,120,market,filled,2025-10-24,,378.53,120,45423.6,1.888,0.528,0.0009,377.519989,2025-10-24,data/real/prices/yahoo/GLD.json,545093d31c9d8284e3b5dc66f668a6cb7391d9925b5abdf3e82bcaa71e423b40,SECONDARY,"DGS10 minus SOFR, 21-session change",gold-real-rate: opportunity-cost proxy falling -24.0bp
VIXRegime_LiveMax-00007,@VIXRegime_LiveMax,2025-10-24,2025-10-27,COLLECTED,QQQ,buy,80,market,filled,2025-10-27,,624.53,80,49962.4,0.8874,0.16,0.00015,628.090027,2025-10-27,data/real/prices/yahoo/QQQ.json,ae9ec3c0b0b8e0f5cd28ee45eac2dfcff9f95a7c5a1244e170ab0980d85979ed,SECONDARY,official VIXCLS/SP500 regime rule,"vix-regime[calm]: VIX 16.37 vs 60d median 16.50, 252d 80th percentile 20.82; S&P 6,792 vs 100d mean 6,407"
SOFRPivot_Rider-00015,@SOFRPivot_Rider,2025-10-24,2025-10-27,COLLECTED,TLT,buy,200,market,filled,2025-10-27,,91.33,200,18266.0,1.6829,1.095,0.00067,91.779999,2025-10-27,data/real/prices/yahoo/TLT.json,b2914ca7451d1c04fbe97f399361df69871d9a8afcbb0121541ac2bdd13a29f3,SECONDARY,official SOFR 21-session direction,sofr-pivot: tightening (+11.0bp over 21 sessions)
Weather_ColdSnap_Live-00005,@Weather_ColdSnap_Live,2025-10-24,2025-10-27,COLLECTED,UNG,buy,5800,market,filled,2025-10-27,,12.86,5800,74588.0,110.611,7.782,0.04901,12.89,2025-10-27,data/real/prices/yahoo/UNG.json,eb7bcc0769945fb2c40fbcd98753ed7e17e367cf69d2ce2bde9ae60f00a462cc,SECONDARY,NOAA/NCEI 10-day minimum-temperature anomaly,weather-proxy: anomaly inside +/-5degC (+5.0)
GoldVsRealRate_Live-00018,@GoldVsRealRate_Live,2025-10-24,2025-10-27,COLLECTED,GLD,buy,40,market,filled,2025-10-27,,371.14,40,14845.6,0.4954,0.269,0.00017,367.01001,2025-10-27,data/real/prices/yahoo/GLD.json,545093d31c9d8284e3b5dc66f668a6cb7391d9925b5abdf3e82bcaa71e423b40,SECONDARY,"DGS10 minus SOFR, 21-session change",gold-real-rate: opportunity-cost proxy falling -22.0bp
VIXRegime_LiveMax-00008,@VIXRegime_LiveMax,2025-10-27,2025-10-28,COLLECTED,QQQ,buy,40,market,filled,2025-10-28,,630.36,40,25214.4,0.4123,0.0,7e-05,632.919983,2025-10-28,data/real/prices/yahoo/QQQ.json,ae9ec3c0b0b8e0f5cd28ee45eac2dfcff9f95a7c5a1244e170ab0980d85979ed,SECONDARY,official VIXCLS/SP500 regime rule,"vix-regime[calm]: VIX 15.79 vs 60d median 16.48, 252d 80th percentile 20.81; S&P 6,875 vs 100d mean 6,416"
OilDollar_FadeUNG-00026,@OilDollar_FadeUNG,2025-10-27,2025-10-28,COLLECTED,UNG,sell,200,market,filled,2025-10-28,,12.44,200,2488.0,1.7579,8.032,0.00164,12.34,2025-10-28,data/real/prices/yahoo/UNG.json,eb7bcc0769945fb2c40fbcd98753ed7e17e367cf69d2ce2bde9ae60f00a462cc,SECONDARY,official DCOILWTICO/DTWEXBGS 21-session rule,oil-dollar: oil -5.2%/21d against dollar +0.2%/21d
VolControl_MaxLev-00012,@VolControl_MaxLev,2025-10-27,2025-10-28,COLLECTED,QQQ,buy,80,market,filled,2025-10-28,,630.36,80,50428.8,0.9011,0.0,0.00013,632.919983,2025-10-28,data/real/prices/yahoo/QQQ.json,ae9ec3c0b0b8e0f5cd28ee45eac2dfcff9f95a7c5a1244e170ab0980d85979ed,SECONDARY,official VIXCLS tercile scaling,vol-control: calm tercile (VIX 15.79 <= 16.12)
FDA_Fade_Live-00007,@FDA_Fade_Live,2025-10-27,2025-10-28,COLLECTED,XBI,buy,100,market,filled,2025-10-28,,111.45,100,11145.0,0.9645,0.0,0.00106,112.0,2025-10-28,data/real/prices/yahoo/XBI.json,fe9eeb851e6faba2a7187e008fab271608d8a4d544227ad3543ac3d95d5dd769,SECONDARY,"openFDA approval drought, bought",fda-fade: approval z -1.66 < -1.0
VIXRegime_LiveMax-00009,@VIXRegime_LiveMax,2025-10-28,2025-10-29,COLLECTED,QQQ,buy,40,market,filled,2025-10-29,,635.6,40,25424.0,0.4132,0.157,6e-05,635.77002,2025-10-29,data/real/prices/yahoo/QQQ.json,ae9ec3c0b0b8e0f5cd28ee45eac2dfcff9f95a7c5a1244e170ab0980d85979ed,SECONDARY,official VIXCLS/SP500 regime rule,"vix-regime[calm]: VIX 16.42 vs 60d median 16.45, 252d 80th percentile 20.81; S&P 6,891 vs 100d mean 6,425"
OilDollar_FadeUNG-00027,@OilDollar_FadeUNG,2025-10-28,2025-10-29,COLLECTED,UNG,sell,700,market,filled,2025-10-29,,12.19,700,8533.0,6.5356,8.197,0.00619,12.21,2025-10-29,data/real/prices/yahoo/UNG.json,eb7bcc0769945fb2c40fbcd98753ed7e17e367cf69d2ce2bde9ae60f00a462cc,SECONDARY,official DCOILWTICO/DTWEXBGS 21-session rule,oil-dollar: oil -8.3%/21d against dollar +0.2%/21d
CrowdFade_Live-00002,@CrowdFade_Live,2025-10-28,2025-10-29,COLLECTED,NVDA,sell,200,market,filled,2025-10-29,,207.97,200,41594.0,1.9967,0.481,6e-05,207.039993,2025-10-29,data/real/prices/yahoo/NVDA.json,e8c9fe33254a091dcfb1fde394469dac5a6683a2528f85b45fb2428857eadae2,SECONDARY,3-session reversal at 2.5 sigma,crowd-fade: 3-session sigma extremes (NVDA z=+2.61)
VolControl_MaxLev-00013,@VolControl_MaxLev,2025-10-28,2025-10-29,COLLECTED,QQQ,sell,40,market,filled,2025-10-29,,635.59,40,25423.6,0.4198,0.0,6e-05,635.77002,2025-10-29,data/real/prices/yahoo/QQQ.json,ae9ec3c0b0b8e0f5cd28ee45eac2dfcff9f95a7c5a1244e170ab0980d85979ed,SECONDARY,official VIXCLS tercile scaling,vol-control: middle tercile (VIX 16.42)
VIXRegime_LiveMax-00010,@VIXRegime_LiveMax,2025-10-29,2025-10-30,COLLECTED,QQQ,sell,160,market,filled,2025-10-30,,632.16,160,101145.6,2.0482,0.158,0.00026,626.049988,2025-10-30,data/real/prices/yahoo/QQQ.json,ae9ec3c0b0b8e0f5cd28ee45eac2dfcff9f95a7c5a1244e170ab0980d85979ed,SECONDARY,official VIXCLS/SP500 regime rule,"vix-regime[undecided]: VIX 16.92 vs 60d median 16.45, 252d 80th percentile 20.81; S&P 6,891 vs 100d mean 6,434"
FDA_PDUFA_Drifter-00001,@FDA_PDUFA_Drifter,2025-10-29,2025-10-30,COLLECTED,IBB,buy,200,market,filled,2025-10-30,,156.54,200,31308.0,2.7038,0.639,0.00776,157.309998,2025-10-30,data/real/prices/yahoo/IBB.json,20849c9611587299a52489fe22060adc7823c700fb3483f21091d85a6cf8acb0,SECONDARY,"openFDA approval count, trailing 30 days",fda-drift: 30d approvals 69 >= median 69
FDA_PDUFA_Drifter-00002,@FDA_PDUFA_Drifter,2025-10-29,2025-10-30,COLLECTED,XBI,buy,900,market,filled,2025-10-30,,110.6,900,99540.0,11.7169,0.905,0.00965,111.910004,2025-10-30,data/real/prices/yahoo/XBI.json,fe9eeb851e6faba2a7187e008fab271608d8a4d544227ad3543ac3d95d5dd769,SECONDARY,"openFDA approval count, trailing 30 days",fda-drift: 30d approvals 69 >= median 69
FDA_Fade_Live-00008,@FDA_Fade_Live,2025-10-29,2025-10-30,COLLECTED,XBI,sell,1700,market,filled,2025-10-30,,110.57,1700,187969.0,25.6082,1.808,0.01822,111.910004,2025-10-30,data/real/prices/yahoo/XBI.json,fe9eeb851e6faba2a7187e008fab271608d8a4d544227ad3543ac3d95d5dd769,SECONDARY,"openFDA approval burst, faded",fda-fade: |z|=0.05 < 0.5
SOFRPivot_Rider-00016,@SOFRPivot_Rider,2025-10-30,2025-10-31,COLLECTED,TLT,sell,1900,market,filled,2025-10-31,,90.55,1900,172045.0,18.171,1.104,0.00497,90.290001,2025-10-31,data/real/prices/yahoo/TLT.json,b2914ca7451d1c04fbe97f399361df69871d9a8afcbb0121541ac2bdd13a29f3,SECONDARY,official SOFR 21-session direction,sofr-pivot: easing (-20.0bp over 21 sessions)
OilDollar_FadeUNG-00028,@OilDollar_FadeUNG,2025-10-30,2025-10-31,COLLECTED,UNG,buy,600,market,filled,2025-10-31,,13.19,600,7914.0,5.5025,7.587,0.00359,13.25,2025-10-31,data/real/prices/yahoo/UNG.json,eb7bcc0769945fb2c40fbcd98753ed7e17e367cf69d2ce2bde9ae60f00a462cc,SECONDARY,official DCOILWTICO/DTWEXBGS 21-session rule,oil-dollar: oil -2.9%/21d against dollar +1.0%/21d
FDA_PDUFA_Drifter-00003,@FDA_PDUFA_Drifter,2025-10-30,2025-10-31,COLLECTED,XBI,buy,300,market,filled,2025-10-31,,111.87,300,33561.0,3.2747,0.894,0.00251,112.709999,2025-10-31,data/real/prices/yahoo/XBI.json,fe9eeb851e6faba2a7187e008fab271608d8a4d544227ad3543ac3d95d5dd769,SECONDARY,"openFDA approval count, trailing 30 days",fda-drift: 30d approvals 77 >= median 70
GoldVsRealRate_Live-00019,@GoldVsRealRate_Live,2025-10-30,2025-10-31,COLLECTED,GLD,sell,280,market,filled,2025-10-31,,370.46,280,103728.8,5.6885,0.27,0.00253,368.119995,2025-10-31,data/real/prices/yahoo/GLD.json,545093d31c9d8284e3b5dc66f668a6cb7391d9925b5abdf3e82bcaa71e423b40,SECONDARY,"DGS10 minus SOFR, 21-session change",gold-real-rate: proxy flat (+5.0bp)
SOFRPivot_Rider-00017,@SOFRPivot_Rider,2025-10-31,2025-11-03,COLLECTED,TLT,sell,100,market,filled,2025-11-03,,89.62,100,8962.0,0.8485,0.0,0.00025,89.739998,2025-11-03,data/real/prices/yahoo/TLT.json,b2914ca7451d1c04fbe97f399361df69871d9a8afcbb0121541ac2bdd13a29f3,SECONDARY,official SOFR 21-session direction,sofr-pivot: flat (+2.0bp over 21 sessions)
SOFRPivot_Rider-00018,@SOFRPivot_Rider,2025-10-31,2025-11-03,COLLECTED,SPY,buy,80,market,filled,2025-11-03,,685.67,80,54853.6,0.8255,0.0,0.00014,683.340027,2025-11-03,data/real/prices/yahoo/SPY.json,e0f05aaf67be23da1db20513eaed93274b165898427ebeab80c7cb2eca1d9a2d,SECONDARY,official SOFR 21-session direction,sofr-pivot: flat (+2.0bp over 21 sessions)
OilDollar_FadeUNG-00029,@OilDollar_FadeUNG,2025-10-31,2025-11-03,COLLECTED,UNG,buy,500,market,filled,2025-11-03,,13.37,500,6685.0,4.5532,7.485,0.00332,13.76,2025-11-03,data/real/prices/yahoo/UNG.json,eb7bcc0769945fb2c40fbcd98753ed7e17e367cf69d2ce2bde9ae60f00a462cc,SECONDARY,official DCOILWTICO/DTWEXBGS 21-session rule,oil-dollar: oil -1.3%/21d against dollar +1.0%/21d
FDA_PDUFA_Drifter-00004,@FDA_PDUFA_Drifter,2025-10-31,2025-11-03,COLLECTED,XBI,buy,100,market,filled,2025-11-03,,110.99,100,11099.0,0.9653,0.901,0.00066,109.860001,2025-11-03,data/real/prices/yahoo/XBI.json,fe9eeb851e6faba2a7187e008fab271608d8a4d544227ad3543ac3d95d5dd769,SECONDARY,"openFDA approval count, trailing 30 days",fda-drift: 30d approvals 74 >= median 70
SOFRPivot_Rider-00019,@SOFRPivot_Rider,2025-11-03,2025-11-04,COLLECTED,SPY,sell,80,market,filled,2025-11-04,,676.1,80,54088.0,0.8364,0.148,0.0001,675.23999,2025-11-04,data/real/prices/yahoo/SPY.json,e0f05aaf67be23da1db20513eaed93274b165898427ebeab80c7cb2eca1d9a2d,SECONDARY,official SOFR 21-session direction,sofr-pivot: easing (-7.0bp over 21 sessions)
SOFRPivot_Rider-00020,@SOFRPivot_Rider,2025-11-03,2025-11-04,COLLECTED,QQQ,buy,80,market,filled,2025-11-04,,623.29,80,49863.2,0.9112,0.16,0.00013,619.25,2025-11-04,data/real/prices/yahoo/QQQ.json,ae9ec3c0b0b8e0f5cd28ee45eac2dfcff9f95a7c5a1244e170ab0980d85979ed,SECONDARY,official SOFR 21-session direction,sofr-pivot: easing (-7.0bp over 21 sessions)
SOFRPivot_Rider-00021,@SOFRPivot_Rider,2025-11-03,2025-11-04,COLLECTED,TSLA,buy,80,market,filled,2025-11-04,,454.47,80,36357.6,1.4354,0.22,9e-05,444.26001,2025-11-04,data/real/prices/yahoo/TSLA.json,6916f4c63d07180ce9efd08a9e88d50b7d43121d02443b933214c54bbb6e84f7,SECONDARY,official SOFR 21-session direction,sofr-pivot: easing (-7.0bp over 21 sessions)
OilDollar_FadeUNG-00030,@OilDollar_FadeUNG,2025-11-03,2025-11-04,COLLECTED,UNG,buy,7000,market,filled,2025-11-04,,13.68,7000,95760.0,153.6948,14.641,0.04313,13.93,2025-11-04,data/real/prices/yahoo/UNG.json,eb7bcc0769945fb2c40fbcd98753ed7e17e367cf69d2ce2bde9ae60f00a462cc,SECONDARY,official DCOILWTICO/DTWEXBGS 21-session rule,"oil-dollar: mixed: oil +0.8%/21d, dollar +0.8%/21d"
OilDollar_FadeUNG-00031,@OilDollar_FadeUNG,2025-11-03,2025-11-04,COLLECTED,XOM,buy,300,market,filled,2025-11-04,,113.38,300,34014.0,2.9549,0.0,0.00178,114.139999,2025-11-04,data/real/prices/yahoo/XOM.json,4a2c7d18351df35d3cb2b11781aad7ea882659abaffcd9d31683a3d09881cf97,SECONDARY,official DCOILWTICO/DTWEXBGS 21-session rule,"oil-dollar: mixed: oil +0.8%/21d, dollar +0.8%/21d"
FDA_PDUFA_Drifter-00005,@FDA_PDUFA_Drifter,2025-11-03,2025-11-04,COLLECTED,IBB,sell,100,market,filled,2025-11-04,,155.8,100,15580.0,1.158,0.642,0.00486,156.080002,2025-11-04,data/real/prices/yahoo/IBB.json,20849c9611587299a52489fe22060adc7823c700fb3483f21091d85a6cf8acb0,SECONDARY,"openFDA approval count, trailing 30 days",fda-drift: 30d approvals 61 < median 70
FDA_PDUFA_Drifter-00006,@FDA_PDUFA_Drifter,2025-11-03,2025-11-04,COLLECTED,XBI,sell,1300,market,filled,2025-11-04,,108.32,1300,140816.0,18.9987,0.923,0.00951,108.040001,2025-11-04,data/real/prices/yahoo/XBI.json,fe9eeb851e6faba2a7187e008fab271608d8a4d544227ad3543ac3d95d5dd769,SECONDARY,"openFDA approval count, trailing 30 days",fda-drift: 30d approvals 61 < median 70
GoldVsRealRate_Live-00020,@GoldVsRealRate_Live,2025-11-03,2025-11-04,COLLECTED,GLD,sell,160,market,filled,2025-11-04,,363.47,160,58155.2,2.7448,0.275,0.00139,362.320007,2025-11-04,data/real/prices/yahoo/GLD.json,545093d31c9d8284e3b5dc66f668a6cb7391d9925b5abdf3e82bcaa71e423b40,SECONDARY,"DGS10 minus SOFR, 21-session change",gold-real-rate: opportunity-cost proxy rising +8.0bp
GoldVsRealRate_Live-00021,@GoldVsRealRate_Live,2025-11-03,2025-11-04,COLLECTED,TLT,buy,700,market,filled,2025-11-04,,89.78,700,62846.0,6.2052,0.0,0.00265,89.940002,2025-11-04,data/real/prices/yahoo/TLT.json,b2914ca7451d1c04fbe97f399361df69871d9a8afcbb0121541ac2bdd13a29f3,SECONDARY,"DGS10 minus SOFR, 21-session change",gold-real-rate: opportunity-cost proxy rising +8.0bp
SOFRPivot_Rider-00022,@SOFRPivot_Rider,2025-11-04,2025-11-05,COLLECTED,QQQ,buy,80,market,filled,2025-11-05,,618.49,80,49479.2,0.9273,0.0,0.00016,623.280029,2025-11-05,data/real/prices/yahoo/QQQ.json,ae9ec3c0b0b8e0f5cd28ee45eac2dfcff9f95a7c5a1244e170ab0980d85979ed,SECONDARY,official SOFR 21-session direction,sofr-pivot: easing (-18.0bp over 21 sessions)
OilDollar_FadeUNG-00032,@OilDollar_FadeUNG,2025-11-04,2025-11-05,COLLECTED,UNG,sell,6400,market,filled,2025-11-05,,13.82,6400,88448.0,78.2258,-0.0,0.0512,13.63,2025-11-05,data/real/prices/yahoo/UNG.json,eb7bcc0769945fb2c40fbcd98753ed7e17e367cf69d2ce2bde9ae60f00a462cc,SECONDARY,official DCOILWTICO/DTWEXBGS 21-session rule,oil-dollar: oil -0.4%/21d against dollar +1.4%/21d
OilDollar_FadeUNG-00033,@OilDollar_FadeUNG,2025-11-04,2025-11-05,COLLECTED,XOM,sell,200,market,filled,2025-11-05,,114.08,200,22816.0,1.9326,0.876,0.00161,113.68,2025-11-05,data/real/prices/yahoo/XOM.json,4a2c7d18351df35d3cb2b11781aad7ea882659abaffcd9d31683a3d09881cf97,SECONDARY,official DCOILWTICO/DTWEXBGS 21-session rule,oil-dollar: oil -0.4%/21d against dollar +1.4%/21d
VolControl_MaxLev-00014,@VolControl_MaxLev,2025-11-04,2025-11-05,COLLECTED,QQQ,sell,200,market,filled,2025-11-05,,618.47,200,123694.0,2.7689,0.323,0.00041,623.280029,2025-11-05,data/real/prices/yahoo/QQQ.json,ae9ec3c0b0b8e0f5cd28ee45eac2dfcff9f95a7c5a1244e170ab0980d85979ed,SECONDARY,official VIXCLS tercile scaling,vol-control: volatile tercile (VIX 19.00 >= 18.39)
GoldVsRealRate_Live-00022,@GoldVsRealRate_Live,2025-11-04,2025-11-05,COLLECTED,GLD,sell,40,market,filled,2025-11-05,,366.39,40,14655.6,0.5076,0.0,0.00048,366.51001,2025-11-05,data/real/prices/yahoo/GLD.json,545093d31c9d8284e3b5dc66f668a6cb7391d9925b5abdf3e82bcaa71e423b40,SECONDARY,"DGS10 minus SOFR, 21-session change",gold-real-rate: opportunity-cost proxy rising +20.0bp
GoldVsRealRate_Live-00023,@GoldVsRealRate_Live,2025-11-04,2025-11-05,COLLECTED,TLT,buy,600,market,filled,2025-11-05,,89.52,600,53712.0,5.2575,1.117,0.00134,88.959999,2025-11-05,data/real/prices/yahoo/TLT.json,b2914ca7451d1c04fbe97f399361df69871d9a8afcbb0121541ac2bdd13a29f3,SECONDARY,"DGS10 minus SOFR, 21-session change",gold-real-rate: opportunity-cost proxy rising +20.0bp
SOFRPivot_Rider-00023,@SOFRPivot_Rider,2025-11-05,2025-11-06,COLLECTED,QQQ,buy,40,market,filled,2025-11-06,,621.79,40,24871.6,0.4218,0.0,6e-05,611.669983,2025-11-06,data/real/prices/yahoo/QQQ.json,ae9ec3c0b0b8e0f5cd28ee45eac2dfcff9f95a7c5a1244e170ab0980d85979ed,SECONDARY,official SOFR 21-session direction,sofr-pivot: easing (-24.0bp over 21 sessions)
CurveSteepener_MaxBeta-00018,@CurveSteepener_MaxBeta,2025-11-05,2025-11-06,COLLECTED,SPY,sell,80,market,filled,2025-11-06,,676.46,80,54116.8,0.8439,0.147,9e-05,670.309998,2025-11-06,data/real/prices/yahoo/SPY.json,e0f05aaf67be23da1db20513eaed93274b165898427ebeab80c7cb2eca1d9a2d,SECONDARY,official DGS10-DGS3MO 21-session change,curve-steepener: steepening +11.0bp
CurveSteepener_MaxBeta-00019,@CurveSteepener_MaxBeta,2025-11-05,2025-11-06,COLLECTED,JPM,buy,160,market,filled,2025-11-06,,311.0,160,49760.0,2.339,0.322,0.00222,313.420013,2025-11-06,data/real/prices/yahoo/JPM.json,169021a2b0a0985c1c427b57fe640e22b6ce82a79377bc3075417c6a8b98d12c,SECONDARY,official DGS10-DGS3MO 21-session change,curve-steepener: steepening +11.0bp
CurveSteepener_MaxBeta-00020,@CurveSteepener_MaxBeta,2025-11-05,2025-11-06,COLLECTED,XOM,buy,500,market,filled,2025-11-06,,113.64,500,56820.0,5.1841,0.0,0.00352,114.5,2025-11-06,data/real/prices/yahoo/XOM.json,4a2c7d18351df35d3cb2b11781aad7ea882659abaffcd9d31683a3d09881cf97,SECONDARY,official DGS10-DGS3MO 21-session change,curve-steepener: steepening +11.0bp
OilDollar_FadeUNG-00034,@OilDollar_FadeUNG,2025-11-05,2025-11-06,COLLECTED,UNG,sell,200,market,filled,2025-11-06,,13.84,200,2768.0,1.7741,-0.0,0.00104,14.17,2025-11-06,data/real/prices/yahoo/UNG.json,eb7bcc0769945fb2c40fbcd98753ed7e17e367cf69d2ce2bde9ae60f00a462cc,SECONDARY,official DCOILWTICO/DTWEXBGS 21-session rule,oil-dollar: oil -3.3%/21d against dollar +1.3%/21d
FDA_PDUFA_Drifter-00007,@FDA_PDUFA_Drifter,2025-11-05,2025-11-06,COLLECTED,IBB,buy,100,market,filled,2025-11-06,,157.68,100,15768.0,1.172,0.0,0.00611,158.429993,2025-11-06,data/real/prices/yahoo/IBB.json,20849c9611587299a52489fe22060adc7823c700fb3483f21091d85a6cf8acb0,SECONDARY,"openFDA approval count, trailing 30 days",fda-drift: 30d approvals 75 >= median 70
FDA_PDUFA_Drifter-00008,@FDA_PDUFA_Drifter,2025-11-05,2025-11-06,COLLECTED,XBI,buy,800,market,filled,2025-11-06,,109.28,800,87424.0,10.6824,0.915,0.00705,109.290001,2025-11-06,data/real/prices/yahoo/XBI.json,fe9eeb851e6faba2a7187e008fab271608d8a4d544227ad3543ac3d95d5dd769,SECONDARY,"openFDA approval count, trailing 30 days",fda-drift: 30d approvals 75 >= median 70
VolControl_MaxLev-00015,@VolControl_MaxLev,2025-11-05,2025-11-06,COLLECTED,QQQ,buy,160,market,filled,2025-11-06,,621.8,160,99488.0,2.0947,0.161,0.00022,611.669983,2025-11-06,data/real/prices/yahoo/QQQ.json,ae9ec3c0b0b8e0f5cd28ee45eac2dfcff9f95a7c5a1244e170ab0980d85979ed,SECONDARY,official VIXCLS tercile scaling,vol-control: middle tercile (VIX 18.01)
CurveSteepener_MaxBeta-00021,@CurveSteepener_MaxBeta,2025-11-06,2025-11-07,COLLECTED,JPM,sell,120,market,filled,2025-11-07,,311.88,120,37425.6,1.6546,0.321,0.00164,314.209991,2025-11-07,data/real/prices/yahoo/JPM.json,169021a2b0a0985c1c427b57fe640e22b6ce82a79377bc3075417c6a8b98d12c,SECONDARY,official DGS10-DGS3MO 21-session change,curve-steepener: flat +2.0bp
CurveSteepener_MaxBeta-00022,@CurveSteepener_MaxBeta,2025-11-06,2025-11-07,COLLECTED,XOM,sell,500,market,filled,2025-11-07,,115.2,500,57600.0,5.2978,0.868,0.00291,117.220001,2025-11-07,data/real/prices/yahoo/XOM.json,4a2c7d18351df35d3cb2b11781aad7ea882659abaffcd9d31683a3d09881cf97,SECONDARY,official DGS10-DGS3MO 21-session change,curve-steepener: flat +2.0bp
CurveSteepener_MaxBeta-00023,@CurveSteepener_MaxBeta,2025-11-06,2025-11-07,COLLECTED,SPY,buy,40,market,filled,2025-11-07,,667.91,40,26716.4,0.388,0.0,4e-05,670.969971,2025-11-07,data/real/prices/yahoo/SPY.json,e0f05aaf67be23da1db20513eaed93274b165898427ebeab80c7cb2eca1d9a2d,SECONDARY,official DGS10-DGS3MO 21-session change,curve-steepener: flat +2.0bp
OilDollar_FadeUNG-00035,@OilDollar_FadeUNG,2025-11-06,2025-11-07,COLLECTED,XOM,sell,100,market,filled,2025-11-07,,115.2,100,11520.0,0.9253,0.868,0.00058,117.220001,2025-11-07,data/real/prices/yahoo/XOM.json,4a2c7d18351df35d3cb2b11781aad7ea882659abaffcd9d31683a3d09881cf97,SECONDARY,official DCOILWTICO/DTWEXBGS 21-session rule,oil-dollar: oil -3.6%/21d against dollar +1.0%/21d
OilDollar_FadeUNG-00036,@OilDollar_FadeUNG,2025-11-06,2025-11-07,COLLECTED,UNG,buy,400,market,filled,2025-11-07,,13.99,400,5596.0,3.5871,7.153,0.0029,13.95,2025-11-07,data/real/prices/yahoo/UNG.json,eb7bcc0769945fb2c40fbcd98753ed7e17e367cf69d2ce2bde9ae60f00a462cc,SECONDARY,official DCOILWTICO/DTWEXBGS 21-session rule,oil-dollar: oil -3.6%/21d against dollar +1.0%/21d
FDA_PDUFA_Drifter-00009,@FDA_PDUFA_Drifter,2025-11-06,2025-11-07,COLLECTED,XBI,buy,300,market,filled,2025-11-07,,108.34,300,32502.0,3.3481,0.0,0.00198,108.959999,2025-11-07,data/real/prices/yahoo/XBI.json,fe9eeb851e6faba2a7187e008fab271608d8a4d544227ad3543ac3d95d5dd769,SECONDARY,"openFDA approval count, trailing 30 days",fda-drift: 30d approvals 76 >= median 70
VolControl_MaxLev-00016,@VolControl_MaxLev,2025-11-06,2025-11-07,COLLECTED,QQQ,sell,120,market,filled,2025-11-07,,608.3,120,72996.0,1.5141,0.164,0.00015,609.73999,2025-11-07,data/real/prices/yahoo/QQQ.json,ae9ec3c0b0b8e0f5cd28ee45eac2dfcff9f95a7c5a1244e170ab0980d85979ed,SECONDARY,official VIXCLS tercile scaling,vol-control: volatile tercile (VIX 19.50 >= 18.48)
DowNasdaq_SpreadMax-00004,@DowNasdaq_SpreadMax,2025-11-07,2025-11-10,COLLECTED,QQQ,sell,120,market,filled,2025-11-10,,618.91,120,74269.2,1.5202,0.161,0.00021,623.22998,2025-11-10,data/real/prices/yahoo/QQQ.json,ae9ec3c0b0b8e0f5cd28ee45eac2dfcff9f95a7c5a1244e170ab0980d85979ed,SECONDARY,official DJIA vs NASDAQCOM 63-session relative strength,dow-vs-nasdaq: within 1pp (Dow +6.85% vs Nasdaq +7.57%)
CurveSteepener_MaxBeta-00024,@CurveSteepener_MaxBeta,2025-11-07,2025-11-10,COLLECTED,SPY,buy,40,market,filled,2025-11-10,,677.24,40,27089.6,0.3885,0.0,5e-05,681.440002,2025-11-10,data/real/prices/yahoo/SPY.json,e0f05aaf67be23da1db20513eaed93274b165898427ebeab80c7cb2eca1d9a2d,SECONDARY,official DGS10-DGS3MO 21-session change,curve-steepener: flat +6.0bp
FDA_PDUFA_Drifter-00010,@FDA_PDUFA_Drifter,2025-11-07,2025-11-10,COLLECTED,XBI,buy,100,market,filled,2025-11-10,,110.28,100,11028.0,0.9832,0.0,0.00087,110.089996,2025-11-10,data/real/prices/yahoo/XBI.json,fe9eeb851e6faba2a7187e008fab271608d8a4d544227ad3543ac3d95d5dd769,SECONDARY,"openFDA approval count, trailing 30 days",fda-drift: 30d approvals 73 >= median 70
VolControl_MaxLev-00017,@VolControl_MaxLev,2025-11-07,2025-11-10,COLLECTED,QQQ,sell,40,market,filled,2025-11-10,,618.91,40,24756.4,0.4306,0.161,7e-05,623.22998,2025-11-10,data/real/prices/yahoo/QQQ.json,ae9ec3c0b0b8e0f5cd28ee45eac2dfcff9f95a7c5a1244e170ab0980d85979ed,SECONDARY,official VIXCLS tercile scaling,vol-control: volatile tercile (VIX 19.08 >= 18.57)
DowNasdaq_SpreadMax-00005,@DowNasdaq_SpreadMax,2025-11-10,2025-11-11,COLLECTED,QQQ,buy,80,market,filled,2025-11-11,,620.58,80,49646.4,0.8976,0.161,0.00018,621.570007,2025-11-11,data/real/prices/yahoo/QQQ.json,ae9ec3c0b0b8e0f5cd28ee45eac2dfcff9f95a7c5a1244e170ab0980d85979ed,SECONDARY,official DJIA vs NASDAQCOM 63-session relative strength,dow-vs-nasdaq: Nasdaq leg stronger (+8.51% vs +6.55%)
FDA_PDUFA_Drifter-00011,@FDA_PDUFA_Drifter,2025-11-10,2025-11-11,COLLECTED,XBI,buy,100,market,filled,2025-11-11,,109.88,100,10988.0,0.9783,0.0,0.00073,114.010002,2025-11-11,data/real/prices/yahoo/XBI.json,fe9eeb851e6faba2a7187e008fab271608d8a4d544227ad3543ac3d95d5dd769,SECONDARY,"openFDA approval count, trailing 30 days",fda-drift: 30d approvals 71 >= median 70
VolControl_MaxLev-00018,@VolControl_MaxLev,2025-11-10,2025-11-11,COLLECTED,QQQ,buy,120,market,filled,2025-11-11,,620.58,120,74469.6,1.4333,0.161,0.00027,621.570007,2025-11-11,data/real/prices/yahoo/QQQ.json,ae9ec3c0b0b8e0f5cd28ee45eac2dfcff9f95a7c5a1244e170ab0980d85979ed,SECONDARY,official VIXCLS tercile scaling,vol-control: middle tercile (VIX 17.60)
KitchenSink_Official-00015,@KitchenSink_Official,2025-11-10,2025-11-11,COLLECTED,SPY,sell,120,market,filled,2025-11-11,,679.95,120,81594.0,1.2763,0.0,0.0002,683.0,2025-11-11,data/real/prices/yahoo/SPY.json,e0f05aaf67be23da1db20513eaed93274b165898427ebeab80c7cb2eca1d9a2d,SECONDARY,sign of eight official 21-session changes,kitchen-sink[riskon]: score +4 of 8 official signs
KitchenSink_Official-00016,@KitchenSink_Official,2025-11-10,2025-11-11,COLLECTED,QQQ,buy,80,market,filled,2025-11-11,,620.58,80,49646.4,0.8976,0.161,0.00018,621.570007,2025-11-11,data/real/prices/yahoo/QQQ.json,ae9ec3c0b0b8e0f5cd28ee45eac2dfcff9f95a7c5a1244e170ab0980d85979ed,SECONDARY,sign of eight official 21-session changes,kitchen-sink[riskon]: score +4 of 8 official signs
DowNasdaq_SpreadMax-00006,@DowNasdaq_SpreadMax,2025-11-11,2025-11-12,COLLECTED,QQQ,buy,40,market,filled,2025-11-12,,624.85,40,24994.0,0.406,0.16,8e-05,621.080017,2025-11-12,data/real/prices/yahoo/QQQ.json,ae9ec3c0b0b8e0f5cd28ee45eac2dfcff9f95a7c5a1244e170ab0980d85979ed,SECONDARY,official DJIA vs NASDAQCOM 63-session relative strength,dow-vs-nasdaq: Nasdaq leg stronger (+8.08% vs +6.69%)
CurveSteepener_MaxBeta-00025,@CurveSteepener_MaxBeta,2025-11-11,2025-11-12,COLLECTED,JPM,sell,40,market,filled,2025-11-12,,316.26,40,12650.4,0.4445,0.0,0.00038,320.410004,2025-11-12,data/real/prices/yahoo/JPM.json,169021a2b0a0985c1c427b57fe640e22b6ce82a79377bc3075417c6a8b98d12c,SECONDARY,official DGS10-DGS3MO 21-session change,curve-steepener: flat +6.0bp
OilDollar_FadeUNG-00037,@OilDollar_FadeUNG,2025-11-11,2025-11-12,COLLECTED,UNG,buy,300,market,filled,2025-11-12,,14.62,300,4386.0,2.6498,0.0,0.00283,14.65,2025-11-12,data/real/prices/yahoo/UNG.json,eb7bcc0769945fb2c40fbcd98753ed7e17e367cf69d2ce2bde9ae60f00a462cc,SECONDARY,official DCOILWTICO/DTWEXBGS 21-session rule,oil-dollar: oil -2.3%/21d against dollar +0.2%/21d
KitchenSink_Official-00017,@KitchenSink_Official,2025-11-11,2025-11-12,COLLECTED,QQQ,buy,120,market,filled,2025-11-12,,624.85,120,74982.0,1.4071,0.16,0.00025,621.080017,2025-11-12,data/real/prices/yahoo/QQQ.json,ae9ec3c0b0b8e0f5cd28ee45eac2dfcff9f95a7c5a1244e170ab0980d85979ed,SECONDARY,sign of eight official 21-session changes,kitchen-sink[riskon]: score +4 of 8 official signs
DowNasdaq_SpreadMax-00007,@DowNasdaq_SpreadMax,2025-11-12,2025-11-13,COLLECTED,QQQ,sell,120,market,filled,2025-11-13,,617.53,120,74103.6,1.416,0.162,0.00017,608.400024,2025-11-13,data/real/prices/yahoo/QQQ.json,ae9ec3c0b0b8e0f5cd28ee45eac2dfcff9f95a7c5a1244e170ab0980d85979ed,SECONDARY,official DJIA vs NASDAQCOM 63-session relative strength,dow-vs-nasdaq: within 1pp (Dow +7.44% vs Nasdaq +7.81%)
OilDollar_FadeUNG-00038,@OilDollar_FadeUNG,2025-11-12,2025-11-13,COLLECTED,UNG,buy,5800,market,filled,2025-11-13,,14.73,5800,85434.0,111.2999,13.596,0.04385,14.81,2025-11-13,data/real/prices/yahoo/UNG.json,eb7bcc0769945fb2c40fbcd98753ed7e17e367cf69d2ce2bde9ae60f00a462cc,SECONDARY,official DCOILWTICO/DTWEXBGS 21-session rule,"oil-dollar: mixed: oil -0.8%/21d, dollar -0.1%/21d"
OilDollar_FadeUNG-00039,@OilDollar_FadeUNG,2025-11-12,2025-11-13,COLLECTED,XOM,buy,300,market,filled,2025-11-13,,118.63,300,35589.0,3.0121,0.0,0.00173,118.790001,2025-11-13,data/real/prices/yahoo/XOM.json,4a2c7d18351df35d3cb2b11781aad7ea882659abaffcd9d31683a3d09881cf97,SECONDARY,official DCOILWTICO/DTWEXBGS 21-session rule,"oil-dollar: mixed: oil -0.8%/21d, dollar -0.1%/21d"
KitchenSink_Official-00018,@KitchenSink_Official,2025-11-12,2025-11-13,COLLECTED,QQQ,buy,40,market,filled,2025-11-13,,617.54,40,24701.6,0.4039,0.0,6e-05,608.400024,2025-11-13,data/real/prices/yahoo/QQQ.json,ae9ec3c0b0b8e0f5cd28ee45eac2dfcff9f95a7c5a1244e170ab0980d85979ed,SECONDARY,sign of eight official 21-session changes,kitchen-sink[riskon]: score +4 of 8 official signs
DowNasdaq_SpreadMax-00008,@DowNasdaq_SpreadMax,2025-11-13,2025-11-14,COLLECTED,SPY,buy,80,market,filled,2025-11-14,,665.39,80,53231.2,0.8037,0.15,8e-05,671.929993,2025-11-14,data/real/prices/yahoo/SPY.json,e0f05aaf67be23da1db20513eaed93274b165898427ebeab80c7cb2eca1d9a2d,SECONDARY,official DJIA vs NASDAQCOM 63-session relative strength,dow-vs-nasdaq: within 1pp (Dow +5.59% vs Nasdaq +5.77%)
CurveSteepener_MaxBeta-00026,@CurveSteepener_MaxBeta,2025-11-13,2025-11-14,COLLECTED,SPY,sell,80,market,filled,2025-11-14,,665.38,80,53230.4,0.817,0.0,8e-05,671.929993,2025-11-14,data/real/prices/yahoo/SPY.json,e0f05aaf67be23da1db20513eaed93274b165898427ebeab80c7cb2eca1d9a2d,SECONDARY,official DGS10-DGS3MO 21-session change,curve-steepener: steepening +12.0bp
CurveSteepener_MaxBeta-00027,@CurveSteepener_MaxBeta,2025-11-13,2025-11-14,COLLECTED,JPM,buy,160,market,filled,2025-11-14,,307.53,160,49204.8,2.3341,0.65,0.00155,303.609985,2025-11-14,data/real/prices/yahoo/JPM.json,169021a2b0a0985c1c427b57fe640e22b6ce82a79377bc3075417c6a8b98d12c,SECONDARY,official DGS10-DGS3MO 21-session change,curve-steepener: steepening +12.0bp
CurveSteepener_MaxBeta-00028,@CurveSteepener_MaxBeta,2025-11-13,2025-11-14,COLLECTED,XOM,buy,400,market,filled,2025-11-14,,118.45,400,47380.0,4.1275,0.0,0.00234,119.290001,2025-11-14,data/real/prices/yahoo/XOM.json,4a2c7d18351df35d3cb2b11781aad7ea882659abaffcd9d31683a3d09881cf97,SECONDARY,official DGS10-DGS3MO 21-session change,curve-steepener: steepening +12.0bp
OilDollar_FadeUNG-00040,@OilDollar_FadeUNG,2025-11-13,2025-11-14,COLLECTED,UNG,buy,4600,market,filled,2025-11-14,,14.5,4600,66700.0,77.1633,6.901,0.03617,14.56,2025-11-14,data/real/prices/yahoo/UNG.json,eb7bcc0769945fb2c40fbcd98753ed7e17e367cf69d2ce2bde9ae60f00a462cc,SECONDARY,official DCOILWTICO/DTWEXBGS 21-session rule,oil-dollar: oil +0.0%/21d with dollar -0.3%/21d
OilDollar_FadeUNG-00041,@OilDollar_FadeUNG,2025-11-13,2025-11-14,COLLECTED,XOM,buy,400,market,filled,2025-11-14,,118.45,400,47380.0,4.1275,0.0,0.00234,119.290001,2025-11-14,data/real/prices/yahoo/XOM.json,4a2c7d18351df35d3cb2b11781aad7ea882659abaffcd9d31683a3d09881cf97,SECONDARY,official DCOILWTICO/DTWEXBGS 21-session rule,oil-dollar: oil +0.0%/21d with dollar -0.3%/21d
VolControl_MaxLev-00019,@VolControl_MaxLev,2025-11-13,2025-11-14,COLLECTED,QQQ,sell,80,market,filled,2025-11-14,,599.54,80,47963.2,0.9025,0.167,0.0001,608.859985,2025-11-14,data/real/prices/yahoo/QQQ.json,ae9ec3c0b0b8e0f5cd28ee45eac2dfcff9f95a7c5a1244e170ab0980d85979ed,SECONDARY,official VIXCLS tercile scaling,vol-control: volatile tercile (VIX 20.00 >= 18.60)
KitchenSink_Official-00019,@KitchenSink_Official,2025-11-13,2025-11-14,COLLECTED,QQQ,buy,40,market,filled,2025-11-14,,599.55,40,23982.0,0.4081,0.0,5e-05,608.859985,2025-11-14,data/real/prices/yahoo/QQQ.json,ae9ec3c0b0b8e0f5cd28ee45eac2dfcff9f95a7c5a1244e170ab0980d85979ed,SECONDARY,sign of eight official 21-session changes,kitchen-sink[riskon]: score +6 of 8 official signs
DowNasdaq_SpreadMax-00009,@DowNasdaq_SpreadMax,2025-11-14,2025-11-17,COLLECTED,SPY,buy,40,market,filled,2025-11-17,,669.71,40,26788.4,0.3768,0.149,4e-05,665.669983,2025-11-17,data/real/prices/yahoo/SPY.json,e0f05aaf67be23da1db20513eaed93274b165898427ebeab80c7cb2eca1d9a2d,SECONDARY,official DJIA vs NASDAQCOM 63-session relative strength,dow-vs-nasdaq: within 1pp (Dow +4.98% vs Nasdaq +5.88%)
CurveSteepener_MaxBeta-00029,@CurveSteepener_MaxBeta,2025-11-14,2025-11-17,COLLECTED,JPM,buy,120,market,filled,2025-11-17,,304.02,120,36482.4,1.6151,0.658,0.00144,300.369995,2025-11-17,data/real/prices/yahoo/JPM.json,169021a2b0a0985c1c427b57fe640e22b6ce82a79377bc3075417c6a8b98d12c,SECONDARY,official DGS10-DGS3MO 21-session change,curve-steepener: steepening +18.0bp
CurveSteepener_MaxBeta-00030,@CurveSteepener_MaxBeta,2025-11-14,2025-11-17,COLLECTED,XOM,buy,300,market,filled,2025-11-17,,118.98,300,35694.0,2.9836,0.84,0.00187,117.68,2025-11-17,data/real/prices/yahoo/XOM.json,4a2c7d18351df35d3cb2b11781aad7ea882659abaffcd9d31683a3d09881cf97,SECONDARY,official DGS10-DGS3MO 21-session change,curve-steepener: steepening +18.0bp
OilDollar_FadeUNG-00042,@OilDollar_FadeUNG,2025-11-14,2025-11-17,COLLECTED,UNG,sell,4400,market,filled,2025-11-17,,14.5,4400,63800.0,49.112,-0.0,0.04163,14.12,2025-11-17,data/real/prices/yahoo/UNG.json,eb7bcc0769945fb2c40fbcd98753ed7e17e367cf69d2ce2bde9ae60f00a462cc,SECONDARY,official DCOILWTICO/DTWEXBGS 21-session rule,"oil-dollar: mixed: oil +3.0%/21d, dollar +0.1%/21d"
OilDollar_FadeUNG-00043,@OilDollar_FadeUNG,2025-11-14,2025-11-17,COLLECTED,XOM,sell,300,market,filled,2025-11-17,,118.97,300,35691.0,3.0334,0.0,0.00187,117.68,2025-11-17,data/real/prices/yahoo/XOM.json,4a2c7d18351df35d3cb2b11781aad7ea882659abaffcd9d31683a3d09881cf97,SECONDARY,official DCOILWTICO/DTWEXBGS 21-session rule,"oil-dollar: mixed: oil +3.0%/21d, dollar +0.1%/21d"
VolControl_MaxLev-00020,@VolControl_MaxLev,2025-11-14,2025-11-17,COLLECTED,QQQ,sell,40,market,filled,2025-11-17,,606.29,40,24251.6,0.4148,0.165,6e-05,603.659973,2025-11-17,data/real/prices/yahoo/QQQ.json,ae9ec3c0b0b8e0f5cd28ee45eac2dfcff9f95a7c5a1244e170ab0980d85979ed,SECONDARY,official VIXCLS tercile scaling,vol-control: volatile tercile (VIX 19.83 >= 18.62)
FDA_Fade_Live-00009,@FDA_Fade_Live,2025-11-14,2025-11-17,COLLECTED,XBI,sell,1000,market,filled,2025-11-17,,113.5,1000,113500.0,14.581,0.881,0.00806,114.830002,2025-11-17,data/real/prices/yahoo/XBI.json,fe9eeb851e6faba2a7187e008fab271608d8a4d544227ad3543ac3d95d5dd769,SECONDARY,"openFDA approval burst, faded",fda-fade: approval z +1.58 > 1.5
DowNasdaq_SpreadMax-00010,@DowNasdaq_SpreadMax,2025-11-17,2025-11-18,COLLECTED,SPY,sell,120,market,filled,2025-11-18,,662.09,120,79450.8,1.2784,0.151,0.0001,660.080017,2025-11-18,data/real/prices/yahoo/SPY.json,e0f05aaf67be23da1db20513eaed93274b165898427ebeab80c7cb2eca1d9a2d,SECONDARY,official DJIA vs NASDAQCOM 63-session relative strength,dow-vs-nasdaq: Nasdaq leg stronger (+6.54% vs +3.71%)
VIXRegime_LiveMax-00011,@VIXRegime_LiveMax,2025-11-17,2025-11-18,COLLECTED,QQQ,sell,280,market,filled,2025-11-18,,599.6,280,167888.0,3.9106,0.333,0.00034,596.309998,2025-11-18,data/real/prices/yahoo/QQQ.json,ae9ec3c0b0b8e0f5cd28ee45eac2dfcff9f95a7c5a1244e170ab0980d85979ed,SECONDARY,official VIXCLS/SP500 regime rule,"vix-regime[stress-with-downtrend]: VIX 22.38 vs 60d median 17.17, 252d 80th percentile 20.82; S&P 6,672 vs 100d mean 6,532"
PinePilot_EMA_Live-00003,@PinePilot_EMA_Live,2025-11-17,2025-11-18,COLLECTED,QQQ,sell,400,market,filled,2025-11-18,,599.6,400,239840.0,6.0395,0.333,0.00048,596.309998,2025-11-18,data/real/prices/yahoo/QQQ.json,ae9ec3c0b0b8e0f5cd28ee45eac2dfcff9f95a7c5a1244e170ab0980d85979ed,SECONDARY,9/21 EMA cross,pinepilot: EMA9 613.64 < EMA21 614.51
KitchenSink_Official-00020,@KitchenSink_Official,2025-11-17,2025-11-18,COLLECTED,QQQ,sell,280,market,filled,2025-11-18,,599.6,280,167888.0,3.9106,0.333,0.00034,596.309998,2025-11-18,data/real/prices/yahoo/QQQ.json,ae9ec3c0b0b8e0f5cd28ee45eac2dfcff9f95a7c5a1244e170ab0980d85979ed,SECONDARY,sign of eight official 21-session changes,kitchen-sink[undecided]: score +2 of 8 official signs
DowNasdaq_SpreadMax-00011,@DowNasdaq_SpreadMax,2025-11-18,2025-11-19,COLLECTED,QQQ,buy,80,market,filled,2025-11-19,,597.08,80,47766.4,0.8852,0.167,0.00011,599.869995,2025-11-19,data/real/prices/yahoo/QQQ.json,ae9ec3c0b0b8e0f5cd28ee45eac2dfcff9f95a7c5a1244e170ab0980d85979ed,SECONDARY,official DJIA vs NASDAQCOM 63-session relative strength,dow-vs-nasdaq: Nasdaq leg stronger (+5.95% vs +2.57%)
CurveSteepener_MaxBeta-00031,@CurveSteepener_MaxBeta,2025-11-18,2025-11-19,COLLECTED,SPY,sell,40,market,filled,2025-11-19,,660.78,40,26431.2,0.3828,0.0,4e-05,662.630005,2025-11-19,data/real/prices/yahoo/SPY.json,e0f05aaf67be23da1db20513eaed93274b165898427ebeab80c7cb2eca1d9a2d,SECONDARY,official DGS10-DGS3MO 21-session change,curve-steepener: steepening +21.0bp
KitchenSink_Official-00021,@KitchenSink_Official,2025-11-18,2025-11-19,COLLECTED,TLT,buy,1100,market,filled,2025-11-19,,89.24,1100,98164.0,9.8632,1.12,0.00427,88.879997,2025-11-19,data/real/prices/yahoo/TLT.json,b2914ca7451d1c04fbe97f399361df69871d9a8afcbb0121541ac2bdd13a29f3,SECONDARY,sign of eight official 21-session changes,kitchen-sink[riskoff]: score -4 of 8 official signs
DowNasdaq_SpreadMax-00012,@DowNasdaq_SpreadMax,2025-11-19,2025-11-20,COLLECTED,QQQ,buy,40,market,filled,2025-11-20,,611.62,40,24464.8,0.4092,0.0,3e-05,585.669983,2025-11-20,data/real/prices/yahoo/QQQ.json,ae9ec3c0b0b8e0f5cd28ee45eac2dfcff9f95a7c5a1244e170ab0980d85979ed,SECONDARY,official DJIA vs NASDAQCOM 63-session relative strength,dow-vs-nasdaq: Nasdaq leg stronger (+6.94% vs +3.02%)
KitchenSink_Official-00022,@KitchenSink_Official,2025-11-19,2025-11-20,COLLECTED,TLT,buy,500,market,filled,2025-11-20,,88.99,500,44495.0,4.3135,0.0,0.00152,89.230003,2025-11-20,data/real/prices/yahoo/TLT.json,b2914ca7451d1c04fbe97f399361df69871d9a8afcbb0121541ac2bdd13a29f3,SECONDARY,sign of eight official 21-session changes,kitchen-sink[riskoff]: score -4 of 8 official signs
OilDollar_FadeUNG-00044,@OilDollar_FadeUNG,2025-11-21,2025-11-24,COLLECTED,UNG,sell,5800,market,filled,2025-11-24,,14.3,5800,82940.0,64.3608,6.988,0.0748,14.41,2025-11-24,data/real/prices/yahoo/UNG.json,eb7bcc0769945fb2c40fbcd98753ed7e17e367cf69d2ce2bde9ae60f00a462cc,SECONDARY,official DCOILWTICO/DTWEXBGS 21-session rule,oil-dollar: oil -0.7%/21d against dollar +0.8%/21d
OilDollar_FadeUNG-00045,@OilDollar_FadeUNG,2025-11-21,2025-11-24,COLLECTED,XOM,sell,300,market,filled,2025-11-24,,117.19,300,35157.0,3.0405,0.853,0.00166,115.970001,2025-11-24,data/real/prices/yahoo/XOM.json,4a2c7d18351df35d3cb2b11781aad7ea882659abaffcd9d31683a3d09881cf97,SECONDARY,official DCOILWTICO/DTWEXBGS 21-session rule,oil-dollar: oil -0.7%/21d against dollar +0.8%/21d
VIXRegime_LiveMax-00012,@VIXRegime_LiveMax,2025-11-24,2025-11-25,COLLECTED,QQQ,buy,240,market,filled,2025-11-25,,603.53,240,144847.2,3.3841,0.331,0.00042,608.890015,2025-11-25,data/real/prices/yahoo/QQQ.json,ae9ec3c0b0b8e0f5cd28ee45eac2dfcff9f95a7c5a1244e170ab0980d85979ed,SECONDARY,official VIXCLS/SP500 regime rule,"vix-regime[undecided]: VIX 20.52 vs 60d median 17.89, 252d 80th percentile 21.60; S&P 6,705 vs 100d mean 6,552"
FDA_PDUFA_Drifter-00012,@FDA_PDUFA_Drifter,2025-11-24,2025-11-25,COLLECTED,XBI,buy,100,market,filled,2025-11-25,,119.84,100,11984.0,1.0121,0.0,0.00095,121.370003,2025-11-25,data/real/prices/yahoo/XBI.json,fe9eeb851e6faba2a7187e008fab271608d8a4d544227ad3543ac3d95d5dd769,SECONDARY,"openFDA approval count, trailing 30 days",fda-drift: 30d approvals 82 >= median 71
Weather_ColdSnap_Live-00006,@Weather_ColdSnap_Live,2025-11-24,2025-11-25,COLLECTED,UNG,sell,5300,market,filled,2025-11-25,,13.64,5300,72292.0,57.7099,7.326,0.05023,13.83,2025-11-25,data/real/prices/yahoo/UNG.json,eb7bcc0769945fb2c40fbcd98753ed7e17e367cf69d2ce2bde9ae60f00a462cc,SECONDARY,NOAA/NCEI 10-day minimum-temperature anomaly,weather-proxy: warm anomaly +7.0degC over 10 days
CurveSteepener_MaxBeta-00032,@CurveSteepener_MaxBeta,2025-11-25,2025-11-26,COLLECTED,JPM,sell,280,market,filled,2025-11-26,,304.99,280,85397.2,4.4643,0.328,0.00354,307.640015,2025-11-26,data/real/prices/yahoo/JPM.json,169021a2b0a0985c1c427b57fe640e22b6ce82a79377bc3075417c6a8b98d12c,SECONDARY,official DGS10-DGS3MO 21-session change,curve-steepener: flat +5.0bp
CurveSteepener_MaxBeta-00033,@CurveSteepener_MaxBeta,2025-11-25,2025-11-26,COLLECTED,XOM,sell,600,market,filled,2025-11-26,,114.41,600,68646.0,6.6044,0.0,0.00515,114.769997,2025-11-26,data/real/prices/yahoo/XOM.json,4a2c7d18351df35d3cb2b11781aad7ea882659abaffcd9d31683a3d09881cf97,SECONDARY,official DGS10-DGS3MO 21-session change,curve-steepener: flat +5.0bp
OilDollar_FadeUNG-00046,@OilDollar_FadeUNG,2025-11-25,2025-11-26,COLLECTED,UNG,sell,500,market,filled,2025-11-26,,14.16,500,7080.0,4.5458,7.057,0.00496,14.25,2025-11-26,data/real/prices/yahoo/UNG.json,eb7bcc0769945fb2c40fbcd98753ed7e17e367cf69d2ce2bde9ae60f00a462cc,SECONDARY,official DCOILWTICO/DTWEXBGS 21-session rule,oil-dollar: oil -6.5%/21d against dollar +0.6%/21d
OilDollar_FadeUNG-00047,@OilDollar_FadeUNG,2025-11-25,2025-11-26,COLLECTED,XOM,sell,100,market,filled,2025-11-26,,114.41,100,11441.0,0.9326,0.0,0.00086,114.769997,2025-11-26,data/real/prices/yahoo/XOM.json,4a2c7d18351df35d3cb2b11781aad7ea882659abaffcd9d31683a3d09881cf97,SECONDARY,official DCOILWTICO/DTWEXBGS 21-session rule,oil-dollar: oil -6.5%/21d against dollar +0.6%/21d
CrowdFade_Live-00003,@CrowdFade_Live,2025-11-25,2025-11-26,COLLECTED,IWM,sell,200,market,filled,2025-11-26,,245.05,200,49010.0,2.1945,0.0,0.00058,247.300003,2025-11-26,data/real/prices/yahoo/IWM.json,4f6191d7931ac8755dec346902f769128dd059359a542aaf947e90ff8f2d344a,SECONDARY,3-session reversal at 2.5 sigma,crowd-fade: 3-session sigma extremes (IWM z=+2.75)
VolControl_MaxLev-00021,@VolControl_MaxLev,2025-11-25,2025-11-26,COLLECTED,QQQ,buy,120,market,filled,2025-11-26,,612.52,120,73502.4,1.4631,0.163,0.00028,614.27002,2025-11-26,data/real/prices/yahoo/QQQ.json,ae9ec3c0b0b8e0f5cd28ee45eac2dfcff9f95a7c5a1244e170ab0980d85979ed,SECONDARY,official VIXCLS tercile scaling,vol-control: middle tercile (VIX 18.56)
VIXRegime_LiveMax-00013,@VIXRegime_LiveMax,2025-11-26,2025-11-28,COLLECTED,QQQ,buy,120,market,filled,2025-11-28,,616.11,120,73933.2,1.4679,0.0,0.00052,619.25,2025-11-28,data/real/prices/yahoo/QQQ.json,ae9ec3c0b0b8e0f5cd28ee45eac2dfcff9f95a7c5a1244e170ab0980d85979ed,SECONDARY,official VIXCLS/SP500 regime rule,"vix-regime[calm]: VIX 17.19 vs 60d median 17.93, 252d 80th percentile 21.60; S&P 6,813 vs 100d mean 6,564"
CurveSteepener_MaxBeta-00034,@CurveSteepener_MaxBeta,2025-11-26,2025-11-28,COLLECTED,SPY,buy,120,market,filled,2025-11-28,,680.86,120,81703.2,1.2963,0.0,0.00024,683.390015,2025-11-28,data/real/prices/yahoo/SPY.json,e0f05aaf67be23da1db20513eaed93274b165898427ebeab80c7cb2eca1d9a2d,SECONDARY,official DGS10-DGS3MO 21-session change,curve-steepener: flat -1.0bp
OilDollar_FadeUNG-00048,@OilDollar_FadeUNG,2025-11-26,2025-11-28,COLLECTED,UNG,buy,300,market,filled,2025-11-28,,14.62,300,4386.0,2.6096,0.0,0.00498,14.73,2025-11-28,data/real/prices/yahoo/UNG.json,eb7bcc0769945fb2c40fbcd98753ed7e17e367cf69d2ce2bde9ae60f00a462cc,SECONDARY,official DCOILWTICO/DTWEXBGS 21-session rule,oil-dollar: oil -5.3%/21d against dollar +0.4%/21d
VIXRegime_LiveMax-00014,@VIXRegime_LiveMax,2025-11-28,2025-12-01,COLLECTED,QQQ,buy,40,market,filled,2025-12-01,,613.64,40,24545.6,0.4185,0.163,0.0001,617.169983,2025-12-01,data/real/prices/yahoo/QQQ.json,ae9ec3c0b0b8e0f5cd28ee45eac2dfcff9f95a7c5a1244e170ab0980d85979ed,SECONDARY,official VIXCLS/SP500 regime rule,"vix-regime[calm]: VIX 16.35 vs 60d median 17.98, 252d 80th percentile 21.60; S&P 6,849 vs 100d mean 6,569"
CurveSteepener_MaxBeta-00035,@CurveSteepener_MaxBeta,2025-11-28,2025-12-01,COLLECTED,XOM,sell,100,market,filled,2025-12-01,,116.09,100,11609.0,0.9323,0.861,0.00079,116.629997,2025-12-01,data/real/prices/yahoo/XOM.json,4a2c7d18351df35d3cb2b11781aad7ea882659abaffcd9d31683a3d09881cf97,SECONDARY,official DGS10-DGS3MO 21-session change,curve-steepener: flat +2.0bp
OilDollar_FadeUNG-00049,@OilDollar_FadeUNG,2025-11-28,2025-12-01,COLLECTED,UNG,buy,300,market,filled,2025-12-01,,15.03,300,4509.0,2.6184,6.658,0.00246,15.21,2025-12-01,data/real/prices/yahoo/UNG.json,eb7bcc0769945fb2c40fbcd98753ed7e17e367cf69d2ce2bde9ae60f00a462cc,SECONDARY,official DCOILWTICO/DTWEXBGS 21-session rule,oil-dollar: oil -3.9%/21d against dollar +0.3%/21d
Weather_ColdSnap_Live-00007,@Weather_ColdSnap_Live,2025-11-28,2025-12-01,COLLECTED,UNG,buy,300,market,filled,2025-12-01,,15.03,300,4509.0,2.6184,6.658,0.00246,15.21,2025-12-01,data/real/prices/yahoo/UNG.json,eb7bcc0769945fb2c40fbcd98753ed7e17e367cf69d2ce2bde9ae60f00a462cc,SECONDARY,NOAA/NCEI 10-day minimum-temperature anomaly,weather-proxy: warm anomaly +10.0degC over 10 days
VolControl_MaxLev-00022,@VolControl_MaxLev,2025-11-28,2025-12-01,COLLECTED,QQQ,buy,80,market,filled,2025-12-01,,613.64,80,49091.2,0.9186,0.163,0.0002,617.169983,2025-12-01,data/real/prices/yahoo/QQQ.json,ae9ec3c0b0b8e0f5cd28ee45eac2dfcff9f95a7c5a1244e170ab0980d85979ed,SECONDARY,official VIXCLS tercile scaling,vol-control: calm tercile (VIX 16.35 <= 16.42)
FDA_Fade_Live-00010,@FDA_Fade_Live,2025-11-28,2025-12-01,COLLECTED,XBI,buy,1000,market,filled,2025-12-01,,121.86,1000,121860.0,14.3325,0.821,0.0091,119.849998,2025-12-01,data/real/prices/yahoo/XBI.json,fe9eeb851e6faba2a7187e008fab271608d8a4d544227ad3543ac3d95d5dd769,SECONDARY,"openFDA approval burst, faded",fda-fade: |z|=0.42 < 0.5
KitchenSink_Official-00023,@KitchenSink_Official,2025-11-28,2025-12-01,COLLECTED,TLT,sell,1500,market,filled,2025-12-01,,88.84,1500,133260.0,13.8602,1.125,0.00319,88.769997,2025-12-01,data/real/prices/yahoo/TLT.json,b2914ca7451d1c04fbe97f399361df69871d9a8afcbb0121541ac2bdd13a29f3,SECONDARY,sign of eight official 21-session changes,kitchen-sink[undecided]: score -2 of 8 official signs
KitchenSink_Official-00024,@KitchenSink_Official,2025-11-28,2025-12-01,COLLECTED,SPY,buy,40,market,filled,2025-12-01,,678.81,40,27152.4,0.3853,0.0,7e-05,680.27002,2025-12-01,data/real/prices/yahoo/SPY.json,e0f05aaf67be23da1db20513eaed93274b165898427ebeab80c7cb2eca1d9a2d,SECONDARY,sign of eight official 21-session changes,kitchen-sink[undecided]: score -2 of 8 official signs
VIXRegime_LiveMax-00015,@VIXRegime_LiveMax,2025-12-01,2025-12-02,COLLECTED,QQQ,buy,40,market,filled,2025-12-02,,619.47,40,24778.8,0.417,0.161,7e-05,622.0,2025-12-02,data/real/prices/yahoo/QQQ.json,ae9ec3c0b0b8e0f5cd28ee45eac2dfcff9f95a7c5a1244e170ab0980d85979ed,SECONDARY,official VIXCLS/SP500 regime rule,"vix-regime[calm]: VIX 17.24 vs 60d median 18.01, 252d 80th percentile 21.60; S&P 6,813 vs 100d mean 6,575"
CurveSteepener_MaxBeta-00036,@CurveSteepener_MaxBeta,2025-12-01,2025-12-02,COLLECTED,SPY,sell,120,market,filled,2025-12-02,,681.91,120,81829.2,1.3119,0.146,0.00019,681.530029,2025-12-02,data/real/prices/yahoo/SPY.json,e0f05aaf67be23da1db20513eaed93274b165898427ebeab80c7cb2eca1d9a2d,SECONDARY,official DGS10-DGS3MO 21-session change,curve-steepener: steepening +18.0bp
CurveSteepener_MaxBeta-00037,@CurveSteepener_MaxBeta,2025-12-01,2025-12-02,COLLECTED,JPM,buy,160,market,filled,2025-12-02,,308.75,160,49400.0,2.3148,0.324,0.00221,307.880005,2025-12-02,data/real/prices/yahoo/JPM.json,169021a2b0a0985c1c427b57fe640e22b6ce82a79377bc3075417c6a8b98d12c,SECONDARY,official DGS10-DGS3MO 21-session change,curve-steepener: steepening +18.0bp
CurveSteepener_MaxBeta-00038,@CurveSteepener_MaxBeta,2025-12-01,2025-12-02,COLLECTED,XOM,buy,400,market,filled,2025-12-02,,116.45,400,46580.0,4.0869,0.859,0.00274,115.379997,2025-12-02,data/real/prices/yahoo/XOM.json,4a2c7d18351df35d3cb2b11781aad7ea882659abaffcd9d31683a3d09881cf97,SECONDARY,official DGS10-DGS3MO 21-session change,curve-steepener: steepening +18.0bp
OilDollar_FadeUNG-00050,@OilDollar_FadeUNG,2025-12-01,2025-12-02,COLLECTED,UNG,buy,400,market,filled,2025-12-02,,15.24,400,6096.0,3.5271,0.0,0.00394,14.96,2025-12-02,data/real/prices/yahoo/UNG.json,eb7bcc0769945fb2c40fbcd98753ed7e17e367cf69d2ce2bde9ae60f00a462cc,SECONDARY,official DCOILWTICO/DTWEXBGS 21-session rule,oil-dollar: oil -2.9%/21d against dollar +0.4%/21d
FDA_PDUFA_Drifter-00013,@FDA_PDUFA_Drifter,2025-12-01,2025-12-02,COLLECTED,IBB,sell,200,market,filled,2025-12-02,,170.15,200,34030.0,3.0239,0.588,0.0069,169.220001,2025-12-02,data/real/prices/yahoo/IBB.json,20849c9611587299a52489fe22060adc7823c700fb3483f21091d85a6cf8acb0,SECONDARY,"openFDA approval count, trailing 30 days",fda-drift: 30d approvals 66 < median 71
FDA_PDUFA_Drifter-00014,@FDA_PDUFA_Drifter,2025-12-01,2025-12-02,COLLECTED,XBI,sell,1400,market,filled,2025-12-02,,119.79,1400,167706.0,22.8173,0.835,0.00635,118.459999,2025-12-02,data/real/prices/yahoo/XBI.json,fe9eeb851e6faba2a7187e008fab271608d8a4d544227ad3543ac3d95d5dd769,SECONDARY,"openFDA approval count, trailing 30 days",fda-drift: 30d approvals 66 < median 71
Weather_ColdSnap_Live-00008,@Weather_ColdSnap_Live,2025-12-01,2025-12-02,COLLECTED,UNG,buy,400,market,filled,2025-12-02,,15.24,400,6096.0,3.5271,0.0,0.00394,14.96,2025-12-02,data/real/prices/yahoo/UNG.json,eb7bcc0769945fb2c40fbcd98753ed7e17e367cf69d2ce2bde9ae60f00a462cc,SECONDARY,NOAA/NCEI 10-day minimum-temperature anomaly,weather-proxy: warm anomaly +10.0degC over 10 days
PinePilot_EMA_Live-00004,@PinePilot_EMA_Live,2025-12-01,2025-12-02,COLLECTED,QQQ,buy,280,market,filled,2025-12-02,,619.48,280,173454.4,4.0369,0.323,0.00051,622.0,2025-12-02,data/real/prices/yahoo/QQQ.json,ae9ec3c0b0b8e0f5cd28ee45eac2dfcff9f95a7c5a1244e170ab0980d85979ed,SECONDARY,9/21 EMA cross,pinepilot: EMA9 609.97 > EMA21 609.85
VolControl_MaxLev-00023,@VolControl_MaxLev,2025-12-01,2025-12-02,COLLECTED,QQQ,sell,40,market,filled,2025-12-02,,619.46,40,24778.4,0.4237,0.0,7e-05,622.0,2025-12-02,data/real/prices/yahoo/QQQ.json,ae9ec3c0b0b8e0f5cd28ee45eac2dfcff9f95a7c5a1244e170ab0980d85979ed,SECONDARY,official VIXCLS tercile scaling,vol-control: middle tercile (VIX 17.24)
KitchenSink_Official-00025,@KitchenSink_Official,2025-12-01,2025-12-02,COLLECTED,TLT,buy,900,market,filled,2025-12-02,,88.59,900,79731.0,8.0818,1.129,0.00326,88.809998,2025-12-02,data/real/prices/yahoo/TLT.json,b2914ca7451d1c04fbe97f399361df69871d9a8afcbb0121541ac2bdd13a29f3,SECONDARY,sign of eight official 21-session changes,kitchen-sink[riskoff]: score -4 of 8 official signs
CurveSteepener_MaxBeta-00039,@CurveSteepener_MaxBeta,2025-12-02,2025-12-03,COLLECTED,JPM,buy,80,market,filled,2025-12-03,,307.21,80,24576.8,1.0026,0.325,0.00094,312.130005,2025-12-03,data/real/prices/yahoo/JPM.json,169021a2b0a0985c1c427b57fe640e22b6ce82a79377bc3075417c6a8b98d12c,SECONDARY,official DGS10-DGS3MO 21-session change,curve-steepener: steepening +17.0bp
CurveSteepener_MaxBeta-00040,@CurveSteepener_MaxBeta,2025-12-02,2025-12-03,COLLECTED,XOM,buy,300,market,filled,2025-12-03,,115.95,300,34785.0,2.9898,0.0,0.00178,117.800003,2025-12-03,data/real/prices/yahoo/XOM.json,4a2c7d18351df35d3cb2b11781aad7ea882659abaffcd9d31683a3d09881cf97,SECONDARY,official DGS10-DGS3MO 21-session change,curve-steepener: steepening +17.0bp
OilDollar_FadeUNG-00051,@OilDollar_FadeUNG,2025-12-02,2025-12-03,COLLECTED,UNG,buy,5100,market,filled,2025-12-03,,15.34,5100,78234.0,86.6941,6.523,0.04604,15.47,2025-12-03,data/real/prices/yahoo/UNG.json,eb7bcc0769945fb2c40fbcd98753ed7e17e367cf69d2ce2bde9ae60f00a462cc,SECONDARY,official DCOILWTICO/DTWEXBGS 21-session rule,"oil-dollar: mixed: oil -4.2%/21d, dollar -0.1%/21d"
OilDollar_FadeUNG-00052,@OilDollar_FadeUNG,2025-12-02,2025-12-03,COLLECTED,XOM,buy,300,market,filled,2025-12-03,,115.95,300,34785.0,2.9898,0.0,0.00178,117.800003,2025-12-03,data/real/prices/yahoo/XOM.json,4a2c7d18351df35d3cb2b11781aad7ea882659abaffcd9d31683a3d09881cf97,SECONDARY,official DCOILWTICO/DTWEXBGS 21-session rule,"oil-dollar: mixed: oil -4.2%/21d, dollar -0.1%/21d"
PinePilot_EMA_Live-00005,@PinePilot_EMA_Live,2025-12-02,2025-12-03,COLLECTED,QQQ,buy,80,market,filled,2025-12-03,,619.62,80,49569.6,0.9161,0.0,0.00017,623.52002,2025-12-03,data/real/prices/yahoo/QQQ.json,ae9ec3c0b0b8e0f5cd28ee45eac2dfcff9f95a7c5a1244e170ab0980d85979ed,SECONDARY,9/21 EMA cross,pinepilot: EMA9 612.38 > EMA21 610.95
KitchenSink_Official-00026,@KitchenSink_Official,2025-12-02,2025-12-03,COLLECTED,TLT,sell,900,market,filled,2025-12-03,,88.91,900,80019.0,8.238,1.124,0.00387,89.059998,2025-12-03,data/real/prices/yahoo/TLT.json,b2914ca7451d1c04fbe97f399361df69871d9a8afcbb0121541ac2bdd13a29f3,SECONDARY,sign of eight official 21-session changes,kitchen-sink[undecided]: score +0 of 8 official signs
KitchenSink_Official-00027,@KitchenSink_Official,2025-12-02,2025-12-03,COLLECTED,SPY,buy,40,market,filled,2025-12-03,,680.58,40,27223.2,0.3837,0.147,7e-05,683.890015,2025-12-03,data/real/prices/yahoo/SPY.json,e0f05aaf67be23da1db20513eaed93274b165898427ebeab80c7cb2eca1d9a2d,SECONDARY,sign of eight official 21-session changes,kitchen-sink[undecided]: score +0 of 8 official signs
CurveSteepener_MaxBeta-00041,@CurveSteepener_MaxBeta,2025-12-03,2025-12-04,COLLECTED,JPM,buy,40,market,filled,2025-12-04,,313.27,40,12530.8,0.4533,0.319,0.00042,316.100006,2025-12-04,data/real/prices/yahoo/JPM.json,169021a2b0a0985c1c427b57fe640e22b6ce82a79377bc3075417c6a8b98d12c,SECONDARY,official DGS10-DGS3MO 21-session change,curve-steepener: steepening +15.0bp
Weather_ColdSnap_Live-00009,@Weather_ColdSnap_Live,2025-12-03,2025-12-04,COLLECTED,XLU,sell,100,market,filled,2025-12-04,,43.77,100,4377.0,0.8466,1.143,0.00064,43.709999,2025-12-04,data/real/prices/yahoo/XLU.json,5dddbd83cab3a8b7cd0814ea8215cbfc7d759602d4557e0cdf34937ba995df5d,SECONDARY,NOAA/NCEI 10-day minimum-temperature anomaly,weather-proxy: warm anomaly +10.0degC over 10 days
Weather_ColdSnap_Live-00010,@Weather_ColdSnap_Live,2025-12-03,2025-12-04,COLLECTED,UNG,buy,100,market,filled,2025-12-04,,15.29,100,1529.0,0.8403,0.0,0.00078,15.66,2025-12-04,data/real/prices/yahoo/UNG.json,eb7bcc0769945fb2c40fbcd98753ed7e17e367cf69d2ce2bde9ae60f00a462cc,SECONDARY,NOAA/NCEI 10-day minimum-temperature anomaly,weather-proxy: warm anomaly +10.0degC over 10 days
VolControl_MaxLev-00024,@VolControl_MaxLev,2025-12-03,2025-12-04,COLLECTED,QQQ,buy,40,market,filled,2025-12-04,,624.93,40,24997.2,0.4182,0.0,8e-05,622.940002,2025-12-04,data/real/prices/yahoo/QQQ.json,ae9ec3c0b0b8e0f5cd28ee45eac2dfcff9f95a7c5a1244e170ab0980d85979ed,SECONDARY,official VIXCLS tercile scaling,vol-control: calm tercile (VIX 16.08 <= 16.43)
GoldVsRealRate_Live-00024,@GoldVsRealRate_Live,2025-12-03,2025-12-04,COLLECTED,TLT,sell,1300,market,filled,2025-12-04,,88.91,1300,115583.0,12.1439,0.0,0.00509,88.580002,2025-12-04,data/real/prices/yahoo/TLT.json,b2914ca7451d1c04fbe97f399361df69871d9a8afcbb0121541ac2bdd13a29f3,SECONDARY,"DGS10 minus SOFR, 21-session change",gold-real-rate: proxy flat (+4.0bp)
GoldVsRealRate_Live-00025,@GoldVsRealRate_Live,2025-12-03,2025-12-04,COLLECTED,GLD,buy,80,market,filled,2025-12-04,,386.93,80,30954.4,0.9122,0.258,0.00118,387.130005,2025-12-04,data/real/prices/yahoo/GLD.json,545093d31c9d8284e3b5dc66f668a6cb7391d9925b5abdf3e82bcaa71e423b40,SECONDARY,"DGS10 minus SOFR, 21-session change",gold-real-rate: proxy flat (+4.0bp)
KitchenSink_Official-00028,@KitchenSink_Official,2025-12-03,2025-12-04,COLLECTED,TLT,sell,100,market,filled,2025-12-04,,88.91,100,8891.0,0.8492,0.0,0.00039,88.580002,2025-12-04,data/real/prices/yahoo/TLT.json,b2914ca7451d1c04fbe97f399361df69871d9a8afcbb0121541ac2bdd13a29f3,SECONDARY,sign of eight official 21-session changes,kitchen-sink[undecided]: score +2 of 8 official signs
Weather_ColdSnap_Live-00011,@Weather_ColdSnap_Live,2025-12-04,2025-12-05,COLLECTED,UNG,buy,200,market,filled,2025-12-05,,16.38,200,3276.0,1.7216,6.108,0.00082,16.370001,2025-12-05,data/real/prices/yahoo/UNG.json,eb7bcc0769945fb2c40fbcd98753ed7e17e367cf69d2ce2bde9ae60f00a462cc,SECONDARY,NOAA/NCEI 10-day minimum-temperature anomaly,weather-proxy: warm anomaly +10.0degC over 10 days
VolControl_MaxLev-00025,@VolControl_MaxLev,2025-12-04,2025-12-05,COLLECTED,QQQ,buy,40,market,filled,2025-12-05,,624.39,40,24975.6,0.4125,0.16,7e-05,625.47998,2025-12-05,data/real/prices/yahoo/QQQ.json,ae9ec3c0b0b8e0f5cd28ee45eac2dfcff9f95a7c5a1244e170ab0980d85979ed,SECONDARY,official VIXCLS tercile scaling,vol-control: calm tercile (VIX 15.78 <= 16.43)
GoldVsRealRate_Live-00026,@GoldVsRealRate_Live,2025-12-04,2025-12-05,COLLECTED,GLD,sell,80,market,filled,2025-12-05,,389.11,80,31128.8,0.9048,0.257,0.00085,386.440002,2025-12-05,data/real/prices/yahoo/GLD.json,545093d31c9d8284e3b5dc66f668a6cb7391d9925b5abdf3e82bcaa71e423b40,SECONDARY,"DGS10 minus SOFR, 21-session change",gold-real-rate: opportunity-cost proxy rising +30.0bp
GoldVsRealRate_Live-00027,@GoldVsRealRate_Live,2025-12-04,2025-12-05,COLLECTED,TLT,buy,900,market,filled,2025-12-05,,88.56,900,79704.0,8.0959,1.129,0.00274,88.169998,2025-12-05,data/real/prices/yahoo/TLT.json,b2914ca7451d1c04fbe97f399361df69871d9a8afcbb0121541ac2bdd13a29f3,SECONDARY,"DGS10 minus SOFR, 21-session change",gold-real-rate: opportunity-cost proxy rising +30.0bp
KitchenSink_Official-00029,@KitchenSink_Official,2025-12-04,2025-12-05,COLLECTED,SPY,sell,80,market,filled,2025-12-05,,685.46,80,54836.8,0.8276,0.145,0.0001,685.690002,2025-12-05,data/real/prices/yahoo/SPY.json,e0f05aaf67be23da1db20513eaed93274b165898427ebeab80c7cb2eca1d9a2d,SECONDARY,sign of eight official 21-session changes,kitchen-sink[riskon]: score +6 of 8 official signs
KitchenSink_Official-00030,@KitchenSink_Official,2025-12-04,2025-12-05,COLLECTED,QQQ,buy,80,market,filled,2025-12-05,,624.39,80,49951.2,0.9016,0.16,0.00015,625.47998,2025-12-05,data/real/prices/yahoo/QQQ.json,ae9ec3c0b0b8e0f5cd28ee45eac2dfcff9f95a7c5a1244e170ab0980d85979ed,SECONDARY,sign of eight official 21-session changes,kitchen-sink[riskon]: score +6 of 8 official signs
Weather_ColdSnap_Live-00012,@Weather_ColdSnap_Live,2025-12-05,2025-12-08,COLLECTED,UNG,buy,300,market,filled,2025-12-08,,15.49,300,4647.0,2.614,0.0,0.00162,15.07,2025-12-08,data/real/prices/yahoo/UNG.json,eb7bcc0769945fb2c40fbcd98753ed7e17e367cf69d2ce2bde9ae60f00a462cc,SECONDARY,NOAA/NCEI 10-day minimum-temperature anomaly,weather-proxy: warm anomaly +10.0degC over 10 days
GoldVsRealRate_Live-00028,@GoldVsRealRate_Live,2025-12-05,2025-12-08,COLLECTED,TLT,buy,400,market,filled,2025-12-08,,88.2,400,35280.0,3.4487,1.134,0.00124,87.879997,2025-12-08,data/real/prices/yahoo/TLT.json,b2914ca7451d1c04fbe97f399361df69871d9a8afcbb0121541ac2bdd13a29f3,SECONDARY,"DGS10 minus SOFR, 21-session change",gold-real-rate: opportunity-cost proxy rising +21.0bp
FDA_Fade_Live-00011,@FDA_Fade_Live,2025-12-05,2025-12-08,COLLECTED,XBI,buy,900,market,filled,2025-12-08,,125.17,900,112653.0,12.9923,1.598,0.00931,123.660004,2025-12-08,data/real/prices/yahoo/XBI.json,fe9eeb851e6faba2a7187e008fab271608d8a4d544227ad3543ac3d95d5dd769,SECONDARY,"openFDA approval drought, bought",fda-fade: approval z -1.17 < -1.0
KitchenSink_Official-00031,@KitchenSink_Official,2025-12-05,2025-12-08,COLLECTED,QQQ,buy,80,market,filled,2025-12-08,,627.22,80,50177.6,0.9015,0.159,0.00018,624.280029,2025-12-08,data/real/prices/yahoo/QQQ.json,ae9ec3c0b0b8e0f5cd28ee45eac2dfcff9f95a7c5a1244e170ab0980d85979ed,SECONDARY,sign of eight official 21-session changes,kitchen-sink[riskon]: score +4 of 8 official signs
SOFRPivot_Rider-00024,@SOFRPivot_Rider,2025-12-08,2025-12-09,COLLECTED,QQQ,sell,160,market,filled,2025-12-09,,623.01,160,99681.6,1.9964,0.0,0.00043,625.049988,2025-12-09,data/real/prices/yahoo/QQQ.json,ae9ec3c0b0b8e0f5cd28ee45eac2dfcff9f95a7c5a1244e170ab0980d85979ed,SECONDARY,official SOFR 21-session direction,sofr-pivot: flat (+4.0bp over 21 sessions)
SOFRPivot_Rider-00025,@SOFRPivot_Rider,2025-12-08,2025-12-09,COLLECTED,TSLA,sell,40,market,filled,2025-12-09,,437.53,40,17501.2,0.6489,0.229,6e-05,445.170013,2025-12-09,data/real/prices/yahoo/TSLA.json,6916f4c63d07180ce9efd08a9e88d50b7d43121d02443b933214c54bbb6e84f7,SECONDARY,official SOFR 21-session direction,sofr-pivot: flat (+4.0bp over 21 sessions)
Weather_ColdSnap_Live-00013,@Weather_ColdSnap_Live,2025-12-08,2025-12-09,COLLECTED,UNG,sell,500,market,filled,2025-12-09,,14.59,500,7295.0,4.6067,6.849,0.00272,14.1,2025-12-09,data/real/prices/yahoo/UNG.json,eb7bcc0769945fb2c40fbcd98753ed7e17e367cf69d2ce2bde9ae60f00a462cc,SECONDARY,NOAA/NCEI 10-day minimum-temperature anomaly,weather-proxy: warm anomaly +10.0degC over 10 days
VolControl_MaxLev-00026,@VolControl_MaxLev,2025-12-08,2025-12-09,COLLECTED,QQQ,sell,80,market,filled,2025-12-09,,623.01,80,49840.8,0.8972,0.0,0.00022,625.049988,2025-12-09,data/real/prices/yahoo/QQQ.json,ae9ec3c0b0b8e0f5cd28ee45eac2dfcff9f95a7c5a1244e170ab0980d85979ed,SECONDARY,official VIXCLS tercile scaling,vol-control: middle tercile (VIX 16.66)
FDA_Fade_Live-00012,@FDA_Fade_Live,2025-12-08,2025-12-09,COLLECTED,XBI,buy,400,market,filled,2025-12-09,,123.09,400,49236.0,4.8821,0.812,0.00415,121.190002,2025-12-09,data/real/prices/yahoo/XBI.json,fe9eeb851e6faba2a7187e008fab271608d8a4d544227ad3543ac3d95d5dd769,SECONDARY,"openFDA approval drought, bought",fda-fade: approval z -1.66 < -1.0
KitchenSink_Official-00032,@KitchenSink_Official,2025-12-08,2025-12-09,COLLECTED,QQQ,buy,40,market,filled,2025-12-09,,623.02,40,24920.8,0.4062,0.16,0.00011,625.049988,2025-12-09,data/real/prices/yahoo/QQQ.json,ae9ec3c0b0b8e0f5cd28ee45eac2dfcff9f95a7c5a1244e170ab0980d85979ed,SECONDARY,sign of eight official 21-session changes,kitchen-sink[riskon]: score +3 of 8 official signs
SOFRPivot_Rider-00026,@SOFRPivot_Rider,2025-12-09,2025-12-10,COLLECTED,TSLA,sell,40,market,filled,2025-12-10,,446.06,40,17842.4,0.6466,0.224,6e-05,451.450012,2025-12-10,data/real/prices/yahoo/TSLA.json,6916f4c63d07180ce9efd08a9e88d50b7d43121d02443b933214c54bbb6e84f7,SECONDARY,official SOFR 21-session direction,sofr-pivot: flat (+1.0bp over 21 sessions)
SOFRPivot_Rider-00027,@SOFRPivot_Rider,2025-12-09,2025-12-10,COLLECTED,SPY,buy,80,market,filled,2025-12-10,,682.56,80,54604.8,0.8069,0.0,9e-05,687.570007,2025-12-10,data/real/prices/yahoo/SPY.json,e0f05aaf67be23da1db20513eaed93274b165898427ebeab80c7cb2eca1d9a2d,SECONDARY,official SOFR 21-session direction,sofr-pivot: flat (+1.0bp over 21 sessions)
Weather_ColdSnap_Live-00014,@Weather_ColdSnap_Live,2025-12-09,2025-12-10,COLLECTED,UNG,sell,500,market,filled,2025-12-10,,14.3,500,7150.0,4.6435,-0.0,0.00333,14.26,2025-12-10,data/real/prices/yahoo/UNG.json,eb7bcc0769945fb2c40fbcd98753ed7e17e367cf69d2ce2bde9ae60f00a462cc,SECONDARY,NOAA/NCEI 10-day minimum-temperature anomaly,weather-proxy: warm anomaly +10.0degC over 10 days
GoldVsRealRate_Live-00029,@GoldVsRealRate_Live,2025-12-09,2025-12-10,COLLECTED,TLT,sell,1200,market,filled,2025-12-10,,88.0,1200,105600.0,11.0052,-0.0,0.00256,88.309998,2025-12-10,data/real/prices/yahoo/TLT.json,b2914ca7451d1c04fbe97f399361df69871d9a8afcbb0121541ac2bdd13a29f3,SECONDARY,"DGS10 minus SOFR, 21-session change",gold-real-rate: proxy flat (-1.0bp)
GoldVsRealRate_Live-00030,@GoldVsRealRate_Live,2025-12-09,2025-12-10,COLLECTED,GLD,buy,80,market,filled,2025-12-10,,385.96,80,30876.8,0.8903,0.259,0.00088,389.049988,2025-12-10,data/real/prices/yahoo/GLD.json,545093d31c9d8284e3b5dc66f668a6cb7391d9925b5abdf3e82bcaa71e423b40,SECONDARY,"DGS10 minus SOFR, 21-session change",gold-real-rate: proxy flat (-1.0bp)
KitchenSink_Official-00033,@KitchenSink_Official,2025-12-09,2025-12-10,COLLECTED,QQQ,sell,200,market,filled,2025-12-10,,623.84,200,124768.0,2.5968,0.16,0.00036,627.609985,2025-12-10,data/real/prices/yahoo/QQQ.json,ae9ec3c0b0b8e0f5cd28ee45eac2dfcff9f95a7c5a1244e170ab0980d85979ed,SECONDARY,sign of eight official 21-session changes,kitchen-sink[undecided]: score +2 of 8 official signs
KitchenSink_Official-00034,@KitchenSink_Official,2025-12-09,2025-12-10,COLLECTED,SPY,buy,40,market,filled,2025-12-10,,682.56,40,27302.4,0.379,0.0,5e-05,687.570007,2025-12-10,data/real/prices/yahoo/SPY.json,e0f05aaf67be23da1db20513eaed93274b165898427ebeab80c7cb2eca1d9a2d,SECONDARY,sign of eight official 21-session changes,kitchen-sink[undecided]: score +2 of 8 official signs
SOFRPivot_Rider-00028,@SOFRPivot_Rider,2025-12-10,2025-12-11,COLLECTED,SPY,sell,80,market,filled,2025-12-11,,685.14,80,54811.2,0.8093,0.0,9e-05,689.169983,2025-12-11,data/real/prices/yahoo/SPY.json,e0f05aaf67be23da1db20513eaed93274b165898427ebeab80c7cb2eca1d9a2d,SECONDARY,official SOFR 21-session direction,sofr-pivot: easing (-3.0bp over 21 sessions)
SOFRPivot_Rider-00029,@SOFRPivot_Rider,2025-12-10,2025-12-11,COLLECTED,QQQ,buy,80,market,filled,2025-12-11,,623.83,80,49906.4,0.8625,0.16,0.00014,625.580017,2025-12-11,data/real/prices/yahoo/QQQ.json,ae9ec3c0b0b8e0f5cd28ee45eac2dfcff9f95a7c5a1244e170ab0980d85979ed,SECONDARY,official SOFR 21-session direction,sofr-pivot: easing (-3.0bp over 21 sessions)
SOFRPivot_Rider-00030,@SOFRPivot_Rider,2025-12-10,2025-12-11,COLLECTED,TSLA,buy,80,market,filled,2025-12-11,,448.96,80,35916.8,1.3709,0.222,0.00014,446.890015,2025-12-11,data/real/prices/yahoo/TSLA.json,6916f4c63d07180ce9efd08a9e88d50b7d43121d02443b933214c54bbb6e84f7,SECONDARY,official SOFR 21-session direction,sofr-pivot: easing (-3.0bp over 21 sessions)
VolControl_MaxLev-00027,@VolControl_MaxLev,2025-12-10,2025-12-11,COLLECTED,QQQ,buy,40,market,filled,2025-12-11,,623.83,40,24953.2,0.3987,0.16,7e-05,625.580017,2025-12-11,data/real/prices/yahoo/QQQ.json,ae9ec3c0b0b8e0f5cd28ee45eac2dfcff9f95a7c5a1244e170ab0980d85979ed,SECONDARY,official VIXCLS tercile scaling,vol-control: calm tercile (VIX 15.77 <= 16.50)
GoldVsRealRate_Live-00031,@GoldVsRealRate_Live,2025-12-10,2025-12-11,COLLECTED,TLT,sell,100,market,filled,2025-12-11,,88.69,100,8869.0,0.8464,0.0,0.00037,88.190002,2025-12-11,data/real/prices/yahoo/TLT.json,b2914ca7451d1c04fbe97f399361df69871d9a8afcbb0121541ac2bdd13a29f3,SECONDARY,"DGS10 minus SOFR, 21-session change",gold-real-rate: proxy flat (+4.0bp)
GoldVsRealRate_Live-00032,@GoldVsRealRate_Live,2025-12-10,2025-12-11,COLLECTED,GLD,buy,80,market,filled,2025-12-11,,389.02,80,31121.6,0.8491,0.0,0.00071,393.23999,2025-12-11,data/real/prices/yahoo/GLD.json,545093d31c9d8284e3b5dc66f668a6cb7391d9925b5abdf3e82bcaa71e423b40,SECONDARY,"DGS10 minus SOFR, 21-session change",gold-real-rate: proxy flat (+4.0bp)
FDA_Fade_Live-00013,@FDA_Fade_Live,2025-12-10,2025-12-11,COLLECTED,XBI,buy,100,market,filled,2025-12-11,,122.02,100,12202.0,1.0199,0.819,0.00142,123.019997,2025-12-11,data/real/prices/yahoo/XBI.json,fe9eeb851e6faba2a7187e008fab271608d8a4d544227ad3543ac3d95d5dd769,SECONDARY,"openFDA approval drought, bought",fda-fade: approval z -1.23 < -1.0
KitchenSink_Official-00035,@KitchenSink_Official,2025-12-10,2025-12-11,COLLECTED,SPY,sell,40,market,filled,2025-12-11,,685.14,40,27405.6,0.3818,0.0,5e-05,689.169983,2025-12-11,data/real/prices/yahoo/SPY.json,e0f05aaf67be23da1db20513eaed93274b165898427ebeab80c7cb2eca1d9a2d,SECONDARY,sign of eight official 21-session changes,kitchen-sink[riskon]: score +4 of 8 official signs
KitchenSink_Official-00036,@KitchenSink_Official,2025-12-10,2025-12-11,COLLECTED,QQQ,buy,120,market,filled,2025-12-11,,623.83,120,74859.6,1.3687,0.16,0.00021,625.580017,2025-12-11,data/real/prices/yahoo/QQQ.json,ae9ec3c0b0b8e0f5cd28ee45eac2dfcff9f95a7c5a1244e170ab0980d85979ed,SECONDARY,sign of eight official 21-session changes,kitchen-sink[riskon]: score +4 of 8 official signs
DowNasdaq_SpreadMax-00013,@DowNasdaq_SpreadMax,2025-12-11,2025-12-12,COLLECTED,QQQ,sell,120,market,filled,2025-12-12,,622.08,120,74649.6,1.3874,0.0,0.00016,613.619995,2025-12-12,data/real/prices/yahoo/QQQ.json,ae9ec3c0b0b8e0f5cd28ee45eac2dfcff9f95a7c5a1244e170ab0980d85979ed,SECONDARY,official DJIA vs NASDAQCOM 63-session relative strength,dow-vs-nasdaq: within 1pp (Dow +6.26% vs Nasdaq +6.56%)
SOFRPivot_Rider-00031,@SOFRPivot_Rider,2025-12-11,2025-12-12,COLLECTED,QQQ,buy,40,market,filled,2025-12-12,,622.09,40,24883.6,0.3984,0.16,5e-05,613.619995,2025-12-12,data/real/prices/yahoo/QQQ.json,ae9ec3c0b0b8e0f5cd28ee45eac2dfcff9f95a7c5a1244e170ab0980d85979ed,SECONDARY,official SOFR 21-session direction,sofr-pivot: easing (-29.0bp over 21 sessions)
Weather_ColdSnap_Live-00015,@Weather_ColdSnap_Live,2025-12-11,2025-12-12,COLLECTED,UNG,sell,800,market,filled,2025-12-12,,12.71,800,10168.0,7.6333,7.862,0.00425,12.73,2025-12-12,data/real/prices/yahoo/UNG.json,eb7bcc0769945fb2c40fbcd98753ed7e17e367cf69d2ce2bde9ae60f00a462cc,SECONDARY,NOAA/NCEI 10-day minimum-temperature anomaly,weather-proxy: warm anomaly +10.0degC over 10 days
Weather_ColdSnap_Live-00016,@Weather_ColdSnap_Live,2025-12-11,2025-12-12,COLLECTED,XLU,buy,100,market,filled,2025-12-12,,43.17,100,4317.0,0.8303,0.0,0.00058,42.830002,2025-12-12,data/real/prices/yahoo/XLU.json,5dddbd83cab3a8b7cd0814ea8215cbfc7d759602d4557e0cdf34937ba995df5d,SECONDARY,NOAA/NCEI 10-day minimum-temperature anomaly,weather-proxy: warm anomaly +10.0degC over 10 days
VolControl_MaxLev-00028,@VolControl_MaxLev,2025-12-11,2025-12-12,COLLECTED,QQQ,buy,40,market,filled,2025-12-12,,622.09,40,24883.6,0.3984,0.16,5e-05,613.619995,2025-12-12,data/real/prices/yahoo/QQQ.json,ae9ec3c0b0b8e0f5cd28ee45eac2dfcff9f95a7c5a1244e170ab0980d85979ed,SECONDARY,official VIXCLS tercile scaling,vol-control: calm tercile (VIX 14.85 <= 16.43)
GoldVsRealRate_Live-00033,@GoldVsRealRate_Live,2025-12-11,2025-12-12,COLLECTED,GLD,sell,160,market,filled,2025-12-12,,399.16,160,63865.6,1.9299,0.0,0.00095,395.440002,2025-12-12,data/real/prices/yahoo/GLD.json,545093d31c9d8284e3b5dc66f668a6cb7391d9925b5abdf3e82bcaa71e423b40,SECONDARY,"DGS10 minus SOFR, 21-session change",gold-real-rate: opportunity-cost proxy rising +30.0bp
GoldVsRealRate_Live-00034,@GoldVsRealRate_Live,2025-12-11,2025-12-12,COLLECTED,TLT,buy,800,market,filled,2025-12-12,,87.38,800,69904.0,7.0483,0.0,0.0017,87.339996,2025-12-12,data/real/prices/yahoo/TLT.json,b2914ca7451d1c04fbe97f399361df69871d9a8afcbb0121541ac2bdd13a29f3,SECONDARY,"DGS10 minus SOFR, 21-session change",gold-real-rate: opportunity-cost proxy rising +30.0bp
KitchenSink_Official-00037,@KitchenSink_Official,2025-12-11,2025-12-12,COLLECTED,QQQ,buy,80,market,filled,2025-12-12,,622.09,80,49767.2,0.8618,0.16,0.00011,613.619995,2025-12-12,data/real/prices/yahoo/QQQ.json,ae9ec3c0b0b8e0f5cd28ee45eac2dfcff9f95a7c5a1244e170ab0980d85979ed,SECONDARY,sign of eight official 21-session changes,kitchen-sink[riskon]: score +4 of 8 official signs
DowNasdaq_SpreadMax-00014,@DowNasdaq_SpreadMax,2025-12-12,2025-12-15,COLLECTED,QQQ,sell,160,market,filled,2025-12-15,,618.36,160,98937.6,1.9757,0.162,0.00032,610.539978,2025-12-15,data/real/prices/yahoo/QQQ.json,ae9ec3c0b0b8e0f5cd28ee45eac2dfcff9f95a7c5a1244e170ab0980d85979ed,SECONDARY,official DJIA vs NASDAQCOM 63-session relative strength,dow-vs-nasdaq: Dow leg stronger (+5.61% vs +3.79%)
DowNasdaq_SpreadMax-00015,@DowNasdaq_SpreadMax,2025-12-12,2025-12-15,COLLECTED,SPY,buy,80,market,filled,2025-12-15,,685.74,80,54859.2,0.8024,0.0,9e-05,680.72998,2025-12-15,data/real/prices/yahoo/SPY.json,e0f05aaf67be23da1db20513eaed93274b165898427ebeab80c7cb2eca1d9a2d,SECONDARY,official DJIA vs NASDAQCOM 63-session relative strength,dow-vs-nasdaq: Dow leg stronger (+5.61% vs +3.79%)
SOFRPivot_Rider-00032,@SOFRPivot_Rider,2025-12-12,2025-12-15,COLLECTED,QQQ,buy,40,market,filled,2025-12-15,,618.37,40,24734.8,0.4036,0.0,8e-05,610.539978,2025-12-15,data/real/prices/yahoo/QQQ.json,ae9ec3c0b0b8e0f5cd28ee45eac2dfcff9f95a7c5a1244e170ab0980d85979ed,SECONDARY,official SOFR 21-session direction,sofr-pivot: easing (-31.0bp over 21 sessions)
Weather_ColdSnap_Live-00017,@Weather_ColdSnap_Live,2025-12-12,2025-12-15,COLLECTED,UNG,sell,300,market,filled,2025-12-15,,12.57,300,3771.0,2.6992,-0.0,0.00186,12.46,2025-12-15,data/real/prices/yahoo/UNG.json,eb7bcc0769945fb2c40fbcd98753ed7e17e367cf69d2ce2bde9ae60f00a462cc,SECONDARY,NOAA/NCEI 10-day minimum-temperature anomaly,weather-proxy: warm anomaly +10.0degC over 10 days
GoldVsRealRate_Live-00035,@GoldVsRealRate_Live,2025-12-12,2025-12-15,COLLECTED,TLT,buy,600,market,filled,2025-12-15,,87.73,600,52638.0,5.2439,1.14,0.0021,87.400002,2025-12-15,data/real/prices/yahoo/TLT.json,b2914ca7451d1c04fbe97f399361df69871d9a8afcbb0121541ac2bdd13a29f3,SECONDARY,"DGS10 minus SOFR, 21-session change",gold-real-rate: opportunity-cost proxy rising +34.0bp
KitchenSink_Official-00038,@KitchenSink_Official,2025-12-12,2025-12-15,COLLECTED,QQQ,sell,200,market,filled,2025-12-15,,618.36,200,123672.0,2.5683,0.162,0.0004,610.539978,2025-12-15,data/real/prices/yahoo/QQQ.json,ae9ec3c0b0b8e0f5cd28ee45eac2dfcff9f95a7c5a1244e170ab0980d85979ed,SECONDARY,sign of eight official 21-session changes,kitchen-sink[undecided]: score +0 of 8 official signs
KitchenSink_Official-00039,@KitchenSink_Official,2025-12-12,2025-12-15,COLLECTED,SPY,buy,40,market,filled,2025-12-15,,685.74,40,27429.6,0.3774,0.0,4e-05,680.72998,2025-12-15,data/real/prices/yahoo/SPY.json,e0f05aaf67be23da1db20513eaed93274b165898427ebeab80c7cb2eca1d9a2d,SECONDARY,sign of eight official 21-session changes,kitchen-sink[undecided]: score +0 of 8 official signs
DowNasdaq_SpreadMax-00016,@DowNasdaq_SpreadMax,2025-12-15,2025-12-16,COLLECTED,SPY,buy,80,market,filled,2025-12-16,,679.23,80,54338.4,0.7831,0.0,7e-05,678.869995,2025-12-16,data/real/prices/yahoo/SPY.json,e0f05aaf67be23da1db20513eaed93274b165898427ebeab80c7cb2eca1d9a2d,SECONDARY,official DJIA vs NASDAQCOM 63-session relative strength,dow-vs-nasdaq: Dow leg stronger (+5.81% vs +3.24%)
Weather_ColdSnap_Live-00018,@Weather_ColdSnap_Live,2025-12-15,2025-12-16,COLLECTED,UNG,sell,200,market,filled,2025-12-16,,12.02,200,2404.0,1.7622,8.313,0.00111,12.1,2025-12-16,data/real/prices/yahoo/UNG.json,eb7bcc0769945fb2c40fbcd98753ed7e17e367cf69d2ce2bde9ae60f00a462cc,SECONDARY,NOAA/NCEI 10-day minimum-temperature anomaly,weather-proxy: warm anomaly +10.0degC over 10 days
Weather_ColdSnap_Live-00019,@Weather_ColdSnap_Live,2025-12-15,2025-12-16,COLLECTED,XLU,buy,100,market,filled,2025-12-16,,43.21,100,4321.0,0.83,2.315,0.00052,43.040001,2025-12-16,data/real/prices/yahoo/XLU.json,5dddbd83cab3a8b7cd0814ea8215cbfc7d759602d4557e0cdf34937ba995df5d,SECONDARY,NOAA/NCEI 10-day minimum-temperature anomaly,weather-proxy: warm anomaly +10.0degC over 10 days
VolControl_MaxLev-00029,@VolControl_MaxLev,2025-12-15,2025-12-16,COLLECTED,QQQ,sell,80,market,filled,2025-12-16,,608.26,80,48660.8,0.8677,0.0,0.00015,611.75,2025-12-16,data/real/prices/yahoo/QQQ.json,ae9ec3c0b0b8e0f5cd28ee45eac2dfcff9f95a7c5a1244e170ab0980d85979ed,SECONDARY,official VIXCLS tercile scaling,vol-control: middle tercile (VIX 16.50)
KitchenSink_Official-00040,@KitchenSink_Official,2025-12-15,2025-12-16,COLLECTED,SPY,sell,40,market,filled,2025-12-16,,679.22,40,27168.8,0.3772,0.147,3e-05,678.869995,2025-12-16,data/real/prices/yahoo/SPY.json,e0f05aaf67be23da1db20513eaed93274b165898427ebeab80c7cb2eca1d9a2d,SECONDARY,sign of eight official 21-session changes,kitchen-sink[riskon]: score +4 of 8 official signs
KitchenSink_Official-00041,@KitchenSink_Official,2025-12-15,2025-12-16,COLLECTED,QQQ,buy,120,market,filled,2025-12-16,,608.27,120,72992.4,1.3539,0.164,0.00022,611.75,2025-12-16,data/real/prices/yahoo/QQQ.json,ae9ec3c0b0b8e0f5cd28ee45eac2dfcff9f95a7c5a1244e170ab0980d85979ed,SECONDARY,sign of eight official 21-session changes,kitchen-sink[riskon]: score +4 of 8 official signs
DowNasdaq_SpreadMax-00017,@DowNasdaq_SpreadMax,2025-12-16,2025-12-17,COLLECTED,QQQ,buy,80,market,filled,2025-12-17,,613.06,80,49044.8,0.8567,0.0,0.00011,600.409973,2025-12-17,data/real/prices/yahoo/QQQ.json,ae9ec3c0b0b8e0f5cd28ee45eac2dfcff9f95a7c5a1244e170ab0980d85979ed,SECONDARY,official DJIA vs NASDAQCOM 63-session relative strength,dow-vs-nasdaq: within 1pp (Dow +4.55% vs Nasdaq +3.82%)
Weather_ColdSnap_Live-00020,@Weather_ColdSnap_Live,2025-12-16,2025-12-17,COLLECTED,UNG,sell,400,market,filled,2025-12-17,,12.41,400,4964.0,3.6424,-0.0,0.00325,12.64,2025-12-17,data/real/prices/yahoo/UNG.json,eb7bcc0769945fb2c40fbcd98753ed7e17e367cf69d2ce2bde9ae60f00a462cc,SECONDARY,NOAA/NCEI 10-day minimum-temperature anomaly,weather-proxy: warm anomaly +10.0degC over 10 days
KitchenSink_Official-00042,@KitchenSink_Official,2025-12-16,2025-12-17,COLLECTED,QQQ,buy,80,market,filled,2025-12-17,,613.06,80,49044.8,0.8567,0.0,0.00011,600.409973,2025-12-17,data/real/prices/yahoo/QQQ.json,ae9ec3c0b0b8e0f5cd28ee45eac2dfcff9f95a7c5a1244e170ab0980d85979ed,SECONDARY,sign of eight official 21-session changes,kitchen-sink[riskon]: score +4 of 8 official signs
DowNasdaq_SpreadMax-00018,@DowNasdaq_SpreadMax,2025-12-17,2025-12-18,COLLECTED,QQQ,sell,40,market,filled,2025-12-18,,609.79,40,24391.6,0.4072,0.164,5e-05,609.109985,2025-12-18,data/real/prices/yahoo/QQQ.json,ae9ec3c0b0b8e0f5cd28ee45eac2dfcff9f95a7c5a1244e170ab0980d85979ed,SECONDARY,official DJIA vs NASDAQCOM 63-session relative strength,dow-vs-nasdaq: Dow leg stronger (+3.78% vs +0.99%)
Weather_ColdSnap_Live-00021,@Weather_ColdSnap_Live,2025-12-17,2025-12-18,COLLECTED,UNG,buy,500,market,filled,2025-12-18,,12.69,500,6345.0,4.5545,0.0,0.00315,12.03,2025-12-18,data/real/prices/yahoo/UNG.json,eb7bcc0769945fb2c40fbcd98753ed7e17e367cf69d2ce2bde9ae60f00a462cc,SECONDARY,NOAA/NCEI 10-day minimum-temperature anomaly,weather-proxy: warm anomaly +10.0degC over 10 days
PinePilot_EMA_Live-00006,@PinePilot_EMA_Live,2025-12-17,2025-12-18,COLLECTED,QQQ,sell,320,market,filled,2025-12-18,,609.78,320,195129.6,4.4367,0.328,0.00041,609.109985,2025-12-18,data/real/prices/yahoo/QQQ.json,ae9ec3c0b0b8e0f5cd28ee45eac2dfcff9f95a7c5a1244e170ab0980d85979ed,SECONDARY,9/21 EMA cross,pinepilot: EMA9 613.98 < EMA21 614.92
KitchenSink_Official-00043,@KitchenSink_Official,2025-12-17,2025-12-18,COLLECTED,QQQ,sell,160,market,filled,2025-12-18,,609.79,160,97566.4,1.9513,0.164,0.0002,609.109985,2025-12-18,data/real/prices/yahoo/QQQ.json,ae9ec3c0b0b8e0f5cd28ee45eac2dfcff9f95a7c5a1244e170ab0980d85979ed,SECONDARY,sign of eight official 21-session changes,kitchen-sink[undecided]: score +2 of 8 official signs
KitchenSink_Official-00044,@KitchenSink_Official,2025-12-17,2025-12-18,COLLECTED,SPY,buy,40,market,filled,2025-12-18,,677.6,40,27104.0,0.3713,0.0,4e-05,676.469971,2025-12-18,data/real/prices/yahoo/SPY.json,e0f05aaf67be23da1db20513eaed93274b165898427ebeab80c7cb2eca1d9a2d,SECONDARY,sign of eight official 21-session changes,kitchen-sink[undecided]: score +2 of 8 official signs
DowNasdaq_SpreadMax-00019,@DowNasdaq_SpreadMax,2025-12-18,2025-12-19,COLLECTED,QQQ,sell,40,market,filled,2025-12-19,,611.95,40,24478.0,0.4079,0.0,7e-05,617.049988,2025-12-19,data/real/prices/yahoo/QQQ.json,ae9ec3c0b0b8e0f5cd28ee45eac2dfcff9f95a7c5a1244e170ab0980d85979ed,SECONDARY,official DJIA vs NASDAQCOM 63-session relative strength,dow-vs-nasdaq: Dow leg stronger (+3.53% vs +1.66%)
DowNasdaq_SpreadMax-00020,@DowNasdaq_SpreadMax,2025-12-18,2025-12-19,COLLECTED,SPY,buy,40,market,filled,2025-12-19,,676.6,40,27064.0,0.3703,0.147,4e-05,680.590027,2025-12-19,data/real/prices/yahoo/SPY.json,e0f05aaf67be23da1db20513eaed93274b165898427ebeab80c7cb2eca1d9a2d,SECONDARY,official DJIA vs NASDAQCOM 63-session relative strength,dow-vs-nasdaq: Dow leg stronger (+3.53% vs +1.66%)
Weather_ColdSnap_Live-00022,@Weather_ColdSnap_Live,2025-12-18,2025-12-19,COLLECTED,UNG,sell,500,market,filled,2025-12-19,,12.07,500,6035.0,4.6217,8.278,0.00399,12.19,2025-12-19,data/real/prices/yahoo/UNG.json,eb7bcc0769945fb2c40fbcd98753ed7e17e367cf69d2ce2bde9ae60f00a462cc,SECONDARY,NOAA/NCEI 10-day minimum-temperature anomaly,weather-proxy: warm anomaly +9.0degC over 10 days
KitchenSink_Official-00045,@KitchenSink_Official,2025-12-18,2025-12-19,COLLECTED,SPY,sell,40,market,filled,2025-12-19,,676.59,40,27063.6,0.3769,0.0,4e-05,680.590027,2025-12-19,data/real/prices/yahoo/SPY.json,e0f05aaf67be23da1db20513eaed93274b165898427ebeab80c7cb2eca1d9a2d,SECONDARY,sign of eight official 21-session changes,kitchen-sink[riskon]: score +5 of 8 official signs
KitchenSink_Official-00046,@KitchenSink_Official,2025-12-18,2025-12-19,COLLECTED,QQQ,buy,80,market,filled,2025-12-19,,611.96,80,48956.8,0.8699,0.163,0.00013,617.049988,2025-12-19,data/real/prices/yahoo/QQQ.json,ae9ec3c0b0b8e0f5cd28ee45eac2dfcff9f95a7c5a1244e170ab0980d85979ed,SECONDARY,sign of eight official 21-session changes,kitchen-sink[riskon]: score +5 of 8 official signs
DowNasdaq_SpreadMax-00021,@DowNasdaq_SpreadMax,2025-12-19,2025-12-22,COLLECTED,SPY,buy,40,market,filled,2025-12-22,,683.95,40,27358.0,0.3711,0.146,6e-05,684.830017,2025-12-22,data/real/prices/yahoo/SPY.json,e0f05aaf67be23da1db20513eaed93274b165898427ebeab80c7cb2eca1d9a2d,SECONDARY,official DJIA vs NASDAQCOM 63-session relative strength,dow-vs-nasdaq: Dow leg stronger (+3.78% vs +2.28%)
VolControl_MaxLev-00030,@VolControl_MaxLev,2025-12-19,2025-12-22,COLLECTED,QQQ,buy,40,market,filled,2025-12-22,,621.35,40,24854.0,0.4044,0.0,9e-05,619.210022,2025-12-22,data/real/prices/yahoo/QQQ.json,ae9ec3c0b0b8e0f5cd28ee45eac2dfcff9f95a7c5a1244e170ab0980d85979ed,SECONDARY,official VIXCLS tercile scaling,vol-control: calm tercile (VIX 14.91 <= 16.48)
KitchenSink_Official-00047,@KitchenSink_Official,2025-12-19,2025-12-22,COLLECTED,QQQ,buy,80,market,filled,2025-12-22,,621.35,80,49708.0,0.8786,0.0,0.00018,619.210022,2025-12-22,data/real/prices/yahoo/QQQ.json,ae9ec3c0b0b8e0f5cd28ee45eac2dfcff9f95a7c5a1244e170ab0980d85979ed,SECONDARY,sign of eight official 21-session changes,kitchen-sink[riskon]: score +4 of 8 official signs
DowNasdaq_SpreadMax-00022,@DowNasdaq_SpreadMax,2025-12-22,2025-12-23,COLLECTED,SPY,sell,80,market,filled,2025-12-23,,683.91,80,54712.8,0.7791,0.146,0.00012,687.960022,2025-12-23,data/real/prices/yahoo/SPY.json,e0f05aaf67be23da1db20513eaed93274b165898427ebeab80c7cb2eca1d9a2d,SECONDARY,official DJIA vs NASDAQCOM 63-session relative strength,dow-vs-nasdaq: within 1pp (Dow +4.47% vs Nasdaq +3.79%)
DowNasdaq_SpreadMax-00023,@DowNasdaq_SpreadMax,2025-12-22,2025-12-23,COLLECTED,QQQ,buy,40,market,filled,2025-12-23,,618.21,40,24728.4,0.393,0.162,0.0001,622.109985,2025-12-23,data/real/prices/yahoo/QQQ.json,ae9ec3c0b0b8e0f5cd28ee45eac2dfcff9f95a7c5a1244e170ab0980d85979ed,SECONDARY,official DJIA vs NASDAQCOM 63-session relative strength,dow-vs-nasdaq: within 1pp (Dow +4.47% vs Nasdaq +3.79%)
Weather_ColdSnap_Live-00023,@Weather_ColdSnap_Live,2025-12-22,2025-12-23,COLLECTED,UNG,buy,6800,market,filled,2025-12-23,,12.16,6800,82688.0,144.8028,8.23,0.02802,12.9,2025-12-23,data/real/prices/yahoo/UNG.json,eb7bcc0769945fb2c40fbcd98753ed7e17e367cf69d2ce2bde9ae60f00a462cc,SECONDARY,NOAA/NCEI 10-day minimum-temperature anomaly,weather-proxy: anomaly inside +/-5degC (+5.0)
CrowdFade_Live-00004,@CrowdFade_Live,2025-12-22,2025-12-23,COLLECTED,MU,buy,40,market,filled,2025-12-23,,275.94,40,11037.6,0.7202,0.724,0.00019,276.269989,2025-12-23,data/real/prices/yahoo/MU.json,b6edc050ee19bfdd67f1d40541aa314649fd30441b108d6e3ecd58992480bae4,SECONDARY,3-session reversal at 2.5 sigma,crowd-fade: 3-session sigma extremes (MU z=+3.13)
VolControl_MaxLev-00031,@VolControl_MaxLev,2025-12-22,2025-12-23,COLLECTED,QQQ,buy,40,market,filled,2025-12-23,,618.21,40,24728.4,0.393,0.162,0.0001,622.109985,2025-12-23,data/real/prices/yahoo/QQQ.json,ae9ec3c0b0b8e0f5cd28ee45eac2dfcff9f95a7c5a1244e170ab0980d85979ed,SECONDARY,official VIXCLS tercile scaling,vol-control: calm tercile (VIX 14.08 <= 16.43)
KitchenSink_Official-00048,@KitchenSink_Official,2025-12-22,2025-12-23,COLLECTED,QQQ,buy,40,market,filled,2025-12-23,,618.21,40,24728.4,0.393,0.162,0.0001,622.109985,2025-12-23,data/real/prices/yahoo/QQQ.json,ae9ec3c0b0b8e0f5cd28ee45eac2dfcff9f95a7c5a1244e170ab0980d85979ed,SECONDARY,sign of eight official 21-session changes,kitchen-sink[riskon]: score +4 of 8 official signs
DowNasdaq_SpreadMax-00024,@DowNasdaq_SpreadMax,2025-12-23,2025-12-24,COLLECTED,QQQ,buy,40,market,filled,2025-12-24,,621.99,40,24879.6,0.3931,0.0,0.00022,623.929993,2025-12-24,data/real/prices/yahoo/QQQ.json,ae9ec3c0b0b8e0f5cd28ee45eac2dfcff9f95a7c5a1244e170ab0980d85979ed,SECONDARY,official DJIA vs NASDAQCOM 63-session relative strength,dow-vs-nasdaq: within 1pp (Dow +5.03% vs Nasdaq +4.73%)
PinePilot_EMA_Live-00007,@PinePilot_EMA_Live,2025-12-23,2025-12-24,COLLECTED,QQQ,buy,240,market,filled,2025-12-24,,621.99,240,149277.6,2.995,0.0,0.0013,623.929993,2025-12-24,data/real/prices/yahoo/QQQ.json,ae9ec3c0b0b8e0f5cd28ee45eac2dfcff9f95a7c5a1244e170ab0980d85979ed,SECONDARY,9/21 EMA cross,pinepilot: EMA9 616.34 > EMA21 615.69
DowNasdaq_SpreadMax-00025,@DowNasdaq_SpreadMax,2025-12-24,2025-12-26,COLLECTED,QQQ,buy,40,market,filled,2025-12-26,,624.66,40,24986.4,0.3828,0.0,0.00014,623.890015,2025-12-26,data/real/prices/yahoo/QQQ.json,ae9ec3c0b0b8e0f5cd28ee45eac2dfcff9f95a7c5a1244e170ab0980d85979ed,SECONDARY,official DJIA vs NASDAQCOM 63-session relative strength,dow-vs-nasdaq: within 1pp (Dow +6.06% vs Nasdaq +5.49%)
PinePilot_EMA_Live-00008,@PinePilot_EMA_Live,2025-12-24,2025-12-26,COLLECTED,QQQ,buy,80,market,filled,2025-12-26,,624.66,80,49972.8,0.8176,0.0,0.00028,623.890015,2025-12-26,data/real/prices/yahoo/QQQ.json,ae9ec3c0b0b8e0f5cd28ee45eac2dfcff9f95a7c5a1244e170ab0980d85979ed,SECONDARY,9/21 EMA cross,pinepilot: EMA9 617.86 > EMA21 616.44
FDA_Fade_Live-00014,@FDA_Fade_Live,2025-12-24,2025-12-26,COLLECTED,XBI,sell,1300,market,filled,2025-12-26,,125.87,1300,163631.0,19.9718,1.589,0.02299,124.980003,2025-12-26,data/real/prices/yahoo/XBI.json,fe9eeb851e6faba2a7187e008fab271608d8a4d544227ad3543ac3d95d5dd769,SECONDARY,"openFDA approval burst, faded",fda-fade: |z|=0.19 < 0.5
FDA_Fade_Live-00015,@FDA_Fade_Live,2025-12-29,2025-12-30,COLLECTED,XBI,buy,900,market,filled,2025-12-30,,123.15,900,110835.0,12.5409,0.812,0.01142,121.669998,2025-12-30,data/real/prices/yahoo/XBI.json,fe9eeb851e6faba2a7187e008fab271608d8a4d544227ad3543ac3d95d5dd769,SECONDARY,"openFDA approval drought, bought",fda-fade: approval z -1.35 < -1.0
DowNasdaq_SpreadMax-00026,@DowNasdaq_SpreadMax,2025-12-31,2026-01-02,COLLECTED,QQQ,sell,80,market,filled,2026-01-02,,620.05,80,49604.0,0.8303,0.161,0.00013,613.119995,2026-01-02,data/real/prices/yahoo/QQQ.json,ae9ec3c0b0b8e0f5cd28ee45eac2dfcff9f95a7c5a1244e170ab0980d85979ed,SECONDARY,official DJIA vs NASDAQCOM 63-session relative strength,dow-vs-nasdaq: Dow leg stronger (+3.49% vs +2.14%)
KitchenSink_Official-00049,@KitchenSink_Official,2025-12-31,2026-01-02,COLLECTED,QQQ,sell,200,market,filled,2026-01-02,,620.05,200,124010.0,2.3294,0.161,0.00032,613.119995,2026-01-02,data/real/prices/yahoo/QQQ.json,ae9ec3c0b0b8e0f5cd28ee45eac2dfcff9f95a7c5a1244e170ab0980d85979ed,SECONDARY,sign of eight official 21-session changes,kitchen-sink[undecided]: score +2 of 8 official signs
DowNasdaq_SpreadMax-00027,@DowNasdaq_SpreadMax,2026-01-02,2026-01-05,COLLECTED,QQQ,sell,40,market,filled,2026-01-05,,619.32,40,24772.8,0.3878,0.0,9e-05,617.98999,2026-01-05,data/real/prices/yahoo/QQQ.json,ae9ec3c0b0b8e0f5cd28ee45eac2dfcff9f95a7c5a1244e170ab0980d85979ed,SECONDARY,official DJIA vs NASDAQCOM 63-session relative strength,dow-vs-nasdaq: Dow leg stronger (+4.00% vs +1.71%)
DowNasdaq_SpreadMax-00028,@DowNasdaq_SpreadMax,2026-01-02,2026-01-05,COLLECTED,SPY,buy,40,market,filled,2026-01-05,,686.54,40,27461.6,0.3567,0.0,6e-05,687.719971,2026-01-05,data/real/prices/yahoo/SPY.json,e0f05aaf67be23da1db20513eaed93274b165898427ebeab80c7cb2eca1d9a2d,SECONDARY,official DJIA vs NASDAQCOM 63-session relative strength,dow-vs-nasdaq: Dow leg stronger (+4.00% vs +1.71%)
KitchenSink_Official-00050,@KitchenSink_Official,2026-01-02,2026-01-05,COLLECTED,QQQ,sell,40,market,filled,2026-01-05,,619.32,40,24772.8,0.3878,0.0,9e-05,617.98999,2026-01-05,data/real/prices/yahoo/QQQ.json,ae9ec3c0b0b8e0f5cd28ee45eac2dfcff9f95a7c5a1244e170ab0980d85979ed,SECONDARY,sign of eight official 21-session changes,kitchen-sink[undecided]: score +2 of 8 official signs
KitchenSink_Official-00051,@KitchenSink_Official,2026-01-02,2026-01-05,COLLECTED,SPY,buy,80,market,filled,2026-01-05,,686.54,80,54923.2,0.7437,0.0,0.00011,687.719971,2026-01-05,data/real/prices/yahoo/SPY.json,e0f05aaf67be23da1db20513eaed93274b165898427ebeab80c7cb2eca1d9a2d,SECONDARY,sign of eight official 21-session changes,kitchen-sink[undecided]: score +2 of 8 official signs
DowNasdaq_SpreadMax-00029,@DowNasdaq_SpreadMax,2026-01-05,2026-01-06,COLLECTED,SPY,buy,40,market,filled,2026-01-06,,687.93,40,27517.2,0.3577,0.0,6e-05,691.809998,2026-01-06,data/real/prices/yahoo/SPY.json,e0f05aaf67be23da1db20513eaed93274b165898427ebeab80c7cb2eca1d9a2d,SECONDARY,official DJIA vs NASDAQCOM 63-session relative strength,dow-vs-nasdaq: Dow leg stronger (+4.75% vs +2.70%)
FDA_Fade_Live-00016,@FDA_Fade_Live,2026-01-05,2026-01-06,COLLECTED,XBI,buy,400,market,filled,2026-01-06,,119.99,400,47996.0,4.4799,0.0,0.00478,122.089996,2026-01-06,data/real/prices/yahoo/XBI.json,fe9eeb851e6faba2a7187e008fab271608d8a4d544227ad3543ac3d95d5dd769,SECONDARY,"openFDA approval drought, bought",fda-fade: approval z -1.03 < -1.0
KitchenSink_Official-00052,@KitchenSink_Official,2026-01-06,2026-01-07,COLLECTED,SPY,sell,40,market,filled,2026-01-07,,692.19,40,27687.6,0.3667,0.0,5e-05,689.580017,2026-01-07,data/real/prices/yahoo/SPY.json,e0f05aaf67be23da1db20513eaed93274b165898427ebeab80c7cb2eca1d9a2d,SECONDARY,sign of eight official 21-session changes,kitchen-sink[riskon]: score +4 of 8 official signs
KitchenSink_Official-00053,@KitchenSink_Official,2026-01-06,2026-01-07,COLLECTED,QQQ,buy,80,market,filled,2026-01-07,,623.04,80,49843.2,0.8198,0.0,0.00018,624.02002,2026-01-07,data/real/prices/yahoo/QQQ.json,ae9ec3c0b0b8e0f5cd28ee45eac2dfcff9f95a7c5a1244e170ab0980d85979ed,SECONDARY,sign of eight official 21-session changes,kitchen-sink[riskon]: score +4 of 8 official signs
KitchenSink_Official-00054,@KitchenSink_Official,2026-01-07,2026-01-08,COLLECTED,SPY,sell,40,market,filled,2026-01-08,,688.82,40,27552.8,0.3668,0.0,6e-05,689.51001,2026-01-08,data/real/prices/yahoo/SPY.json,e0f05aaf67be23da1db20513eaed93274b165898427ebeab80c7cb2eca1d9a2d,SECONDARY,sign of eight official 21-session changes,kitchen-sink[riskon]: score +4 of 8 official signs
KitchenSink_Official-00055,@KitchenSink_Official,2026-01-07,2026-01-08,COLLECTED,QQQ,buy,80,market,filled,2026-01-08,,623.04,80,49843.2,0.8192,0.16,0.00016,620.469971,2026-01-08,data/real/prices/yahoo/QQQ.json,ae9ec3c0b0b8e0f5cd28ee45eac2dfcff9f95a7c5a1244e170ab0980d85979ed,SECONDARY,sign of eight official 21-session changes,kitchen-sink[riskon]: score +4 of 8 official signs
KitchenSink_Official-00056,@KitchenSink_Official,2026-01-08,2026-01-09,COLLECTED,QQQ,sell,160,market,filled,2026-01-09,,621.4,160,99424.0,1.8215,0.16,0.00032,626.650024,2026-01-09,data/real/prices/yahoo/QQQ.json,ae9ec3c0b0b8e0f5cd28ee45eac2dfcff9f95a7c5a1244e170ab0980d85979ed,SECONDARY,sign of eight official 21-session changes,kitchen-sink[undecided]: score +2 of 8 official signs
KitchenSink_Official-00057,@KitchenSink_Official,2026-01-08,2026-01-09,COLLECTED,SPY,buy,40,market,filled,2026-01-09,,690.64,40,27625.6,0.3588,0.145,5e-05,694.070007,2026-01-09,data/real/prices/yahoo/SPY.json,e0f05aaf67be23da1db20513eaed93274b165898427ebeab80c7cb2eca1d9a2d,SECONDARY,sign of eight official 21-session changes,kitchen-sink[undecided]: score +2 of 8 official signs
OilDollar_FadeUNG-00053,@OilDollar_FadeUNG,2026-01-09,2026-01-12,COLLECTED,UNG,buy,6000,market,filled,2026-01-12,,10.7,6000,64200.0,115.3786,18.727,0.0215,11.18,2026-01-12,data/real/prices/yahoo/UNG.json,eb7bcc0769945fb2c40fbcd98753ed7e17e367cf69d2ce2bde9ae60f00a462cc,SECONDARY,official DCOILWTICO/DTWEXBGS 21-session rule,oil-dollar: oil +1.0%/21d with dollar -0.4%/21d
OilDollar_FadeUNG-00054,@OilDollar_FadeUNG,2026-01-09,2026-01-12,COLLECTED,XOM,buy,300,market,filled,2026-01-12,,124.46,300,37338.0,3.4264,0.0,0.00196,124.029999,2026-01-12,data/real/prices/yahoo/XOM.json,4a2c7d18351df35d3cb2b11781aad7ea882659abaffcd9d31683a3d09881cf97,SECONDARY,official DCOILWTICO/DTWEXBGS 21-session rule,oil-dollar: oil +1.0%/21d with dollar -0.4%/21d
FDA_Fade_Live-00017,@FDA_Fade_Live,2026-01-09,2026-01-12,COLLECTED,XBI,sell,1400,market,filled,2026-01-12,,123.97,1400,173558.0,22.0012,0.807,0.01376,123.93,2026-01-12,data/real/prices/yahoo/XBI.json,fe9eeb851e6faba2a7187e008fab271608d8a4d544227ad3543ac3d95d5dd769,SECONDARY,"openFDA approval burst, faded",fda-fade: |z|=0.41 < 0.5
KitchenSink_Official-00058,@KitchenSink_Official,2026-01-09,2026-01-12,COLLECTED,SPY,sell,40,market,filled,2026-01-12,,690.67,40,27626.8,0.3676,0.145,6e-05,695.159973,2026-01-12,data/real/prices/yahoo/SPY.json,e0f05aaf67be23da1db20513eaed93274b165898427ebeab80c7cb2eca1d9a2d,SECONDARY,sign of eight official 21-session changes,kitchen-sink[riskon]: score +7 of 8 official signs
KitchenSink_Official-00059,@KitchenSink_Official,2026-01-09,2026-01-12,COLLECTED,QQQ,buy,120,market,filled,2026-01-12,,622.31,120,74677.2,1.3028,0.0,0.00032,627.169983,2026-01-12,data/real/prices/yahoo/QQQ.json,ae9ec3c0b0b8e0f5cd28ee45eac2dfcff9f95a7c5a1244e170ab0980d85979ed,SECONDARY,sign of eight official 21-session changes,kitchen-sink[riskon]: score +7 of 8 official signs
CurveSteepener_MaxBeta-00042,@CurveSteepener_MaxBeta,2026-01-12,2026-01-13,COLLECTED,JPM,sell,280,market,filled,2026-01-13,,324.28,280,90798.4,4.6047,0.616,0.00145,310.899994,2026-01-13,data/real/prices/yahoo/JPM.json,169021a2b0a0985c1c427b57fe640e22b6ce82a79377bc3075417c6a8b98d12c,SECONDARY,official DGS10-DGS3MO 21-session change,curve-steepener: flat +7.0bp
CurveSteepener_MaxBeta-00043,@CurveSteepener_MaxBeta,2026-01-12,2026-01-13,COLLECTED,XOM,sell,600,market,filled,2026-01-13,,125.0,600,75000.0,7.8237,-0.0,0.00278,126.540001,2026-01-13,data/real/prices/yahoo/XOM.json,4a2c7d18351df35d3cb2b11781aad7ea882659abaffcd9d31683a3d09881cf97,SECONDARY,official DGS10-DGS3MO 21-session change,curve-steepener: flat +7.0bp
FDA_Fade_Live-00018,@FDA_Fade_Live,2026-01-12,2026-01-13,COLLECTED,XBI,buy,900,market,filled,2026-01-13,,123.38,900,111042.0,12.6253,1.621,0.01069,123.849998,2026-01-13,data/real/prices/yahoo/XBI.json,fe9eeb851e6faba2a7187e008fab271608d8a4d544227ad3543ac3d95d5dd769,SECONDARY,"openFDA approval drought, bought",fda-fade: approval z -1.68 < -1.0
KitchenSink_Official-00060,@KitchenSink_Official,2026-01-12,2026-01-13,COLLECTED,QQQ,buy,80,market,filled,2026-01-13,,627.28,80,50182.4,0.8287,0.159,0.00018,626.23999,2026-01-13,data/real/prices/yahoo/QQQ.json,ae9ec3c0b0b8e0f5cd28ee45eac2dfcff9f95a7c5a1244e170ab0980d85979ed,SECONDARY,sign of eight official 21-session changes,kitchen-sink[riskon]: score +6 of 8 official signs
SOFRPivot_Rider-00033,@SOFRPivot_Rider,2026-01-13,2026-01-14,COLLECTED,QQQ,sell,200,market,filled,2026-01-14,,622.23,200,124446.0,2.3792,0.161,0.00028,619.549988,2026-01-14,data/real/prices/yahoo/QQQ.json,ae9ec3c0b0b8e0f5cd28ee45eac2dfcff9f95a7c5a1244e170ab0980d85979ed,SECONDARY,official SOFR 21-session direction,sofr-pivot: flat (-1.0bp over 21 sessions)
SOFRPivot_Rider-00034,@SOFRPivot_Rider,2026-01-13,2026-01-14,COLLECTED,TSLA,sell,80,market,filled,2026-01-14,,442.8,80,35424.0,1.3728,0.226,0.00014,439.200012,2026-01-14,data/real/prices/yahoo/TSLA.json,6916f4c63d07180ce9efd08a9e88d50b7d43121d02443b933214c54bbb6e84f7,SECONDARY,official SOFR 21-session direction,sofr-pivot: flat (-1.0bp over 21 sessions)
CurveSteepener_MaxBeta-00044,@CurveSteepener_MaxBeta,2026-01-13,2026-01-14,COLLECTED,XOM,sell,100,market,filled,2026-01-14,,127.34,100,12734.0,1.025,0.785,0.00036,130.199997,2026-01-14,data/real/prices/yahoo/XOM.json,4a2c7d18351df35d3cb2b11781aad7ea882659abaffcd9d31683a3d09881cf97,SECONDARY,official DGS10-DGS3MO 21-session change,curve-steepener: flat +7.0bp
CurveSteepener_MaxBeta-00045,@CurveSteepener_MaxBeta,2026-01-13,2026-01-14,COLLECTED,SPY,buy,120,market,filled,2026-01-14,,691.01,120,82921.2,1.1634,0.145,0.00013,690.359985,2026-01-14,data/real/prices/yahoo/SPY.json,e0f05aaf67be23da1db20513eaed93274b165898427ebeab80c7cb2eca1d9a2d,SECONDARY,official DGS10-DGS3MO 21-session change,curve-steepener: flat +7.0bp
OilDollar_FadeUNG-00055,@OilDollar_FadeUNG,2026-01-13,2026-01-14,COLLECTED,UNG,sell,5800,market,filled,2026-01-14,,10.57,5800,61306.0,66.0763,-0.0,0.01576,10.24,2026-01-14,data/real/prices/yahoo/UNG.json,eb7bcc0769945fb2c40fbcd98753ed7e17e367cf69d2ce2bde9ae60f00a462cc,SECONDARY,official DCOILWTICO/DTWEXBGS 21-session rule,"oil-dollar: mixed: oil +5.3%/21d, dollar +0.1%/21d"
OilDollar_FadeUNG-00056,@OilDollar_FadeUNG,2026-01-13,2026-01-14,COLLECTED,XOM,sell,200,market,filled,2026-01-14,,127.34,200,25468.0,2.2204,0.785,0.00072,130.199997,2026-01-14,data/real/prices/yahoo/XOM.json,4a2c7d18351df35d3cb2b11781aad7ea882659abaffcd9d31683a3d09881cf97,SECONDARY,official DCOILWTICO/DTWEXBGS 21-session rule,"oil-dollar: mixed: oil +5.3%/21d, dollar +0.1%/21d"
FDA_Fade_Live-00019,@FDA_Fade_Live,2026-01-13,2026-01-14,COLLECTED,XBI,buy,500,market,filled,2026-01-14,,123.78,500,61890.0,6.2436,0.0,0.00458,126.82,2026-01-14,data/real/prices/yahoo/XBI.json,fe9eeb851e6faba2a7187e008fab271608d8a4d544227ad3543ac3d95d5dd769,SECONDARY,"openFDA approval drought, bought",fda-fade: approval z -1.37 < -1.0
KitchenSink_Official-00061,@KitchenSink_Official,2026-01-13,2026-01-14,COLLECTED,QQQ,sell,200,market,filled,2026-01-14,,622.23,200,124446.0,2.3792,0.161,0.00028,619.549988,2026-01-14,data/real/prices/yahoo/QQQ.json,ae9ec3c0b0b8e0f5cd28ee45eac2dfcff9f95a7c5a1244e170ab0980d85979ed,SECONDARY,sign of eight official 21-session changes,kitchen-sink[undecided]: score +2 of 8 official signs
KitchenSink_Official-00062,@KitchenSink_Official,2026-01-13,2026-01-14,COLLECTED,SPY,buy,40,market,filled,2026-01-14,,691.01,40,27640.4,0.3591,0.145,4e-05,690.359985,2026-01-14,data/real/prices/yahoo/SPY.json,e0f05aaf67be23da1db20513eaed93274b165898427ebeab80c7cb2eca1d9a2d,SECONDARY,sign of eight official 21-session changes,kitchen-sink[undecided]: score +2 of 8 official signs
SOFRPivot_Rider-00035,@SOFRPivot_Rider,2026-01-14,2026-01-15,COLLECTED,SPY,buy,80,market,filled,2026-01-15,,694.58,80,55566.4,0.7422,0.144,0.0001,692.23999,2026-01-15,data/real/prices/yahoo/SPY.json,e0f05aaf67be23da1db20513eaed93274b165898427ebeab80c7cb2eca1d9a2d,SECONDARY,official SOFR 21-session direction,sofr-pivot: flat (-3.0bp over 21 sessions)
OilDollar_FadeUNG-00057,@OilDollar_FadeUNG,2026-01-14,2026-01-15,COLLECTED,UNG,buy,5500,market,filled,2026-01-15,,10.21,5500,56155.0,99.7765,9.804,0.02314,10.3,2026-01-15,data/real/prices/yahoo/UNG.json,eb7bcc0769945fb2c40fbcd98753ed7e17e367cf69d2ce2bde9ae60f00a462cc,SECONDARY,official DCOILWTICO/DTWEXBGS 21-session rule,oil-dollar: oil +7.3%/21d with dollar -0.2%/21d
OilDollar_FadeUNG-00058,@OilDollar_FadeUNG,2026-01-14,2026-01-15,COLLECTED,XOM,buy,200,market,filled,2026-01-15,,129.14,200,25828.0,2.2095,0.774,0.00115,129.130005,2026-01-15,data/real/prices/yahoo/XOM.json,4a2c7d18351df35d3cb2b11781aad7ea882659abaffcd9d31683a3d09881cf97,SECONDARY,official DCOILWTICO/DTWEXBGS 21-session rule,oil-dollar: oil +7.3%/21d with dollar -0.2%/21d
VolControl_MaxLev-00032,@VolControl_MaxLev,2026-01-14,2026-01-15,COLLECTED,QQQ,sell,80,market,filled,2026-01-15,,626.59,80,50127.2,0.8277,0.159,0.00015,621.780029,2026-01-15,data/real/prices/yahoo/QQQ.json,ae9ec3c0b0b8e0f5cd28ee45eac2dfcff9f95a7c5a1244e170ab0980d85979ed,SECONDARY,official VIXCLS tercile scaling,vol-control: middle tercile (VIX 16.75)
GoldVsRealRate_Live-00036,@GoldVsRealRate_Live,2026-01-14,2026-01-15,COLLECTED,TLT,sell,1300,market,filled,2026-01-15,,88.63,1300,115219.0,11.8407,1.128,0.00342,88.309998,2026-01-15,data/real/prices/yahoo/TLT.json,b2914ca7451d1c04fbe97f399361df69871d9a8afcbb0121541ac2bdd13a29f3,SECONDARY,"DGS10 minus SOFR, 21-session change",gold-real-rate: proxy flat (+3.0bp)
GoldVsRealRate_Live-00037,@GoldVsRealRate_Live,2026-01-14,2026-01-15,COLLECTED,GLD,buy,80,market,filled,2026-01-15,,423.03,80,33842.4,1.0446,0.237,0.00056,423.329987,2026-01-15,data/real/prices/yahoo/GLD.json,545093d31c9d8284e3b5dc66f668a6cb7391d9925b5abdf3e82bcaa71e423b40,SECONDARY,"DGS10 minus SOFR, 21-session change",gold-real-rate: proxy flat (+3.0bp)
KitchenSink_Official-00063,@KitchenSink_Official,2026-01-14,2026-01-15,COLLECTED,SPY,sell,40,market,filled,2026-01-15,,694.57,40,27782.8,0.3639,0.0,5e-05,692.23999,2026-01-15,data/real/prices/yahoo/SPY.json,e0f05aaf67be23da1db20513eaed93274b165898427ebeab80c7cb2eca1d9a2d,SECONDARY,sign of eight official 21-session changes,kitchen-sink[riskon]: score +6 of 8 official signs
KitchenSink_Official-00064,@KitchenSink_Official,2026-01-14,2026-01-15,COLLECTED,QQQ,buy,120,market,filled,2026-01-15,,626.6,120,75192.0,1.2761,0.0,0.00022,621.780029,2026-01-15,data/real/prices/yahoo/QQQ.json,ae9ec3c0b0b8e0f5cd28ee45eac2dfcff9f95a7c5a1244e170ab0980d85979ed,SECONDARY,sign of eight official 21-session changes,kitchen-sink[riskon]: score +6 of 8 official signs
SOFRPivot_Rider-00036,@SOFRPivot_Rider,2026-01-15,2026-01-16,COLLECTED,SPY,sell,80,market,filled,2026-01-16,,693.65,80,55492.0,0.7576,0.144,0.0001,691.659973,2026-01-16,data/real/prices/yahoo/SPY.json,e0f05aaf67be23da1db20513eaed93274b165898427ebeab80c7cb2eca1d9a2d,SECONDARY,official SOFR 21-session direction,sofr-pivot: easing (-9.0bp over 21 sessions)
SOFRPivot_Rider-00037,@SOFRPivot_Rider,2026-01-15,2026-01-16,COLLECTED,QQQ,buy,80,market,filled,2026-01-16,,625.51,80,50040.8,0.8103,0.16,0.00013,621.26001,2026-01-16,data/real/prices/yahoo/QQQ.json,ae9ec3c0b0b8e0f5cd28ee45eac2dfcff9f95a7c5a1244e170ab0980d85979ed,SECONDARY,official SOFR 21-session direction,sofr-pivot: easing (-9.0bp over 21 sessions)
SOFRPivot_Rider-00038,@SOFRPivot_Rider,2026-01-15,2026-01-16,COLLECTED,TSLA,buy,80,market,filled,2026-01-16,,439.51,80,35160.8,1.33,0.228,0.00013,437.5,2026-01-16,data/real/prices/yahoo/TSLA.json,6916f4c63d07180ce9efd08a9e88d50b7d43121d02443b933214c54bbb6e84f7,SECONDARY,official SOFR 21-session direction,sofr-pivot: easing (-9.0bp over 21 sessions)
OilDollar_FadeUNG-00059,@OilDollar_FadeUNG,2026-01-15,2026-01-16,COLLECTED,UNG,sell,5600,market,filled,2026-01-16,,10.23,5600,57288.0,64.126,-0.0,0.03754,10.33,2026-01-16,data/real/prices/yahoo/UNG.json,eb7bcc0769945fb2c40fbcd98753ed7e17e367cf69d2ce2bde9ae60f00a462cc,SECONDARY,official DCOILWTICO/DTWEXBGS 21-session rule,"oil-dollar: mixed: oil +3.8%/21d, dollar +0.0%/21d"
OilDollar_FadeUNG-00060,@OilDollar_FadeUNG,2026-01-15,2026-01-16,COLLECTED,XOM,sell,200,market,filled,2026-01-16,,128.91,200,25782.0,2.245,0.0,0.00121,129.889999,2026-01-16,data/real/prices/yahoo/XOM.json,4a2c7d18351df35d3cb2b11781aad7ea882659abaffcd9d31683a3d09881cf97,SECONDARY,official DCOILWTICO/DTWEXBGS 21-session rule,"oil-dollar: mixed: oil +3.8%/21d, dollar +0.0%/21d"
VolControl_MaxLev-00033,@VolControl_MaxLev,2026-01-15,2026-01-16,COLLECTED,QQQ,buy,40,market,filled,2026-01-16,,625.51,40,25020.4,0.3802,0.16,7e-05,621.26001,2026-01-16,data/real/prices/yahoo/QQQ.json,ae9ec3c0b0b8e0f5cd28ee45eac2dfcff9f95a7c5a1244e170ab0980d85979ed,SECONDARY,official VIXCLS tercile scaling,vol-control: calm tercile (VIX 15.84 <= 16.37)
GoldVsRealRate_Live-00038,@GoldVsRealRate_Live,2026-01-15,2026-01-16,COLLECTED,TLT,sell,100,market,filled,2026-01-16,,88.12,100,8812.0,0.8447,1.134,0.00022,87.800003,2026-01-16,data/real/prices/yahoo/TLT.json,b2914ca7451d1c04fbe97f399361df69871d9a8afcbb0121541ac2bdd13a29f3,SECONDARY,"DGS10 minus SOFR, 21-session change",gold-real-rate: proxy flat (-1.0bp)
GoldVsRealRate_Live-00039,@GoldVsRealRate_Live,2026-01-15,2026-01-16,COLLECTED,GLD,buy,80,market,filled,2026-01-16,,422.81,80,33824.8,1.05,0.237,0.00038,421.290009,2026-01-16,data/real/prices/yahoo/GLD.json,545093d31c9d8284e3b5dc66f668a6cb7391d9925b5abdf3e82bcaa71e423b40,SECONDARY,"DGS10 minus SOFR, 21-session change",gold-real-rate: proxy flat (-1.0bp)
KitchenSink_Official-00065,@KitchenSink_Official,2026-01-15,2026-01-16,COLLECTED,QQQ,buy,80,market,filled,2026-01-16,,625.51,80,50040.8,0.8103,0.16,0.00013,621.26001,2026-01-16,data/real/prices/yahoo/QQQ.json,ae9ec3c0b0b8e0f5cd28ee45eac2dfcff9f95a7c5a1244e170ab0980d85979ed,SECONDARY,sign of eight official 21-session changes,kitchen-sink[riskon]: score +6 of 8 official signs
SOFRPivot_Rider-00039,@SOFRPivot_Rider,2026-01-16,2026-01-20,COLLECTED,QQQ,buy,80,market,filled,2026-01-20,,610.54,80,48843.2,0.8066,0.163,0.0001,608.059998,2026-01-20,data/real/prices/yahoo/QQQ.json,ae9ec3c0b0b8e0f5cd28ee45eac2dfcff9f95a7c5a1244e170ab0980d85979ed,SECONDARY,official SOFR 21-session direction,sofr-pivot: easing (-4.0bp over 21 sessions)
VolControl_MaxLev-00034,@VolControl_MaxLev,2026-01-16,2026-01-20,COLLECTED,QQQ,buy,40,market,filled,2026-01-20,,610.54,40,24421.6,0.3789,0.163,5e-05,608.059998,2026-01-20,data/real/prices/yahoo/QQQ.json,ae9ec3c0b0b8e0f5cd28ee45eac2dfcff9f95a7c5a1244e170ab0980d85979ed,SECONDARY,official VIXCLS tercile scaling,vol-control: calm tercile (VIX 15.86 <= 16.37)
GoldVsRealRate_Live-00040,@GoldVsRealRate_Live,2026-01-16,2026-01-20,COLLECTED,GLD,sell,160,market,filled,2026-01-20,,436.68,160,69868.8,2.5255,0.229,0.00075,437.230011,2026-01-20,data/real/prices/yahoo/GLD.json,545093d31c9d8284e3b5dc66f668a6cb7391d9925b5abdf3e82bcaa71e423b40,SECONDARY,"DGS10 minus SOFR, 21-session change",gold-real-rate: opportunity-cost proxy rising +16.0bp
GoldVsRealRate_Live-00041,@GoldVsRealRate_Live,2026-01-16,2026-01-20,COLLECTED,TLT,buy,800,market,filled,2026-01-20,,86.63,800,69304.0,6.9643,0.0,0.00121,86.650002,2026-01-20,data/real/prices/yahoo/TLT.json,b2914ca7451d1c04fbe97f399361df69871d9a8afcbb0121541ac2bdd13a29f3,SECONDARY,"DGS10 minus SOFR, 21-session change",gold-real-rate: opportunity-cost proxy rising +16.0bp
KitchenSink_Official-00066,@KitchenSink_Official,2026-01-16,2026-01-20,COLLECTED,QQQ,buy,40,market,filled,2026-01-20,,610.54,40,24421.6,0.3789,0.163,5e-05,608.059998,2026-01-20,data/real/prices/yahoo/QQQ.json,ae9ec3c0b0b8e0f5cd28ee45eac2dfcff9f95a7c5a1244e170ab0980d85979ed,SECONDARY,sign of eight official 21-session changes,kitchen-sink[riskon]: score +4 of 8 official signs
VIXRegime_LiveMax-00016,@VIXRegime_LiveMax,2026-01-20,2026-01-21,COLLECTED,QQQ,sell,160,market,filled,2026-01-21,,609.46,160,97513.6,1.8013,0.164,0.0002,616.280029,2026-01-21,data/real/prices/yahoo/QQQ.json,ae9ec3c0b0b8e0f5cd28ee45eac2dfcff9f95a7c5a1244e170ab0980d85979ed,SECONDARY,official VIXCLS/SP500 regime rule,"vix-regime[undecided]: VIX 20.09 vs 60d median 17.15, 252d 80th percentile 21.13; S&P 6,797 vs 100d mean 6,745"
SOFRPivot_Rider-00040,@SOFRPivot_Rider,2026-01-20,2026-01-21,COLLECTED,QQQ,buy,40,market,filled,2026-01-21,,609.47,40,24378.8,0.3813,0.0,5e-05,616.280029,2026-01-21,data/real/prices/yahoo/QQQ.json,ae9ec3c0b0b8e0f5cd28ee45eac2dfcff9f95a7c5a1244e170ab0980d85979ed,SECONDARY,official SOFR 21-session direction,sofr-pivot: easing (-5.0bp over 21 sessions)
OilDollar_FadeUNG-00061,@OilDollar_FadeUNG,2026-01-20,2026-01-21,COLLECTED,UNG,buy,4600,market,filled,2026-01-21,,13.63,4600,62698.0,86.6135,7.342,0.00842,13.64,2026-01-21,data/real/prices/yahoo/UNG.json,eb7bcc0769945fb2c40fbcd98753ed7e17e367cf69d2ce2bde9ae60f00a462cc,SECONDARY,official DCOILWTICO/DTWEXBGS 21-session rule,oil-dollar: oil +7.5%/21d with dollar -0.6%/21d
OilDollar_FadeUNG-00062,@OilDollar_FadeUNG,2026-01-20,2026-01-21,COLLECTED,XOM,buy,200,market,filled,2026-01-21,,131.92,200,26384.0,2.1539,0.758,0.00106,133.610001,2026-01-21,data/real/prices/yahoo/XOM.json,4a2c7d18351df35d3cb2b11781aad7ea882659abaffcd9d31683a3d09881cf97,SECONDARY,official DCOILWTICO/DTWEXBGS 21-session rule,oil-dollar: oil +7.5%/21d with dollar -0.6%/21d
PinePilot_EMA_Live-00009,@PinePilot_EMA_Live,2026-01-20,2026-01-21,COLLECTED,QQQ,sell,320,market,filled,2026-01-21,,609.46,320,195027.2,4.0086,0.164,0.0004,616.280029,2026-01-21,data/real/prices/yahoo/QQQ.json,ae9ec3c0b0b8e0f5cd28ee45eac2dfcff9f95a7c5a1244e170ab0980d85979ed,SECONDARY,9/21 EMA cross,pinepilot: EMA9 619.30 < EMA21 619.44
VolControl_MaxLev-00035,@VolControl_MaxLev,2026-01-20,2026-01-21,COLLECTED,QQQ,sell,200,market,filled,2026-01-21,,609.46,200,121892.0,2.3239,0.164,0.00025,616.280029,2026-01-21,data/real/prices/yahoo/QQQ.json,ae9ec3c0b0b8e0f5cd28ee45eac2dfcff9f95a7c5a1244e170ab0980d85979ed,SECONDARY,official VIXCLS tercile scaling,vol-control: volatile tercile (VIX 20.09 >= 18.84)
GoldVsRealRate_Live-00042,@GoldVsRealRate_Live,2026-01-20,2026-01-21,COLLECTED,TLT,buy,600,market,filled,2026-01-21,,86.81,600,52086.0,5.2282,1.152,0.00117,87.309998,2026-01-21,data/real/prices/yahoo/TLT.json,b2914ca7451d1c04fbe97f399361df69871d9a8afcbb0121541ac2bdd13a29f3,SECONDARY,"DGS10 minus SOFR, 21-session change",gold-real-rate: opportunity-cost proxy rising +20.0bp
VIXRegime_LiveMax-00017,@VIXRegime_LiveMax,2026-01-21,2026-01-22,COLLECTED,QQQ,buy,80,market,filled,2026-01-22,,622.35,80,49788.0,0.8144,0.0,0.00019,620.76001,2026-01-22,data/real/prices/yahoo/QQQ.json,ae9ec3c0b0b8e0f5cd28ee45eac2dfcff9f95a7c5a1244e170ab0980d85979ed,SECONDARY,official VIXCLS/SP500 regime rule,"vix-regime[calm]: VIX 16.90 vs 60d median 17.17, 252d 80th percentile 21.13; S&P 6,876 vs 100d mean 6,749"
OilDollar_FadeUNG-00063,@OilDollar_FadeUNG,2026-01-21,2026-01-22,COLLECTED,UNG,buy,300,market,filled,2026-01-22,,14.22,300,4266.0,2.824,0.0,0.00058,13.43,2026-01-22,data/real/prices/yahoo/UNG.json,eb7bcc0769945fb2c40fbcd98753ed7e17e367cf69d2ce2bde9ae60f00a462cc,SECONDARY,official DCOILWTICO/DTWEXBGS 21-session rule,oil-dollar: oil +7.4%/21d with dollar -0.6%/21d
VolControl_MaxLev-00036,@VolControl_MaxLev,2026-01-21,2026-01-22,COLLECTED,QQQ,buy,80,market,filled,2026-01-22,,622.35,80,49788.0,0.8144,0.0,0.00019,620.76001,2026-01-22,data/real/prices/yahoo/QQQ.json,ae9ec3c0b0b8e0f5cd28ee45eac2dfcff9f95a7c5a1244e170ab0980d85979ed,SECONDARY,official VIXCLS tercile scaling,vol-control: middle tercile (VIX 16.90)
VIXRegime_LiveMax-00018,@VIXRegime_LiveMax,2026-01-22,2026-01-23,COLLECTED,QQQ,buy,40,market,filled,2026-01-23,,619.73,40,24789.2,0.3788,0.0,9e-05,622.719971,2026-01-23,data/real/prices/yahoo/QQQ.json,ae9ec3c0b0b8e0f5cd28ee45eac2dfcff9f95a7c5a1244e170ab0980d85979ed,SECONDARY,official VIXCLS/SP500 regime rule,"vix-regime[calm]: VIX 15.64 vs 60d median 17.15, 252d 80th percentile 21.13; S&P 6,913 vs 100d mean 6,753"
SOFRPivot_Rider-00041,@SOFRPivot_Rider,2026-01-22,2026-01-23,COLLECTED,QQQ,sell,200,market,filled,2026-01-23,,619.72,200,123944.0,2.2965,0.161,0.00046,622.719971,2026-01-23,data/real/prices/yahoo/QQQ.json,ae9ec3c0b0b8e0f5cd28ee45eac2dfcff9f95a7c5a1244e170ab0980d85979ed,SECONDARY,official SOFR 21-session direction,sofr-pivot: flat (-2.0bp over 21 sessions)
SOFRPivot_Rider-00042,@SOFRPivot_Rider,2026-01-22,2026-01-23,COLLECTED,TSLA,sell,40,market,filled,2026-01-23,,447.42,40,17896.8,0.633,0.223,7e-05,449.059998,2026-01-23,data/real/prices/yahoo/TSLA.json,6916f4c63d07180ce9efd08a9e88d50b7d43121d02443b933214c54bbb6e84f7,SECONDARY,official SOFR 21-session direction,sofr-pivot: flat (-2.0bp over 21 sessions)
VolControl_MaxLev-00037,@VolControl_MaxLev,2026-01-22,2026-01-23,COLLECTED,QQQ,buy,80,market,filled,2026-01-23,,619.73,80,49578.4,0.8063,0.0,0.00018,622.719971,2026-01-23,data/real/prices/yahoo/QQQ.json,ae9ec3c0b0b8e0f5cd28ee45eac2dfcff9f95a7c5a1244e170ab0980d85979ed,SECONDARY,official VIXCLS tercile scaling,vol-control: calm tercile (VIX 15.64 <= 16.37)
FDA_Fade_Live-00020,@FDA_Fade_Live,2026-01-22,2026-01-23,COLLECTED,XBI,buy,100,market,filled,2026-01-23,,130.93,100,13093.0,1.0378,0.001,0.00088,128.039993,2026-01-23,data/real/prices/yahoo/XBI.json,fe9eeb851e6faba2a7187e008fab271608d8a4d544227ad3543ac3d95d5dd769,SECONDARY,"openFDA approval drought, bought",fda-fade: approval z -1.39 < -1.0
VIXRegime_LiveMax-00019,@VIXRegime_LiveMax,2026-01-23,2026-01-26,COLLECTED,QQQ,buy,40,market,filled,2026-01-26,,623.22,40,24928.8,0.3792,0.16,0.00011,625.460022,2026-01-26,data/real/prices/yahoo/QQQ.json,ae9ec3c0b0b8e0f5cd28ee45eac2dfcff9f95a7c5a1244e170ab0980d85979ed,SECONDARY,official VIXCLS/SP500 regime rule,"vix-regime[calm]: VIX 16.09 vs 60d median 17.14, 252d 80th percentile 21.13; S&P 6,916 vs 100d mean 6,758"
SOFRPivot_Rider-00043,@SOFRPivot_Rider,2026-01-23,2026-01-26,COLLECTED,QQQ,buy,120,market,filled,2026-01-26,,623.22,120,74786.4,1.2678,0.16,0.00033,625.460022,2026-01-26,data/real/prices/yahoo/QQQ.json,ae9ec3c0b0b8e0f5cd28ee45eac2dfcff9f95a7c5a1244e170ab0980d85979ed,SECONDARY,official SOFR 21-session direction,sofr-pivot: easing (-3.0bp over 21 sessions)
SOFRPivot_Rider-00044,@SOFRPivot_Rider,2026-01-23,2026-01-26,COLLECTED,TSLA,buy,40,market,filled,2026-01-26,,445.01,40,17800.4,0.6231,0.225,8e-05,435.200012,2026-01-26,data/real/prices/yahoo/TSLA.json,6916f4c63d07180ce9efd08a9e88d50b7d43121d02443b933214c54bbb6e84f7,SECONDARY,official SOFR 21-session direction,sofr-pivot: easing (-3.0bp over 21 sessions)
PinePilot_EMA_Live-00010,@PinePilot_EMA_Live,2026-01-23,2026-01-26,COLLECTED,QQQ,buy,240,market,filled,2026-01-26,,623.22,240,149572.8,2.7906,0.16,0.00067,625.460022,2026-01-26,data/real/prices/yahoo/QQQ.json,ae9ec3c0b0b8e0f5cd28ee45eac2dfcff9f95a7c5a1244e170ab0980d85979ed,SECONDARY,9/21 EMA cross,pinepilot: EMA9 619.83 > EMA21 619.61
VolControl_MaxLev-00038,@VolControl_MaxLev,2026-01-23,2026-01-26,COLLECTED,QQQ,buy,40,market,filled,2026-01-26,,623.22,40,24928.8,0.3792,0.16,0.00011,625.460022,2026-01-26,data/real/prices/yahoo/QQQ.json,ae9ec3c0b0b8e0f5cd28ee45eac2dfcff9f95a7c5a1244e170ab0980d85979ed,SECONDARY,official VIXCLS tercile scaling,vol-control: calm tercile (VIX 16.09 <= 16.37)
SOFRPivot_Rider-00045,@SOFRPivot_Rider,2026-01-26,2026-01-27,COLLECTED,QQQ,sell,120,market,filled,2026-01-27,,628.9,120,75468.0,1.294,0.159,0.00031,631.130005,2026-01-27,data/real/prices/yahoo/QQQ.json,ae9ec3c0b0b8e0f5cd28ee45eac2dfcff9f95a7c5a1244e170ab0980d85979ed,SECONDARY,official SOFR 21-session direction,sofr-pivot: flat (+0.0bp over 21 sessions)
SOFRPivot_Rider-00046,@SOFRPivot_Rider,2026-01-26,2026-01-27,COLLECTED,TSLA,sell,80,market,filled,2026-01-27,,437.4,80,34992.0,1.3544,0.229,0.00021,430.899994,2026-01-27,data/real/prices/yahoo/TSLA.json,6916f4c63d07180ce9efd08a9e88d50b7d43121d02443b933214c54bbb6e84f7,SECONDARY,official SOFR 21-session direction,sofr-pivot: flat (+0.0bp over 21 sessions)
SOFRPivot_Rider-00047,@SOFRPivot_Rider,2026-01-26,2026-01-27,COLLECTED,SPY,buy,40,market,filled,2026-01-27,,694.18,40,27767.2,0.3658,0.0,7e-05,695.48999,2026-01-27,data/real/prices/yahoo/SPY.json,e0f05aaf67be23da1db20513eaed93274b165898427ebeab80c7cb2eca1d9a2d,SECONDARY,official SOFR 21-session direction,sofr-pivot: flat (+0.0bp over 21 sessions)
PinePilot_EMA_Live-00011,@PinePilot_EMA_Live,2026-01-26,2026-01-27,COLLECTED,QQQ,buy,80,market,filled,2026-01-27,,628.91,80,50312.8,0.8091,0.0,0.00021,631.130005,2026-01-27,data/real/prices/yahoo/QQQ.json,ae9ec3c0b0b8e0f5cd28ee45eac2dfcff9f95a7c5a1244e170ab0980d85979ed,SECONDARY,9/21 EMA cross,pinepilot: EMA9 620.96 > EMA21 620.14
SOFRPivot_Rider-00048,@SOFRPivot_Rider,2026-01-27,2026-01-28,COLLECTED,SPY,buy,40,market,filled,2026-01-28,,697.05,40,27882.0,0.3662,0.0,7e-05,695.419983,2026-01-28,data/real/prices/yahoo/SPY.json,e0f05aaf67be23da1db20513eaed93274b165898427ebeab80c7cb2eca1d9a2d,SECONDARY,official SOFR 21-session direction,sofr-pivot: flat (+0.0bp over 21 sessions)
SOFRPivot_Rider-00049,@SOFRPivot_Rider,2026-01-28,2026-01-29,COLLECTED,SPY,sell,40,market,filled,2026-01-29,,696.39,40,27855.6,0.374,0.0,4e-05,694.039978,2026-01-29,data/real/prices/yahoo/SPY.json,e0f05aaf67be23da1db20513eaed93274b165898427ebeab80c7cb2eca1d9a2d,SECONDARY,official SOFR 21-session direction,sofr-pivot: easing (-12.0bp over 21 sessions)
SOFRPivot_Rider-00050,@SOFRPivot_Rider,2026-01-28,2026-01-29,COLLECTED,QQQ,buy,80,market,filled,2026-01-29,,632.66,80,50612.8,0.8155,0.158,0.0001,629.429993,2026-01-29,data/real/prices/yahoo/QQQ.json,ae9ec3c0b0b8e0f5cd28ee45eac2dfcff9f95a7c5a1244e170ab0980d85979ed,SECONDARY,official SOFR 21-session direction,sofr-pivot: easing (-12.0bp over 21 sessions)
SOFRPivot_Rider-00051,@SOFRPivot_Rider,2026-01-28,2026-01-29,COLLECTED,TSLA,buy,80,market,filled,2026-01-29,,437.81,80,35024.8,1.3393,0.229,0.0001,416.559998,2026-01-29,data/real/prices/yahoo/TSLA.json,6916f4c63d07180ce9efd08a9e88d50b7d43121d02443b933214c54bbb6e84f7,SECONDARY,official SOFR 21-session direction,sofr-pivot: easing (-12.0bp over 21 sessions)
CurveSteepener_MaxBeta-00046,@CurveSteepener_MaxBeta,2026-01-28,2026-01-29,COLLECTED,SPY,sell,120,market,filled,2026-01-29,,696.39,120,83566.8,1.2233,0.0,0.00012,694.039978,2026-01-29,data/real/prices/yahoo/SPY.json,e0f05aaf67be23da1db20513eaed93274b165898427ebeab80c7cb2eca1d9a2d,SECONDARY,official DGS10-DGS3MO 21-session change,curve-steepener: steepening +12.0bp
CurveSteepener_MaxBeta-00047,@CurveSteepener_MaxBeta,2026-01-28,2026-01-29,COLLECTED,JPM,buy,200,market,filled,2026-01-29,,302.41,200,60482.0,3.1416,0.331,0.00173,306.420013,2026-01-29,data/real/prices/yahoo/JPM.json,169021a2b0a0985c1c427b57fe640e22b6ce82a79377bc3075417c6a8b98d12c,SECONDARY,official DGS10-DGS3MO 21-session change,curve-steepener: steepening +12.0bp
CurveSteepener_MaxBeta-00048,@CurveSteepener_MaxBeta,2026-01-28,2026-01-29,COLLECTED,XOM,buy,400,market,filled,2026-01-29,,140.33,400,56132.0,4.8587,0.712,0.00112,140.509995,2026-01-29,data/real/prices/yahoo/XOM.json,4a2c7d18351df35d3cb2b11781aad7ea882659abaffcd9d31683a3d09881cf97,SECONDARY,official DGS10-DGS3MO 21-session change,curve-steepener: steepening +12.0bp
FDA_Fade_Live-00021,@FDA_Fade_Live,2026-01-28,2026-01-29,COLLECTED,XBI,sell,1400,market,filled,2026-01-29,,125.92,1400,176288.0,24.1929,0.794,0.02301,126.739998,2026-01-29,data/real/prices/yahoo/XBI.json,fe9eeb851e6faba2a7187e008fab271608d8a4d544227ad3543ac3d95d5dd769,SECONDARY,"openFDA approval burst, faded",fda-fade: |z|=0.15 < 0.5
SOFRPivot_Rider-00052,@SOFRPivot_Rider,2026-01-29,2026-01-30,COLLECTED,QQQ,buy,40,market,filled,2026-01-30,,625.72,40,25028.8,0.3815,0.159,6e-05,621.869995,2026-01-30,data/real/prices/yahoo/QQQ.json,ae9ec3c0b0b8e0f5cd28ee45eac2dfcff9f95a7c5a1244e170ab0980d85979ed,SECONDARY,official SOFR 21-session direction,sofr-pivot: easing (-12.0bp over 21 sessions)
CurveSteepener_MaxBeta-00049,@CurveSteepener_MaxBeta,2026-01-29,2026-01-30,COLLECTED,JPM,sell,200,market,filled,2026-01-30,,305.24,200,61048.0,3.2495,0.328,0.00167,305.890015,2026-01-30,data/real/prices/yahoo/JPM.json,169021a2b0a0985c1c427b57fe640e22b6ce82a79377bc3075417c6a8b98d12c,SECONDARY,official DGS10-DGS3MO 21-session change,curve-steepener: flat +7.0bp
CurveSteepener_MaxBeta-00050,@CurveSteepener_MaxBeta,2026-01-29,2026-01-30,COLLECTED,XOM,sell,300,market,filled,2026-01-30,,138.74,300,41622.0,3.5269,0.0,0.00101,141.399994,2026-01-30,data/real/prices/yahoo/XOM.json,4a2c7d18351df35d3cb2b11781aad7ea882659abaffcd9d31683a3d09881cf97,SECONDARY,official DGS10-DGS3MO 21-session change,curve-steepener: flat +7.0bp
CurveSteepener_MaxBeta-00051,@CurveSteepener_MaxBeta,2026-01-29,2026-01-30,COLLECTED,SPY,buy,40,market,filled,2026-01-30,,691.79,40,27671.6,0.3654,0.0,4e-05,691.969971,2026-01-30,data/real/prices/yahoo/SPY.json,e0f05aaf67be23da1db20513eaed93274b165898427ebeab80c7cb2eca1d9a2d,SECONDARY,official DGS10-DGS3MO 21-session change,curve-steepener: flat +7.0bp
VolControl_MaxLev-00039,@VolControl_MaxLev,2026-01-29,2026-01-30,COLLECTED,QQQ,sell,80,market,filled,2026-01-30,,625.71,80,50056.8,0.8296,0.0,0.00012,621.869995,2026-01-30,data/real/prices/yahoo/QQQ.json,ae9ec3c0b0b8e0f5cd28ee45eac2dfcff9f95a7c5a1244e170ab0980d85979ed,SECONDARY,official VIXCLS tercile scaling,vol-control: middle tercile (VIX 16.88)
VIXRegime_LiveMax-00020,@VIXRegime_LiveMax,2026-01-30,2026-02-02,COLLECTED,QQQ,sell,160,market,filled,2026-02-02,,618.7,160,98992.0,1.8247,0.0,0.00033,626.140015,2026-02-02,data/real/prices/yahoo/QQQ.json,ae9ec3c0b0b8e0f5cd28ee45eac2dfcff9f95a7c5a1244e170ab0980d85979ed,SECONDARY,official VIXCLS/SP500 regime rule,"vix-regime[undecided]: VIX 17.44 vs 60d median 17.05, 252d 80th percentile 21.13; S&P 6,939 vs 100d mean 6,783"
SOFRPivot_Rider-00053,@SOFRPivot_Rider,2026-01-30,2026-02-02,COLLECTED,QQQ,sell,80,market,filled,2026-02-02,,618.7,80,49496.0,0.8371,0.0,0.00016,626.140015,2026-02-02,data/real/prices/yahoo/QQQ.json,ae9ec3c0b0b8e0f5cd28ee45eac2dfcff9f95a7c5a1244e170ab0980d85979ed,SECONDARY,official SOFR 21-session direction,sofr-pivot: flat (-3.0bp over 21 sessions)
SOFRPivot_Rider-00054,@SOFRPivot_Rider,2026-01-30,2026-02-02,COLLECTED,TSLA,sell,80,market,filled,2026-02-02,,421.28,80,33702.4,1.3613,0.238,0.00014,421.809998,2026-02-02,data/real/prices/yahoo/TSLA.json,6916f4c63d07180ce9efd08a9e88d50b7d43121d02443b933214c54bbb6e84f7,SECONDARY,official SOFR 21-session direction,sofr-pivot: flat (-3.0bp over 21 sessions)
SOFRPivot_Rider-00055,@SOFRPivot_Rider,2026-01-30,2026-02-02,COLLECTED,SPY,buy,40,market,filled,2026-02-02,,689.59,40,27583.6,0.3655,0.145,5e-05,695.409973,2026-02-02,data/real/prices/yahoo/SPY.json,e0f05aaf67be23da1db20513eaed93274b165898427ebeab80c7cb2eca1d9a2d,SECONDARY,official SOFR 21-session direction,sofr-pivot: flat (-3.0bp over 21 sessions)
CurveSteepener_MaxBeta-00052,@CurveSteepener_MaxBeta,2026-01-30,2026-02-02,COLLECTED,SPY,sell,40,market,filled,2026-02-02,,689.58,40,27583.2,0.3733,0.0,5e-05,695.409973,2026-02-02,data/real/prices/yahoo/SPY.json,e0f05aaf67be23da1db20513eaed93274b165898427ebeab80c7cb2eca1d9a2d,SECONDARY,official DGS10-DGS3MO 21-session change,curve-steepener: steepening +15.0bp
CurveSteepener_MaxBeta-00053,@CurveSteepener_MaxBeta,2026-01-30,2026-02-02,COLLECTED,JPM,buy,240,market,filled,2026-02-02,,304.47,240,73072.8,4.0237,0.329,0.00244,308.140015,2026-02-02,data/real/prices/yahoo/JPM.json,169021a2b0a0985c1c427b57fe640e22b6ce82a79377bc3075417c6a8b98d12c,SECONDARY,official DGS10-DGS3MO 21-session change,curve-steepener: steepening +15.0bp
CurveSteepener_MaxBeta-00054,@CurveSteepener_MaxBeta,2026-01-30,2026-02-02,COLLECTED,XOM,buy,500,market,filled,2026-02-02,,139.84,500,69920.0,6.2957,0.715,0.0018,138.399994,2026-02-02,data/real/prices/yahoo/XOM.json,4a2c7d18351df35d3cb2b11781aad7ea882659abaffcd9d31683a3d09881cf97,SECONDARY,official DGS10-DGS3MO 21-session change,curve-steepener: steepening +15.0bp
OilDollar_FadeUNG-00064,@OilDollar_FadeUNG,2026-01-30,2026-02-02,COLLECTED,XOM,buy,100,market,filled,2026-02-02,,139.84,100,13984.0,1.0053,0.715,0.00036,138.399994,2026-02-02,data/real/prices/yahoo/XOM.json,4a2c7d18351df35d3cb2b11781aad7ea882659abaffcd9d31683a3d09881cf97,SECONDARY,official DCOILWTICO/DTWEXBGS 21-session rule,oil-dollar: oil +11.6%/21d with dollar -1.3%/21d
FDA_Fade_Live-00022,@FDA_Fade_Live,2026-01-30,2026-02-02,COLLECTED,XBI,sell,100,market,filled,2026-02-02,,124.05,100,12405.0,1.057,0.0,0.00174,127.349998,2026-02-02,data/real/prices/yahoo/XBI.json,fe9eeb851e6faba2a7187e008fab271608d8a4d544227ad3543ac3d95d5dd769,SECONDARY,"openFDA approval burst, faded",fda-fade: |z|=0.25 < 0.5
VIXRegime_LiveMax-00021,@VIXRegime_LiveMax,2026-02-02,2026-02-03,COLLECTED,QQQ,buy,80,market,filled,2026-02-03,,628.3,80,50264.0,0.8222,0.0,0.0001,616.52002,2026-02-03,data/real/prices/yahoo/QQQ.json,ae9ec3c0b0b8e0f5cd28ee45eac2dfcff9f95a7c5a1244e170ab0980d85979ed,SECONDARY,official VIXCLS/SP500 regime rule,"vix-regime[calm]: VIX 16.34 vs 60d median 17.00, 252d 80th percentile 21.13; S&P 6,976 vs 100d mean 6,787"
SOFRPivot_Rider-00056,@SOFRPivot_Rider,2026-02-02,2026-02-03,COLLECTED,SPY,sell,40,market,filled,2026-02-03,,696.21,40,27848.4,0.3724,0.0,4e-05,689.530029,2026-02-03,data/real/prices/yahoo/SPY.json,e0f05aaf67be23da1db20513eaed93274b165898427ebeab80c7cb2eca1d9a2d,SECONDARY,official SOFR 21-session direction,sofr-pivot: easing (-18.0bp over 21 sessions)
SOFRPivot_Rider-00057,@SOFRPivot_Rider,2026-02-02,2026-02-03,COLLECTED,QQQ,buy,80,market,filled,2026-02-03,,628.3,80,50264.0,0.8222,0.0,0.0001,616.52002,2026-02-03,data/real/prices/yahoo/QQQ.json,ae9ec3c0b0b8e0f5cd28ee45eac2dfcff9f95a7c5a1244e170ab0980d85979ed,SECONDARY,official SOFR 21-session direction,sofr-pivot: easing (-18.0bp over 21 sessions)
SOFRPivot_Rider-00058,@SOFRPivot_Rider,2026-02-02,2026-02-03,COLLECTED,TSLA,buy,80,market,filled,2026-02-03,,424.28,80,33942.4,1.3514,0.236,0.00014,421.959991,2026-02-03,data/real/prices/yahoo/TSLA.json,6916f4c63d07180ce9efd08a9e88d50b7d43121d02443b933214c54bbb6e84f7,SECONDARY,official SOFR 21-session direction,sofr-pivot: easing (-18.0bp over 21 sessions)
CurveSteepener_MaxBeta-00055,@CurveSteepener_MaxBeta,2026-02-02,2026-02-03,COLLECTED,JPM,buy,40,market,filled,2026-02-03,,309.74,40,12389.6,0.4666,0.323,0.00032,314.850006,2026-02-03,data/real/prices/yahoo/JPM.json,169021a2b0a0985c1c427b57fe640e22b6ce82a79377bc3075417c6a8b98d12c,SECONDARY,official DGS10-DGS3MO 21-session change,curve-steepener: steepening +11.0bp
OilDollar_FadeUNG-00065,@OilDollar_FadeUNG,2026-02-02,2026-02-03,COLLECTED,XOM,sell,100,market,filled,2026-02-03,,138.63,100,13863.0,1.0332,0.721,0.00027,143.729996,2026-02-03,data/real/prices/yahoo/XOM.json,4a2c7d18351df35d3cb2b11781aad7ea882659abaffcd9d31683a3d09881cf97,SECONDARY,official DCOILWTICO/DTWEXBGS 21-session rule,oil-dollar: oil +7.6%/21d with dollar -1.2%/21d
OilDollar_FadeUNG-00066,@OilDollar_FadeUNG,2026-02-02,2026-02-03,COLLECTED,UNG,buy,200,market,filled,2026-02-03,,12.7,200,2540.0,1.8523,0.0,0.00145,12.98,2026-02-03,data/real/prices/yahoo/UNG.json,eb7bcc0769945fb2c40fbcd98753ed7e17e367cf69d2ce2bde9ae60f00a462cc,SECONDARY,official DCOILWTICO/DTWEXBGS 21-session rule,oil-dollar: oil +7.6%/21d with dollar -1.2%/21d
VolControl_MaxLev-00040,@VolControl_MaxLev,2026-02-02,2026-02-03,COLLECTED,QQQ,buy,40,market,filled,2026-02-03,,628.3,40,25132.0,0.3844,0.0,5e-05,616.52002,2026-02-03,data/real/prices/yahoo/QQQ.json,ae9ec3c0b0b8e0f5cd28ee45eac2dfcff9f95a7c5a1244e170ab0980d85979ed,SECONDARY,official VIXCLS tercile scaling,vol-control: calm tercile (VIX 16.34 <= 16.36)
VIXRegime_LiveMax-00022,@VIXRegime_LiveMax,2026-02-03,2026-02-04,COLLECTED,QQQ,sell,80,market,filled,2026-02-04,,615.02,80,49201.6,0.8485,0.0,0.0001,605.75,2026-02-04,data/real/prices/yahoo/QQQ.json,ae9ec3c0b0b8e0f5cd28ee45eac2dfcff9f95a7c5a1244e170ab0980d85979ed,SECONDARY,official VIXCLS/SP500 regime rule,"vix-regime[undecided]: VIX 18.00 vs 60d median 16.98, 252d 80th percentile 21.13; S&P 6,918 vs 100d mean 6,791"
SOFRPivot_Rider-00059,@SOFRPivot_Rider,2026-02-03,2026-02-04,COLLECTED,SPY,sell,40,market,filled,2026-02-04,,690.34,40,27613.6,0.3742,0.145,4e-05,686.190002,2026-02-04,data/real/prices/yahoo/SPY.json,e0f05aaf67be23da1db20513eaed93274b165898427ebeab80c7cb2eca1d9a2d,SECONDARY,official SOFR 21-session direction,sofr-pivot: easing (-6.0bp over 21 sessions)
SOFRPivot_Rider-00060,@SOFRPivot_Rider,2026-02-03,2026-02-04,COLLECTED,QQQ,buy,40,market,filled,2026-02-04,,615.03,40,24601.2,0.3882,0.162,5e-05,605.75,2026-02-04,data/real/prices/yahoo/QQQ.json,ae9ec3c0b0b8e0f5cd28ee45eac2dfcff9f95a7c5a1244e170ab0980d85979ed,SECONDARY,official SOFR 21-session direction,sofr-pivot: easing (-6.0bp over 21 sessions)
CurveSteepener_MaxBeta-00056,@CurveSteepener_MaxBeta,2026-02-03,2026-02-04,COLLECTED,JPM,sell,240,market,filled,2026-02-04,,314.4,240,75456.0,4.2262,0.318,0.00244,317.269989,2026-02-04,data/real/prices/yahoo/JPM.json,169021a2b0a0985c1c427b57fe640e22b6ce82a79377bc3075417c6a8b98d12c,SECONDARY,official DGS10-DGS3MO 21-session change,curve-steepener: flat +8.0bp
CurveSteepener_MaxBeta-00057,@CurveSteepener_MaxBeta,2026-02-03,2026-02-04,COLLECTED,XOM,sell,600,market,filled,2026-02-04,,144.1,600,86460.0,8.3618,1.387,0.00204,147.589996,2026-02-04,data/real/prices/yahoo/XOM.json,4a2c7d18351df35d3cb2b11781aad7ea882659abaffcd9d31683a3d09881cf97,SECONDARY,official DGS10-DGS3MO 21-session change,curve-steepener: flat +8.0bp
OilDollar_FadeUNG-00067,@OilDollar_FadeUNG,2026-02-03,2026-02-04,COLLECTED,UNG,buy,200,market,filled,2026-02-04,,13.6,200,2720.0,1.8701,7.358,0.00152,13.46,2026-02-04,data/real/prices/yahoo/UNG.json,eb7bcc0769945fb2c40fbcd98753ed7e17e367cf69d2ce2bde9ae60f00a462cc,SECONDARY,official DCOILWTICO/DTWEXBGS 21-session rule,oil-dollar: oil +9.5%/21d with dollar -1.4%/21d
FDA_PDUFA_Drifter-00015,@FDA_PDUFA_Drifter,2026-02-03,2026-02-04,COLLECTED,IBB,buy,200,market,filled,2026-02-04,,175.21,200,35042.0,3.3919,0.571,0.00672,174.050003,2026-02-04,data/real/prices/yahoo/IBB.json,20849c9611587299a52489fe22060adc7823c700fb3483f21091d85a6cf8acb0,SECONDARY,"openFDA approval count, trailing 30 days",fda-drift: 30d approvals 67 >= median 67
FDA_PDUFA_Drifter-00016,@FDA_PDUFA_Drifter,2026-02-03,2026-02-04,COLLECTED,XBI,buy,800,market,filled,2026-02-04,,127.89,800,102312.0,12.1232,1.564,0.00665,125.290001,2026-02-04,data/real/prices/yahoo/XBI.json,fe9eeb851e6faba2a7187e008fab271608d8a4d544227ad3543ac3d95d5dd769,SECONDARY,"openFDA approval count, trailing 30 days",fda-drift: 30d approvals 67 >= median 67
VolControl_MaxLev-00041,@VolControl_MaxLev,2026-02-03,2026-02-04,COLLECTED,QQQ,sell,40,market,filled,2026-02-04,,615.02,40,24600.8,0.396,0.0,5e-05,605.75,2026-02-04,data/real/prices/yahoo/QQQ.json,ae9ec3c0b0b8e0f5cd28ee45eac2dfcff9f95a7c5a1244e170ab0980d85979ed,SECONDARY,official VIXCLS tercile scaling,vol-control: middle tercile (VIX 18.00)
SOFRPivot_Rider-00061,@SOFRPivot_Rider,2026-02-04,2026-02-05,COLLECTED,QQQ,buy,40,market,filled,2026-02-05,,600.22,40,24008.8,0.3905,0.166,4e-05,597.030029,2026-02-05,data/real/prices/yahoo/QQQ.json,ae9ec3c0b0b8e0f5cd28ee45eac2dfcff9f95a7c5a1244e170ab0980d85979ed,SECONDARY,official SOFR 21-session direction,sofr-pivot: easing (-5.0bp over 21 sessions)
CurveSteepener_MaxBeta-00058,@CurveSteepener_MaxBeta,2026-02-04,2026-02-05,COLLECTED,SPY,buy,120,market,filled,2026-02-05,,680.95,120,81714.0,1.1943,0.147,0.00011,677.619995,2026-02-05,data/real/prices/yahoo/SPY.json,e0f05aaf67be23da1db20513eaed93274b165898427ebeab80c7cb2eca1d9a2d,SECONDARY,official DGS10-DGS3MO 21-session change,curve-steepener: flat +6.0bp
FDA_PDUFA_Drifter-00017,@FDA_PDUFA_Drifter,2026-02-04,2026-02-05,COLLECTED,XBI,buy,300,market,filled,2026-02-05,,124.24,300,37272.0,3.7055,0.805,0.00208,120.720001,2026-02-05,data/real/prices/yahoo/XBI.json,fe9eeb851e6faba2a7187e008fab271608d8a4d544227ad3543ac3d95d5dd769,SECONDARY,"openFDA approval count, trailing 30 days",fda-drift: 30d approvals 70 >= median 67
PinePilot_EMA_Live-00012,@PinePilot_EMA_Live,2026-02-04,2026-02-05,COLLECTED,QQQ,sell,320,market,filled,2026-02-05,,600.21,320,192067.2,4.2172,0.0,0.00036,597.030029,2026-02-05,data/real/prices/yahoo/QQQ.json,ae9ec3c0b0b8e0f5cd28ee45eac2dfcff9f95a7c5a1244e170ab0980d85979ed,SECONDARY,9/21 EMA cross,pinepilot: EMA9 619.99 < EMA21 620.98
CrowdFade_Live-00005,@CrowdFade_Live,2026-02-04,2026-02-05,COLLECTED,NVDA,buy,300,market,filled,2026-02-05,,174.93,300,52479.0,2.8638,0.0,0.00015,171.880005,2026-02-05,data/real/prices/yahoo/NVDA.json,e8c9fe33254a091dcfb1fde394469dac5a6683a2528f85b45fb2428857eadae2,SECONDARY,3-session reversal at 2.5 sigma,crowd-fade: 3-session sigma extremes (NVDA z=-2.66)
KitchenSink_Official-00067,@KitchenSink_Official,2026-02-04,2026-02-05,COLLECTED,QQQ,sell,240,market,filled,2026-02-05,,600.21,240,144050.4,3.0026,0.0,0.00027,597.030029,2026-02-05,data/real/prices/yahoo/QQQ.json,ae9ec3c0b0b8e0f5cd28ee45eac2dfcff9f95a7c5a1244e170ab0980d85979ed,SECONDARY,sign of eight official 21-session changes,kitchen-sink[undecided]: score +0 of 8 official signs
VIXRegime_LiveMax-00023,@VIXRegime_LiveMax,2026-02-05,2026-02-06,COLLECTED,QQQ,sell,280,market,filled,2026-02-06,,600.19,280,168053.2,3.6164,0.0,0.00036,609.650024,2026-02-06,data/real/prices/yahoo/QQQ.json,ae9ec3c0b0b8e0f5cd28ee45eac2dfcff9f95a7c5a1244e170ab0980d85979ed,SECONDARY,official VIXCLS/SP500 regime rule,"vix-regime[stress-with-downtrend]: VIX 21.77 vs 60d median 17.07, 252d 80th percentile 21.51; S&P 6,798 vs 100d mean 6,796"
SOFRPivot_Rider-00062,@SOFRPivot_Rider,2026-02-05,2026-02-06,COLLECTED,QQQ,sell,160,market,filled,2026-02-06,,600.19,160,96030.4,1.8821,0.0,0.00021,609.650024,2026-02-06,data/real/prices/yahoo/QQQ.json,ae9ec3c0b0b8e0f5cd28ee45eac2dfcff9f95a7c5a1244e170ab0980d85979ed,SECONDARY,official SOFR 21-session direction,sofr-pivot: flat (-1.0bp over 21 sessions)
SOFRPivot_Rider-00063,@SOFRPivot_Rider,2026-02-05,2026-02-06,COLLECTED,TSLA,sell,40,market,filled,2026-02-06,,400.86,40,16034.4,0.6253,0.249,6e-05,411.109985,2026-02-06,data/real/prices/yahoo/TSLA.json,6916f4c63d07180ce9efd08a9e88d50b7d43121d02443b933214c54bbb6e84f7,SECONDARY,official SOFR 21-session direction,sofr-pivot: flat (-1.0bp over 21 sessions)
CurveSteepener_MaxBeta-00059,@CurveSteepener_MaxBeta,2026-02-05,2026-02-06,COLLECTED,JPM,sell,40,market,filled,2026-02-06,,314.7,40,12588.0,0.4766,0.317,0.00022,322.399994,2026-02-06,data/real/prices/yahoo/JPM.json,169021a2b0a0985c1c427b57fe640e22b6ce82a79377bc3075417c6a8b98d12c,SECONDARY,official DGS10-DGS3MO 21-session change,curve-steepener: flat +1.0bp
CurveSteepener_MaxBeta-00060,@CurveSteepener_MaxBeta,2026-02-05,2026-02-06,COLLECTED,SPY,buy,40,market,filled,2026-02-06,,681.47,40,27258.8,0.3675,0.146,4e-05,690.619995,2026-02-06,data/real/prices/yahoo/SPY.json,e0f05aaf67be23da1db20513eaed93274b165898427ebeab80c7cb2eca1d9a2d,SECONDARY,official DGS10-DGS3MO 21-session change,curve-steepener: flat +1.0bp
FDA_PDUFA_Drifter-00018,@FDA_PDUFA_Drifter,2026-02-05,2026-02-06,COLLECTED,XBI,buy,100,market,filled,2026-02-06,,122.85,100,12285.0,1.0698,0.0,0.00104,125.510002,2026-02-06,data/real/prices/yahoo/XBI.json,fe9eeb851e6faba2a7187e008fab271608d8a4d544227ad3543ac3d95d5dd769,SECONDARY,"openFDA approval count, trailing 30 days",fda-drift: 30d approvals 70 >= median 67
VolControl_MaxLev-00042,@VolControl_MaxLev,2026-02-05,2026-02-06,COLLECTED,QQQ,sell,160,market,filled,2026-02-06,,600.19,160,96030.4,1.8821,0.0,0.00021,609.650024,2026-02-06,data/real/prices/yahoo/QQQ.json,ae9ec3c0b0b8e0f5cd28ee45eac2dfcff9f95a7c5a1244e170ab0980d85979ed,SECONDARY,official VIXCLS tercile scaling,vol-control: volatile tercile (VIX 21.77 >= 18.96)
KitchenSink_Official-00068,@KitchenSink_Official,2026-02-05,2026-02-06,COLLECTED,SPY,buy,80,market,filled,2026-02-06,,681.47,80,54517.6,0.7743,0.146,9e-05,690.619995,2026-02-06,data/real/prices/yahoo/SPY.json,e0f05aaf67be23da1db20513eaed93274b165898427ebeab80c7cb2eca1d9a2d,SECONDARY,sign of eight official 21-session changes,kitchen-sink[undecided]: score -2 of 8 official signs
VIXRegime_LiveMax-00024,@VIXRegime_LiveMax,2026-02-06,2026-02-09,COLLECTED,QQQ,buy,200,market,filled,2026-02-09,,607.54,200,121508.0,2.5024,0.0,0.00035,614.320007,2026-02-09,data/real/prices/yahoo/QQQ.json,ae9ec3c0b0b8e0f5cd28ee45eac2dfcff9f95a7c5a1244e170ab0980d85979ed,SECONDARY,official VIXCLS/SP500 regime rule,"vix-regime[undecided]: VIX 17.76 vs 60d median 17.08, 252d 80th percentile 21.51; S&P 6,932 vs 100d mean 6,799"
SOFRPivot_Rider-00064,@SOFRPivot_Rider,2026-02-06,2026-02-09,COLLECTED,QQQ,sell,40,market,filled,2026-02-09,,607.53,40,24301.2,0.4085,0.164,7e-05,614.320007,2026-02-09,data/real/prices/yahoo/QQQ.json,ae9ec3c0b0b8e0f5cd28ee45eac2dfcff9f95a7c5a1244e170ab0980d85979ed,SECONDARY,official SOFR 21-session direction,sofr-pivot: flat (-1.0bp over 21 sessions)
SOFRPivot_Rider-00065,@SOFRPivot_Rider,2026-02-06,2026-02-09,COLLECTED,SPY,buy,80,market,filled,2026-02-09,,689.42,80,55153.6,0.7997,0.0,0.00011,693.950012,2026-02-09,data/real/prices/yahoo/SPY.json,e0f05aaf67be23da1db20513eaed93274b165898427ebeab80c7cb2eca1d9a2d,SECONDARY,official SOFR 21-session direction,sofr-pivot: flat (-1.0bp over 21 sessions)
OilDollar_FadeUNG-00068,@OilDollar_FadeUNG,2026-02-06,2026-02-09,COLLECTED,UNG,buy,200,market,filled,2026-02-09,,12.2,200,2440.0,1.84,0.0,0.00172,12.17,2026-02-09,data/real/prices/yahoo/UNG.json,eb7bcc0769945fb2c40fbcd98753ed7e17e367cf69d2ce2bde9ae60f00a462cc,SECONDARY,official DCOILWTICO/DTWEXBGS 21-session rule,oil-dollar: oil +13.9%/21d with dollar -1.4%/21d
FDA_PDUFA_Drifter-00019,@FDA_PDUFA_Drifter,2026-02-06,2026-02-09,COLLECTED,XBI,buy,100,market,filled,2026-02-09,,125.2,100,12520.0,1.0804,0.0,0.00189,126.110001,2026-02-09,data/real/prices/yahoo/XBI.json,fe9eeb851e6faba2a7187e008fab271608d8a4d544227ad3543ac3d95d5dd769,SECONDARY,"openFDA approval count, trailing 30 days",fda-drift: 30d approvals 73 >= median 67
VolControl_MaxLev-00043,@VolControl_MaxLev,2026-02-06,2026-02-09,COLLECTED,QQQ,buy,120,market,filled,2026-02-09,,607.54,120,72904.8,1.3794,0.0,0.00021,614.320007,2026-02-09,data/real/prices/yahoo/QQQ.json,ae9ec3c0b0b8e0f5cd28ee45eac2dfcff9f95a7c5a1244e170ab0980d85979ed,SECONDARY,official VIXCLS tercile scaling,vol-control: middle tercile (VIX 17.76)
SOFRPivot_Rider-00066,@SOFRPivot_Rider,2026-02-09,2026-02-10,COLLECTED,TSLA,sell,40,market,filled,2026-02-10,,418.07,40,16722.8,0.6377,0.239,6e-05,425.209991,2026-02-10,data/real/prices/yahoo/TSLA.json,6916f4c63d07180ce9efd08a9e88d50b7d43121d02443b933214c54bbb6e84f7,SECONDARY,official SOFR 21-session direction,sofr-pivot: flat (-1.0bp over 21 sessions)
OilDollar_FadeUNG-00069,@OilDollar_FadeUNG,2026-02-09,2026-02-10,COLLECTED,UNG,buy,200,market,filled,2026-02-10,,12.31,200,2462.0,1.847,8.13,0.00216,12.13,2026-02-10,data/real/prices/yahoo/UNG.json,eb7bcc0769945fb2c40fbcd98753ed7e17e367cf69d2ce2bde9ae60f00a462cc,SECONDARY,official DCOILWTICO/DTWEXBGS 21-session rule,oil-dollar: oil +11.8%/21d with dollar -2.0%/21d
FDA_PDUFA_Drifter-00020,@FDA_PDUFA_Drifter,2026-02-09,2026-02-10,COLLECTED,IBB,sell,100,market,filled,2026-02-10,,174.2,100,17420.0,1.3741,0.574,0.00603,172.059998,2026-02-10,data/real/prices/yahoo/IBB.json,20849c9611587299a52489fe22060adc7823c700fb3483f21091d85a6cf8acb0,SECONDARY,"openFDA approval count, trailing 30 days",fda-drift: 30d approvals 66 < median 67
FDA_PDUFA_Drifter-00021,@FDA_PDUFA_Drifter,2026-02-09,2026-02-10,COLLECTED,XBI,sell,1300,market,filled,2026-02-10,,125.79,1300,163527.0,23.5298,0.795,0.02209,125.339996,2026-02-10,data/real/prices/yahoo/XBI.json,fe9eeb851e6faba2a7187e008fab271608d8a4d544227ad3543ac3d95d5dd769,SECONDARY,"openFDA approval count, trailing 30 days",fda-drift: 30d approvals 66 < median 67
CurveSteepener_MaxBeta-00061,@CurveSteepener_MaxBeta,2026-02-10,2026-02-11,COLLECTED,SPY,sell,160,market,filled,2026-02-11,,696.39,160,111422.4,1.7673,0.0,0.00021,691.960022,2026-02-11,data/real/prices/yahoo/SPY.json,e0f05aaf67be23da1db20513eaed93274b165898427ebeab80c7cb2eca1d9a2d,SECONDARY,official DGS10-DGS3MO 21-session change,curve-steepener: flattening -10.0bp
CurveSteepener_MaxBeta-00062,@CurveSteepener_MaxBeta,2026-02-10,2026-02-11,COLLECTED,TLT,buy,600,market,filled,2026-02-11,,88.05,600,52830.0,5.2735,1.136,0.00162,88.059998,2026-02-11,data/real/prices/yahoo/TLT.json,b2914ca7451d1c04fbe97f399361df69871d9a8afcbb0121541ac2bdd13a29f3,SECONDARY,official DGS10-DGS3MO 21-session change,curve-steepener: flattening -10.0bp
FDA_PDUFA_Drifter-00022,@FDA_PDUFA_Drifter,2026-02-10,2026-02-11,COLLECTED,IBB,buy,100,market,filled,2026-02-11,,171.73,100,17173.0,1.3628,1.164,0.00381,172.699997,2026-02-11,data/real/prices/yahoo/IBB.json,20849c9611587299a52489fe22060adc7823c700fb3483f21091d85a6cf8acb0,SECONDARY,"openFDA approval count, trailing 30 days",fda-drift: 30d approvals 68 >= median 67
FDA_PDUFA_Drifter-00023,@FDA_PDUFA_Drifter,2026-02-10,2026-02-11,COLLECTED,XBI,buy,800,market,filled,2026-02-11,,125.29,800,100232.0,12.6432,0.798,0.01025,124.650002,2026-02-11,data/real/prices/yahoo/XBI.json,fe9eeb851e6faba2a7187e008fab271608d8a4d544227ad3543ac3d95d5dd769,SECONDARY,"openFDA approval count, trailing 30 days",fda-drift: 30d approvals 68 >= median 67
GoldVsRealRate_Live-00043,@GoldVsRealRate_Live,2026-02-10,2026-02-11,COLLECTED,TLT,sell,1400,market,filled,2026-02-11,,88.04,1400,123256.0,13.1606,0.0,0.00378,88.059998,2026-02-11,data/real/prices/yahoo/TLT.json,b2914ca7451d1c04fbe97f399361df69871d9a8afcbb0121541ac2bdd13a29f3,SECONDARY,"DGS10 minus SOFR, 21-session change",gold-real-rate: proxy flat (-4.0bp)
GoldVsRealRate_Live-00044,@GoldVsRealRate_Live,2026-02-10,2026-02-11,COLLECTED,GLD,buy,80,market,filled,2026-02-11,,466.02,80,37281.6,2.0211,0.429,0.00071,467.630005,2026-02-11,data/real/prices/yahoo/GLD.json,545093d31c9d8284e3b5dc66f668a6cb7391d9925b5abdf3e82bcaa71e423b40,SECONDARY,"DGS10 minus SOFR, 21-session change",gold-real-rate: proxy flat (-4.0bp)
CurveSteepener_MaxBeta-00063,@CurveSteepener_MaxBeta,2026-02-11,2026-02-12,COLLECTED,TLT,sell,500,market,filled,2026-02-12,,88.36,500,44180.0,4.463,0.0,0.00103,89.230003,2026-02-12,data/real/prices/yahoo/TLT.json,b2914ca7451d1c04fbe97f399361df69871d9a8afcbb0121541ac2bdd13a29f3,SECONDARY,official DGS10-DGS3MO 21-session change,curve-steepener: flat -8.0bp
CurveSteepener_MaxBeta-00064,@CurveSteepener_MaxBeta,2026-02-11,2026-02-12,COLLECTED,SPY,buy,120,market,filled,2026-02-12,,694.24,120,83308.8,1.255,0.0,0.0001,681.27002,2026-02-12,data/real/prices/yahoo/SPY.json,e0f05aaf67be23da1db20513eaed93274b165898427ebeab80c7cb2eca1d9a2d,SECONDARY,official DGS10-DGS3MO 21-session change,curve-steepener: flat -8.0bp
FDA_PDUFA_Drifter-00024,@FDA_PDUFA_Drifter,2026-02-11,2026-02-12,COLLECTED,XBI,buy,300,market,filled,2026-02-12,,125.17,300,37551.0,3.8375,0.799,0.00438,123.18,2026-02-12,data/real/prices/yahoo/XBI.json,fe9eeb851e6faba2a7187e008fab271608d8a4d544227ad3543ac3d95d5dd769,SECONDARY,"openFDA approval count, trailing 30 days",fda-drift: 30d approvals 71 >= median 67
GoldVsRealRate_Live-00045,@GoldVsRealRate_Live,2026-02-11,2026-02-12,COLLECTED,GLD,buy,80,market,filled,2026-02-12,,464.92,80,37193.6,2.0169,0.43,0.00039,451.390015,2026-02-12,data/real/prices/yahoo/GLD.json,545093d31c9d8284e3b5dc66f668a6cb7391d9925b5abdf3e82bcaa71e423b40,SECONDARY,"DGS10 minus SOFR, 21-session change",gold-real-rate: proxy flat (-1.0bp)
CurveSteepener_MaxBeta-00065,@CurveSteepener_MaxBeta,2026-02-12,2026-02-13,COLLECTED,SPY,sell,120,market,filled,2026-02-13,,681.69,120,81802.8,1.2942,0.0,0.00012,681.75,2026-02-13,data/real/prices/yahoo/SPY.json,e0f05aaf67be23da1db20513eaed93274b165898427ebeab80c7cb2eca1d9a2d,SECONDARY,official DGS10-DGS3MO 21-session change,curve-steepener: flattening -13.0bp
CurveSteepener_MaxBeta-00066,@CurveSteepener_MaxBeta,2026-02-12,2026-02-13,COLLECTED,TLT,buy,700,market,filled,2026-02-13,,89.63,700,62741.0,6.272,0.0,0.00123,89.720001,2026-02-13,data/real/prices/yahoo/TLT.json,b2914ca7451d1c04fbe97f399361df69871d9a8afcbb0121541ac2bdd13a29f3,SECONDARY,official DGS10-DGS3MO 21-session change,curve-steepener: flattening -13.0bp
FDA_PDUFA_Drifter-00025,@FDA_PDUFA_Drifter,2026-02-12,2026-02-13,COLLECTED,XBI,buy,200,market,filled,2026-02-13,,123.6,200,24720.0,2.3845,0.0,0.00227,122.860001,2026-02-13,data/real/prices/yahoo/XBI.json,fe9eeb851e6faba2a7187e008fab271608d8a4d544227ad3543ac3d95d5dd769,SECONDARY,"openFDA approval count, trailing 30 days",fda-drift: 30d approvals 70 >= median 67
VolControl_MaxLev-00044,@VolControl_MaxLev,2026-02-12,2026-02-13,COLLECTED,QQQ,sell,80,market,filled,2026-02-13,,600.42,80,48033.6,0.8952,0.166,0.00012,601.919983,2026-02-13,data/real/prices/yahoo/QQQ.json,ae9ec3c0b0b8e0f5cd28ee45eac2dfcff9f95a7c5a1244e170ab0980d85979ed,SECONDARY,official VIXCLS tercile scaling,vol-control: volatile tercile (VIX 20.82 >= 18.98)
GoldVsRealRate_Live-00046,@GoldVsRealRate_Live,2026-02-12,2026-02-13,COLLECTED,GLD,buy,120,market,filled,2026-02-13,,459.76,120,55171.2,3.3843,0.652,0.00097,462.619995,2026-02-13,data/real/prices/yahoo/GLD.json,545093d31c9d8284e3b5dc66f668a6cb7391d9925b5abdf3e82bcaa71e423b40,SECONDARY,"DGS10 minus SOFR, 21-session change",gold-real-rate: opportunity-cost proxy falling -11.0bp
CurveSteepener_MaxBeta-00067,@CurveSteepener_MaxBeta,2026-02-13,2026-02-17,COLLECTED,TLT,buy,800,market,filled,2026-02-17,,89.94,800,71952.0,7.2164,1.112,0.00247,89.870003,2026-02-17,data/real/prices/yahoo/TLT.json,b2914ca7451d1c04fbe97f399361df69871d9a8afcbb0121541ac2bdd13a29f3,SECONDARY,official DGS10-DGS3MO 21-session change,curve-steepener: flattening -15.0bp
GoldVsRealRate_Live-00047,@GoldVsRealRate_Live,2026-02-13,2026-02-17,COLLECTED,GLD,buy,80,market,filled,2026-02-17,,450.28,80,36022.4,2.0221,0.444,0.00073,448.200012,2026-02-17,data/real/prices/yahoo/GLD.json,545093d31c9d8284e3b5dc66f668a6cb7391d9925b5abdf3e82bcaa71e423b40,SECONDARY,"DGS10 minus SOFR, 21-session change",gold-real-rate: opportunity-cost proxy falling -15.0bp
CurveSteepener_MaxBeta-00068,@CurveSteepener_MaxBeta,2026-02-17,2026-02-18,COLLECTED,TLT,buy,400,market,filled,2026-02-18,,89.7,400,35880.0,3.4879,1.115,0.00113,89.529999,2026-02-18,data/real/prices/yahoo/TLT.json,b2914ca7451d1c04fbe97f399361df69871d9a8afcbb0121541ac2bdd13a29f3,SECONDARY,official DGS10-DGS3MO 21-session change,curve-steepener: flattening -12.0bp
GoldVsRealRate_Live-00048,@GoldVsRealRate_Live,2026-02-17,2026-02-18,COLLECTED,GLD,buy,40,market,filled,2026-02-18,,455.83,40,18233.2,0.8803,0.439,0.00039,458.279999,2026-02-18,data/real/prices/yahoo/GLD.json,545093d31c9d8284e3b5dc66f668a6cb7391d9925b5abdf3e82bcaa71e423b40,SECONDARY,"DGS10 minus SOFR, 21-session change",gold-real-rate: opportunity-cost proxy falling -17.0bp
SOFRPivot_Rider-00067,@SOFRPivot_Rider,2026-02-18,2026-02-19,COLLECTED,SPY,sell,40,market,filled,2026-02-19,,683.84,40,27353.6,0.388,0.0,7e-05,684.47998,2026-02-19,data/real/prices/yahoo/SPY.json,e0f05aaf67be23da1db20513eaed93274b165898427ebeab80c7cb2eca1d9a2d,SECONDARY,official SOFR 21-session direction,sofr-pivot: tightening (+8.0bp over 21 sessions)
SOFRPivot_Rider-00068,@SOFRPivot_Rider,2026-02-18,2026-02-19,COLLECTED,TLT,buy,700,market,filled,2026-02-19,,89.41,700,62587.0,6.2566,1.118,0.00244,89.620003,2026-02-19,data/real/prices/yahoo/TLT.json,b2914ca7451d1c04fbe97f399361df69871d9a8afcbb0121541ac2bdd13a29f3,SECONDARY,official SOFR 21-session direction,sofr-pivot: tightening (+8.0bp over 21 sessions)
CurveSteepener_MaxBeta-00069,@CurveSteepener_MaxBeta,2026-02-18,2026-02-19,COLLECTED,TLT,buy,200,market,filled,2026-02-19,,89.41,200,17882.0,1.7003,1.118,0.0007,89.620003,2026-02-19,data/real/prices/yahoo/TLT.json,b2914ca7451d1c04fbe97f399361df69871d9a8afcbb0121541ac2bdd13a29f3,SECONDARY,official DGS10-DGS3MO 21-session change,curve-steepener: flattening -10.0bp
SOFRPivot_Rider-00069,@SOFRPivot_Rider,2026-02-19,2026-02-20,COLLECTED,TLT,sell,700,market,filled,2026-02-20,,89.69,700,62783.0,6.3138,1.114,0.00141,89.410004,2026-02-20,data/real/prices/yahoo/TLT.json,b2914ca7451d1c04fbe97f399361df69871d9a8afcbb0121541ac2bdd13a29f3,SECONDARY,official SOFR 21-session direction,sofr-pivot: flat (+3.0bp over 21 sessions)
SOFRPivot_Rider-00070,@SOFRPivot_Rider,2026-02-19,2026-02-20,COLLECTED,SPY,buy,40,market,filled,2026-02-20,,682.33,40,27293.2,0.3718,0.146,4e-05,689.429993,2026-02-20,data/real/prices/yahoo/SPY.json,e0f05aaf67be23da1db20513eaed93274b165898427ebeab80c7cb2eca1d9a2d,SECONDARY,official SOFR 21-session direction,sofr-pivot: flat (+3.0bp over 21 sessions)
CurveSteepener_MaxBeta-00070,@CurveSteepener_MaxBeta,2026-02-19,2026-02-20,COLLECTED,TLT,buy,100,market,filled,2026-02-20,,89.7,100,8970.0,0.8312,0.0,0.0002,89.410004,2026-02-20,data/real/prices/yahoo/TLT.json,b2914ca7451d1c04fbe97f399361df69871d9a8afcbb0121541ac2bdd13a29f3,SECONDARY,official DGS10-DGS3MO 21-session change,curve-steepener: flattening -18.0bp
VolControl_MaxLev-00045,@VolControl_MaxLev,2026-02-19,2026-02-20,COLLECTED,QQQ,sell,40,market,filled,2026-02-20,,600.11,40,24004.4,0.4057,0.167,5e-05,608.809998,2026-02-20,data/real/prices/yahoo/QQQ.json,ae9ec3c0b0b8e0f5cd28ee45eac2dfcff9f95a7c5a1244e170ab0980d85979ed,SECONDARY,official VIXCLS tercile scaling,vol-control: volatile tercile (VIX 20.23 >= 19.03)
FDA_PDUFA_Drifter-00026,@FDA_PDUFA_Drifter,2026-02-23,2026-02-24,COLLECTED,IBB,sell,100,market,filled,2026-02-24,,174.82,100,17482.0,1.3476,1.144,0.00732,176.360001,2026-02-24,data/real/prices/yahoo/IBB.json,20849c9611587299a52489fe22060adc7823c700fb3483f21091d85a6cf8acb0,SECONDARY,"openFDA approval count, trailing 30 days",fda-drift: 30d approvals 62 < median 67
FDA_PDUFA_Drifter-00027,@FDA_PDUFA_Drifter,2026-02-23,2026-02-24,COLLECTED,XBI,sell,1300,market,filled,2026-02-24,,127.35,1300,165555.0,22.9248,0.785,0.01372,129.160004,2026-02-24,data/real/prices/yahoo/XBI.json,fe9eeb851e6faba2a7187e008fab271608d8a4d544227ad3543ac3d95d5dd769,SECONDARY,"openFDA approval count, trailing 30 days",fda-drift: 30d approvals 62 < median 67
GoldVsRealRate_Live-00049,@GoldVsRealRate_Live,2026-02-23,2026-02-24,COLLECTED,GLD,buy,40,market,filled,2026-02-24,,470.11,40,18804.4,0.888,0.426,0.00028,474.609985,2026-02-24,data/real/prices/yahoo/GLD.json,545093d31c9d8284e3b5dc66f668a6cb7391d9925b5abdf3e82bcaa71e423b40,SECONDARY,"DGS10 minus SOFR, 21-session change",gold-real-rate: opportunity-cost proxy falling -26.0bp
FDA_PDUFA_Drifter-00028,@FDA_PDUFA_Drifter,2026-02-24,2026-02-25,COLLECTED,IBB,buy,100,market,filled,2026-02-25,,176.77,100,17677.0,1.3253,1.132,0.00633,175.300003,2026-02-25,data/real/prices/yahoo/IBB.json,20849c9611587299a52489fe22060adc7823c700fb3483f21091d85a6cf8acb0,SECONDARY,"openFDA approval count, trailing 30 days",fda-drift: 30d approvals 75 >= median 67
FDA_PDUFA_Drifter-00029,@FDA_PDUFA_Drifter,2026-02-24,2026-02-25,COLLECTED,XBI,buy,800,market,filled,2026-02-25,,129.27,800,103416.0,12.2479,1.547,0.00822,128.279999,2026-02-25,data/real/prices/yahoo/XBI.json,fe9eeb851e6faba2a7187e008fab271608d8a4d544227ad3543ac3d95d5dd769,SECONDARY,"openFDA approval count, trailing 30 days",fda-drift: 30d approvals 75 >= median 67
FDA_PDUFA_Drifter-00030,@FDA_PDUFA_Drifter,2026-02-25,2026-02-26,COLLECTED,XBI,buy,300,market,filled,2026-02-26,,127.51,300,38253.0,3.7324,0.784,0.00325,127.669998,2026-02-26,data/real/prices/yahoo/XBI.json,fe9eeb851e6faba2a7187e008fab271608d8a4d544227ad3543ac3d95d5dd769,SECONDARY,"openFDA approval count, trailing 30 days",fda-drift: 30d approvals 79 >= median 67
VolControl_MaxLev-00046,@VolControl_MaxLev,2026-02-25,2026-02-26,COLLECTED,QQQ,buy,120,market,filled,2026-02-26,,615.6,120,73872.0,1.4072,0.162,0.00012,609.23999,2026-02-26,data/real/prices/yahoo/QQQ.json,ae9ec3c0b0b8e0f5cd28ee45eac2dfcff9f95a7c5a1244e170ab0980d85979ed,SECONDARY,official VIXCLS tercile scaling,vol-control: middle tercile (VIX 17.93)
OilDollar_FadeUNG-00070,@OilDollar_FadeUNG,2026-02-26,2026-02-27,COLLECTED,UNG,sell,5700,market,filled,2026-02-27,,11.5,5700,65550.0,73.0192,8.688,0.07644,11.52,2026-02-27,data/real/prices/yahoo/UNG.json,eb7bcc0769945fb2c40fbcd98753ed7e17e367cf69d2ce2bde9ae60f00a462cc,SECONDARY,official DCOILWTICO/DTWEXBGS 21-session rule,"oil-dollar: mixed: oil +4.9%/21d, dollar +0.4%/21d"
OilDollar_FadeUNG-00071,@OilDollar_FadeUNG,2026-02-26,2026-02-27,COLLECTED,XOM,sell,300,market,filled,2026-02-27,,151.0,300,45300.0,3.7679,-0.0,0.00099,152.5,2026-02-27,data/real/prices/yahoo/XOM.json,4a2c7d18351df35d3cb2b11781aad7ea882659abaffcd9d31683a3d09881cf97,SECONDARY,official DCOILWTICO/DTWEXBGS 21-session rule,"oil-dollar: mixed: oil +4.9%/21d, dollar +0.4%/21d"
FDA_PDUFA_Drifter-00031,@FDA_PDUFA_Drifter,2026-02-26,2026-02-27,COLLECTED,XBI,buy,200,market,filled,2026-02-27,,126.08,200,25216.0,2.3173,0.793,0.00337,127.370003,2026-02-27,data/real/prices/yahoo/XBI.json,fe9eeb851e6faba2a7187e008fab271608d8a4d544227ad3543ac3d95d5dd769,SECONDARY,"openFDA approval count, trailing 30 days",fda-drift: 30d approvals 76 >= median 67
VolControl_MaxLev-00047,@VolControl_MaxLev,2026-02-27,2026-03-02,COLLECTED,QQQ,sell,80,market,filled,2026-03-02,,598.85,80,47908.0,0.8905,0.167,0.00011,608.090027,2026-03-02,data/real/prices/yahoo/QQQ.json,ae9ec3c0b0b8e0f5cd28ee45eac2dfcff9f95a7c5a1244e170ab0980d85979ed,SECONDARY,official VIXCLS tercile scaling,vol-control: volatile tercile (VIX 19.86 >= 18.96)
KitchenSink_Official-00069,@KitchenSink_Official,2026-02-27,2026-03-02,COLLECTED,SPY,sell,80,market,filled,2026-03-02,,678.7,80,54296.0,0.8121,0.0,9e-05,686.380005,2026-03-02,data/real/prices/yahoo/SPY.json,e0f05aaf67be23da1db20513eaed93274b165898427ebeab80c7cb2eca1d9a2d,SECONDARY,sign of eight official 21-session changes,kitchen-sink[riskoff]: score -4 of 8 official signs
KitchenSink_Official-00070,@KitchenSink_Official,2026-02-27,2026-03-02,COLLECTED,TLT,buy,700,market,filled,2026-03-02,,89.99,700,62993.0,6.1413,1.111,0.00126,89.610001,2026-03-02,data/real/prices/yahoo/TLT.json,b2914ca7451d1c04fbe97f399361df69871d9a8afcbb0121541ac2bdd13a29f3,SECONDARY,sign of eight official 21-session changes,kitchen-sink[riskoff]: score -4 of 8 official signs
VIXRegime_LiveMax-00025,@VIXRegime_LiveMax,2026-03-02,2026-03-03,COLLECTED,QQQ,sell,160,market,filled,2026-03-03,,596.33,160,95412.8,1.9687,0.0,0.00016,601.580017,2026-03-03,data/real/prices/yahoo/QQQ.json,ae9ec3c0b0b8e0f5cd28ee45eac2dfcff9f95a7c5a1244e170ab0980d85979ed,SECONDARY,official VIXCLS/SP500 regime rule,"vix-regime[stress-with-downtrend]: VIX 21.44 vs 60d median 17.03, 252d 80th percentile 20.82; S&P 6,882 vs 100d mean 6,833"
SOFRPivot_Rider-00071,@SOFRPivot_Rider,2026-03-02,2026-03-03,COLLECTED,SPY,sell,80,market,filled,2026-03-03,,675.05,80,54004.0,0.8109,0.148,8e-05,680.330017,2026-03-03,data/real/prices/yahoo/SPY.json,e0f05aaf67be23da1db20513eaed93274b165898427ebeab80c7cb2eca1d9a2d,SECONDARY,official SOFR 21-session direction,sofr-pivot: tightening (+6.0bp over 21 sessions)
SOFRPivot_Rider-00072,@SOFRPivot_Rider,2026-03-02,2026-03-03,COLLECTED,TLT,buy,700,market,filled,2026-03-03,,88.99,700,62293.0,6.2207,1.124,0.00135,89.43,2026-03-03,data/real/prices/yahoo/TLT.json,b2914ca7451d1c04fbe97f399361df69871d9a8afcbb0121541ac2bdd13a29f3,SECONDARY,official SOFR 21-session direction,sofr-pivot: tightening (+6.0bp over 21 sessions)
VolControl_MaxLev-00048,@VolControl_MaxLev,2026-03-02,2026-03-03,COLLECTED,QQQ,sell,40,market,filled,2026-03-03,,596.33,40,23853.2,0.41,0.0,4e-05,601.580017,2026-03-03,data/real/prices/yahoo/QQQ.json,ae9ec3c0b0b8e0f5cd28ee45eac2dfcff9f95a7c5a1244e170ab0980d85979ed,SECONDARY,official VIXCLS tercile scaling,vol-control: volatile tercile (VIX 21.44 >= 18.96)
KitchenSink_Official-00071,@KitchenSink_Official,2026-03-02,2026-03-03,COLLECTED,TLT,buy,600,market,filled,2026-03-03,,88.99,600,53394.0,5.2925,1.124,0.00116,89.43,2026-03-03,data/real/prices/yahoo/TLT.json,b2914ca7451d1c04fbe97f399361df69871d9a8afcbb0121541ac2bdd13a29f3,SECONDARY,sign of eight official 21-session changes,kitchen-sink[riskoff]: score -4 of 8 official signs
SOFRPivot_Rider-00073,@SOFRPivot_Rider,2026-03-03,2026-03-04,COLLECTED,TLT,sell,700,market,filled,2026-03-04,,89.26,700,62482.0,6.344,1.12,0.00149,89.150002,2026-03-04,data/real/prices/yahoo/TLT.json,b2914ca7451d1c04fbe97f399361df69871d9a8afcbb0121541ac2bdd13a29f3,SECONDARY,official SOFR 21-session direction,sofr-pivot: flat (+2.0bp over 21 sessions)
SOFRPivot_Rider-00074,@SOFRPivot_Rider,2026-03-03,2026-03-04,COLLECTED,SPY,buy,80,market,filled,2026-03-04,,681.64,80,54531.2,0.7997,0.147,0.0001,685.130005,2026-03-04,data/real/prices/yahoo/SPY.json,e0f05aaf67be23da1db20513eaed93274b165898427ebeab80c7cb2eca1d9a2d,SECONDARY,official SOFR 21-session direction,sofr-pivot: flat (+2.0bp over 21 sessions)
KitchenSink_Official-00072,@KitchenSink_Official,2026-03-03,2026-03-04,COLLECTED,TLT,buy,200,market,filled,2026-03-04,,89.27,200,17854.0,1.6928,0.0,0.00042,89.150002,2026-03-04,data/real/prices/yahoo/TLT.json,b2914ca7451d1c04fbe97f399361df69871d9a8afcbb0121541ac2bdd13a29f3,SECONDARY,sign of eight official 21-session changes,kitchen-sink[riskoff]: score -4 of 8 official signs
KitchenSink_Official-00073,@KitchenSink_Official,2026-03-04,2026-03-05,COLLECTED,TLT,sell,1400,market,filled,2026-03-05,,88.62,1400,124068.0,13.1306,1.128,0.00306,88.790001,2026-03-05,data/real/prices/yahoo/TLT.json,b2914ca7451d1c04fbe97f399361df69871d9a8afcbb0121541ac2bdd13a29f3,SECONDARY,sign of eight official 21-session changes,kitchen-sink[undecided]: score -2 of 8 official signs
KitchenSink_Official-00074,@KitchenSink_Official,2026-03-05,2026-03-06,COLLECTED,TLT,sell,100,market,filled,2026-03-06,,88.32,100,8832.0,0.8515,-0.0,0.00017,88.459999,2026-03-06,data/real/prices/yahoo/TLT.json,b2914ca7451d1c04fbe97f399361df69871d9a8afcbb0121541ac2bdd13a29f3,SECONDARY,sign of eight official 21-session changes,kitchen-sink[undecided]: score -2 of 8 official signs
KitchenSink_Official-00075,@KitchenSink_Official,2026-03-05,2026-03-06,COLLECTED,SPY,buy,80,market,filled,2026-03-06,,673.41,80,53872.8,0.7963,0.0,8e-05,672.380005,2026-03-06,data/real/prices/yahoo/SPY.json,e0f05aaf67be23da1db20513eaed93274b165898427ebeab80c7cb2eca1d9a2d,SECONDARY,sign of eight official 21-session changes,kitchen-sink[undecided]: score -2 of 8 official signs
KitchenSink_Official-00076,@KitchenSink_Official,2026-03-06,2026-03-09,COLLECTED,SPY,sell,80,market,filled,2026-03-09,,666.39,80,53311.2,0.8172,0.0,8e-05,678.27002,2026-03-09,data/real/prices/yahoo/SPY.json,e0f05aaf67be23da1db20513eaed93274b165898427ebeab80c7cb2eca1d9a2d,SECONDARY,sign of eight official 21-session changes,kitchen-sink[riskoff]: score -3 of 8 official signs
KitchenSink_Official-00077,@KitchenSink_Official,2026-03-06,2026-03-09,COLLECTED,TLT,buy,700,market,filled,2026-03-09,,88.31,700,61817.0,6.1915,1.132,0.00133,89.230003,2026-03-09,data/real/prices/yahoo/TLT.json,b2914ca7451d1c04fbe97f399361df69871d9a8afcbb0121541ac2bdd13a29f3,SECONDARY,sign of eight official 21-session changes,kitchen-sink[riskoff]: score -3 of 8 official signs
KitchenSink_Official-00078,@KitchenSink_Official,2026-03-09,2026-03-10,COLLECTED,TLT,sell,700,market,filled,2026-03-10,,88.8,700,62160.0,6.3135,0.0,0.00144,88.279999,2026-03-10,data/real/prices/yahoo/TLT.json,b2914ca7451d1c04fbe97f399361df69871d9a8afcbb0121541ac2bdd13a29f3,SECONDARY,sign of eight official 21-session changes,kitchen-sink[undecided]: score -1 of 8 official signs
KitchenSink_Official-00079,@KitchenSink_Official,2026-03-09,2026-03-10,COLLECTED,SPY,buy,80,market,filled,2026-03-10,,677.72,80,54217.6,0.8003,0.0,0.0001,677.179993,2026-03-10,data/real/prices/yahoo/SPY.json,e0f05aaf67be23da1db20513eaed93274b165898427ebeab80c7cb2eca1d9a2d,SECONDARY,sign of eight official 21-session changes,kitchen-sink[undecided]: score -1 of 8 official signs
CurveSteepener_MaxBeta-00071,@CurveSteepener_MaxBeta,2026-03-10,2026-03-11,COLLECTED,TLT,sell,2200,market,filled,2026-03-11,,87.75,2200,193050.0,21.4596,-0.0,0.00402,87.139999,2026-03-11,data/real/prices/yahoo/TLT.json,b2914ca7451d1c04fbe97f399361df69871d9a8afcbb0121541ac2bdd13a29f3,SECONDARY,official DGS10-DGS3MO 21-session change,curve-steepener: flat -10.0bp
GoldVsRealRate_Live-00050,@GoldVsRealRate_Live,2026-03-10,2026-03-11,COLLECTED,GLD,sell,240,market,filled,2026-03-11,,476.11,240,114266.4,6.2453,0.42,0.00319,476.23999,2026-03-11,data/real/prices/yahoo/GLD.json,545093d31c9d8284e3b5dc66f668a6cb7391d9925b5abdf3e82bcaa71e423b40,SECONDARY,"DGS10 minus SOFR, 21-session change",gold-real-rate: proxy flat (-5.0bp)
KitchenSink_Official-00080,@KitchenSink_Official,2026-03-10,2026-03-11,COLLECTED,SPY,sell,40,market,filled,2026-03-11,,677.58,40,27103.2,0.3762,0.0,6e-05,676.330017,2026-03-11,data/real/prices/yahoo/SPY.json,e0f05aaf67be23da1db20513eaed93274b165898427ebeab80c7cb2eca1d9a2d,SECONDARY,sign of eight official 21-session changes,kitchen-sink[riskoff]: score -3 of 8 official signs
KitchenSink_Official-00081,@KitchenSink_Official,2026-03-10,2026-03-11,COLLECTED,TLT,buy,700,market,filled,2026-03-11,,87.76,700,61432.0,6.2157,1.14,0.00128,87.139999,2026-03-11,data/real/prices/yahoo/TLT.json,b2914ca7451d1c04fbe97f399361df69871d9a8afcbb0121541ac2bdd13a29f3,SECONDARY,sign of eight official 21-session changes,kitchen-sink[riskoff]: score -3 of 8 official signs
CurveSteepener_MaxBeta-00072,@CurveSteepener_MaxBeta,2026-03-11,2026-03-12,COLLECTED,TLT,sell,100,market,filled,2026-03-12,,86.91,100,8691.0,0.8553,0.0,0.0002,86.970001,2026-03-12,data/real/prices/yahoo/TLT.json,b2914ca7451d1c04fbe97f399361df69871d9a8afcbb0121541ac2bdd13a29f3,SECONDARY,official DGS10-DGS3MO 21-session change,curve-steepener: flat -4.0bp
CurveSteepener_MaxBeta-00073,@CurveSteepener_MaxBeta,2026-03-11,2026-03-12,COLLECTED,SPY,buy,120,market,filled,2026-03-12,,671.16,120,80539.2,1.2045,0.0,0.00011,666.059998,2026-03-12,data/real/prices/yahoo/SPY.json,e0f05aaf67be23da1db20513eaed93274b165898427ebeab80c7cb2eca1d9a2d,SECONDARY,official DGS10-DGS3MO 21-session change,curve-steepener: flat -4.0bp
KitchenSink_Official-00082,@KitchenSink_Official,2026-03-11,2026-03-12,COLLECTED,SPY,sell,40,market,filled,2026-03-12,,671.15,40,26846.0,0.3749,0.149,4e-05,666.059998,2026-03-12,data/real/prices/yahoo/SPY.json,e0f05aaf67be23da1db20513eaed93274b165898427ebeab80c7cb2eca1d9a2d,SECONDARY,sign of eight official 21-session changes,kitchen-sink[riskoff]: score -4 of 8 official signs
KitchenSink_Official-00083,@KitchenSink_Official,2026-03-11,2026-03-12,COLLECTED,TLT,buy,500,market,filled,2026-03-12,,86.92,500,43460.0,4.4007,1.15,0.00102,86.970001,2026-03-12,data/real/prices/yahoo/TLT.json,b2914ca7451d1c04fbe97f399361df69871d9a8afcbb0121541ac2bdd13a29f3,SECONDARY,sign of eight official 21-session changes,kitchen-sink[riskoff]: score -4 of 8 official signs
VIXRegime_LiveMax-00026,@VIXRegime_LiveMax,2026-03-12,2026-03-13,COLLECTED,QQQ,sell,40,market,filled,2026-03-13,,599.72,40,23988.8,0.4013,0.166,6e-05,593.719971,2026-03-13,data/real/prices/yahoo/QQQ.json,ae9ec3c0b0b8e0f5cd28ee45eac2dfcff9f95a7c5a1244e170ab0980d85979ed,SECONDARY,official VIXCLS/SP500 regime rule,"vix-regime[stress-with-downtrend]: VIX 27.29 vs 60d median 18.22, 252d 80th percentile 21.01; S&P 6,673 vs 100d mean 6,843"
CurveSteepener_MaxBeta-00074,@CurveSteepener_MaxBeta,2026-03-12,2026-03-13,COLLECTED,SPY,buy,40,market,filled,2026-03-13,,669.28,40,26771.2,0.3709,0.149,4e-05,662.289978,2026-03-13,data/real/prices/yahoo/SPY.json,e0f05aaf67be23da1db20513eaed93274b165898427ebeab80c7cb2eca1d9a2d,SECONDARY,official DGS10-DGS3MO 21-session change,curve-steepener: flat +2.0bp
FDA_Fade_Live-00023,@FDA_Fade_Live,2026-03-12,2026-03-13,COLLECTED,XBI,sell,1000,market,filled,2026-03-13,,123.42,1000,123420.0,15.1725,0.81,0.00961,121.830002,2026-03-13,data/real/prices/yahoo/XBI.json,fe9eeb851e6faba2a7187e008fab271608d8a4d544227ad3543ac3d95d5dd769,SECONDARY,"openFDA approval burst, faded",fda-fade: approval z +1.66 > 1.5
KitchenSink_Official-00084,@KitchenSink_Official,2026-03-12,2026-03-13,COLLECTED,TLT,buy,300,market,filled,2026-03-13,,86.94,300,26082.0,2.5721,1.15,0.00069,86.540001,2026-03-13,data/real/prices/yahoo/TLT.json,b2914ca7451d1c04fbe97f399361df69871d9a8afcbb0121541ac2bdd13a29f3,SECONDARY,sign of eight official 21-session changes,kitchen-sink[riskoff]: score -5 of 8 official signs
NasdaqMomentum_Max-00004,@NasdaqMomentum_Max,2026-03-13,2026-03-16,COLLECTED,QQQ,sell,240,market,filled,2026-03-16,,600.03,240,144007.2,3.0476,0.166,0.00049,600.380005,2026-03-16,data/real/prices/yahoo/QQQ.json,ae9ec3c0b0b8e0f5cd28ee45eac2dfcff9f95a7c5a1244e170ab0980d85979ed,SECONDARY,official NASDAQCOM trend rule,"nasdaq-momentum: mixed: 210-session return +18.16%, close vs 200d mean -0.32%"
GoldVsRealRate_Live-00051,@GoldVsRealRate_Live,2026-03-13,2026-03-16,COLLECTED,GLD,sell,160,market,filled,2026-03-16,,461.25,160,73800.0,3.7105,0.433,0.00178,460.429993,2026-03-16,data/real/prices/yahoo/GLD.json,545093d31c9d8284e3b5dc66f668a6cb7391d9925b5abdf3e82bcaa71e423b40,SECONDARY,"DGS10 minus SOFR, 21-session change",gold-real-rate: opportunity-cost proxy rising +12.0bp
GoldVsRealRate_Live-00052,@GoldVsRealRate_Live,2026-03-13,2026-03-16,COLLECTED,TLT,buy,700,market,filled,2026-03-16,,87.19,700,61033.0,6.2147,1.147,0.00187,87.209999,2026-03-16,data/real/prices/yahoo/TLT.json,b2914ca7451d1c04fbe97f399361df69871d9a8afcbb0121541ac2bdd13a29f3,SECONDARY,"DGS10 minus SOFR, 21-session change",gold-real-rate: opportunity-cost proxy rising +12.0bp
NasdaqMomentum_Max-00005,@NasdaqMomentum_Max,2026-03-16,2026-03-17,COLLECTED,QQQ,buy,120,market,filled,2026-03-17,,603.15,120,72378.0,1.3232,0.166,0.00025,603.309998,2026-03-17,data/real/prices/yahoo/QQQ.json,ae9ec3c0b0b8e0f5cd28ee45eac2dfcff9f95a7c5a1244e170ab0980d85979ed,SECONDARY,official NASDAQCOM trend rule,"nasdaq-momentum: NASDAQCOM 22,374 > 200d mean 22,192 and 210-session return +17.70% > 0"
SOFRPivot_Rider-00075,@SOFRPivot_Rider,2026-03-16,2026-03-17,COLLECTED,SPY,sell,80,market,filled,2026-03-17,,672.39,80,53791.2,0.797,0.0,9e-05,670.789978,2026-03-17,data/real/prices/yahoo/SPY.json,e0f05aaf67be23da1db20513eaed93274b165898427ebeab80c7cb2eca1d9a2d,SECONDARY,official SOFR 21-session direction,sofr-pivot: tightening (+5.0bp over 21 sessions)
SOFRPivot_Rider-00076,@SOFRPivot_Rider,2026-03-16,2026-03-17,COLLECTED,TLT,buy,700,market,filled,2026-03-17,,87.37,700,61159.0,6.1692,1.145,0.00358,87.449997,2026-03-17,data/real/prices/yahoo/TLT.json,b2914ca7451d1c04fbe97f399361df69871d9a8afcbb0121541ac2bdd13a29f3,SECONDARY,official SOFR 21-session direction,sofr-pivot: tightening (+5.0bp over 21 sessions)
GoldVsRealRate_Live-00053,@GoldVsRealRate_Live,2026-03-16,2026-03-17,COLLECTED,TLT,sell,600,market,filled,2026-03-17,,87.36,600,52416.0,5.3687,0.0,0.00306,87.449997,2026-03-17,data/real/prices/yahoo/TLT.json,b2914ca7451d1c04fbe97f399361df69871d9a8afcbb0121541ac2bdd13a29f3,SECONDARY,"DGS10 minus SOFR, 21-session change",gold-real-rate: proxy flat (+0.0bp)
GoldVsRealRate_Live-00054,@GoldVsRealRate_Live,2026-03-16,2026-03-17,COLLECTED,GLD,buy,120,market,filled,2026-03-17,,460.53,120,55263.6,2.5172,0.434,0.00158,459.269989,2026-03-17,data/real/prices/yahoo/GLD.json,545093d31c9d8284e3b5dc66f668a6cb7391d9925b5abdf3e82bcaa71e423b40,SECONDARY,"DGS10 minus SOFR, 21-session change",gold-real-rate: proxy flat (+0.0bp)
NasdaqMomentum_Max-00006,@NasdaqMomentum_Max,2026-03-17,2026-03-18,COLLECTED,QQQ,buy,80,market,filled,2026-03-18,,601.49,80,48119.2,0.8388,0.0,0.00014,594.900024,2026-03-18,data/real/prices/yahoo/QQQ.json,ae9ec3c0b0b8e0f5cd28ee45eac2dfcff9f95a7c5a1244e170ab0980d85979ed,SECONDARY,official NASDAQCOM trend rule,"nasdaq-momentum: NASDAQCOM 22,480 > 200d mean 22,208 and 210-session return +17.41% > 0"
DowNasdaq_SpreadMax-00030,@DowNasdaq_SpreadMax,2026-03-17,2026-03-18,COLLECTED,SPY,sell,80,market,filled,2026-03-18,,668.35,80,53468.0,0.7971,0.149,0.0001,661.429993,2026-03-18,data/real/prices/yahoo/SPY.json,e0f05aaf67be23da1db20513eaed93274b165898427ebeab80c7cb2eca1d9a2d,SECONDARY,official DJIA vs NASDAQCOM 63-session relative strength,dow-vs-nasdaq: within 1pp (Dow -3.02% vs Nasdaq -3.09%)
SOFRPivot_Rider-00077,@SOFRPivot_Rider,2026-03-17,2026-03-18,COLLECTED,TLT,sell,600,market,filled,2026-03-18,,87.36,600,52416.0,5.3626,0.0,0.0016,86.959999,2026-03-18,data/real/prices/yahoo/TLT.json,b2914ca7451d1c04fbe97f399361df69871d9a8afcbb0121541ac2bdd13a29f3,SECONDARY,official SOFR 21-session direction,sofr-pivot: flat (-1.0bp over 21 sessions)
SOFRPivot_Rider-00078,@SOFRPivot_Rider,2026-03-17,2026-03-18,COLLECTED,SPY,buy,80,market,filled,2026-03-18,,668.36,80,53468.8,0.7815,0.0,0.0001,661.429993,2026-03-18,data/real/prices/yahoo/SPY.json,e0f05aaf67be23da1db20513eaed93274b165898427ebeab80c7cb2eca1d9a2d,SECONDARY,official SOFR 21-session direction,sofr-pivot: flat (-1.0bp over 21 sessions)
GoldVsRealRate_Live-00055,@GoldVsRealRate_Live,2026-03-17,2026-03-18,COLLECTED,GLD,sell,120,market,filled,2026-03-18,,446.64,120,53596.8,2.4754,0.448,0.00065,444.73999,2026-03-18,data/real/prices/yahoo/GLD.json,545093d31c9d8284e3b5dc66f668a6cb7391d9925b5abdf3e82bcaa71e423b40,SECONDARY,"DGS10 minus SOFR, 21-session change",gold-real-rate: opportunity-cost proxy rising +11.0bp
GoldVsRealRate_Live-00056,@GoldVsRealRate_Live,2026-03-17,2026-03-18,COLLECTED,TLT,buy,800,market,filled,2026-03-18,,87.37,800,69896.0,7.086,1.145,0.00213,86.959999,2026-03-18,data/real/prices/yahoo/TLT.json,b2914ca7451d1c04fbe97f399361df69871d9a8afcbb0121541ac2bdd13a29f3,SECONDARY,"DGS10 minus SOFR, 21-session change",gold-real-rate: opportunity-cost proxy rising +11.0bp
NasdaqMomentum_Max-00007,@NasdaqMomentum_Max,2026-03-18,2026-03-19,COLLECTED,QQQ,sell,200,market,filled,2026-03-19,,589.51,200,117902.0,2.4439,0.0,0.00026,593.02002,2026-03-19,data/real/prices/yahoo/QQQ.json,ae9ec3c0b0b8e0f5cd28ee45eac2dfcff9f95a7c5a1244e170ab0980d85979ed,SECONDARY,official NASDAQCOM trend rule,"nasdaq-momentum: mixed: 210-session return +15.91%, close vs 200d mean -0.32%"
DowNasdaq_SpreadMax-00031,@DowNasdaq_SpreadMax,2026-03-18,2026-03-19,COLLECTED,QQQ,buy,80,market,filled,2026-03-19,,589.52,80,47161.6,0.8436,0.169,0.00011,593.02002,2026-03-19,data/real/prices/yahoo/QQQ.json,ae9ec3c0b0b8e0f5cd28ee45eac2dfcff9f95a7c5a1244e170ab0980d85979ed,SECONDARY,official DJIA vs NASDAQCOM 63-session relative strength,dow-vs-nasdaq: within 1pp (Dow -4.53% vs Nasdaq -3.92%)
SOFRPivot_Rider-00079,@SOFRPivot_Rider,2026-03-18,2026-03-19,COLLECTED,SPY,sell,40,market,filled,2026-03-19,,656.96,40,26278.4,0.3803,0.152,4e-05,659.799988,2026-03-19,data/real/prices/yahoo/SPY.json,e0f05aaf67be23da1db20513eaed93274b165898427ebeab80c7cb2eca1d9a2d,SECONDARY,official SOFR 21-session direction,sofr-pivot: easing (-9.0bp over 21 sessions)
SOFRPivot_Rider-00080,@SOFRPivot_Rider,2026-03-18,2026-03-19,COLLECTED,QQQ,buy,80,market,filled,2026-03-19,,589.52,80,47161.6,0.8436,0.169,0.00011,593.02002,2026-03-19,data/real/prices/yahoo/QQQ.json,ae9ec3c0b0b8e0f5cd28ee45eac2dfcff9f95a7c5a1244e170ab0980d85979ed,SECONDARY,official SOFR 21-session direction,sofr-pivot: easing (-9.0bp over 21 sessions)
SOFRPivot_Rider-00081,@SOFRPivot_Rider,2026-03-18,2026-03-19,COLLECTED,TSLA,buy,80,market,filled,2026-03-19,,387.27,80,30981.6,0.8698,0.0,0.00012,380.299988,2026-03-19,data/real/prices/yahoo/TSLA.json,6916f4c63d07180ce9efd08a9e88d50b7d43121d02443b933214c54bbb6e84f7,SECONDARY,official SOFR 21-session direction,sofr-pivot: easing (-9.0bp over 21 sessions)
CurveSteepener_MaxBeta-00075,@CurveSteepener_MaxBeta,2026-03-18,2026-03-19,COLLECTED,SPY,sell,120,market,filled,2026-03-19,,656.96,120,78835.2,1.2561,0.152,0.00011,659.799988,2026-03-19,data/real/prices/yahoo/SPY.json,e0f05aaf67be23da1db20513eaed93274b165898427ebeab80c7cb2eca1d9a2d,SECONDARY,official DGS10-DGS3MO 21-session change,curve-steepener: steepening +17.0bp
CurveSteepener_MaxBeta-00076,@CurveSteepener_MaxBeta,2026-03-18,2026-03-19,COLLECTED,JPM,buy,160,market,filled,2026-03-19,,286.9,160,45904.0,2.1424,0.697,0.00162,287.970001,2026-03-19,data/real/prices/yahoo/JPM.json,169021a2b0a0985c1c427b57fe640e22b6ce82a79377bc3075417c6a8b98d12c,SECONDARY,official DGS10-DGS3MO 21-session change,curve-steepener: steepening +17.0bp
CurveSteepener_MaxBeta-00077,@CurveSteepener_MaxBeta,2026-03-18,2026-03-19,COLLECTED,XOM,buy,300,market,filled,2026-03-19,,158.26,300,47478.0,3.3982,0.0,0.00111,158.160004,2026-03-19,data/real/prices/yahoo/XOM.json,4a2c7d18351df35d3cb2b11781aad7ea882659abaffcd9d31683a3d09881cf97,SECONDARY,official DGS10-DGS3MO 21-session change,curve-steepener: steepening +17.0bp
GoldVsRealRate_Live-00057,@GoldVsRealRate_Live,2026-03-18,2026-03-19,COLLECTED,TLT,buy,600,market,filled,2026-03-19,,87.06,600,52236.0,5.2458,0.0,0.00099,87.489998,2026-03-19,data/real/prices/yahoo/TLT.json,b2914ca7451d1c04fbe97f399361df69871d9a8afcbb0121541ac2bdd13a29f3,SECONDARY,"DGS10 minus SOFR, 21-session change",gold-real-rate: opportunity-cost proxy rising +26.0bp
DowNasdaq_SpreadMax-00032,@DowNasdaq_SpreadMax,2026-03-19,2026-03-20,COLLECTED,QQQ,buy,40,market,filled,2026-03-20,,591.06,40,23642.4,0.391,0.0,4e-05,582.059998,2026-03-20,data/real/prices/yahoo/QQQ.json,ae9ec3c0b0b8e0f5cd28ee45eac2dfcff9f95a7c5a1244e170ab0980d85979ed,SECONDARY,official DJIA vs NASDAQCOM 63-session relative strength,dow-vs-nasdaq: within 1pp (Dow -4.35% vs Nasdaq -4.42%)
SOFRPivot_Rider-00082,@SOFRPivot_Rider,2026-03-19,2026-03-20,COLLECTED,QQQ,buy,40,market,filled,2026-03-20,,591.06,40,23642.4,0.391,0.0,4e-05,582.059998,2026-03-20,data/real/prices/yahoo/QQQ.json,ae9ec3c0b0b8e0f5cd28ee45eac2dfcff9f95a7c5a1244e170ab0980d85979ed,SECONDARY,official SOFR 21-session direction,sofr-pivot: easing (-11.0bp over 21 sessions)
CurveSteepener_MaxBeta-00078,@CurveSteepener_MaxBeta,2026-03-19,2026-03-20,COLLECTED,JPM,buy,120,market,filled,2026-03-20,,288.08,120,34569.6,1.5175,0.0,0.00053,286.559998,2026-03-20,data/real/prices/yahoo/JPM.json,169021a2b0a0985c1c427b57fe640e22b6ce82a79377bc3075417c6a8b98d12c,SECONDARY,official DGS10-DGS3MO 21-session change,curve-steepener: steepening +16.0bp
CurveSteepener_MaxBeta-00079,@CurveSteepener_MaxBeta,2026-03-19,2026-03-20,COLLECTED,XOM,buy,200,market,filled,2026-03-20,,159.36,200,31872.0,2.0987,0.627,0.00037,159.669998,2026-03-20,data/real/prices/yahoo/XOM.json,4a2c7d18351df35d3cb2b11781aad7ea882659abaffcd9d31683a3d09881cf97,SECONDARY,official DGS10-DGS3MO 21-session change,curve-steepener: steepening +16.0bp
GoldVsRealRate_Live-00058,@GoldVsRealRate_Live,2026-03-19,2026-03-20,COLLECTED,GLD,sell,40,market,filled,2026-03-20,,428.08,40,17123.2,0.7026,0.234,0.00015,413.380005,2026-03-20,data/real/prices/yahoo/GLD.json,545093d31c9d8284e3b5dc66f668a6cb7391d9925b5abdf3e82bcaa71e423b40,SECONDARY,"DGS10 minus SOFR, 21-session change",gold-real-rate: opportunity-cost proxy rising +29.0bp
SOFRPivot_Rider-00083,@SOFRPivot_Rider,2026-03-20,2026-03-23,COLLECTED,SPY,sell,40,market,filled,2026-03-23,,658.07,40,26322.8,0.3836,0.0,3e-05,655.380005,2026-03-23,data/real/prices/yahoo/SPY.json,e0f05aaf67be23da1db20513eaed93274b165898427ebeab80c7cb2eca1d9a2d,SECONDARY,official SOFR 21-session direction,sofr-pivot: easing (-5.0bp over 21 sessions)
CurveSteepener_MaxBeta-00080,@CurveSteepener_MaxBeta,2026-03-20,2026-03-23,COLLECTED,SPY,sell,40,market,filled,2026-03-23,,658.07,40,26322.8,0.3836,0.0,3e-05,655.380005,2026-03-23,data/real/prices/yahoo/SPY.json,e0f05aaf67be23da1db20513eaed93274b165898427ebeab80c7cb2eca1d9a2d,SECONDARY,official DGS10-DGS3MO 21-session change,curve-steepener: steepening +26.0bp
CurveSteepener_MaxBeta-00081,@CurveSteepener_MaxBeta,2026-03-20,2026-03-23,COLLECTED,JPM,buy,40,market,filled,2026-03-23,,294.31,40,11772.4,0.4286,0.0,0.00035,289.910004,2026-03-23,data/real/prices/yahoo/JPM.json,169021a2b0a0985c1c427b57fe640e22b6ce82a79377bc3075417c6a8b98d12c,SECONDARY,official DGS10-DGS3MO 21-session change,curve-steepener: steepening +26.0bp
LeapStyle_AutoLiquidate-00006,@LeapStyle_AutoLiquidate,2026-03-20,2026-03-23,COLLECTED,TSLA,sell,400,market,filled,2026-03-23,,373.07,400,149228.0,8.0496,0.536,0.00054,380.850006,2026-03-23,data/real/prices/yahoo/TSLA.json,6916f4c63d07180ce9efd08a9e88d50b7d43121d02443b933214c54bbb6e84f7,SECONDARY,contest rank rotation,"leap: no positive leader (best TLT -0.95%), duration park"
NasdaqMomentum_Max-00008,@NasdaqMomentum_Max,2026-03-23,2026-03-24,COLLECTED,QQQ,sell,40,market,filled,2026-03-24,,584.8,40,23392.0,0.4028,0.171,7e-05,583.97998,2026-03-24,data/real/prices/yahoo/QQQ.json,ae9ec3c0b0b8e0f5cd28ee45eac2dfcff9f95a7c5a1244e170ab0980d85979ed,SECONDARY,official NASDAQCOM trend rule,"nasdaq-momentum: mixed: 210-session return +14.65%, close vs 200d mean -1.41%"
SOFRPivot_Rider-00084,@SOFRPivot_Rider,2026-03-23,2026-03-24,COLLECTED,TLT,sell,100,market,filled,2026-03-24,,85.72,100,8572.0,0.856,0.0,0.00019,86.010002,2026-03-24,data/real/prices/yahoo/TLT.json,b2914ca7451d1c04fbe97f399361df69871d9a8afcbb0121541ac2bdd13a29f3,SECONDARY,official SOFR 21-session direction,sofr-pivot: easing (-4.0bp over 21 sessions)
SOFRPivot_Rider-00085,@SOFRPivot_Rider,2026-03-23,2026-03-24,COLLECTED,QQQ,buy,40,market,filled,2026-03-24,,584.81,40,23392.4,0.395,0.0,7e-05,583.97998,2026-03-24,data/real/prices/yahoo/QQQ.json,ae9ec3c0b0b8e0f5cd28ee45eac2dfcff9f95a7c5a1244e170ab0980d85979ed,SECONDARY,official SOFR 21-session direction,sofr-pivot: easing (-4.0bp over 21 sessions)
LeapStyle_AutoLiquidate-00007,@LeapStyle_AutoLiquidate,2026-03-23,2026-03-24,COLLECTED,TSLA,sell,40,market,filled,2026-03-24,,376.55,40,15062.0,0.6242,0.266,7e-05,383.029999,2026-03-24,data/real/prices/yahoo/TSLA.json,6916f4c63d07180ce9efd08a9e88d50b7d43121d02443b933214c54bbb6e84f7,SECONDARY,contest rank rotation,"leap: no positive leader (best TLT -1.05%), duration park"
LeapStyle_AutoLiquidate-00008,@LeapStyle_AutoLiquidate,2026-03-23,2026-03-24,COLLECTED,TLT,buy,400,market,filled,2026-03-24,,85.73,400,34292.0,3.4921,1.166,0.00077,86.010002,2026-03-24,data/real/prices/yahoo/TLT.json,b2914ca7451d1c04fbe97f399361df69871d9a8afcbb0121541ac2bdd13a29f3,SECONDARY,contest rank rotation,"leap: no positive leader (best TLT -1.05%), duration park"
DowNasdaq_SpreadMax-00033,@DowNasdaq_SpreadMax,2026-03-24,2026-03-25,COLLECTED,QQQ,sell,80,market,filled,2026-03-25,,589.14,80,47131.2,0.8655,0.0,0.00013,587.820007,2026-03-25,data/real/prices/yahoo/QQQ.json,ae9ec3c0b0b8e0f5cd28ee45eac2dfcff9f95a7c5a1244e170ab0980d85979ed,SECONDARY,official DJIA vs NASDAQCOM 63-session relative strength,dow-vs-nasdaq: Dow leg stronger (-4.18% vs -6.63%)
SOFRPivot_Rider-00086,@SOFRPivot_Rider,2026-03-24,2026-03-25,COLLECTED,QQQ,buy,40,market,filled,2026-03-25,,589.15,40,23566.0,0.3942,0.169,7e-05,587.820007,2026-03-25,data/real/prices/yahoo/QQQ.json,ae9ec3c0b0b8e0f5cd28ee45eac2dfcff9f95a7c5a1244e170ab0980d85979ed,SECONDARY,official SOFR 21-session direction,sofr-pivot: easing (-3.0bp over 21 sessions)
DowNasdaq_SpreadMax-00034,@DowNasdaq_SpreadMax,2026-03-25,2026-03-26,COLLECTED,QQQ,sell,40,market,filled,2026-03-26,,582.59,40,23303.6,0.3997,0.171,5e-05,573.789978,2026-03-26,data/real/prices/yahoo/QQQ.json,ae9ec3c0b0b8e0f5cd28ee45eac2dfcff9f95a7c5a1244e170ab0980d85979ed,SECONDARY,official DJIA vs NASDAQCOM 63-session relative strength,dow-vs-nasdaq: Dow leg stronger (-4.00% vs -6.40%)
DowNasdaq_SpreadMax-00035,@DowNasdaq_SpreadMax,2026-03-25,2026-03-26,COLLECTED,SPY,buy,40,market,filled,2026-03-26,,652.06,40,26082.4,0.3747,0.0,4e-05,645.090027,2026-03-26,data/real/prices/yahoo/SPY.json,e0f05aaf67be23da1db20513eaed93274b165898427ebeab80c7cb2eca1d9a2d,SECONDARY,official DJIA vs NASDAQCOM 63-session relative strength,dow-vs-nasdaq: Dow leg stronger (-4.00% vs -6.40%)
SOFRPivot_Rider-00087,@SOFRPivot_Rider,2026-03-25,2026-03-26,COLLECTED,QQQ,sell,200,market,filled,2026-03-26,,582.59,200,116518.0,2.4432,0.171,0.00025,573.789978,2026-03-26,data/real/prices/yahoo/QQQ.json,ae9ec3c0b0b8e0f5cd28ee45eac2dfcff9f95a7c5a1244e170ab0980d85979ed,SECONDARY,official SOFR 21-session direction,sofr-pivot: flat (-3.0bp over 21 sessions)
SOFRPivot_Rider-00088,@SOFRPivot_Rider,2026-03-25,2026-03-26,COLLECTED,TSLA,sell,80,market,filled,2026-03-26,,381.59,80,30527.2,1.317,0.262,0.00014,372.109985,2026-03-26,data/real/prices/yahoo/TSLA.json,6916f4c63d07180ce9efd08a9e88d50b7d43121d02443b933214c54bbb6e84f7,SECONDARY,official SOFR 21-session direction,sofr-pivot: flat (-3.0bp over 21 sessions)
CurveSteepener_MaxBeta-00082,@CurveSteepener_MaxBeta,2026-03-25,2026-03-26,COLLECTED,XOM,buy,100,market,filled,2026-03-26,,164.09,100,16409.0,0.9675,0.0,0.00054,165.429993,2026-03-26,data/real/prices/yahoo/XOM.json,4a2c7d18351df35d3cb2b11781aad7ea882659abaffcd9d31683a3d09881cf97,SECONDARY,official DGS10-DGS3MO 21-session change,curve-steepener: steepening +26.0bp
DowNasdaq_SpreadMax-00036,@DowNasdaq_SpreadMax,2026-03-26,2026-03-27,COLLECTED,SPY,buy,40,market,filled,2026-03-27,,642.51,40,25700.4,0.3756,0.156,4e-05,634.090027,2026-03-27,data/real/prices/yahoo/SPY.json,e0f05aaf67be23da1db20513eaed93274b165898427ebeab80c7cb2eca1d9a2d,SECONDARY,official DJIA vs NASDAQCOM 63-session relative strength,dow-vs-nasdaq: Dow leg stronger (-5.12% vs -9.14%)
SOFRPivot_Rider-00089,@SOFRPivot_Rider,2026-03-26,2026-03-27,COLLECTED,SPY,buy,80,market,filled,2026-03-27,,642.51,80,51400.8,0.7974,0.156,8e-05,634.090027,2026-03-27,data/real/prices/yahoo/SPY.json,e0f05aaf67be23da1db20513eaed93274b165898427ebeab80c7cb2eca1d9a2d,SECONDARY,official SOFR 21-session direction,sofr-pivot: flat (-2.0bp over 21 sessions)
SOFRPivot_Rider-00090,@SOFRPivot_Rider,2026-03-27,2026-03-30,COLLECTED,SPY,sell,80,market,filled,2026-03-30,,640.1,80,51208.0,0.82,0.156,8e-05,631.969971,2026-03-30,data/real/prices/yahoo/SPY.json,e0f05aaf67be23da1db20513eaed93274b165898427ebeab80c7cb2eca1d9a2d,SECONDARY,official SOFR 21-session direction,sofr-pivot: easing (-4.0bp over 21 sessions)
SOFRPivot_Rider-00091,@SOFRPivot_Rider,2026-03-27,2026-03-30,COLLECTED,QQQ,buy,80,market,filled,2026-03-30,,567.39,80,45391.2,0.85,0.176,0.00011,558.280029,2026-03-30,data/real/prices/yahoo/QQQ.json,ae9ec3c0b0b8e0f5cd28ee45eac2dfcff9f95a7c5a1244e170ab0980d85979ed,SECONDARY,official SOFR 21-session direction,sofr-pivot: easing (-4.0bp over 21 sessions)
SOFRPivot_Rider-00092,@SOFRPivot_Rider,2026-03-27,2026-03-30,COLLECTED,TSLA,buy,80,market,filled,2026-03-30,,365.87,80,29269.6,1.3001,0.274,0.00012,355.279999,2026-03-30,data/real/prices/yahoo/TSLA.json,6916f4c63d07180ce9efd08a9e88d50b7d43121d02443b933214c54bbb6e84f7,SECONDARY,official SOFR 21-session direction,sofr-pivot: easing (-4.0bp over 21 sessions)
SOFRPivot_Rider-00093,@SOFRPivot_Rider,2026-03-30,2026-03-31,COLLECTED,QQQ,buy,80,market,filled,2026-03-31,,564.29,80,45143.2,0.8484,0.0,8e-05,577.179993,2026-03-31,data/real/prices/yahoo/QQQ.json,ae9ec3c0b0b8e0f5cd28ee45eac2dfcff9f95a7c5a1244e170ab0980d85979ed,SECONDARY,official SOFR 21-session direction,sofr-pivot: easing (-5.0bp over 21 sessions)
FDA_PDUFA_Drifter-00032,@FDA_PDUFA_Drifter,2026-03-30,2026-03-31,COLLECTED,IBB,sell,200,market,filled,2026-03-31,,164.35,200,32870.0,3.5781,0.608,0.00908,168.850006,2026-03-31,data/real/prices/yahoo/IBB.json,20849c9611587299a52489fe22060adc7823c700fb3483f21091d85a6cf8acb0,SECONDARY,"openFDA approval count, trailing 30 days",fda-drift: 30d approvals 62 < median 67
FDA_PDUFA_Drifter-00033,@FDA_PDUFA_Drifter,2026-03-30,2026-03-31,COLLECTED,XBI,sell,1200,market,filled,2026-03-31,,122.86,1200,147432.0,21.1302,1.627,0.00649,127.730003,2026-03-31,data/real/prices/yahoo/XBI.json,fe9eeb851e6faba2a7187e008fab271608d8a4d544227ad3543ac3d95d5dd769,SECONDARY,"openFDA approval count, trailing 30 days",fda-drift: 30d approvals 62 < median 67
MLB_Attention_Live-00001,@MLB_Attention_Live,2026-03-30,2026-03-31,COLLECTED,DKNG,buy,3400,market,filled,2026-03-31,,20.84,3400,70856.0,51.3983,4.801,0.02845,21.620001,2026-03-31,data/real/prices/yahoo/DKNG.json,728eccb3861f5cb322bf539a1926fb53cb11fdf0d1412a8d19111bd3a9ac37ef,SECONDARY,official MLB StatsAPI schedule density,mlb-attention: 47 games and 7 upsets in 7 days vs median 0
MLB_Attention_Live-00002,@MLB_Attention_Live,2026-03-30,2026-03-31,COLLECTED,FLUT,buy,500,market,filled,2026-03-31,,100.93,500,50465.0,9.0694,1.982,0.01387,101.949997,2026-03-31,data/real/prices/yahoo/FLUT.json,b0ffbb30d24f61202de05dce905e96fb554a730be44b61df2e48712c8bcbabd0,SECONDARY,official MLB StatsAPI schedule density,mlb-attention: 47 games and 7 upsets in 7 days vs median 0
MLB_Attention_Live-00003,@MLB_Attention_Live,2026-03-30,2026-03-31,COLLECTED,SRAD,buy,3000,market,filled,2026-03-31,,16.82,3000,50460.0,76.1882,11.905,0.16012,16.74,2026-03-31,data/real/prices/yahoo/SRAD.json,2b98acbc8c99539adff859013008c24d152cb619d509bba11ec159ae2d4a7cb6,SECONDARY,official MLB StatsAPI schedule density,mlb-attention: 47 games and 7 upsets in 7 days vs median 0
PinePilot_EMA_Live-00013,@PinePilot_EMA_Live,2026-03-30,2026-03-31,COLLECTED,QQQ,sell,40,market,filled,2026-03-31,,564.28,40,22571.2,0.4015,0.177,4e-05,577.179993,2026-03-31,data/real/prices/yahoo/QQQ.json,ae9ec3c0b0b8e0f5cd28ee45eac2dfcff9f95a7c5a1244e170ab0980d85979ed,SECONDARY,9/21 EMA cross,pinepilot: EMA9 577.90 < EMA21 589.45
CrowdFade_Live-00006,@CrowdFade_Live,2026-03-30,2026-03-31,COLLECTED,QQQ,buy,80,market,filled,2026-03-31,,564.29,80,45143.2,0.8484,0.0,8e-05,577.179993,2026-03-31,data/real/prices/yahoo/QQQ.json,ae9ec3c0b0b8e0f5cd28ee45eac2dfcff9f95a7c5a1244e170ab0980d85979ed,SECONDARY,3-session reversal at 2.5 sigma,crowd-fade: 3-session sigma extremes (QQQ z=-2.51)
SOFRPivot_Rider-00094,@SOFRPivot_Rider,2026-03-31,2026-04-01,COLLECTED,QQQ,sell,120,market,filled,2026-04-01,,581.47,120,69776.4,2.0638,0.172,0.00015,584.309998,2026-04-01,data/real/prices/yahoo/QQQ.json,ae9ec3c0b0b8e0f5cd28ee45eac2dfcff9f95a7c5a1244e170ab0980d85979ed,SECONDARY,official SOFR 21-session direction,sofr-pivot: flat (-3.0bp over 21 sessions)
SOFRPivot_Rider-00095,@SOFRPivot_Rider,2026-03-31,2026-04-01,COLLECTED,TSLA,sell,80,market,filled,2026-04-01,,378.62,80,30289.6,1.3592,0.264,0.00014,381.26001,2026-04-01,data/real/prices/yahoo/TSLA.json,6916f4c63d07180ce9efd08a9e88d50b7d43121d02443b933214c54bbb6e84f7,SECONDARY,official SOFR 21-session direction,sofr-pivot: flat (-3.0bp over 21 sessions)
SOFRPivot_Rider-00096,@SOFRPivot_Rider,2026-03-31,2026-04-01,COLLECTED,SPY,buy,40,market,filled,2026-04-01,,653.91,40,26156.4,0.3939,0.153,4e-05,655.23999,2026-04-01,data/real/prices/yahoo/SPY.json,e0f05aaf67be23da1db20513eaed93274b165898427ebeab80c7cb2eca1d9a2d,SECONDARY,official SOFR 21-session direction,sofr-pivot: flat (-3.0bp over 21 sessions)
FDA_PDUFA_Drifter-00034,@FDA_PDUFA_Drifter,2026-03-31,2026-04-01,COLLECTED,XBI,sell,100,market,filled,2026-04-01,,128.78,100,12878.0,1.1976,0.776,0.0005,128.550003,2026-04-01,data/real/prices/yahoo/XBI.json,fe9eeb851e6faba2a7187e008fab271608d8a4d544227ad3543ac3d95d5dd769,SECONDARY,"openFDA approval count, trailing 30 days",fda-drift: 30d approvals 65 < median 67
FDA_Fade_Live-00024,@FDA_Fade_Live,2026-03-31,2026-04-01,COLLECTED,XBI,buy,1000,market,filled,2026-04-01,,128.8,1000,128800.0,19.9566,0.777,0.00499,128.550003,2026-04-01,data/real/prices/yahoo/XBI.json,fe9eeb851e6faba2a7187e008fab271608d8a4d544227ad3543ac3d95d5dd769,SECONDARY,"openFDA approval burst, faded",fda-fade: |z|=0.26 < 0.5
SOFRPivot_Rider-00097,@SOFRPivot_Rider,2026-04-01,2026-04-02,COLLECTED,SPY,sell,40,market,filled,2026-04-02,,646.41,40,25856.4,0.4011,0.154,6e-05,655.830017,2026-04-02,data/real/prices/yahoo/SPY.json,e0f05aaf67be23da1db20513eaed93274b165898427ebeab80c7cb2eca1d9a2d,SECONDARY,official SOFR 21-session direction,sofr-pivot: easing (-5.0bp over 21 sessions)
SOFRPivot_Rider-00098,@SOFRPivot_Rider,2026-04-01,2026-04-02,COLLECTED,QQQ,buy,80,market,filled,2026-04-02,,573.98,80,45918.4,1.3005,0.175,0.00016,584.97998,2026-04-02,data/real/prices/yahoo/QQQ.json,ae9ec3c0b0b8e0f5cd28ee45eac2dfcff9f95a7c5a1244e170ab0980d85979ed,SECONDARY,official SOFR 21-session direction,sofr-pivot: easing (-5.0bp over 21 sessions)
SOFRPivot_Rider-00099,@SOFRPivot_Rider,2026-04-01,2026-04-02,COLLECTED,TSLA,buy,80,market,filled,2026-04-02,,364.21,80,29136.8,1.3341,0.274,0.0001,360.589996,2026-04-02,data/real/prices/yahoo/TSLA.json,6916f4c63d07180ce9efd08a9e88d50b7d43121d02443b933214c54bbb6e84f7,SECONDARY,official SOFR 21-session direction,sofr-pivot: easing (-5.0bp over 21 sessions)
FDA_PDUFA_Drifter-00035,@FDA_PDUFA_Drifter,2026-04-01,2026-04-02,COLLECTED,IBB,buy,200,market,filled,2026-04-02,,167.71,200,33542.0,3.866,0.596,0.01295,169.429993,2026-04-02,data/real/prices/yahoo/IBB.json,20849c9611587299a52489fe22060adc7823c700fb3483f21091d85a6cf8acb0,SECONDARY,"openFDA approval count, trailing 30 days",fda-drift: 30d approvals 67 >= median 67
FDA_PDUFA_Drifter-00036,@FDA_PDUFA_Drifter,2026-04-01,2026-04-02,COLLECTED,XBI,buy,800,market,filled,2026-04-02,,125.68,800,100544.0,14.4662,1.591,0.00808,128.960007,2026-04-02,data/real/prices/yahoo/XBI.json,fe9eeb851e6faba2a7187e008fab271608d8a4d544227ad3543ac3d95d5dd769,SECONDARY,"openFDA approval count, trailing 30 days",fda-drift: 30d approvals 67 >= median 67
MLB_Attention_Live-00004,@MLB_Attention_Live,2026-04-01,2026-04-02,COLLECTED,SRAD,buy,200,market,filled,2026-04-02,,16.43,200,3286.0,2.9653,6.09,0.01318,16.950001,2026-04-02,data/real/prices/yahoo/SRAD.json,2b98acbc8c99539adff859013008c24d152cb619d509bba11ec159ae2d4a7cb6,SECONDARY,official MLB StatsAPI schedule density,mlb-attention: 76 games and 17 upsets in 7 days vs median 0
SOFRPivot_Rider-00100,@SOFRPivot_Rider,2026-04-02,2026-04-06,COLLECTED,QQQ,sell,80,market,filled,2026-04-06,,586.22,80,46897.6,2.2784,0.17,0.00023,588.5,2026-04-06,data/real/prices/yahoo/QQQ.json,ae9ec3c0b0b8e0f5cd28ee45eac2dfcff9f95a7c5a1244e170ab0980d85979ed,SECONDARY,official SOFR 21-session direction,sofr-pivot: flat (-1.0bp over 21 sessions)
SOFRPivot_Rider-00101,@SOFRPivot_Rider,2026-04-02,2026-04-06,COLLECTED,TSLA,sell,40,market,filled,2026-04-06,,362.58,40,14503.2,0.9345,0.276,5e-05,352.820007,2026-04-06,data/real/prices/yahoo/TSLA.json,6916f4c63d07180ce9efd08a9e88d50b7d43121d02443b933214c54bbb6e84f7,SECONDARY,official SOFR 21-session direction,sofr-pivot: flat (-1.0bp over 21 sessions)
SOFRPivot_Rider-00102,@SOFRPivot_Rider,2026-04-02,2026-04-06,COLLECTED,SPY,buy,40,market,filled,2026-04-06,,655.86,40,26234.4,0.3935,0.0,0.0001,658.929993,2026-04-06,data/real/prices/yahoo/SPY.json,e0f05aaf67be23da1db20513eaed93274b165898427ebeab80c7cb2eca1d9a2d,SECONDARY,official SOFR 21-session direction,sofr-pivot: flat (-1.0bp over 21 sessions)
FDA_PDUFA_Drifter-00037,@FDA_PDUFA_Drifter,2026-04-02,2026-04-06,COLLECTED,IBB,sell,100,market,filled,2026-04-06,,169.23,100,16923.0,1.9602,0.591,0.00609,168.830002,2026-04-06,data/real/prices/yahoo/IBB.json,20849c9611587299a52489fe22060adc7823c700fb3483f21091d85a6cf8acb0,SECONDARY,"openFDA approval count, trailing 30 days",fda-drift: 30d approvals 65 < median 67
FDA_PDUFA_Drifter-00038,@FDA_PDUFA_Drifter,2026-04-02,2026-04-06,COLLECTED,XBI,sell,700,market,filled,2026-04-06,,129.13,700,90391.0,14.2397,1.548,0.01113,128.800003,2026-04-06,data/real/prices/yahoo/XBI.json,fe9eeb851e6faba2a7187e008fab271608d8a4d544227ad3543ac3d95d5dd769,SECONDARY,"openFDA approval count, trailing 30 days",fda-drift: 30d approvals 65 < median 67
LeapStyle_AutoLiquidate-00009,@LeapStyle_AutoLiquidate,2026-04-02,2026-04-06,COLLECTED,GLD,buy,120,market,filled,2026-04-06,,428.89,120,51466.8,2.6184,0.466,0.00222,427.649994,2026-04-06,data/real/prices/yahoo/GLD.json,545093d31c9d8284e3b5dc66f668a6cb7391d9925b5abdf3e82bcaa71e423b40,SECONDARY,contest rank rotation,leap: leader GLD at +0.53% over 42 sessions
SOFRPivot_Rider-00103,@SOFRPivot_Rider,2026-04-06,2026-04-07,COLLECTED,QQQ,sell,40,market,filled,2026-04-07,,585.63,40,23425.2,1.102,0.171,8e-05,588.590027,2026-04-07,data/real/prices/yahoo/QQQ.json,ae9ec3c0b0b8e0f5cd28ee45eac2dfcff9f95a7c5a1244e170ab0980d85979ed,SECONDARY,official SOFR 21-session direction,sofr-pivot: flat (-1.0bp over 21 sessions)
SOFRPivot_Rider-00104,@SOFRPivot_Rider,2026-04-06,2026-04-07,COLLECTED,TSLA,sell,40,market,filled,2026-04-07,,346.43,40,13857.2,0.9174,0.289,5e-05,346.649994,2026-04-07,data/real/prices/yahoo/TSLA.json,6916f4c63d07180ce9efd08a9e88d50b7d43121d02443b933214c54bbb6e84f7,SECONDARY,official SOFR 21-session direction,sofr-pivot: flat (-1.0bp over 21 sessions)
SOFRPivot_Rider-00105,@SOFRPivot_Rider,2026-04-06,2026-04-07,COLLECTED,SPY,buy,40,market,filled,2026-04-07,,656.66,40,26266.4,0.5943,0.152,6e-05,659.219971,2026-04-07,data/real/prices/yahoo/SPY.json,e0f05aaf67be23da1db20513eaed93274b165898427ebeab80c7cb2eca1d9a2d,SECONDARY,official SOFR 21-session direction,sofr-pivot: flat (-1.0bp over 21 sessions)
FDA_PDUFA_Drifter-00039,@FDA_PDUFA_Drifter,2026-04-06,2026-04-07,COLLECTED,IBB,sell,100,market,filled,2026-04-07,,167.99,100,16799.0,1.9158,1.19,0.01261,168.5,2026-04-07,data/real/prices/yahoo/IBB.json,20849c9611587299a52489fe22060adc7823c700fb3483f21091d85a6cf8acb0,SECONDARY,"openFDA approval count, trailing 30 days",fda-drift: 30d approvals 59 < median 67
LeapStyle_AutoLiquidate-00010,@LeapStyle_AutoLiquidate,2026-04-06,2026-04-07,COLLECTED,GLD,sell,80,market,filled,2026-04-07,,427.88,80,34230.4,2.335,0.467,0.0011,431.809998,2026-04-07,data/real/prices/yahoo/GLD.json,545093d31c9d8284e3b5dc66f668a6cb7391d9925b5abdf3e82bcaa71e423b40,SECONDARY,contest rank rotation,"leap: no positive leader (best TLT -0.13%), duration park"
FDA_PDUFA_Drifter-00040,@FDA_PDUFA_Drifter,2026-04-07,2026-04-08,COLLECTED,IBB,buy,200,market,filled,2026-04-08,,172.38,200,34476.0,3.7871,0.58,0.01569,171.860001,2026-04-08,data/real/prices/yahoo/IBB.json,20849c9611587299a52489fe22060adc7823c700fb3483f21091d85a6cf8acb0,SECONDARY,"openFDA approval count, trailing 30 days",fda-drift: 30d approvals 86 >= median 67
FDA_PDUFA_Drifter-00041,@FDA_PDUFA_Drifter,2026-04-07,2026-04-08,COLLECTED,XBI,buy,700,market,filled,2026-04-08,,132.43,700,92701.0,12.3035,0.755,0.00932,130.649994,2026-04-08,data/real/prices/yahoo/XBI.json,fe9eeb851e6faba2a7187e008fab271608d8a4d544227ad3543ac3d95d5dd769,SECONDARY,"openFDA approval count, trailing 30 days",fda-drift: 30d approvals 86 >= median 67
LeapStyle_AutoLiquidate-00011,@LeapStyle_AutoLiquidate,2026-04-07,2026-04-08,COLLECTED,NVDA,buy,200,market,filled,2026-04-08,,184.51,200,36902.0,1.9014,0.542,0.00014,182.080002,2026-04-08,data/real/prices/yahoo/NVDA.json,e8c9fe33254a091dcfb1fde394469dac5a6683a2528f85b45fb2428857eadae2,SECONDARY,contest rank rotation,leap: leader NVDA at +2.24% over 42 sessions
FDA_Fade_Live-00025,@FDA_Fade_Live,2026-04-07,2026-04-08,COLLECTED,XBI,sell,900,market,filled,2026-04-08,,132.4,900,119160.0,19.6029,1.51,0.01198,130.649994,2026-04-08,data/real/prices/yahoo/XBI.json,fe9eeb851e6faba2a7187e008fab271608d8a4d544227ad3543ac3d95d5dd769,SECONDARY,"openFDA approval burst, faded",fda-fade: approval z +1.65 > 1.5
KitchenSink_Official-00085,@KitchenSink_Official,2026-04-07,2026-04-08,COLLECTED,TLT,sell,1400,market,filled,2026-04-08,,87.36,1400,122304.0,16.0851,0.0,0.00629,86.919998,2026-04-08,data/real/prices/yahoo/TLT.json,b2914ca7451d1c04fbe97f399361df69871d9a8afcbb0121541ac2bdd13a29f3,SECONDARY,sign of eight official 21-session changes,kitchen-sink[undecided]: score -2 of 8 official signs
NasdaqMomentum_Max-00009,@NasdaqMomentum_Max,2026-04-08,2026-04-09,COLLECTED,QQQ,buy,120,market,filled,2026-04-09,,605.94,120,72712.8,2.0834,0.165,0.00032,610.190002,2026-04-09,data/real/prices/yahoo/QQQ.json,ae9ec3c0b0b8e0f5cd28ee45eac2dfcff9f95a7c5a1244e170ab0980d85979ed,SECONDARY,official NASDAQCOM trend rule,"nasdaq-momentum: NASDAQCOM 22,635 > 200d mean 22,380 and 210-session return +17.29% > 0"
DowNasdaq_SpreadMax-00037,@DowNasdaq_SpreadMax,2026-04-08,2026-04-09,COLLECTED,SPY,sell,80,market,filled,2026-04-09,,674.84,80,53987.2,2.0001,0.0,0.00014,679.909973,2026-04-09,data/real/prices/yahoo/SPY.json,e0f05aaf67be23da1db20513eaed93274b165898427ebeab80c7cb2eca1d9a2d,SECONDARY,official DJIA vs NASDAQCOM 63-session relative strength,dow-vs-nasdaq: within 1pp (Dow -3.14% vs Nasdaq -3.87%)
VIXRegime_LiveMax-00027,@VIXRegime_LiveMax,2026-04-08,2026-04-09,COLLECTED,QQQ,buy,200,market,filled,2026-04-09,,605.95,200,121190.0,3.7261,0.33,0.00053,610.190002,2026-04-09,data/real/prices/yahoo/QQQ.json,ae9ec3c0b0b8e0f5cd28ee45eac2dfcff9f95a7c5a1244e170ab0980d85979ed,SECONDARY,official VIXCLS/SP500 regime rule,"vix-regime[undecided]: VIX 21.04 vs 60d median 21.43, 252d 80th percentile 21.60; S&P 6,783 vs 100d mean 6,804"
SOFRPivot_Rider-00106,@SOFRPivot_Rider,2026-04-08,2026-04-09,COLLECTED,SPY,sell,80,market,filled,2026-04-09,,674.84,80,53987.2,2.0001,0.0,0.00014,679.909973,2026-04-09,data/real/prices/yahoo/SPY.json,e0f05aaf67be23da1db20513eaed93274b165898427ebeab80c7cb2eca1d9a2d,SECONDARY,official SOFR 21-session direction,sofr-pivot: easing (-6.0bp over 21 sessions)
SOFRPivot_Rider-00107,@SOFRPivot_Rider,2026-04-08,2026-04-09,COLLECTED,QQQ,buy,80,market,filled,2026-04-09,,605.94,80,48475.2,1.3249,0.165,0.00021,610.190002,2026-04-09,data/real/prices/yahoo/QQQ.json,ae9ec3c0b0b8e0f5cd28ee45eac2dfcff9f95a7c5a1244e170ab0980d85979ed,SECONDARY,official SOFR 21-session direction,sofr-pivot: easing (-6.0bp over 21 sessions)
SOFRPivot_Rider-00108,@SOFRPivot_Rider,2026-04-08,2026-04-09,COLLECTED,TSLA,buy,120,market,filled,2026-04-09,,343.16,120,41179.2,2.0915,0.292,0.00019,345.619995,2026-04-09,data/real/prices/yahoo/TSLA.json,6916f4c63d07180ce9efd08a9e88d50b7d43121d02443b933214c54bbb6e84f7,SECONDARY,official SOFR 21-session direction,sofr-pivot: easing (-6.0bp over 21 sessions)
FDA_PDUFA_Drifter-00042,@FDA_PDUFA_Drifter,2026-04-08,2026-04-09,COLLECTED,XBI,buy,200,market,filled,2026-04-09,,129.7,200,25940.0,2.5861,0.0,0.00357,131.820007,2026-04-09,data/real/prices/yahoo/XBI.json,fe9eeb851e6faba2a7187e008fab271608d8a4d544227ad3543ac3d95d5dd769,SECONDARY,"openFDA approval count, trailing 30 days",fda-drift: 30d approvals 89 >= median 67
MLB_Attention_Live-00005,@MLB_Attention_Live,2026-04-08,2026-04-09,COLLECTED,SRAD,buy,200,market,filled,2026-04-09,,16.52,200,3304.0,2.9006,6.057,0.00689,15.24,2026-04-09,data/real/prices/yahoo/SRAD.json,2b98acbc8c99539adff859013008c24d152cb619d509bba11ec159ae2d4a7cb6,SECONDARY,official MLB StatsAPI schedule density,mlb-attention: 90 games and 27 upsets in 7 days vs median 0
LeapStyle_AutoLiquidate-00012,@LeapStyle_AutoLiquidate,2026-04-08,2026-04-09,COLLECTED,NVDA,buy,100,market,filled,2026-04-09,,181.84,100,18184.0,0.9038,0.0,9e-05,183.910004,2026-04-09,data/real/prices/yahoo/NVDA.json,e8c9fe33254a091dcfb1fde394469dac5a6683a2528f85b45fb2428857eadae2,SECONDARY,contest rank rotation,leap: leader NVDA at +5.93% over 42 sessions
KitchenSink_Official-00086,@KitchenSink_Official,2026-04-08,2026-04-09,COLLECTED,TLT,sell,100,market,filled,2026-04-09,,86.69,100,8669.0,1.0367,0.0,0.00053,86.699997,2026-04-09,data/real/prices/yahoo/TLT.json,b2914ca7451d1c04fbe97f399361df69871d9a8afcbb0121541ac2bdd13a29f3,SECONDARY,sign of eight official 21-session changes,kitchen-sink[undecided]: score +0 of 8 official signs
KitchenSink_Official-00087,@KitchenSink_Official,2026-04-08,2026-04-09,COLLECTED,SPY,buy,80,market,filled,2026-04-09,,674.85,80,53988.0,0.8723,0.148,0.00014,679.909973,2026-04-09,data/real/prices/yahoo/SPY.json,e0f05aaf67be23da1db20513eaed93274b165898427ebeab80c7cb2eca1d9a2d,SECONDARY,sign of eight official 21-session changes,kitchen-sink[undecided]: score +0 of 8 official signs
NasdaqMomentum_Max-00010,@NasdaqMomentum_Max,2026-04-09,2026-04-10,COLLECTED,QQQ,buy,80,market,filled,2026-04-10,,611.85,80,48948.0,1.3293,0.163,0.00024,611.070007,2026-04-10,data/real/prices/yahoo/QQQ.json,ae9ec3c0b0b8e0f5cd28ee45eac2dfcff9f95a7c5a1244e170ab0980d85979ed,SECONDARY,official NASDAQCOM trend rule,"nasdaq-momentum: NASDAQCOM 22,822 > 200d mean 22,396 and 210-session return +16.86% > 0"
DowNasdaq_SpreadMax-00038,@DowNasdaq_SpreadMax,2026-04-09,2026-04-10,COLLECTED,SPY,buy,40,market,filled,2026-04-10,,681.33,40,27253.2,0.4034,0.147,9e-05,679.460022,2026-04-10,data/real/prices/yahoo/SPY.json,e0f05aaf67be23da1db20513eaed93274b165898427ebeab80c7cb2eca1d9a2d,SECONDARY,official DJIA vs NASDAQCOM 63-session relative strength,dow-vs-nasdaq: Dow leg stronger (-1.65% vs -3.23%)
VIXRegime_LiveMax-00028,@VIXRegime_LiveMax,2026-04-09,2026-04-10,COLLECTED,QQQ,buy,120,market,filled,2026-04-10,,611.85,120,73422.0,2.0915,0.163,0.00035,611.070007,2026-04-10,data/real/prices/yahoo/QQQ.json,ae9ec3c0b0b8e0f5cd28ee45eac2dfcff9f95a7c5a1244e170ab0980d85979ed,SECONDARY,official VIXCLS/SP500 regime rule,"vix-regime[calm]: VIX 19.49 vs 60d median 21.48, 252d 80th percentile 21.44; S&P 6,825 vs 100d mean 6,804"
SOFRPivot_Rider-00109,@SOFRPivot_Rider,2026-04-09,2026-04-10,COLLECTED,QQQ,buy,80,market,filled,2026-04-10,,611.85,80,48948.0,1.3293,0.163,0.00024,611.070007,2026-04-10,data/real/prices/yahoo/QQQ.json,ae9ec3c0b0b8e0f5cd28ee45eac2dfcff9f95a7c5a1244e170ab0980d85979ed,SECONDARY,official SOFR 21-session direction,sofr-pivot: easing (-7.0bp over 21 sessions)
OilDollar_FadeUNG-00072,@OilDollar_FadeUNG,2026-04-09,2026-04-10,COLLECTED,UNG,buy,5600,market,filled,2026-04-10,,10.82,5600,60592.0,95.4991,9.251,0.0806,10.77,2026-04-10,data/real/prices/yahoo/UNG.json,eb7bcc0769945fb2c40fbcd98753ed7e17e367cf69d2ce2bde9ae60f00a462cc,SECONDARY,official DCOILWTICO/DTWEXBGS 21-session rule,oil-dollar: oil +19.0%/21d with dollar -0.3%/21d
OilDollar_FadeUNG-00073,@OilDollar_FadeUNG,2026-04-09,2026-04-10,COLLECTED,XOM,buy,200,market,filled,2026-04-10,,154.04,200,30808.0,2.2835,0.0,0.00095,152.509995,2026-04-10,data/real/prices/yahoo/XOM.json,4a2c7d18351df35d3cb2b11781aad7ea882659abaffcd9d31683a3d09881cf97,SECONDARY,official DCOILWTICO/DTWEXBGS 21-session rule,oil-dollar: oil +19.0%/21d with dollar -0.3%/21d
FDA_PDUFA_Drifter-00043,@FDA_PDUFA_Drifter,2026-04-09,2026-04-10,COLLECTED,XBI,buy,200,market,filled,2026-04-10,,132.1,200,26420.0,2.6179,0.757,0.00199,129.440002,2026-04-10,data/real/prices/yahoo/XBI.json,fe9eeb851e6faba2a7187e008fab271608d8a4d544227ad3543ac3d95d5dd769,SECONDARY,"openFDA approval count, trailing 30 days",fda-drift: 30d approvals 87 >= median 67
PinePilot_EMA_Live-00014,@PinePilot_EMA_Live,2026-04-09,2026-04-10,COLLECTED,QQQ,buy,280,market,filled,2026-04-10,,611.86,280,171320.8,5.5345,0.326,0.00082,611.070007,2026-04-10,data/real/prices/yahoo/QQQ.json,ae9ec3c0b0b8e0f5cd28ee45eac2dfcff9f95a7c5a1244e170ab0980d85979ed,SECONDARY,9/21 EMA cross,pinepilot: EMA9 592.28 > EMA21 591.38
KitchenSink_Official-00088,@KitchenSink_Official,2026-04-09,2026-04-10,COLLECTED,SPY,sell,40,market,filled,2026-04-10,,681.32,40,27252.8,0.9726,0.0,9e-05,679.460022,2026-04-10,data/real/prices/yahoo/SPY.json,e0f05aaf67be23da1db20513eaed93274b165898427ebeab80c7cb2eca1d9a2d,SECONDARY,sign of eight official 21-session changes,kitchen-sink[riskon]: score +6 of 8 official signs
KitchenSink_Official-00089,@KitchenSink_Official,2026-04-09,2026-04-10,COLLECTED,QQQ,buy,80,market,filled,2026-04-10,,611.85,80,48948.0,1.3293,0.163,0.00024,611.070007,2026-04-10,data/real/prices/yahoo/QQQ.json,ae9ec3c0b0b8e0f5cd28ee45eac2dfcff9f95a7c5a1244e170ab0980d85979ed,SECONDARY,sign of eight official 21-session changes,kitchen-sink[riskon]: score +6 of 8 official signs
NasdaqMomentum_Max-00011,@NasdaqMomentum_Max,2026-04-10,2026-04-13,COLLECTED,QQQ,buy,40,market,filled,2026-04-13,,609.49,40,24379.6,0.6221,0.164,0.00012,617.390015,2026-04-13,data/real/prices/yahoo/QQQ.json,ae9ec3c0b0b8e0f5cd28ee45eac2dfcff9f95a7c5a1244e170ab0980d85979ed,SECONDARY,official NASDAQCOM trend rule,"nasdaq-momentum: NASDAQCOM 22,903 > 200d mean 22,411 and 210-session return +16.90% > 0"
DowNasdaq_SpreadMax-00039,@DowNasdaq_SpreadMax,2026-04-10,2026-04-13,COLLECTED,SPY,sell,40,market,filled,2026-04-13,,677.4,40,27096.0,0.9691,0.147,7e-05,686.099976,2026-04-13,data/real/prices/yahoo/SPY.json,e0f05aaf67be23da1db20513eaed93274b165898427ebeab80c7cb2eca1d9a2d,SECONDARY,official DJIA vs NASDAQCOM 63-session relative strength,dow-vs-nasdaq: within 1pp (Dow -2.74% vs Nasdaq -2.46%)
DowNasdaq_SpreadMax-00040,@DowNasdaq_SpreadMax,2026-04-10,2026-04-13,COLLECTED,QQQ,buy,40,market,filled,2026-04-13,,609.49,40,24379.6,0.6221,0.164,0.00012,617.390015,2026-04-13,data/real/prices/yahoo/QQQ.json,ae9ec3c0b0b8e0f5cd28ee45eac2dfcff9f95a7c5a1244e170ab0980d85979ed,SECONDARY,official DJIA vs NASDAQCOM 63-session relative strength,dow-vs-nasdaq: within 1pp (Dow -2.74% vs Nasdaq -2.46%)
VIXRegime_LiveMax-00029,@VIXRegime_LiveMax,2026-04-10,2026-04-13,COLLECTED,QQQ,buy,40,market,filled,2026-04-13,,609.49,40,24379.6,0.6221,0.164,0.00012,617.390015,2026-04-13,data/real/prices/yahoo/QQQ.json,ae9ec3c0b0b8e0f5cd28ee45eac2dfcff9f95a7c5a1244e170ab0980d85979ed,SECONDARY,official VIXCLS/SP500 regime rule,"vix-regime[calm]: VIX 19.23 vs 60d median 21.53, 252d 80th percentile 21.20; S&P 6,817 vs 100d mean 6,805"
SOFRPivot_Rider-00110,@SOFRPivot_Rider,2026-04-10,2026-04-13,COLLECTED,QQQ,buy,40,market,filled,2026-04-13,,609.49,40,24379.6,0.6221,0.164,0.00012,617.390015,2026-04-13,data/real/prices/yahoo/QQQ.json,ae9ec3c0b0b8e0f5cd28ee45eac2dfcff9f95a7c5a1244e170ab0980d85979ed,SECONDARY,official SOFR 21-session direction,sofr-pivot: easing (-3.0bp over 21 sessions)
OilDollar_FadeUNG-00074,@OilDollar_FadeUNG,2026-04-10,2026-04-13,COLLECTED,UNG,buy,500,market,filled,2026-04-13,,10.97,500,5485.0,4.2607,0.0,0.00681,10.68,2026-04-13,data/real/prices/yahoo/UNG.json,eb7bcc0769945fb2c40fbcd98753ed7e17e367cf69d2ce2bde9ae60f00a462cc,SECONDARY,official DCOILWTICO/DTWEXBGS 21-session rule,oil-dollar: oil +13.3%/21d with dollar -0.8%/21d
MLB_Attention_Live-00006,@MLB_Attention_Live,2026-04-10,2026-04-13,COLLECTED,DKNG,sell,100,market,filled,2026-04-13,,22.02,100,2202.0,0.9316,-0.0,0.00086,22.51,2026-04-13,data/real/prices/yahoo/DKNG.json,728eccb3861f5cb322bf539a1926fb53cb11fdf0d1412a8d19111bd3a9ac37ef,SECONDARY,official MLB StatsAPI schedule density,mlb-attention: 93 games and 32 upsets in 7 days vs median 0
LeapStyle_AutoLiquidate-00013,@LeapStyle_AutoLiquidate,2026-04-10,2026-04-13,COLLECTED,GLD,sell,40,market,filled,2026-04-13,,434.76,40,17390.4,1.0917,0.46,0.00072,435.359985,2026-04-13,data/real/prices/yahoo/GLD.json,545093d31c9d8284e3b5dc66f668a6cb7391d9925b5abdf3e82bcaa71e423b40,SECONDARY,contest rank rotation,"leap: no positive leader (best QQQ -0.53%), duration park"
LeapStyle_AutoLiquidate-00014,@LeapStyle_AutoLiquidate,2026-04-10,2026-04-13,COLLECTED,NVDA,sell,300,market,filled,2026-04-13,,186.02,300,55806.0,4.1781,0.537,0.00022,189.309998,2026-04-13,data/real/prices/yahoo/NVDA.json,e8c9fe33254a091dcfb1fde394469dac5a6683a2528f85b45fb2428857eadae2,SECONDARY,contest rank rotation,"leap: no positive leader (best QQQ -0.53%), duration park"
LeapStyle_AutoLiquidate-00015,@LeapStyle_AutoLiquidate,2026-04-10,2026-04-13,COLLECTED,TLT,buy,100,market,filled,2026-04-13,,86.45,100,8645.0,0.835,1.157,0.00079,86.75,2026-04-13,data/real/prices/yahoo/TLT.json,b2914ca7451d1c04fbe97f399361df69871d9a8afcbb0121541ac2bdd13a29f3,SECONDARY,contest rank rotation,"leap: no positive leader (best QQQ -0.53%), duration park"
PinePilot_EMA_Live-00015,@PinePilot_EMA_Live,2026-04-10,2026-04-13,COLLECTED,QQQ,buy,40,market,filled,2026-04-13,,609.49,40,24379.6,0.6221,0.164,0.00012,617.390015,2026-04-13,data/real/prices/yahoo/QQQ.json,ae9ec3c0b0b8e0f5cd28ee45eac2dfcff9f95a7c5a1244e170ab0980d85979ed,SECONDARY,9/21 EMA cross,pinepilot: EMA9 596.04 > EMA21 593.17
KitchenSink_Official-00090,@KitchenSink_Official,2026-04-10,2026-04-13,COLLECTED,SPY,sell,40,market,filled,2026-04-13,,677.4,40,27096.0,0.9691,0.147,7e-05,686.099976,2026-04-13,data/real/prices/yahoo/SPY.json,e0f05aaf67be23da1db20513eaed93274b165898427ebeab80c7cb2eca1d9a2d,SECONDARY,sign of eight official 21-session changes,kitchen-sink[riskon]: score +6 of 8 official signs
KitchenSink_Official-00091,@KitchenSink_Official,2026-04-10,2026-04-13,COLLECTED,QQQ,buy,80,market,filled,2026-04-13,,609.49,80,48759.2,1.3288,0.164,0.00024,617.390015,2026-04-13,data/real/prices/yahoo/QQQ.json,ae9ec3c0b0b8e0f5cd28ee45eac2dfcff9f95a7c5a1244e170ab0980d85979ed,SECONDARY,sign of eight official 21-session changes,kitchen-sink[riskon]: score +6 of 8 official signs
DowNasdaq_SpreadMax-00041,@DowNasdaq_SpreadMax,2026-04-13,2026-04-14,COLLECTED,QQQ,buy,40,market,filled,2026-04-14,,620.23,40,24809.2,0.6213,0.162,8e-05,628.599976,2026-04-14,data/real/prices/yahoo/QQQ.json,ae9ec3c0b0b8e0f5cd28ee45eac2dfcff9f95a7c5a1244e170ab0980d85979ed,SECONDARY,official DJIA vs NASDAQCOM 63-session relative strength,dow-vs-nasdaq: within 1pp (Dow -2.60% vs Nasdaq -2.06%)
VIXRegime_LiveMax-00030,@VIXRegime_LiveMax,2026-04-13,2026-04-14,COLLECTED,QQQ,buy,40,market,filled,2026-04-14,,620.23,40,24809.2,0.6213,0.162,8e-05,628.599976,2026-04-14,data/real/prices/yahoo/QQQ.json,ae9ec3c0b0b8e0f5cd28ee45eac2dfcff9f95a7c5a1244e170ab0980d85979ed,SECONDARY,official VIXCLS/SP500 regime rule,"vix-regime[calm]: VIX 19.12 vs 60d median 21.59, 252d 80th percentile 21.15; S&P 6,886 vs 100d mean 6,806"
SOFRPivot_Rider-00111,@SOFRPivot_Rider,2026-04-13,2026-04-14,COLLECTED,QQQ,sell,200,market,filled,2026-04-14,,620.2,200,124040.0,6.3263,0.322,0.0004,628.599976,2026-04-14,data/real/prices/yahoo/QQQ.json,ae9ec3c0b0b8e0f5cd28ee45eac2dfcff9f95a7c5a1244e170ab0980d85979ed,SECONDARY,official SOFR 21-session direction,sofr-pivot: flat (-2.0bp over 21 sessions)
SOFRPivot_Rider-00112,@SOFRPivot_Rider,2026-04-13,2026-04-14,COLLECTED,TSLA,sell,120,market,filled,2026-04-14,,357.67,120,42920.4,2.4061,0.0,0.0002,364.200012,2026-04-14,data/real/prices/yahoo/TSLA.json,6916f4c63d07180ce9efd08a9e88d50b7d43121d02443b933214c54bbb6e84f7,SECONDARY,official SOFR 21-session direction,sofr-pivot: flat (-2.0bp over 21 sessions)
CurveSteepener_MaxBeta-00083,@CurveSteepener_MaxBeta,2026-04-13,2026-04-14,COLLECTED,JPM,sell,280,market,filled,2026-04-14,,309.81,280,86746.8,6.2555,0.323,0.00244,311.119995,2026-04-14,data/real/prices/yahoo/JPM.json,169021a2b0a0985c1c427b57fe640e22b6ce82a79377bc3075417c6a8b98d12c,SECONDARY,official DGS10-DGS3MO 21-session change,curve-steepener: flat +4.0bp
CurveSteepener_MaxBeta-00084,@CurveSteepener_MaxBeta,2026-04-13,2026-04-14,COLLECTED,XOM,sell,600,market,filled,2026-04-14,,150.06,600,90036.0,10.1641,0.667,0.00324,149.240005,2026-04-14,data/real/prices/yahoo/XOM.json,4a2c7d18351df35d3cb2b11781aad7ea882659abaffcd9d31683a3d09881cf97,SECONDARY,official DGS10-DGS3MO 21-session change,curve-steepener: flat +4.0bp
LeapStyle_AutoLiquidate-00016,@LeapStyle_AutoLiquidate,2026-04-13,2026-04-14,COLLECTED,QQQ,buy,80,market,filled,2026-04-14,,620.23,80,49618.4,1.3264,0.162,0.00016,628.599976,2026-04-14,data/real/prices/yahoo/QQQ.json,ae9ec3c0b0b8e0f5cd28ee45eac2dfcff9f95a7c5a1244e170ab0980d85979ed,SECONDARY,contest rank rotation,leap: leader QQQ at +0.97% over 42 sessions
PinePilot_EMA_Live-00016,@PinePilot_EMA_Live,2026-04-13,2026-04-14,COLLECTED,QQQ,buy,40,market,filled,2026-04-14,,620.23,40,24809.2,0.6213,0.162,8e-05,628.599976,2026-04-14,data/real/prices/yahoo/QQQ.json,ae9ec3c0b0b8e0f5cd28ee45eac2dfcff9f95a7c5a1244e170ab0980d85979ed,SECONDARY,9/21 EMA cross,pinepilot: EMA9 600.31 > EMA21 595.37
KitchenSink_Official-00092,@KitchenSink_Official,2026-04-13,2026-04-14,COLLECTED,QQQ,buy,40,market,filled,2026-04-14,,620.23,40,24809.2,0.6213,0.162,8e-05,628.599976,2026-04-14,data/real/prices/yahoo/QQQ.json,ae9ec3c0b0b8e0f5cd28ee45eac2dfcff9f95a7c5a1244e170ab0980d85979ed,SECONDARY,sign of eight official 21-session changes,kitchen-sink[riskon]: score +6 of 8 official signs
DowNasdaq_SpreadMax-00042,@DowNasdaq_SpreadMax,2026-04-14,2026-04-15,COLLECTED,SPY,sell,160,market,filled,2026-04-15,,695.26,160,111241.6,4.2728,0.0,0.00027,699.940002,2026-04-15,data/real/prices/yahoo/SPY.json,e0f05aaf67be23da1db20513eaed93274b165898427ebeab80c7cb2eca1d9a2d,SECONDARY,official DJIA vs NASDAQCOM 63-session relative strength,dow-vs-nasdaq: Nasdaq leg stronger (-0.40% vs -2.13%)
DowNasdaq_SpreadMax-00043,@DowNasdaq_SpreadMax,2026-04-14,2026-04-15,COLLECTED,QQQ,buy,40,market,filled,2026-04-15,,629.09,40,25163.6,0.6248,0.159,8e-05,637.400024,2026-04-15,data/real/prices/yahoo/QQQ.json,ae9ec3c0b0b8e0f5cd28ee45eac2dfcff9f95a7c5a1244e170ab0980d85979ed,SECONDARY,official DJIA vs NASDAQCOM 63-session relative strength,dow-vs-nasdaq: Nasdaq leg stronger (-0.40% vs -2.13%)
SOFRPivot_Rider-00113,@SOFRPivot_Rider,2026-04-14,2026-04-15,COLLECTED,SPY,buy,80,market,filled,2026-04-15,,695.27,80,55621.6,0.8769,0.144,0.00014,699.940002,2026-04-15,data/real/prices/yahoo/SPY.json,e0f05aaf67be23da1db20513eaed93274b165898427ebeab80c7cb2eca1d9a2d,SECONDARY,official SOFR 21-session direction,sofr-pivot: flat (+1.0bp over 21 sessions)
CurveSteepener_MaxBeta-00085,@CurveSteepener_MaxBeta,2026-04-14,2026-04-15,COLLECTED,JPM,sell,40,market,filled,2026-04-15,,313.95,40,12558.0,0.708,0.0,0.0004,305.929993,2026-04-15,data/real/prices/yahoo/JPM.json,169021a2b0a0985c1c427b57fe640e22b6ce82a79377bc3075417c6a8b98d12c,SECONDARY,official DGS10-DGS3MO 21-session change,curve-steepener: flat -1.0bp
CurveSteepener_MaxBeta-00086,@CurveSteepener_MaxBeta,2026-04-14,2026-04-15,COLLECTED,SPY,buy,120,market,filled,2026-04-15,,695.27,120,83432.4,1.3952,0.144,0.00021,699.940002,2026-04-15,data/real/prices/yahoo/SPY.json,e0f05aaf67be23da1db20513eaed93274b165898427ebeab80c7cb2eca1d9a2d,SECONDARY,official DGS10-DGS3MO 21-session change,curve-steepener: flat -1.0bp
OilDollar_FadeUNG-00075,@OilDollar_FadeUNG,2026-04-14,2026-04-15,COLLECTED,UNG,sell,6000,market,filled,2026-04-15,,10.52,6000,63120.0,60.7282,9.497,0.12016,10.58,2026-04-15,data/real/prices/yahoo/UNG.json,eb7bcc0769945fb2c40fbcd98753ed7e17e367cf69d2ce2bde9ae60f00a462cc,SECONDARY,official DCOILWTICO/DTWEXBGS 21-session rule,"oil-dollar: mixed: oil -5.5%/21d, dollar -1.4%/21d"
OilDollar_FadeUNG-00076,@OilDollar_FadeUNG,2026-04-14,2026-04-15,COLLECTED,XOM,sell,200,market,filled,2026-04-15,,148.6,200,29720.0,2.902,0.0,0.00128,149.009995,2026-04-15,data/real/prices/yahoo/XOM.json,4a2c7d18351df35d3cb2b11781aad7ea882659abaffcd9d31683a3d09881cf97,SECONDARY,official DCOILWTICO/DTWEXBGS 21-session rule,"oil-dollar: mixed: oil -5.5%/21d, dollar -1.4%/21d"
LeapStyle_AutoLiquidate-00017,@LeapStyle_AutoLiquidate,2026-04-14,2026-04-15,COLLECTED,NVDA,buy,100,market,filled,2026-04-15,,196.54,100,19654.0,0.9192,0.0,5e-05,198.869995,2026-04-15,data/real/prices/yahoo/NVDA.json,e8c9fe33254a091dcfb1fde394469dac5a6683a2528f85b45fb2428857eadae2,SECONDARY,contest rank rotation,leap: leader NVDA at +3.40% over 42 sessions
VolControl_MaxLev-00049,@VolControl_MaxLev,2026-04-14,2026-04-15,COLLECTED,QQQ,buy,120,market,filled,2026-04-15,,629.09,120,75490.8,2.1044,0.159,0.00024,637.400024,2026-04-15,data/real/prices/yahoo/QQQ.json,ae9ec3c0b0b8e0f5cd28ee45eac2dfcff9f95a7c5a1244e170ab0980d85979ed,SECONDARY,official VIXCLS tercile scaling,vol-control: middle tercile (VIX 18.36)
GoldVsRealRate_Live-00059,@GoldVsRealRate_Live,2026-04-14,2026-04-15,COLLECTED,TLT,sell,1500,market,filled,2026-04-15,,87.01,1500,130515.0,17.061,1.149,0.00992,86.830002,2026-04-15,data/real/prices/yahoo/TLT.json,b2914ca7451d1c04fbe97f399361df69871d9a8afcbb0121541ac2bdd13a29f3,SECONDARY,"DGS10 minus SOFR, 21-session change",gold-real-rate: proxy flat (-2.0bp)
GoldVsRealRate_Live-00060,@GoldVsRealRate_Live,2026-04-14,2026-04-15,COLLECTED,GLD,buy,80,market,filled,2026-04-15,,442.9,80,35432.0,1.6443,0.451,0.00124,440.459991,2026-04-15,data/real/prices/yahoo/GLD.json,545093d31c9d8284e3b5dc66f668a6cb7391d9925b5abdf3e82bcaa71e423b40,SECONDARY,"DGS10 minus SOFR, 21-session change",gold-real-rate: proxy flat (-2.0bp)
KitchenSink_Official-00093,@KitchenSink_Official,2026-04-14,2026-04-15,COLLECTED,QQQ,sell,160,market,filled,2026-04-15,,629.06,160,100649.6,5.0227,0.318,0.00032,637.400024,2026-04-15,data/real/prices/yahoo/QQQ.json,ae9ec3c0b0b8e0f5cd28ee45eac2dfcff9f95a7c5a1244e170ab0980d85979ed,SECONDARY,sign of eight official 21-session changes,kitchen-sink[undecided]: score +2 of 8 official signs
KitchenSink_Official-00094,@KitchenSink_Official,2026-04-14,2026-04-15,COLLECTED,SPY,buy,40,market,filled,2026-04-15,,695.27,40,27810.8,0.4038,0.144,7e-05,699.940002,2026-04-15,data/real/prices/yahoo/SPY.json,e0f05aaf67be23da1db20513eaed93274b165898427ebeab80c7cb2eca1d9a2d,SECONDARY,sign of eight official 21-session changes,kitchen-sink[undecided]: score +2 of 8 official signs
NasdaqMomentum_Max-00012,@NasdaqMomentum_Max,2026-04-15,2026-04-16,COLLECTED,QQQ,buy,40,market,filled,2026-04-16,,639.22,40,25568.8,0.627,0.156,9e-05,640.469971,2026-04-16,data/real/prices/yahoo/QQQ.json,ae9ec3c0b0b8e0f5cd28ee45eac2dfcff9f95a7c5a1244e170ab0980d85979ed,SECONDARY,official NASDAQCOM trend rule,"nasdaq-momentum: NASDAQCOM 24,016 > 200d mean 22,463 and 210-session return +22.14% > 0"
DowNasdaq_SpreadMax-00044,@DowNasdaq_SpreadMax,2026-04-15,2026-04-16,COLLECTED,QQQ,buy,80,market,filled,2026-04-16,,639.22,80,51137.6,1.3427,0.156,0.00019,640.469971,2026-04-16,data/real/prices/yahoo/QQQ.json,ae9ec3c0b0b8e0f5cd28ee45eac2dfcff9f95a7c5a1244e170ab0980d85979ed,SECONDARY,official DJIA vs NASDAQCOM 63-session relative strength,dow-vs-nasdaq: Nasdaq leg stronger (+1.29% vs -1.48%)
MLB_Attention_Live-00007,@MLB_Attention_Live,2026-04-15,2026-04-16,COLLECTED,DKNG,buy,200,market,filled,2026-04-16,,23.8,200,4760.0,1.8063,4.203,0.00203,23.74,2026-04-16,data/real/prices/yahoo/DKNG.json,728eccb3861f5cb322bf539a1926fb53cb11fdf0d1412a8d19111bd3a9ac37ef,SECONDARY,official MLB StatsAPI schedule density,mlb-attention: 91 games and 37 upsets in 7 days vs median 0
GoldVsRealRate_Live-00061,@GoldVsRealRate_Live,2026-04-15,2026-04-16,COLLECTED,GLD,buy,200,market,filled,2026-04-16,,442.17,200,88434.0,5.0041,0.452,0.00374,440.079987,2026-04-16,data/real/prices/yahoo/GLD.json,545093d31c9d8284e3b5dc66f668a6cb7391d9925b5abdf3e82bcaa71e423b40,SECONDARY,"DGS10 minus SOFR, 21-session change",gold-real-rate: opportunity-cost proxy falling -6.0bp
KitchenSink_Official-00095,@KitchenSink_Official,2026-04-15,2026-04-16,COLLECTED,QQQ,sell,40,market,filled,2026-04-16,,639.2,40,25568.0,1.1615,0.157,9e-05,640.469971,2026-04-16,data/real/prices/yahoo/QQQ.json,ae9ec3c0b0b8e0f5cd28ee45eac2dfcff9f95a7c5a1244e170ab0980d85979ed,SECONDARY,sign of eight official 21-session changes,kitchen-sink[undecided]: score +2 of 8 official signs
KitchenSink_Official-00096,@KitchenSink_Official,2026-04-15,2026-04-16,COLLECTED,SPY,buy,40,market,filled,2026-04-16,,701.06,40,28042.4,0.4042,0.0,8e-05,701.659973,2026-04-16,data/real/prices/yahoo/SPY.json,e0f05aaf67be23da1db20513eaed93274b165898427ebeab80c7cb2eca1d9a2d,SECONDARY,sign of eight official 21-session changes,kitchen-sink[undecided]: score +2 of 8 official signs
DowNasdaq_SpreadMax-00045,@DowNasdaq_SpreadMax,2026-04-16,2026-04-17,COLLECTED,QQQ,buy,40,market,filled,2026-04-17,,645.6,40,25824.0,0.6285,0.154,7e-05,648.849976,2026-04-17,data/real/prices/yahoo/QQQ.json,ae9ec3c0b0b8e0f5cd28ee45eac2dfcff9f95a7c5a1244e170ab0980d85979ed,SECONDARY,official DJIA vs NASDAQCOM 63-session relative strength,dow-vs-nasdaq: Nasdaq leg stronger (+2.69% vs -1.16%)
CurveSteepener_MaxBeta-00087,@CurveSteepener_MaxBeta,2026-04-16,2026-04-17,COLLECTED,SPY,sell,120,market,filled,2026-04-17,,706.14,120,84736.8,3.1714,0.0,0.00017,710.140015,2026-04-17,data/real/prices/yahoo/SPY.json,e0f05aaf67be23da1db20513eaed93274b165898427ebeab80c7cb2eca1d9a2d,SECONDARY,official DGS10-DGS3MO 21-session change,curve-steepener: steepening +14.0bp
CurveSteepener_MaxBeta-00088,@CurveSteepener_MaxBeta,2026-04-16,2026-04-17,COLLECTED,JPM,buy,200,market,filled,2026-04-17,,312.49,200,62498.0,3.0585,0.64,0.0018,310.290009,2026-04-17,data/real/prices/yahoo/JPM.json,169021a2b0a0985c1c427b57fe640e22b6ce82a79377bc3075417c6a8b98d12c,SECONDARY,official DGS10-DGS3MO 21-session change,curve-steepener: steepening +14.0bp
CurveSteepener_MaxBeta-00089,@CurveSteepener_MaxBeta,2026-04-16,2026-04-17,COLLECTED,XOM,buy,400,market,filled,2026-04-17,,144.87,400,57948.0,5.032,0.69,0.00138,146.440002,2026-04-17,data/real/prices/yahoo/XOM.json,4a2c7d18351df35d3cb2b11781aad7ea882659abaffcd9d31683a3d09881cf97,SECONDARY,official DGS10-DGS3MO 21-session change,curve-steepener: steepening +14.0bp
OilDollar_FadeUNG-00077,@OilDollar_FadeUNG,2026-04-16,2026-04-17,COLLECTED,UNG,buy,5200,market,filled,2026-04-17,,10.66,5200,55432.0,82.1415,9.39,0.06904,10.84,2026-04-17,data/real/prices/yahoo/UNG.json,eb7bcc0769945fb2c40fbcd98753ed7e17e367cf69d2ce2bde9ae60f00a462cc,SECONDARY,official DCOILWTICO/DTWEXBGS 21-session rule,oil-dollar: oil +0.5%/21d with dollar -1.3%/21d
OilDollar_FadeUNG-00078,@OilDollar_FadeUNG,2026-04-16,2026-04-17,COLLECTED,XOM,buy,200,market,filled,2026-04-17,,144.87,200,28974.0,2.2477,0.69,0.00069,146.440002,2026-04-17,data/real/prices/yahoo/XOM.json,4a2c7d18351df35d3cb2b11781aad7ea882659abaffcd9d31683a3d09881cf97,SECONDARY,official DCOILWTICO/DTWEXBGS 21-session rule,oil-dollar: oil +0.5%/21d with dollar -1.3%/21d
MLB_Attention_Live-00008,@MLB_Attention_Live,2026-04-16,2026-04-17,COLLECTED,FLUT,buy,100,market,filled,2026-04-17,,112.46,100,11246.0,1.3846,0.89,0.00183,110.080002,2026-04-17,data/real/prices/yahoo/FLUT.json,b0ffbb30d24f61202de05dce905e96fb554a730be44b61df2e48712c8bcbabd0,SECONDARY,official MLB StatsAPI schedule density,mlb-attention: 91 games and 31 upsets in 7 days vs median 0
GoldVsRealRate_Live-00062,@GoldVsRealRate_Live,2026-04-16,2026-04-17,COLLECTED,GLD,sell,240,market,filled,2026-04-17,,445.63,240,106951.2,8.5734,0.449,0.00247,445.929993,2026-04-17,data/real/prices/yahoo/GLD.json,545093d31c9d8284e3b5dc66f668a6cb7391d9925b5abdf3e82bcaa71e423b40,SECONDARY,"DGS10 minus SOFR, 21-session change",gold-real-rate: opportunity-cost proxy rising +12.0bp
GoldVsRealRate_Live-00063,@GoldVsRealRate_Live,2026-04-16,2026-04-17,COLLECTED,TLT,buy,500,market,filled,2026-04-17,,87.06,500,43530.0,4.4007,1.148,0.00169,87.07,2026-04-17,data/real/prices/yahoo/TLT.json,b2914ca7451d1c04fbe97f399361df69871d9a8afcbb0121541ac2bdd13a29f3,SECONDARY,"DGS10 minus SOFR, 21-session change",gold-real-rate: opportunity-cost proxy rising +12.0bp
KitchenSink_Official-00097,@KitchenSink_Official,2026-04-16,2026-04-17,COLLECTED,SPY,sell,40,market,filled,2026-04-17,,706.14,40,28245.6,0.9948,0.0,6e-05,710.140015,2026-04-17,data/real/prices/yahoo/SPY.json,e0f05aaf67be23da1db20513eaed93274b165898427ebeab80c7cb2eca1d9a2d,SECONDARY,sign of eight official 21-session changes,kitchen-sink[riskon]: score +4 of 8 official signs
KitchenSink_Official-00098,@KitchenSink_Official,2026-04-16,2026-04-17,COLLECTED,QQQ,buy,80,market,filled,2026-04-17,,645.6,80,51648.0,1.3469,0.154,0.00015,648.849976,2026-04-17,data/real/prices/yahoo/QQQ.json,ae9ec3c0b0b8e0f5cd28ee45eac2dfcff9f95a7c5a1244e170ab0980d85979ed,SECONDARY,sign of eight official 21-session changes,kitchen-sink[riskon]: score +4 of 8 official signs
DowNasdaq_SpreadMax-00046,@DowNasdaq_SpreadMax,2026-04-17,2026-04-20,COLLECTED,QQQ,buy,40,market,filled,2026-04-20,,648.05,40,25922.0,0.6262,0.155,0.00011,646.789978,2026-04-20,data/real/prices/yahoo/QQQ.json,ae9ec3c0b0b8e0f5cd28ee45eac2dfcff9f95a7c5a1244e170ab0980d85979ed,SECONDARY,official DJIA vs NASDAQCOM 63-session relative strength,dow-vs-nasdaq: Nasdaq leg stronger (+3.99% vs +0.01%)
CurveSteepener_MaxBeta-00090,@CurveSteepener_MaxBeta,2026-04-17,2026-04-20,COLLECTED,JPM,sell,160,market,filled,2026-04-20,,310.84,160,49734.4,3.3775,0.322,0.00149,316.98999,2026-04-20,data/real/prices/yahoo/JPM.json,169021a2b0a0985c1c427b57fe640e22b6ce82a79377bc3075417c6a8b98d12c,SECONDARY,official DGS10-DGS3MO 21-session change,curve-steepener: flat +3.0bp
CurveSteepener_MaxBeta-00091,@CurveSteepener_MaxBeta,2026-04-17,2026-04-20,COLLECTED,XOM,sell,300,market,filled,2026-04-20,,147.38,300,44214.0,4.6488,0.0,0.00183,147.679993,2026-04-20,data/real/prices/yahoo/XOM.json,4a2c7d18351df35d3cb2b11781aad7ea882659abaffcd9d31683a3d09881cf97,SECONDARY,official DGS10-DGS3MO 21-session change,curve-steepener: flat +3.0bp
CurveSteepener_MaxBeta-00092,@CurveSteepener_MaxBeta,2026-04-17,2026-04-20,COLLECTED,SPY,buy,40,market,filled,2026-04-20,,708.79,40,28351.6,0.4027,0.141,9e-05,708.719971,2026-04-20,data/real/prices/yahoo/SPY.json,e0f05aaf67be23da1db20513eaed93274b165898427ebeab80c7cb2eca1d9a2d,SECONDARY,official DGS10-DGS3MO 21-session change,curve-steepener: flat +3.0bp
OilDollar_FadeUNG-00079,@OilDollar_FadeUNG,2026-04-17,2026-04-20,COLLECTED,UNG,sell,5300,market,filled,2026-04-20,,10.86,5300,57558.0,52.8908,9.2,0.07375,10.85,2026-04-20,data/real/prices/yahoo/UNG.json,eb7bcc0769945fb2c40fbcd98753ed7e17e367cf69d2ce2bde9ae60f00a462cc,SECONDARY,official DCOILWTICO/DTWEXBGS 21-session rule,"oil-dollar: mixed: oil -10.6%/21d, dollar -1.7%/21d"
OilDollar_FadeUNG-00080,@OilDollar_FadeUNG,2026-04-17,2026-04-20,COLLECTED,XOM,sell,200,market,filled,2026-04-20,,147.38,200,29476.0,2.9427,0.0,0.00122,147.679993,2026-04-20,data/real/prices/yahoo/XOM.json,4a2c7d18351df35d3cb2b11781aad7ea882659abaffcd9d31683a3d09881cf97,SECONDARY,official DCOILWTICO/DTWEXBGS 21-session rule,"oil-dollar: mixed: oil -10.6%/21d, dollar -1.7%/21d"
GoldVsRealRate_Live-00064,@GoldVsRealRate_Live,2026-04-17,2026-04-20,COLLECTED,TLT,buy,900,market,filled,2026-04-20,,87.12,900,78408.0,8.1977,1.148,0.00615,87.050003,2026-04-20,data/real/prices/yahoo/TLT.json,b2914ca7451d1c04fbe97f399361df69871d9a8afcbb0121541ac2bdd13a29f3,SECONDARY,"DGS10 minus SOFR, 21-session change",gold-real-rate: opportunity-cost proxy rising +6.0bp
KitchenSink_Official-00099,@KitchenSink_Official,2026-04-17,2026-04-20,COLLECTED,QQQ,sell,80,market,filled,2026-04-20,,648.03,80,51842.4,2.424,0.154,0.00022,646.789978,2026-04-20,data/real/prices/yahoo/QQQ.json,ae9ec3c0b0b8e0f5cd28ee45eac2dfcff9f95a7c5a1244e170ab0980d85979ed,SECONDARY,sign of eight official 21-session changes,kitchen-sink[undecided]: score +2 of 8 official signs
KitchenSink_Official-00100,@KitchenSink_Official,2026-04-17,2026-04-20,COLLECTED,SPY,buy,40,market,filled,2026-04-20,,708.79,40,28351.6,0.4027,0.141,9e-05,708.719971,2026-04-20,data/real/prices/yahoo/SPY.json,e0f05aaf67be23da1db20513eaed93274b165898427ebeab80c7cb2eca1d9a2d,SECONDARY,sign of eight official 21-session changes,kitchen-sink[undecided]: score +2 of 8 official signs
CurveSteepener_MaxBeta-00093,@CurveSteepener_MaxBeta,2026-04-20,2026-04-21,COLLECTED,JPM,sell,40,market,filled,2026-04-21,,317.48,40,12699.2,0.727,0.315,0.00056,313.0,2026-04-21,data/real/prices/yahoo/JPM.json,169021a2b0a0985c1c427b57fe640e22b6ce82a79377bc3075417c6a8b98d12c,SECONDARY,official DGS10-DGS3MO 21-session change,curve-steepener: flat +3.0bp
CurveSteepener_MaxBeta-00094,@CurveSteepener_MaxBeta,2026-04-20,2026-04-21,COLLECTED,SPY,buy,80,market,filled,2026-04-21,,710.29,80,56823.2,0.8751,0.14,0.00014,704.080017,2026-04-21,data/real/prices/yahoo/SPY.json,e0f05aaf67be23da1db20513eaed93274b165898427ebeab80c7cb2eca1d9a2d,SECONDARY,official DGS10-DGS3MO 21-session change,curve-steepener: flat +3.0bp
VolControl_MaxLev-00050,@VolControl_MaxLev,2026-04-20,2026-04-21,COLLECTED,QQQ,sell,80,market,filled,2026-04-21,,648.4,80,51872.0,2.4257,0.154,0.0002,644.330017,2026-04-21,data/real/prices/yahoo/QQQ.json,ae9ec3c0b0b8e0f5cd28ee45eac2dfcff9f95a7c5a1244e170ab0980d85979ed,SECONDARY,official VIXCLS tercile scaling,vol-control: volatile tercile (VIX 18.87 >= 18.87)
GoldVsRealRate_Live-00065,@GoldVsRealRate_Live,2026-04-20,2026-04-21,COLLECTED,TLT,sell,1400,market,filled,2026-04-21,,86.97,1400,121758.0,15.8925,0.0,0.00707,86.57,2026-04-21,data/real/prices/yahoo/TLT.json,b2914ca7451d1c04fbe97f399361df69871d9a8afcbb0121541ac2bdd13a29f3,SECONDARY,"DGS10 minus SOFR, 21-session change",gold-real-rate: proxy flat (-1.0bp)
GoldVsRealRate_Live-00066,@GoldVsRealRate_Live,2026-04-20,2026-04-21,COLLECTED,GLD,buy,80,market,filled,2026-04-21,,438.57,80,35085.6,1.5755,0.456,0.00084,429.570007,2026-04-21,data/real/prices/yahoo/GLD.json,545093d31c9d8284e3b5dc66f668a6cb7391d9925b5abdf3e82bcaa71e423b40,SECONDARY,"DGS10 minus SOFR, 21-session change",gold-real-rate: proxy flat (-1.0bp)
KitchenSink_Official-00101,@KitchenSink_Official,2026-04-20,2026-04-21,COLLECTED,SPY,sell,80,market,filled,2026-04-21,,710.28,80,56822.4,2.0612,0.0,0.00014,704.080017,2026-04-21,data/real/prices/yahoo/SPY.json,e0f05aaf67be23da1db20513eaed93274b165898427ebeab80c7cb2eca1d9a2d,SECONDARY,sign of eight official 21-session changes,kitchen-sink[riskon]: score +4 of 8 official signs
KitchenSink_Official-00102,@KitchenSink_Official,2026-04-20,2026-04-21,COLLECTED,QQQ,buy,80,market,filled,2026-04-21,,648.42,80,51873.6,1.3415,0.155,0.0002,644.330017,2026-04-21,data/real/prices/yahoo/QQQ.json,ae9ec3c0b0b8e0f5cd28ee45eac2dfcff9f95a7c5a1244e170ab0980d85979ed,SECONDARY,sign of eight official 21-session changes,kitchen-sink[riskon]: score +4 of 8 official signs
CurveSteepener_MaxBeta-00095,@CurveSteepener_MaxBeta,2026-04-21,2026-04-22,COLLECTED,XOM,sell,100,market,filled,2026-04-22,,149.36,100,14936.0,1.3765,0.669,0.00073,149.5,2026-04-22,data/real/prices/yahoo/XOM.json,4a2c7d18351df35d3cb2b11781aad7ea882659abaffcd9d31683a3d09881cf97,SECONDARY,official DGS10-DGS3MO 21-session change,curve-steepener: flat -4.0bp
VolControl_MaxLev-00051,@VolControl_MaxLev,2026-04-21,2026-04-22,COLLECTED,QQQ,sell,40,market,filled,2026-04-22,,650.14,40,26005.6,1.165,0.154,0.00011,655.109985,2026-04-22,data/real/prices/yahoo/QQQ.json,ae9ec3c0b0b8e0f5cd28ee45eac2dfcff9f95a7c5a1244e170ab0980d85979ed,SECONDARY,official VIXCLS tercile scaling,vol-control: volatile tercile (VIX 19.50 >= 18.87)
GoldVsRealRate_Live-00067,@GoldVsRealRate_Live,2026-04-21,2026-04-22,COLLECTED,GLD,buy,40,market,filled,2026-04-22,,436.27,40,17450.8,0.5077,0.0,0.00077,435.26001,2026-04-22,data/real/prices/yahoo/GLD.json,545093d31c9d8284e3b5dc66f668a6cb7391d9925b5abdf3e82bcaa71e423b40,SECONDARY,"DGS10 minus SOFR, 21-session change",gold-real-rate: proxy flat (+4.0bp)
KitchenSink_Official-00103,@KitchenSink_Official,2026-04-21,2026-04-22,COLLECTED,QQQ,buy,80,market,filled,2026-04-22,,650.16,80,52012.8,1.327,0.153,0.00021,655.109985,2026-04-22,data/real/prices/yahoo/QQQ.json,ae9ec3c0b0b8e0f5cd28ee45eac2dfcff9f95a7c5a1244e170ab0980d85979ed,SECONDARY,sign of eight official 21-session changes,kitchen-sink[riskon]: score +4 of 8 official signs
VIXRegime_LiveMax-00031,@VIXRegime_LiveMax,2026-04-22,2026-04-23,COLLECTED,QQQ,buy,40,market,filled,2026-04-23,,653.56,40,26142.4,0.624,0.153,0.0001,651.419983,2026-04-23,data/real/prices/yahoo/QQQ.json,ae9ec3c0b0b8e0f5cd28ee45eac2dfcff9f95a7c5a1244e170ab0980d85979ed,SECONDARY,official VIXCLS/SP500 regime rule,"vix-regime[calm]: VIX 18.92 vs 60d median 21.74, 252d 80th percentile 20.78; S&P 7,138 vs 100d mean 6,836"
OilDollar_FadeUNG-00081,@OilDollar_FadeUNG,2026-04-22,2026-04-23,COLLECTED,UNG,buy,5300,market,filled,2026-04-23,,10.73,5300,56869.0,83.997,9.328,0.05841,10.52,2026-04-23,data/real/prices/yahoo/UNG.json,eb7bcc0769945fb2c40fbcd98753ed7e17e367cf69d2ce2bde9ae60f00a462cc,SECONDARY,official DCOILWTICO/DTWEXBGS 21-session rule,oil-dollar: oil +6.1%/21d with dollar -1.3%/21d
OilDollar_FadeUNG-00082,@OilDollar_FadeUNG,2026-04-22,2026-04-23,COLLECTED,XOM,buy,200,market,filled,2026-04-23,,149.86,200,29972.0,2.3076,0.667,0.00154,150.529999,2026-04-23,data/real/prices/yahoo/XOM.json,4a2c7d18351df35d3cb2b11781aad7ea882659abaffcd9d31683a3d09881cf97,SECONDARY,official DCOILWTICO/DTWEXBGS 21-session rule,oil-dollar: oil +6.1%/21d with dollar -1.3%/21d
MLB_Attention_Live-00009,@MLB_Attention_Live,2026-04-22,2026-04-23,COLLECTED,DKNG,sell,400,market,filled,2026-04-23,,22.26,400,8904.0,4.0007,2.245,0.0045,22.17,2026-04-23,data/real/prices/yahoo/DKNG.json,728eccb3861f5cb322bf539a1926fb53cb11fdf0d1412a8d19111bd3a9ac37ef,SECONDARY,official MLB StatsAPI schedule density,mlb-attention: 95 games and 29 upsets in 7 days vs median 0
MLB_Attention_Live-00010,@MLB_Attention_Live,2026-04-22,2026-04-23,COLLECTED,FLUT,sell,100,market,filled,2026-04-23,,105.08,100,10508.0,1.551,1.903,0.00592,106.050003,2026-04-23,data/real/prices/yahoo/FLUT.json,b0ffbb30d24f61202de05dce905e96fb554a730be44b61df2e48712c8bcbabd0,SECONDARY,official MLB StatsAPI schedule density,mlb-attention: 95 games and 29 upsets in 7 days vs median 0
MLB_Attention_Live-00011,@MLB_Attention_Live,2026-04-22,2026-04-23,COLLECTED,SRAD,buy,200,market,filled,2026-04-23,,12.94,200,2588.0,3.0349,7.734,0.00176,12.9,2026-04-23,data/real/prices/yahoo/SRAD.json,2b98acbc8c99539adff859013008c24d152cb619d509bba11ec159ae2d4a7cb6,SECONDARY,official MLB StatsAPI schedule density,mlb-attention: 95 games and 29 upsets in 7 days vs median 0
GoldVsRealRate_Live-00068,@GoldVsRealRate_Live,2026-04-22,2026-04-23,COLLECTED,GLD,buy,160,market,filled,2026-04-23,,433.97,160,69435.2,2.7445,0.231,0.00322,431.040009,2026-04-23,data/real/prices/yahoo/GLD.json,545093d31c9d8284e3b5dc66f668a6cb7391d9925b5abdf3e82bcaa71e423b40,SECONDARY,"DGS10 minus SOFR, 21-session change",gold-real-rate: opportunity-cost proxy falling -11.0bp
KitchenSink_Official-00104,@KitchenSink_Official,2026-04-22,2026-04-23,COLLECTED,QQQ,buy,40,market,filled,2026-04-23,,653.56,40,26142.4,0.624,0.153,0.0001,651.419983,2026-04-23,data/real/prices/yahoo/QQQ.json,ae9ec3c0b0b8e0f5cd28ee45eac2dfcff9f95a7c5a1244e170ab0980d85979ed,SECONDARY,sign of eight official 21-session changes,kitchen-sink[riskon]: score +6 of 8 official signs
OilDollar_FadeUNG-00083,@OilDollar_FadeUNG,2026-04-23,2026-04-24,COLLECTED,UNG,buy,800,market,filled,2026-04-24,,10.35,800,8280.0,6.8751,9.671,0.00695,10.31,2026-04-24,data/real/prices/yahoo/UNG.json,eb7bcc0769945fb2c40fbcd98753ed7e17e367cf69d2ce2bde9ae60f00a462cc,SECONDARY,official DCOILWTICO/DTWEXBGS 21-session rule,oil-dollar: oil +6.5%/21d with dollar -1.2%/21d
GoldVsRealRate_Live-00069,@GoldVsRealRate_Live,2026-04-23,2026-04-24,COLLECTED,GLD,sell,120,market,filled,2026-04-24,,431.32,120,51758.4,3.0118,0.464,0.00203,433.25,2026-04-24,data/real/prices/yahoo/GLD.json,545093d31c9d8284e3b5dc66f668a6cb7391d9925b5abdf3e82bcaa71e423b40,SECONDARY,"DGS10 minus SOFR, 21-session change",gold-real-rate: proxy flat (-3.0bp)
KitchenSink_Official-00105,@KitchenSink_Official,2026-04-23,2026-04-24,COLLECTED,QQQ,buy,40,market,filled,2026-04-24,,658.52,40,26340.8,0.6245,0.152,9e-05,663.880005,2026-04-24,data/real/prices/yahoo/QQQ.json,ae9ec3c0b0b8e0f5cd28ee45eac2dfcff9f95a7c5a1244e170ab0980d85979ed,SECONDARY,sign of eight official 21-session changes,kitchen-sink[riskon]: score +4 of 8 official signs
MLB_Attention_Live-00012,@MLB_Attention_Live,2026-04-24,2026-04-27,COLLECTED,SRAD,buy,200,market,filled,2026-04-27,,13.24,200,2648.0,3.0372,7.559,0.00324,13.93,2026-04-27,data/real/prices/yahoo/SRAD.json,2b98acbc8c99539adff859013008c24d152cb619d509bba11ec159ae2d4a7cb6,SECONDARY,official MLB StatsAPI schedule density,mlb-attention: 94 games and 35 upsets in 7 days vs median 0
VolControl_MaxLev-00052,@VolControl_MaxLev,2026-04-24,2026-04-27,COLLECTED,QQQ,buy,120,market,filled,2026-04-27,,663.41,120,79609.2,2.1193,0.15,0.00037,664.22998,2026-04-27,data/real/prices/yahoo/QQQ.json,ae9ec3c0b0b8e0f5cd28ee45eac2dfcff9f95a7c5a1244e170ab0980d85979ed,SECONDARY,official VIXCLS tercile scaling,vol-control: middle tercile (VIX 18.71)
GoldVsRealRate_Live-00070,@GoldVsRealRate_Live,2026-04-24,2026-04-27,COLLECTED,GLD,buy,120,market,filled,2026-04-27,,431.68,120,51801.6,1.8812,0.463,0.00197,429.890015,2026-04-27,data/real/prices/yahoo/GLD.json,545093d31c9d8284e3b5dc66f668a6cb7391d9925b5abdf3e82bcaa71e423b40,SECONDARY,"DGS10 minus SOFR, 21-session change",gold-real-rate: opportunity-cost proxy falling -11.0bp
GoldVsRealRate_Live-00071,@GoldVsRealRate_Live,2026-04-27,2026-04-28,COLLECTED,GLD,sell,120,market,filled,2026-04-28,,420.71,120,50485.2,2.8264,0.238,0.00155,421.910004,2026-04-28,data/real/prices/yahoo/GLD.json,545093d31c9d8284e3b5dc66f668a6cb7391d9925b5abdf3e82bcaa71e423b40,SECONDARY,"DGS10 minus SOFR, 21-session change",gold-real-rate: proxy flat (-0.0bp)
MLB_Attention_Live-00013,@MLB_Attention_Live,2026-04-28,2026-04-29,COLLECTED,DKNG,sell,100,market,filled,2026-04-29,,23.41,100,2341.0,0.9285,-0.0,0.00151,23.139999,2026-04-29,data/real/prices/yahoo/DKNG.json,728eccb3861f5cb322bf539a1926fb53cb11fdf0d1412a8d19111bd3a9ac37ef,SECONDARY,official MLB StatsAPI schedule density,mlb-attention: 91 games and 38 upsets in 7 days vs median 0
CurveSteepener_MaxBeta-00096,@CurveSteepener_MaxBeta,2026-04-29,2026-04-30,COLLECTED,SPY,sell,80,market,filled,2026-04-30,,714.63,80,57170.4,2.0155,0.0,0.00012,718.659973,2026-04-30,data/real/prices/yahoo/SPY.json,e0f05aaf67be23da1db20513eaed93274b165898427ebeab80c7cb2eca1d9a2d,SECONDARY,official DGS10-DGS3MO 21-session change,curve-steepener: steepening +10.0bp
CurveSteepener_MaxBeta-00097,@CurveSteepener_MaxBeta,2026-04-29,2026-04-30,COLLECTED,JPM,buy,200,market,filled,2026-04-30,,307.09,200,61418.0,2.9784,0.651,0.00226,313.230011,2026-04-30,data/real/prices/yahoo/JPM.json,169021a2b0a0985c1c427b57fe640e22b6ce82a79377bc3075417c6a8b98d12c,SECONDARY,official DGS10-DGS3MO 21-session change,curve-steepener: steepening +10.0bp
CurveSteepener_MaxBeta-00098,@CurveSteepener_MaxBeta,2026-04-29,2026-04-30,COLLECTED,XOM,buy,400,market,filled,2026-04-30,,152.43,400,60972.0,5.1145,0.0,0.00175,154.330002,2026-04-30,data/real/prices/yahoo/XOM.json,4a2c7d18351df35d3cb2b11781aad7ea882659abaffcd9d31683a3d09881cf97,SECONDARY,official DGS10-DGS3MO 21-session change,curve-steepener: steepening +10.0bp
VolControl_MaxLev-00053,@VolControl_MaxLev,2026-04-29,2026-04-30,COLLECTED,QQQ,sell,80,market,filled,2026-04-30,,665.34,80,53227.2,1.9936,0.15,0.0002,667.73999,2026-04-30,data/real/prices/yahoo/QQQ.json,ae9ec3c0b0b8e0f5cd28ee45eac2dfcff9f95a7c5a1244e170ab0980d85979ed,SECONDARY,official VIXCLS tercile scaling,vol-control: volatile tercile (VIX 18.81 >= 18.64)
CurveSteepener_MaxBeta-00099,@CurveSteepener_MaxBeta,2026-04-30,2026-05-01,COLLECTED,JPM,buy,80,market,filled,2026-05-01,,313.96,80,25116.8,0.9489,0.318,0.0013,312.470001,2026-05-01,data/real/prices/yahoo/JPM.json,169021a2b0a0985c1c427b57fe640e22b6ce82a79377bc3075417c6a8b98d12c,SECONDARY,official DGS10-DGS3MO 21-session change,curve-steepener: steepening +12.0bp
CurveSteepener_MaxBeta-00100,@CurveSteepener_MaxBeta,2026-04-30,2026-05-01,COLLECTED,XOM,buy,200,market,filled,2026-05-01,,152.62,200,30524.0,2.2795,0.655,0.00129,152.75,2026-05-01,data/real/prices/yahoo/XOM.json,4a2c7d18351df35d3cb2b11781aad7ea882659abaffcd9d31683a3d09881cf97,SECONDARY,official DGS10-DGS3MO 21-session change,curve-steepener: steepening +12.0bp
VolControl_MaxLev-00054,@VolControl_MaxLev,2026-04-30,2026-05-01,COLLECTED,QQQ,buy,80,market,filled,2026-05-01,,669.16,80,53532.8,0.8484,0.0,0.0002,674.150024,2026-05-01,data/real/prices/yahoo/QQQ.json,ae9ec3c0b0b8e0f5cd28ee45eac2dfcff9f95a7c5a1244e170ab0980d85979ed,SECONDARY,official VIXCLS tercile scaling,vol-control: middle tercile (VIX 16.89)
CurveSteepener_MaxBeta-00101,@CurveSteepener_MaxBeta,2026-05-01,2026-05-04,COLLECTED,JPM,sell,280,market,filled,2026-05-04,,310.6,280,86968.0,6.1058,0.644,0.00382,307.649994,2026-05-04,data/real/prices/yahoo/JPM.json,169021a2b0a0985c1c427b57fe640e22b6ce82a79377bc3075417c6a8b98d12c,SECONDARY,official DGS10-DGS3MO 21-session change,curve-steepener: flat +8.0bp
CurveSteepener_MaxBeta-00102,@CurveSteepener_MaxBeta,2026-05-01,2026-05-04,COLLECTED,XOM,sell,600,market,filled,2026-05-04,,152.65,600,91590.0,9.8371,1.31,0.00421,153.690002,2026-05-04,data/real/prices/yahoo/XOM.json,4a2c7d18351df35d3cb2b11781aad7ea882659abaffcd9d31683a3d09881cf97,SECONDARY,official DGS10-DGS3MO 21-session change,curve-steepener: flat +8.0bp
GoldVsRealRate_Live-00072,@GoldVsRealRate_Live,2026-05-01,2026-05-04,COLLECTED,GLD,sell,200,market,filled,2026-05-04,,418.82,200,83764.0,4.8643,0.477,0.00275,414.709991,2026-05-04,data/real/prices/yahoo/GLD.json,545093d31c9d8284e3b5dc66f668a6cb7391d9925b5abdf3e82bcaa71e423b40,SECONDARY,"DGS10 minus SOFR, 21-session change",gold-real-rate: opportunity-cost proxy rising +13.0bp
GoldVsRealRate_Live-00073,@GoldVsRealRate_Live,2026-05-01,2026-05-04,COLLECTED,TLT,buy,700,market,filled,2026-05-04,,85.35,700,59745.0,6.0096,0.0,0.00257,84.959999,2026-05-04,data/real/prices/yahoo/TLT.json,b2914ca7451d1c04fbe97f399361df69871d9a8afcbb0121541ac2bdd13a29f3,SECONDARY,"DGS10 minus SOFR, 21-session change",gold-real-rate: opportunity-cost proxy rising +13.0bp
SOFRPivot_Rider-00114,@SOFRPivot_Rider,2026-05-04,2026-05-05,COLLECTED,SPY,sell,80,market,filled,2026-05-05,,721.77,80,57741.6,2.0004,0.0,0.00022,723.77002,2026-05-05,data/real/prices/yahoo/SPY.json,e0f05aaf67be23da1db20513eaed93274b165898427ebeab80c7cb2eca1d9a2d,SECONDARY,official SOFR 21-session direction,sofr-pivot: easing (-3.0bp over 21 sessions)
SOFRPivot_Rider-00115,@SOFRPivot_Rider,2026-05-04,2026-05-05,COLLECTED,QQQ,buy,80,market,filled,2026-05-05,,677.97,80,54237.6,0.8535,0.147,0.00022,681.609985,2026-05-05,data/real/prices/yahoo/QQQ.json,ae9ec3c0b0b8e0f5cd28ee45eac2dfcff9f95a7c5a1244e170ab0980d85979ed,SECONDARY,official SOFR 21-session direction,sofr-pivot: easing (-3.0bp over 21 sessions)
SOFRPivot_Rider-00116,@SOFRPivot_Rider,2026-05-04,2026-05-05,COLLECTED,TSLA,buy,80,market,filled,2026-05-05,,395.2,80,31616.0,1.3511,0.253,0.00017,389.369995,2026-05-05,data/real/prices/yahoo/TSLA.json,6916f4c63d07180ce9efd08a9e88d50b7d43121d02443b933214c54bbb6e84f7,SECONDARY,official SOFR 21-session direction,sofr-pivot: easing (-3.0bp over 21 sessions)
CurveSteepener_MaxBeta-00103,@CurveSteepener_MaxBeta,2026-05-04,2026-05-05,COLLECTED,SPY,sell,40,market,filled,2026-05-05,,721.77,40,28870.8,0.9774,0.0,0.00011,723.77002,2026-05-05,data/real/prices/yahoo/SPY.json,e0f05aaf67be23da1db20513eaed93274b165898427ebeab80c7cb2eca1d9a2d,SECONDARY,official DGS10-DGS3MO 21-session change,curve-steepener: steepening +14.0bp
CurveSteepener_MaxBeta-00104,@CurveSteepener_MaxBeta,2026-05-04,2026-05-05,COLLECTED,JPM,buy,280,market,filled,2026-05-05,,307.72,280,86161.6,4.3407,0.325,0.00443,309.399994,2026-05-05,data/real/prices/yahoo/JPM.json,169021a2b0a0985c1c427b57fe640e22b6ce82a79377bc3075417c6a8b98d12c,SECONDARY,official DGS10-DGS3MO 21-session change,curve-steepener: steepening +14.0bp
CurveSteepener_MaxBeta-00105,@CurveSteepener_MaxBeta,2026-05-04,2026-05-05,COLLECTED,XOM,buy,600,market,filled,2026-05-05,,153.12,600,91872.0,7.8724,1.306,0.0048,154.880005,2026-05-05,data/real/prices/yahoo/XOM.json,4a2c7d18351df35d3cb2b11781aad7ea882659abaffcd9d31683a3d09881cf97,SECONDARY,official DGS10-DGS3MO 21-session change,curve-steepener: steepening +14.0bp
OilDollar_FadeUNG-00084,@OilDollar_FadeUNG,2026-05-04,2026-05-05,COLLECTED,UNG,sell,6100,market,filled,2026-05-05,,10.89,6100,66429.0,62.7539,-0.0,0.05453,10.64,2026-05-05,data/real/prices/yahoo/UNG.json,eb7bcc0769945fb2c40fbcd98753ed7e17e367cf69d2ce2bde9ae60f00a462cc,SECONDARY,official DCOILWTICO/DTWEXBGS 21-session rule,"oil-dollar: mixed: oil -3.1%/21d, dollar -1.5%/21d"
OilDollar_FadeUNG-00085,@OilDollar_FadeUNG,2026-05-04,2026-05-05,COLLECTED,XOM,sell,200,market,filled,2026-05-05,,153.1,200,30620.0,2.8611,0.0,0.0016,154.880005,2026-05-05,data/real/prices/yahoo/XOM.json,4a2c7d18351df35d3cb2b11781aad7ea882659abaffcd9d31683a3d09881cf97,SECONDARY,official DCOILWTICO/DTWEXBGS 21-session rule,"oil-dollar: mixed: oil -3.1%/21d, dollar -1.5%/21d"
GoldVsRealRate_Live-00074,@GoldVsRealRate_Live,2026-05-04,2026-05-05,COLLECTED,TLT,buy,700,market,filled,2026-05-05,,85.16,700,59612.0,6.0104,1.174,0.00384,85.43,2026-05-05,data/real/prices/yahoo/TLT.json,b2914ca7451d1c04fbe97f399361df69871d9a8afcbb0121541ac2bdd13a29f3,SECONDARY,"DGS10 minus SOFR, 21-session change",gold-real-rate: opportunity-cost proxy rising +14.0bp
SOFRPivot_Rider-00117,@SOFRPivot_Rider,2026-05-05,2026-05-06,COLLECTED,QQQ,sell,80,market,filled,2026-05-06,,687.78,80,55022.4,2.009,0.0,0.00021,695.77002,2026-05-06,data/real/prices/yahoo/QQQ.json,ae9ec3c0b0b8e0f5cd28ee45eac2dfcff9f95a7c5a1244e170ab0980d85979ed,SECONDARY,official SOFR 21-session direction,sofr-pivot: flat (-3.0bp over 21 sessions)
SOFRPivot_Rider-00118,@SOFRPivot_Rider,2026-05-05,2026-05-06,COLLECTED,TSLA,sell,80,market,filled,2026-05-06,,386.25,80,30900.0,1.5897,-0.0,0.00015,398.730011,2026-05-06,data/real/prices/yahoo/TSLA.json,6916f4c63d07180ce9efd08a9e88d50b7d43121d02443b933214c54bbb6e84f7,SECONDARY,official SOFR 21-session direction,sofr-pivot: flat (-3.0bp over 21 sessions)
SOFRPivot_Rider-00119,@SOFRPivot_Rider,2026-05-05,2026-05-06,COLLECTED,SPY,buy,40,market,filled,2026-05-06,,728.16,40,29126.4,0.3761,0.0,8e-05,733.830017,2026-05-06,data/real/prices/yahoo/SPY.json,e0f05aaf67be23da1db20513eaed93274b165898427ebeab80c7cb2eca1d9a2d,SECONDARY,official SOFR 21-session direction,sofr-pivot: flat (-3.0bp over 21 sessions)
CurveSteepener_MaxBeta-00106,@CurveSteepener_MaxBeta,2026-05-05,2026-05-06,COLLECTED,JPM,buy,40,market,filled,2026-05-06,,311.46,40,12458.4,0.4356,0.321,0.00046,314.899994,2026-05-06,data/real/prices/yahoo/JPM.json,169021a2b0a0985c1c427b57fe640e22b6ce82a79377bc3075417c6a8b98d12c,SECONDARY,official DGS10-DGS3MO 21-session change,curve-steepener: steepening +10.0bp
CrowdFade_Live-00007,@CrowdFade_Live,2026-05-05,2026-05-06,COLLECTED,MU,sell,40,market,filled,2026-05-06,,660.34,40,26413.6,1.6548,0.454,7e-05,666.590027,2026-05-06,data/real/prices/yahoo/MU.json,b6edc050ee19bfdd67f1d40541aa314649fd30441b108d6e3ecd58992480bae4,SECONDARY,3-session reversal at 2.5 sigma,crowd-fade: 3-session sigma extremes (MU z=+3.31)
SOFRPivot_Rider-00120,@SOFRPivot_Rider,2026-05-06,2026-05-07,COLLECTED,SPY,buy,40,market,filled,2026-05-07,,735.05,40,29402.0,0.3785,0.0,8e-05,731.580017,2026-05-07,data/real/prices/yahoo/SPY.json,e0f05aaf67be23da1db20513eaed93274b165898427ebeab80c7cb2eca1d9a2d,SECONDARY,official SOFR 21-session direction,sofr-pivot: flat (-1.0bp over 21 sessions)
CurveSteepener_MaxBeta-00107,@CurveSteepener_MaxBeta,2026-05-06,2026-05-07,COLLECTED,JPM,sell,280,market,filled,2026-05-07,,314.63,280,88096.4,6.344,0.635,0.00335,306.269989,2026-05-07,data/real/prices/yahoo/JPM.json,169021a2b0a0985c1c427b57fe640e22b6ce82a79377bc3075417c6a8b98d12c,SECONDARY,official DGS10-DGS3MO 21-session change,curve-steepener: flat +5.0bp
CurveSteepener_MaxBeta-00108,@CurveSteepener_MaxBeta,2026-05-06,2026-05-07,COLLECTED,XOM,sell,600,market,filled,2026-05-07,,146.79,600,88074.0,9.9442,0.681,0.00267,146.580002,2026-05-07,data/real/prices/yahoo/XOM.json,4a2c7d18351df35d3cb2b11781aad7ea882659abaffcd9d31683a3d09881cf97,SECONDARY,official DGS10-DGS3MO 21-session change,curve-steepener: flat +5.0bp
MLB_Attention_Live-00014,@MLB_Attention_Live,2026-05-06,2026-05-07,COLLECTED,DKNG,sell,100,market,filled,2026-05-07,,24.2,100,2420.0,0.9304,0.0,0.00046,25.219999,2026-05-07,data/real/prices/yahoo/DKNG.json,728eccb3861f5cb322bf539a1926fb53cb11fdf0d1412a8d19111bd3a9ac37ef,SECONDARY,official MLB StatsAPI schedule density,mlb-attention: 94 games and 41 upsets in 7 days vs median 0
CurveSteepener_MaxBeta-00109,@CurveSteepener_MaxBeta,2026-05-07,2026-05-08,COLLECTED,JPM,buy,240,market,filled,2026-05-08,,308.27,240,73984.8,3.5707,0.649,0.00254,302.100006,2026-05-08,data/real/prices/yahoo/JPM.json,169021a2b0a0985c1c427b57fe640e22b6ce82a79377bc3075417c6a8b98d12c,SECONDARY,official DGS10-DGS3MO 21-session change,curve-steepener: steepening +10.0bp
CurveSteepener_MaxBeta-00110,@CurveSteepener_MaxBeta,2026-05-07,2026-05-08,COLLECTED,XOM,buy,600,market,filled,2026-05-08,,145.86,600,87516.0,7.5872,0.685,0.00307,144.570007,2026-05-08,data/real/prices/yahoo/XOM.json,4a2c7d18351df35d3cb2b11781aad7ea882659abaffcd9d31683a3d09881cf97,SECONDARY,official DGS10-DGS3MO 21-session change,curve-steepener: steepening +10.0bp
OilDollar_FadeUNG-00086,@OilDollar_FadeUNG,2026-05-07,2026-05-08,COLLECTED,UNG,buy,5600,market,filled,2026-05-08,,10.88,5600,60928.0,94.6564,9.2,0.0648,10.57,2026-05-08,data/real/prices/yahoo/UNG.json,eb7bcc0769945fb2c40fbcd98753ed7e17e367cf69d2ce2bde9ae60f00a462cc,SECONDARY,official DCOILWTICO/DTWEXBGS 21-session rule,oil-dollar: oil +2.3%/21d with dollar -0.9%/21d
OilDollar_FadeUNG-00087,@OilDollar_FadeUNG,2026-05-07,2026-05-08,COLLECTED,XOM,buy,200,market,filled,2026-05-08,,145.86,200,29172.0,2.1364,0.685,0.00102,144.570007,2026-05-08,data/real/prices/yahoo/XOM.json,4a2c7d18351df35d3cb2b11781aad7ea882659abaffcd9d31683a3d09881cf97,SECONDARY,official DCOILWTICO/DTWEXBGS 21-session rule,oil-dollar: oil +2.3%/21d with dollar -0.9%/21d
FDA_PDUFA_Drifter-00044,@FDA_PDUFA_Drifter,2026-05-07,2026-05-08,COLLECTED,IBB,sell,100,market,filled,2026-05-08,,169.54,100,16954.0,1.8284,0.59,0.00441,169.940002,2026-05-08,data/real/prices/yahoo/IBB.json,20849c9611587299a52489fe22060adc7823c700fb3483f21091d85a6cf8acb0,SECONDARY,"openFDA approval count, trailing 30 days",fda-drift: 30d approvals 65 < median 69
FDA_PDUFA_Drifter-00045,@FDA_PDUFA_Drifter,2026-05-07,2026-05-08,COLLECTED,XBI,sell,1200,market,filled,2026-05-08,,133.85,1200,160620.0,24.5658,1.494,0.01018,134.710007,2026-05-08,data/real/prices/yahoo/XBI.json,fe9eeb851e6faba2a7187e008fab271608d8a4d544227ad3543ac3d95d5dd769,SECONDARY,"openFDA approval count, trailing 30 days",fda-drift: 30d approvals 65 < median 69
FDA_Fade_Live-00026,@FDA_Fade_Live,2026-05-07,2026-05-08,COLLECTED,XBI,buy,800,market,filled,2026-05-08,,133.88,800,107104.0,12.6179,0.747,0.00679,134.710007,2026-05-08,data/real/prices/yahoo/XBI.json,fe9eeb851e6faba2a7187e008fab271608d8a4d544227ad3543ac3d95d5dd769,SECONDARY,"openFDA approval burst, faded",fda-fade: |z|=0.38 < 0.5
DowNasdaq_SpreadMax-00047,@DowNasdaq_SpreadMax,2026-05-08,2026-05-11,COLLECTED,QQQ,buy,40,market,filled,2026-05-11,,710.36,40,28414.4,0.4008,0.0,0.00011,713.289978,2026-05-11,data/real/prices/yahoo/QQQ.json,ae9ec3c0b0b8e0f5cd28ee45eac2dfcff9f95a7c5a1244e170ab0980d85979ed,SECONDARY,official DJIA vs NASDAQCOM 63-session relative strength,dow-vs-nasdaq: Nasdaq leg stronger (+13.96% vs -1.01%)
CurveSteepener_MaxBeta-00111,@CurveSteepener_MaxBeta,2026-05-08,2026-05-11,COLLECTED,JPM,sell,240,market,filled,2026-05-11,,302.09,240,72501.6,5.1139,0.331,0.00252,300.0,2026-05-11,data/real/prices/yahoo/JPM.json,169021a2b0a0985c1c427b57fe640e22b6ce82a79377bc3075417c6a8b98d12c,SECONDARY,official DGS10-DGS3MO 21-session change,curve-steepener: flat +9.0bp
CurveSteepener_MaxBeta-00112,@CurveSteepener_MaxBeta,2026-05-08,2026-05-11,COLLECTED,XOM,sell,500,market,filled,2026-05-11,,146.02,500,73010.0,7.7397,0.0,0.00337,149.679993,2026-05-11,data/real/prices/yahoo/XOM.json,4a2c7d18351df35d3cb2b11781aad7ea882659abaffcd9d31683a3d09881cf97,SECONDARY,official DGS10-DGS3MO 21-session change,curve-steepener: flat +9.0bp
OilDollar_FadeUNG-00088,@OilDollar_FadeUNG,2026-05-08,2026-05-11,COLLECTED,UNG,sell,5500,market,filled,2026-05-11,,10.94,5500,60170.0,55.891,9.132,0.05379,11.22,2026-05-11,data/real/prices/yahoo/UNG.json,eb7bcc0769945fb2c40fbcd98753ed7e17e367cf69d2ce2bde9ae60f00a462cc,SECONDARY,official DCOILWTICO/DTWEXBGS 21-session rule,"oil-dollar: mixed: oil -0.8%/21d, dollar -0.7%/21d"
OilDollar_FadeUNG-00089,@OilDollar_FadeUNG,2026-05-08,2026-05-11,COLLECTED,XOM,sell,200,market,filled,2026-05-11,,146.02,200,29204.0,2.7815,0.0,0.00135,149.679993,2026-05-11,data/real/prices/yahoo/XOM.json,4a2c7d18351df35d3cb2b11781aad7ea882659abaffcd9d31683a3d09881cf97,SECONDARY,official DCOILWTICO/DTWEXBGS 21-session rule,"oil-dollar: mixed: oil -0.8%/21d, dollar -0.7%/21d"
KitchenSink_Official-00106,@KitchenSink_Official,2026-05-08,2026-05-11,COLLECTED,QQQ,sell,200,market,filled,2026-05-11,,710.35,200,142070.0,5.4688,0.141,0.00056,713.289978,2026-05-11,data/real/prices/yahoo/QQQ.json,ae9ec3c0b0b8e0f5cd28ee45eac2dfcff9f95a7c5a1244e170ab0980d85979ed,SECONDARY,sign of eight official 21-session changes,kitchen-sink[undecided]: score +2 of 8 official signs
CurveSteepener_MaxBeta-00113,@CurveSteepener_MaxBeta,2026-05-11,2026-05-12,COLLECTED,JPM,buy,240,market,filled,2026-05-12,,300.03,240,72007.2,3.5728,0.334,0.00253,304.880005,2026-05-12,data/real/prices/yahoo/JPM.json,169021a2b0a0985c1c427b57fe640e22b6ce82a79377bc3075417c6a8b98d12c,SECONDARY,official DGS10-DGS3MO 21-session change,curve-steepener: steepening +11.0bp
CurveSteepener_MaxBeta-00114,@CurveSteepener_MaxBeta,2026-05-11,2026-05-12,COLLECTED,XOM,buy,500,market,filled,2026-05-12,,151.26,500,75630.0,6.4359,0.661,0.00304,150.630005,2026-05-12,data/real/prices/yahoo/XOM.json,4a2c7d18351df35d3cb2b11781aad7ea882659abaffcd9d31683a3d09881cf97,SECONDARY,official DGS10-DGS3MO 21-session change,curve-steepener: steepening +11.0bp
OilDollar_FadeUNG-00090,@OilDollar_FadeUNG,2026-05-11,2026-05-12,COLLECTED,UNG,buy,5300,market,filled,2026-05-12,,11.0,5300,58300.0,87.4056,9.099,0.06995,10.91,2026-05-12,data/real/prices/yahoo/UNG.json,eb7bcc0769945fb2c40fbcd98753ed7e17e367cf69d2ce2bde9ae60f00a462cc,SECONDARY,official DCOILWTICO/DTWEXBGS 21-session rule,oil-dollar: oil +3.3%/21d with dollar -0.7%/21d
OilDollar_FadeUNG-00091,@OilDollar_FadeUNG,2026-05-11,2026-05-12,COLLECTED,XOM,buy,200,market,filled,2026-05-12,,151.26,200,30252.0,2.2162,0.661,0.00122,150.630005,2026-05-12,data/real/prices/yahoo/XOM.json,4a2c7d18351df35d3cb2b11781aad7ea882659abaffcd9d31683a3d09881cf97,SECONDARY,official DCOILWTICO/DTWEXBGS 21-session rule,oil-dollar: oil +3.3%/21d with dollar -0.7%/21d
FDA_PDUFA_Drifter-00046,@FDA_PDUFA_Drifter,2026-05-11,2026-05-12,COLLECTED,IBB,sell,100,market,filled,2026-05-12,,169.99,100,16999.0,1.8087,1.176,0.01039,172.279999,2026-05-12,data/real/prices/yahoo/IBB.json,20849c9611587299a52489fe22060adc7823c700fb3483f21091d85a6cf8acb0,SECONDARY,"openFDA approval count, trailing 30 days",fda-drift: 30d approvals 61 < median 68
MLB_Attention_Live-00015,@MLB_Attention_Live,2026-05-11,2026-05-12,COLLECTED,DKNG,sell,100,market,filled,2026-05-12,,24.49,100,2449.0,0.9254,0.817,0.00085,24.610001,2026-05-12,data/real/prices/yahoo/DKNG.json,728eccb3861f5cb322bf539a1926fb53cb11fdf0d1412a8d19111bd3a9ac37ef,SECONDARY,official MLB StatsAPI schedule density,mlb-attention: 94 games and 40 upsets in 7 days vs median 0
CrowdFade_Live-00008,@CrowdFade_Live,2026-05-11,2026-05-12,COLLECTED,TSLA,sell,40,market,filled,2026-05-12,,441.4,40,17656.0,1.0208,0.227,7e-05,433.450012,2026-05-12,data/real/prices/yahoo/TSLA.json,6916f4c63d07180ce9efd08a9e88d50b7d43121d02443b933214c54bbb6e84f7,SECONDARY,3-session reversal at 2.5 sigma,crowd-fade: 3-session sigma extremes (TSLA z=+2.62)
KitchenSink_Official-00107,@KitchenSink_Official,2026-05-11,2026-05-12,COLLECTED,QQQ,buy,120,market,filled,2026-05-12,,708.22,120,84986.4,1.3779,0.0,0.00026,707.23999,2026-05-12,data/real/prices/yahoo/QQQ.json,ae9ec3c0b0b8e0f5cd28ee45eac2dfcff9f95a7c5a1244e170ab0980d85979ed,SECONDARY,sign of eight official 21-session changes,kitchen-sink[riskon]: score +6 of 8 official signs
OilDollar_FadeUNG-00092,@OilDollar_FadeUNG,2026-05-12,2026-05-13,COLLECTED,UNG,buy,600,market,filled,2026-05-13,,11.2,600,6720.0,5.2418,0.0,0.00866,10.98,2026-05-13,data/real/prices/yahoo/UNG.json,eb7bcc0769945fb2c40fbcd98753ed7e17e367cf69d2ce2bde9ae60f00a462cc,SECONDARY,official DCOILWTICO/DTWEXBGS 21-session rule,oil-dollar: oil +5.0%/21d with dollar -0.4%/21d
KitchenSink_Official-00108,@KitchenSink_Official,2026-05-12,2026-05-13,COLLECTED,QQQ,buy,40,market,filled,2026-05-13,,709.97,40,28398.8,0.4056,0.141,0.0001,714.710022,2026-05-13,data/real/prices/yahoo/QQQ.json,ae9ec3c0b0b8e0f5cd28ee45eac2dfcff9f95a7c5a1244e170ab0980d85979ed,SECONDARY,sign of eight official 21-session changes,kitchen-sink[riskon]: score +6 of 8 official signs
SOFRPivot_Rider-00121,@SOFRPivot_Rider,2026-05-13,2026-05-14,COLLECTED,SPY,sell,40,market,filled,2026-05-14,,743.65,40,29746.0,0.9878,0.0,9e-05,748.169983,2026-05-14,data/real/prices/yahoo/SPY.json,e0f05aaf67be23da1db20513eaed93274b165898427ebeab80c7cb2eca1d9a2d,SECONDARY,official SOFR 21-session direction,sofr-pivot: easing (-7.0bp over 21 sessions)
SOFRPivot_Rider-00122,@SOFRPivot_Rider,2026-05-13,2026-05-14,COLLECTED,QQQ,buy,80,market,filled,2026-05-14,,714.62,80,57169.6,0.8769,0.0,0.00024,719.789978,2026-05-14,data/real/prices/yahoo/QQQ.json,ae9ec3c0b0b8e0f5cd28ee45eac2dfcff9f95a7c5a1244e170ab0980d85979ed,SECONDARY,official SOFR 21-session direction,sofr-pivot: easing (-7.0bp over 21 sessions)
SOFRPivot_Rider-00123,@SOFRPivot_Rider,2026-05-13,2026-05-14,COLLECTED,TSLA,buy,80,market,filled,2026-05-14,,446.5,80,35720.0,1.4249,0.224,0.00017,443.299988,2026-05-14,data/real/prices/yahoo/TSLA.json,6916f4c63d07180ce9efd08a9e88d50b7d43121d02443b933214c54bbb6e84f7,SECONDARY,official SOFR 21-session direction,sofr-pivot: easing (-7.0bp over 21 sessions)
CurveSteepener_MaxBeta-00115,@CurveSteepener_MaxBeta,2026-05-13,2026-05-14,COLLECTED,JPM,buy,40,market,filled,2026-05-14,,302.26,40,12090.4,0.4379,0.331,0.00054,299.910004,2026-05-14,data/real/prices/yahoo/JPM.json,169021a2b0a0985c1c427b57fe640e22b6ce82a79377bc3075417c6a8b98d12c,SECONDARY,official DGS10-DGS3MO 21-session change,curve-steepener: steepening +18.0bp
OilDollar_FadeUNG-00093,@OilDollar_FadeUNG,2026-05-13,2026-05-14,COLLECTED,UNG,sell,5900,market,filled,2026-05-14,,10.82,5900,63838.0,62.7798,-0.0,0.05434,11.16,2026-05-14,data/real/prices/yahoo/UNG.json,eb7bcc0769945fb2c40fbcd98753ed7e17e367cf69d2ce2bde9ae60f00a462cc,SECONDARY,official DCOILWTICO/DTWEXBGS 21-session rule,"oil-dollar: mixed: oil +12.3%/21d, dollar +0.1%/21d"
OilDollar_FadeUNG-00094,@OilDollar_FadeUNG,2026-05-13,2026-05-14,COLLECTED,XOM,sell,200,market,filled,2026-05-14,,151.89,200,30378.0,2.8661,0.658,0.00176,152.779999,2026-05-14,data/real/prices/yahoo/XOM.json,4a2c7d18351df35d3cb2b11781aad7ea882659abaffcd9d31683a3d09881cf97,SECONDARY,official DCOILWTICO/DTWEXBGS 21-session rule,"oil-dollar: mixed: oil +12.3%/21d, dollar +0.1%/21d"
MLB_Attention_Live-00016,@MLB_Attention_Live,2026-05-13,2026-05-14,COLLECTED,DKNG,sell,100,market,filled,2026-05-14,,24.57,100,2457.0,0.9257,4.068,0.00118,25.15,2026-05-14,data/real/prices/yahoo/DKNG.json,728eccb3861f5cb322bf539a1926fb53cb11fdf0d1412a8d19111bd3a9ac37ef,SECONDARY,official MLB StatsAPI schedule density,mlb-attention: 90 games and 32 upsets in 7 days vs median 0
FDA_Fade_Live-00027,@FDA_Fade_Live,2026-05-13,2026-05-14,COLLECTED,XBI,buy,100,market,filled,2026-05-14,,136.26,100,13626.0,1.0428,0.0,0.00192,134.850006,2026-05-14,data/real/prices/yahoo/XBI.json,fe9eeb851e6faba2a7187e008fab271608d8a4d544227ad3543ac3d95d5dd769,SECONDARY,"openFDA approval burst, faded",fda-fade: |z|=0.36 < 0.5
KitchenSink_Official-00109,@KitchenSink_Official,2026-05-13,2026-05-14,COLLECTED,QQQ,buy,40,market,filled,2026-05-14,,714.62,40,28584.8,0.4038,0.0,0.00012,719.789978,2026-05-14,data/real/prices/yahoo/QQQ.json,ae9ec3c0b0b8e0f5cd28ee45eac2dfcff9f95a7c5a1244e170ab0980d85979ed,SECONDARY,sign of eight official 21-session changes,kitchen-sink[riskon]: score +4 of 8 official signs
SOFRPivot_Rider-00124,@SOFRPivot_Rider,2026-05-14,2026-05-15,COLLECTED,QQQ,buy,40,market,filled,2026-05-15,,710.15,40,28406.0,0.4024,0.141,8e-05,708.929993,2026-05-15,data/real/prices/yahoo/QQQ.json,ae9ec3c0b0b8e0f5cd28ee45eac2dfcff9f95a7c5a1244e170ab0980d85979ed,SECONDARY,official SOFR 21-session direction,sofr-pivot: easing (-16.0bp over 21 sessions)
FDA_PDUFA_Drifter-00047,@FDA_PDUFA_Drifter,2026-05-15,2026-05-18,COLLECTED,IBB,buy,200,market,filled,2026-05-18,,165.99,200,33198.0,3.3864,0.603,0.00997,164.029999,2026-05-18,data/real/prices/yahoo/IBB.json,20849c9611587299a52489fe22060adc7823c700fb3483f21091d85a6cf8acb0,SECONDARY,"openFDA approval count, trailing 30 days",fda-drift: 30d approvals 69 >= median 67
FDA_PDUFA_Drifter-00048,@FDA_PDUFA_Drifter,2026-05-15,2026-05-18,COLLECTED,XBI,buy,800,market,filled,2026-05-18,,130.91,800,104728.0,12.1609,0.764,0.00991,127.669998,2026-05-18,data/real/prices/yahoo/XBI.json,fe9eeb851e6faba2a7187e008fab271608d8a4d544227ad3543ac3d95d5dd769,SECONDARY,"openFDA approval count, trailing 30 days",fda-drift: 30d approvals 69 >= median 67
KitchenSink_Official-00110,@KitchenSink_Official,2026-05-15,2026-05-18,COLLECTED,QQQ,sell,240,market,filled,2026-05-18,,711.52,240,170764.8,6.8294,0.281,0.00048,705.880005,2026-05-18,data/real/prices/yahoo/QQQ.json,ae9ec3c0b0b8e0f5cd28ee45eac2dfcff9f95a7c5a1244e170ab0980d85979ed,SECONDARY,sign of eight official 21-session changes,kitchen-sink[undecided]: score +2 of 8 official signs
SOFRPivot_Rider-00125,@SOFRPivot_Rider,2026-05-18,2026-05-19,COLLECTED,SPY,sell,40,market,filled,2026-05-19,,734.78,40,29391.2,0.9846,0.0,7e-05,733.72998,2026-05-19,data/real/prices/yahoo/SPY.json,e0f05aaf67be23da1db20513eaed93274b165898427ebeab80c7cb2eca1d9a2d,SECONDARY,official SOFR 21-session direction,sofr-pivot: easing (-12.0bp over 21 sessions)
FDA_PDUFA_Drifter-00049,@FDA_PDUFA_Drifter,2026-05-18,2026-05-19,COLLECTED,IBB,sell,100,market,filled,2026-05-19,,163.4,100,16340.0,1.7687,0.612,0.00487,164.190002,2026-05-19,data/real/prices/yahoo/IBB.json,20849c9611587299a52489fe22060adc7823c700fb3483f21091d85a6cf8acb0,SECONDARY,"openFDA approval count, trailing 30 days",fda-drift: 30d approvals 65 < median 67
FDA_PDUFA_Drifter-00050,@FDA_PDUFA_Drifter,2026-05-18,2026-05-19,COLLECTED,XBI,sell,800,market,filled,2026-05-19,,127.26,800,101808.0,14.1089,1.571,0.00665,126.790001,2026-05-19,data/real/prices/yahoo/XBI.json,fe9eeb851e6faba2a7187e008fab271608d8a4d544227ad3543ac3d95d5dd769,SECONDARY,"openFDA approval count, trailing 30 days",fda-drift: 30d approvals 65 < median 67
KitchenSink_Official-00111,@KitchenSink_Official,2026-05-18,2026-05-19,COLLECTED,SPY,buy,80,market,filled,2026-05-19,,734.79,80,58783.2,0.7853,0.136,0.00015,733.72998,2026-05-19,data/real/prices/yahoo/SPY.json,e0f05aaf67be23da1db20513eaed93274b165898427ebeab80c7cb2eca1d9a2d,SECONDARY,sign of eight official 21-session changes,kitchen-sink[undecided]: score +2 of 8 official signs
SOFRPivot_Rider-00126,@SOFRPivot_Rider,2026-05-19,2026-05-20,COLLECTED,QQQ,buy,40,market,filled,2026-05-20,,705.29,40,28211.6,0.4122,0.0,0.00011,713.150024,2026-05-20,data/real/prices/yahoo/QQQ.json,ae9ec3c0b0b8e0f5cd28ee45eac2dfcff9f95a7c5a1244e170ab0980d85979ed,SECONDARY,official SOFR 21-session direction,sofr-pivot: easing (-12.0bp over 21 sessions)
FDA_PDUFA_Drifter-00051,@FDA_PDUFA_Drifter,2026-05-19,2026-05-20,COLLECTED,IBB,buy,100,market,filled,2026-05-20,,165.1,100,16510.0,1.4182,1.211,0.0055,167.910004,2026-05-20,data/real/prices/yahoo/IBB.json,20849c9611587299a52489fe22060adc7823c700fb3483f21091d85a6cf8acb0,SECONDARY,"openFDA approval count, trailing 30 days",fda-drift: 30d approvals 67 >= median 67
FDA_PDUFA_Drifter-00052,@FDA_PDUFA_Drifter,2026-05-19,2026-05-20,COLLECTED,XBI,buy,700,market,filled,2026-05-20,,127.82,700,89474.0,10.0632,0.783,0.00652,131.710007,2026-05-20,data/real/prices/yahoo/XBI.json,fe9eeb851e6faba2a7187e008fab271608d8a4d544227ad3543ac3d95d5dd769,SECONDARY,"openFDA approval count, trailing 30 days",fda-drift: 30d approvals 67 >= median 67
FDA_PDUFA_Drifter-00053,@FDA_PDUFA_Drifter,2026-05-20,2026-05-21,COLLECTED,XBI,buy,300,market,filled,2026-05-21,,130.64,300,39192.0,3.8684,0.0,0.00438,132.779999,2026-05-21,data/real/prices/yahoo/XBI.json,fe9eeb851e6faba2a7187e008fab271608d8a4d544227ad3543ac3d95d5dd769,SECONDARY,"openFDA approval count, trailing 30 days",fda-drift: 30d approvals 68 >= median 67
KitchenSink_Official-00112,@KitchenSink_Official,2026-05-20,2026-05-21,COLLECTED,SPY,sell,80,market,filled,2026-05-21,,738.64,80,59091.2,2.0236,0.0,0.00018,742.719971,2026-05-21,data/real/prices/yahoo/SPY.json,e0f05aaf67be23da1db20513eaed93274b165898427ebeab80c7cb2eca1d9a2d,SECONDARY,sign of eight official 21-session changes,kitchen-sink[riskon]: score +4 of 8 official signs
KitchenSink_Official-00113,@KitchenSink_Official,2026-05-20,2026-05-21,COLLECTED,QQQ,buy,80,market,filled,2026-05-21,,708.99,80,56719.2,0.9076,0.0,0.00022,714.51001,2026-05-21,data/real/prices/yahoo/QQQ.json,ae9ec3c0b0b8e0f5cd28ee45eac2dfcff9f95a7c5a1244e170ab0980d85979ed,SECONDARY,sign of eight official 21-session changes,kitchen-sink[riskon]: score +4 of 8 official signs
FDA_PDUFA_Drifter-00054,@FDA_PDUFA_Drifter,2026-05-21,2026-05-22,COLLECTED,IBB,sell,200,market,filled,2026-05-22,,169.07,200,33814.0,4.2693,0.592,0.02032,168.789993,2026-05-22,data/real/prices/yahoo/IBB.json,20849c9611587299a52489fe22060adc7823c700fb3483f21091d85a6cf8acb0,SECONDARY,"openFDA approval count, trailing 30 days",fda-drift: 30d approvals 65 < median 67
FDA_PDUFA_Drifter-00055,@FDA_PDUFA_Drifter,2026-05-21,2026-05-22,COLLECTED,XBI,sell,1000,market,filled,2026-05-22,,132.48,1000,132480.0,20.0534,0.755,0.01546,131.660004,2026-05-22,data/real/prices/yahoo/XBI.json,fe9eeb851e6faba2a7187e008fab271608d8a4d544227ad3543ac3d95d5dd769,SECONDARY,"openFDA approval count, trailing 30 days",fda-drift: 30d approvals 65 < median 67
KitchenSink_Official-00114,@KitchenSink_Official,2026-05-21,2026-05-22,COLLECTED,QQQ,buy,80,market,filled,2026-05-22,,718.08,80,57446.4,0.9045,0.139,0.00024,717.539978,2026-05-22,data/real/prices/yahoo/QQQ.json,ae9ec3c0b0b8e0f5cd28ee45eac2dfcff9f95a7c5a1244e170ab0980d85979ed,SECONDARY,sign of eight official 21-session changes,kitchen-sink[riskon]: score +4 of 8 official signs
KitchenSink_Official-00115,@KitchenSink_Official,2026-05-22,2026-05-26,COLLECTED,QQQ,buy,40,market,filled,2026-05-26,,725.97,40,29038.8,0.4128,0.137,0.00012,730.280029,2026-05-26,data/real/prices/yahoo/QQQ.json,ae9ec3c0b0b8e0f5cd28ee45eac2dfcff9f95a7c5a1244e170ab0980d85979ed,SECONDARY,sign of eight official 21-session changes,kitchen-sink[riskon]: score +4 of 8 official signs
OilDollar_FadeUNG-00095,@OilDollar_FadeUNG,2026-05-26,2026-05-27,COLLECTED,UNG,sell,7600,market,filled,2026-05-27,,11.09,7600,84284.0,85.331,-0.0,0.08254,11.18,2026-05-27,data/real/prices/yahoo/UNG.json,eb7bcc0769945fb2c40fbcd98753ed7e17e367cf69d2ce2bde9ae60f00a462cc,SECONDARY,official DCOILWTICO/DTWEXBGS 21-session rule,oil-dollar: oil -0.8%/21d against dollar +0.4%/21d
OilDollar_FadeUNG-00096,@OilDollar_FadeUNG,2026-05-26,2026-05-27,COLLECTED,XOM,sell,200,market,filled,2026-05-27,,147.22,200,29444.0,2.9259,0.679,0.00123,147.899994,2026-05-27,data/real/prices/yahoo/XOM.json,4a2c7d18351df35d3cb2b11781aad7ea882659abaffcd9d31683a3d09881cf97,SECONDARY,official DCOILWTICO/DTWEXBGS 21-session rule,oil-dollar: oil -0.8%/21d against dollar +0.4%/21d
FDA_Fade_Live-00028,@FDA_Fade_Live,2026-05-26,2026-05-27,COLLECTED,XBI,buy,800,market,filled,2026-05-27,,133.63,800,106904.0,12.925,0.749,0.01056,134.449997,2026-05-27,data/real/prices/yahoo/XBI.json,fe9eeb851e6faba2a7187e008fab271608d8a4d544227ad3543ac3d95d5dd769,SECONDARY,"openFDA approval drought, bought",fda-fade: approval z -1.29 < -1.0
KitchenSink_Official-00116,@KitchenSink_Official,2026-05-26,2026-05-27,COLLECTED,QQQ,sell,200,market,filled,2026-05-27,,732.95,200,146590.0,5.7009,0.137,0.00057,729.450012,2026-05-27,data/real/prices/yahoo/QQQ.json,ae9ec3c0b0b8e0f5cd28ee45eac2dfcff9f95a7c5a1244e170ab0980d85979ed,SECONDARY,sign of eight official 21-session changes,kitchen-sink[undecided]: score +2 of 8 official signs
KitchenSink_Official-00117,@KitchenSink_Official,2026-05-26,2026-05-27,COLLECTED,SPY,buy,40,market,filled,2026-05-27,,750.89,40,30035.6,0.3717,0.133,9e-05,750.460022,2026-05-27,data/real/prices/yahoo/SPY.json,e0f05aaf67be23da1db20513eaed93274b165898427ebeab80c7cb2eca1d9a2d,SECONDARY,sign of eight official 21-session changes,kitchen-sink[undecided]: score +2 of 8 official signs
OilDollar_FadeUNG-00097,@OilDollar_FadeUNG,2026-05-27,2026-05-28,COLLECTED,UNG,buy,200,market,filled,2026-05-28,,11.29,200,2258.0,1.6934,0.0,0.00165,11.89,2026-05-28,data/real/prices/yahoo/UNG.json,eb7bcc0769945fb2c40fbcd98753ed7e17e367cf69d2ce2bde9ae60f00a462cc,SECONDARY,official DCOILWTICO/DTWEXBGS 21-session rule,oil-dollar: oil -7.5%/21d against dollar +0.5%/21d
VolControl_MaxLev-00055,@VolControl_MaxLev,2026-05-27,2026-05-28,COLLECTED,QQQ,buy,40,market,filled,2026-05-28,,729.73,40,29189.2,0.4134,0.0,0.00012,735.599976,2026-05-28,data/real/prices/yahoo/QQQ.json,ae9ec3c0b0b8e0f5cd28ee45eac2dfcff9f95a7c5a1244e170ab0980d85979ed,SECONDARY,official VIXCLS tercile scaling,vol-control: calm tercile (VIX 16.29 <= 16.43)
FDA_Fade_Live-00029,@FDA_Fade_Live,2026-05-27,2026-05-28,COLLECTED,XBI,buy,400,market,filled,2026-05-28,,134.24,400,53696.0,5.5316,0.745,0.00583,135.990005,2026-05-28,data/real/prices/yahoo/XBI.json,fe9eeb851e6faba2a7187e008fab271608d8a4d544227ad3543ac3d95d5dd769,SECONDARY,"openFDA approval drought, bought",fda-fade: approval z -1.01 < -1.0
KitchenSink_Official-00118,@KitchenSink_Official,2026-05-27,2026-05-28,COLLECTED,SPY,buy,80,market,filled,2026-05-28,,750.26,80,60020.8,0.7869,0.133,0.00019,754.599976,2026-05-28,data/real/prices/yahoo/SPY.json,e0f05aaf67be23da1db20513eaed93274b165898427ebeab80c7cb2eca1d9a2d,SECONDARY,sign of eight official 21-session changes,kitchen-sink[undecided]: score +2 of 8 official signs
SOFRPivot_Rider-00127,@SOFRPivot_Rider,2026-05-28,2026-05-29,COLLECTED,QQQ,sell,160,market,filled,2026-05-29,,737.84,160,118054.4,4.4676,0.0,0.00043,738.309998,2026-05-29,data/real/prices/yahoo/QQQ.json,ae9ec3c0b0b8e0f5cd28ee45eac2dfcff9f95a7c5a1244e170ab0980d85979ed,SECONDARY,official SOFR 21-session direction,sofr-pivot: flat (-2.0bp over 21 sessions)
SOFRPivot_Rider-00128,@SOFRPivot_Rider,2026-05-28,2026-05-29,COLLECTED,TSLA,sell,80,market,filled,2026-05-29,,439.84,80,35187.2,2.1257,0.227,0.00018,435.790009,2026-05-29,data/real/prices/yahoo/TSLA.json,6916f4c63d07180ce9efd08a9e88d50b7d43121d02443b933214c54bbb6e84f7,SECONDARY,official SOFR 21-session direction,sofr-pivot: flat (-2.0bp over 21 sessions)
CurveSteepener_MaxBeta-00116,@CurveSteepener_MaxBeta,2026-05-28,2026-05-29,COLLECTED,JPM,sell,320,market,filled,2026-05-29,,296.38,320,94841.6,7.3246,0.675,0.00229,299.309998,2026-05-29,data/real/prices/yahoo/JPM.json,169021a2b0a0985c1c427b57fe640e22b6ce82a79377bc3075417c6a8b98d12c,SECONDARY,official DGS10-DGS3MO 21-session change,curve-steepener: flat +9.0bp
CurveSteepener_MaxBeta-00117,@CurveSteepener_MaxBeta,2026-05-28,2026-05-29,COLLECTED,XOM,sell,600,market,filled,2026-05-29,,146.18,600,87708.0,10.2168,0.684,0.00215,145.259995,2026-05-29,data/real/prices/yahoo/XOM.json,4a2c7d18351df35d3cb2b11781aad7ea882659abaffcd9d31683a3d09881cf97,SECONDARY,official DGS10-DGS3MO 21-session change,curve-steepener: flat +9.0bp
OilDollar_FadeUNG-00098,@OilDollar_FadeUNG,2026-05-28,2026-05-29,COLLECTED,UNG,buy,900,market,filled,2026-05-29,,12.15,900,10935.0,8.2538,0.0,0.00706,11.93,2026-05-29,data/real/prices/yahoo/UNG.json,eb7bcc0769945fb2c40fbcd98753ed7e17e367cf69d2ce2bde9ae60f00a462cc,SECONDARY,official DCOILWTICO/DTWEXBGS 21-session rule,oil-dollar: oil -10.4%/21d against dollar +0.2%/21d
VolControl_MaxLev-00056,@VolControl_MaxLev,2026-05-28,2026-05-29,COLLECTED,QQQ,buy,40,market,filled,2026-05-29,,737.85,40,29514.0,0.4106,0.135,0.00011,738.309998,2026-05-29,data/real/prices/yahoo/QQQ.json,ae9ec3c0b0b8e0f5cd28ee45eac2dfcff9f95a7c5a1244e170ab0980d85979ed,SECONDARY,official VIXCLS tercile scaling,vol-control: calm tercile (VIX 15.74 <= 16.42)
SOFRPivot_Rider-00129,@SOFRPivot_Rider,2026-05-29,2026-06-01,COLLECTED,SPY,buy,80,market,filled,2026-06-01,,755.36,80,60428.8,0.7838,0.0,0.00018,758.539978,2026-06-01,data/real/prices/yahoo/SPY.json,e0f05aaf67be23da1db20513eaed93274b165898427ebeab80c7cb2eca1d9a2d,SECONDARY,official SOFR 21-session direction,sofr-pivot: flat (+0.0bp over 21 sessions)
CurveSteepener_MaxBeta-00118,@CurveSteepener_MaxBeta,2026-05-29,2026-06-01,COLLECTED,SPY,buy,120,market,filled,2026-06-01,,755.36,120,90643.2,1.2242,0.0,0.00028,758.539978,2026-06-01,data/real/prices/yahoo/SPY.json,e0f05aaf67be23da1db20513eaed93274b165898427ebeab80c7cb2eca1d9a2d,SECONDARY,official DGS10-DGS3MO 21-session change,curve-steepener: flat +8.0bp
OilDollar_FadeUNG-00099,@OilDollar_FadeUNG,2026-05-29,2026-06-01,COLLECTED,UNG,buy,6400,market,filled,2026-06-01,,11.63,6400,74432.0,125.8795,17.227,0.07342,11.54,2026-06-01,data/real/prices/yahoo/UNG.json,eb7bcc0769945fb2c40fbcd98753ed7e17e367cf69d2ce2bde9ae60f00a462cc,SECONDARY,official DCOILWTICO/DTWEXBGS 21-session rule,"oil-dollar: mixed: oil -17.5%/21d, dollar -0.2%/21d"
OilDollar_FadeUNG-00100,@OilDollar_FadeUNG,2026-05-29,2026-06-01,COLLECTED,XOM,buy,100,market,filled,2026-06-01,,147.03,100,14703.0,1.0286,0.68,0.0006,149.380005,2026-06-01,data/real/prices/yahoo/XOM.json,4a2c7d18351df35d3cb2b11781aad7ea882659abaffcd9d31683a3d09881cf97,SECONDARY,official DCOILWTICO/DTWEXBGS 21-session rule,"oil-dollar: mixed: oil -17.5%/21d, dollar -0.2%/21d"
KitchenSink_Official-00119,@KitchenSink_Official,2026-05-29,2026-06-01,COLLECTED,SPY,sell,80,market,filled,2026-06-01,,755.35,80,60428.0,2.0442,0.132,0.00018,758.539978,2026-06-01,data/real/prices/yahoo/SPY.json,e0f05aaf67be23da1db20513eaed93274b165898427ebeab80c7cb2eca1d9a2d,SECONDARY,sign of eight official 21-session changes,kitchen-sink[riskon]: score +3 of 8 official signs
KitchenSink_Official-00120,@KitchenSink_Official,2026-05-29,2026-06-01,COLLECTED,QQQ,buy,80,market,filled,2026-06-01,,737.04,80,58963.2,0.8972,0.0,0.00024,742.73999,2026-06-01,data/real/prices/yahoo/QQQ.json,ae9ec3c0b0b8e0f5cd28ee45eac2dfcff9f95a7c5a1244e170ab0980d85979ed,SECONDARY,sign of eight official 21-session changes,kitchen-sink[riskon]: score +3 of 8 official signs
OilDollar_FadeUNG-00101,@OilDollar_FadeUNG,2026-06-01,2026-06-02,COLLECTED,UNG,sell,6700,market,filled,2026-06-02,,11.34,6700,75978.0,76.18,-0.0,0.11306,11.47,2026-06-02,data/real/prices/yahoo/UNG.json,eb7bcc0769945fb2c40fbcd98753ed7e17e367cf69d2ce2bde9ae60f00a462cc,SECONDARY,official DCOILWTICO/DTWEXBGS 21-session rule,oil-dollar: oil -11.7%/21d against dollar +0.4%/21d
OilDollar_FadeUNG-00102,@OilDollar_FadeUNG,2026-06-01,2026-06-02,COLLECTED,XOM,sell,200,market,filled,2026-06-02,,149.02,200,29804.0,2.9494,0.671,0.00191,149.559998,2026-06-02,data/real/prices/yahoo/XOM.json,4a2c7d18351df35d3cb2b11781aad7ea882659abaffcd9d31683a3d09881cf97,SECONDARY,official DCOILWTICO/DTWEXBGS 21-session rule,oil-dollar: oil -11.7%/21d against dollar +0.4%/21d
MLB_Attention_Live-00017,@MLB_Attention_Live,2026-06-01,2026-06-02,COLLECTED,DKNG,buy,100,market,filled,2026-06-02,,25.86,100,2586.0,0.8789,2.707,0.00118,25.299999,2026-06-02,data/real/prices/yahoo/DKNG.json,728eccb3861f5cb322bf539a1926fb53cb11fdf0d1412a8d19111bd3a9ac37ef,SECONDARY,official MLB StatsAPI schedule density,mlb-attention: 94 games and 36 upsets in 7 days vs median 12
GoldVsRealRate_Live-00075,@GoldVsRealRate_Live,2026-06-01,2026-06-02,COLLECTED,TLT,sell,1300,market,filled,2026-06-02,,85.8,1300,111540.0,14.5311,0.0,0.0064,85.650002,2026-06-02,data/real/prices/yahoo/TLT.json,b2914ca7451d1c04fbe97f399361df69871d9a8afcbb0121541ac2bdd13a29f3,SECONDARY,"DGS10 minus SOFR, 21-session change",gold-real-rate: proxy flat (+3.0bp)
GoldVsRealRate_Live-00076,@GoldVsRealRate_Live,2026-06-01,2026-06-02,COLLECTED,GLD,buy,80,market,filled,2026-06-02,,414.09,80,33127.2,1.0688,0.242,0.00209,411.950012,2026-06-02,data/real/prices/yahoo/GLD.json,545093d31c9d8284e3b5dc66f668a6cb7391d9925b5abdf3e82bcaa71e423b40,SECONDARY,"DGS10 minus SOFR, 21-session change",gold-real-rate: proxy flat (+3.0bp)
FDA_Fade_Live-00030,@FDA_Fade_Live,2026-06-01,2026-06-02,COLLECTED,XBI,buy,100,market,filled,2026-06-02,,131.54,100,13154.0,1.082,0.001,0.0007,127.760002,2026-06-02,data/real/prices/yahoo/XBI.json,fe9eeb851e6faba2a7187e008fab271608d8a4d544227ad3543ac3d95d5dd769,SECONDARY,"openFDA approval drought, bought",fda-fade: approval z -1.52 < -1.0
KitchenSink_Official-00121,@KitchenSink_Official,2026-06-01,2026-06-02,COLLECTED,QQQ,sell,80,market,filled,2026-06-02,,742.4,80,59392.0,2.1387,0.0,0.00027,746.159973,2026-06-02,data/real/prices/yahoo/QQQ.json,ae9ec3c0b0b8e0f5cd28ee45eac2dfcff9f95a7c5a1244e170ab0980d85979ed,SECONDARY,sign of eight official 21-session changes,kitchen-sink[undecided]: score +2 of 8 official signs
KitchenSink_Official-00122,@KitchenSink_Official,2026-06-01,2026-06-02,COLLECTED,SPY,buy,80,market,filled,2026-06-02,,757.04,80,60563.2,0.7799,0.132,0.00025,759.570007,2026-06-02,data/real/prices/yahoo/SPY.json,e0f05aaf67be23da1db20513eaed93274b165898427ebeab80c7cb2eca1d9a2d,SECONDARY,sign of eight official 21-session changes,kitchen-sink[undecided]: score +2 of 8 official signs
GoldVsRealRate_Live-00077,@GoldVsRealRate_Live,2026-06-02,2026-06-03,COLLECTED,GLD,sell,80,market,filled,2026-06-03,,408.37,80,32669.6,1.7587,0.245,0.00159,407.869995,2026-06-03,data/real/prices/yahoo/GLD.json,545093d31c9d8284e3b5dc66f668a6cb7391d9925b5abdf3e82bcaa71e423b40,SECONDARY,"DGS10 minus SOFR, 21-session change",gold-real-rate: opportunity-cost proxy rising +9.0bp
GoldVsRealRate_Live-00078,@GoldVsRealRate_Live,2026-06-02,2026-06-03,COLLECTED,TLT,buy,900,market,filled,2026-06-03,,85.3,900,76770.0,8.1144,1.172,0.00585,85.309998,2026-06-03,data/real/prices/yahoo/TLT.json,b2914ca7451d1c04fbe97f399361df69871d9a8afcbb0121541ac2bdd13a29f3,SECONDARY,"DGS10 minus SOFR, 21-session change",gold-real-rate: opportunity-cost proxy rising +9.0bp
OilDollar_FadeUNG-00103,@OilDollar_FadeUNG,2026-06-03,2026-06-04,COLLECTED,UNG,buy,300,market,filled,2026-06-04,,11.99,300,3597.0,2.6008,0.0,0.00335,12.12,2026-06-04,data/real/prices/yahoo/UNG.json,eb7bcc0769945fb2c40fbcd98753ed7e17e367cf69d2ce2bde9ae60f00a462cc,SECONDARY,official DCOILWTICO/DTWEXBGS 21-session rule,oil-dollar: oil -9.1%/21d against dollar +0.5%/21d
GoldVsRealRate_Live-00079,@GoldVsRealRate_Live,2026-06-03,2026-06-04,COLLECTED,TLT,buy,400,market,filled,2026-06-04,,85.62,400,34248.0,3.4665,1.168,0.00252,85.5,2026-06-04,data/real/prices/yahoo/TLT.json,b2914ca7451d1c04fbe97f399361df69871d9a8afcbb0121541ac2bdd13a29f3,SECONDARY,"DGS10 minus SOFR, 21-session change",gold-real-rate: opportunity-cost proxy rising +13.0bp
OilDollar_FadeUNG-00104,@OilDollar_FadeUNG,2026-06-04,2026-06-05,COLLECTED,UNG,buy,400,market,filled,2026-06-05,,11.88,400,4752.0,3.5052,0.0,0.00621,11.67,2026-06-05,data/real/prices/yahoo/UNG.json,eb7bcc0769945fb2c40fbcd98753ed7e17e367cf69d2ce2bde9ae60f00a462cc,SECONDARY,official DCOILWTICO/DTWEXBGS 21-session rule,oil-dollar: oil -8.4%/21d against dollar +0.6%/21d
FDA_PDUFA_Drifter-00056,@FDA_PDUFA_Drifter,2026-06-04,2026-06-05,COLLECTED,IBB,buy,200,market,filled,2026-06-05,,171.12,200,34224.0,3.8299,1.169,0.01349,168.440002,2026-06-05,data/real/prices/yahoo/IBB.json,20849c9611587299a52489fe22060adc7823c700fb3483f21091d85a6cf8acb0,SECONDARY,"openFDA approval count, trailing 30 days",fda-drift: 30d approvals 70 >= median 67
FDA_PDUFA_Drifter-00057,@FDA_PDUFA_Drifter,2026-06-04,2026-06-05,COLLECTED,XBI,buy,800,market,filled,2026-06-05,,132.79,800,106232.0,13.9331,1.506,0.00951,128.669998,2026-06-05,data/real/prices/yahoo/XBI.json,fe9eeb851e6faba2a7187e008fab271608d8a4d544227ad3543ac3d95d5dd769,SECONDARY,"openFDA approval count, trailing 30 days",fda-drift: 30d approvals 70 >= median 67
GoldVsRealRate_Live-00080,@GoldVsRealRate_Live,2026-06-04,2026-06-05,COLLECTED,TLT,sell,1400,market,filled,2026-06-05,,84.98,1400,118972.0,15.6401,1.176,0.00529,85.059998,2026-06-05,data/real/prices/yahoo/TLT.json,b2914ca7451d1c04fbe97f399361df69871d9a8afcbb0121541ac2bdd13a29f3,SECONDARY,"DGS10 minus SOFR, 21-session change",gold-real-rate: proxy flat (+3.0bp)
GoldVsRealRate_Live-00081,@GoldVsRealRate_Live,2026-06-04,2026-06-05,COLLECTED,GLD,buy,80,market,filled,2026-06-05,,404.4,80,32352.0,1.0504,0.494,0.0007,396.23999,2026-06-05,data/real/prices/yahoo/GLD.json,545093d31c9d8284e3b5dc66f668a6cb7391d9925b5abdf3e82bcaa71e423b40,SECONDARY,"DGS10 minus SOFR, 21-session change",gold-real-rate: proxy flat (+3.0bp)
FDA_Fade_Live-00031,@FDA_Fade_Live,2026-06-04,2026-06-05,COLLECTED,XBI,sell,1300,market,filled,2026-06-05,,132.76,1300,172588.0,29.8134,0.753,0.01546,128.669998,2026-06-05,data/real/prices/yahoo/XBI.json,fe9eeb851e6faba2a7187e008fab271608d8a4d544227ad3543ac3d95d5dd769,SECONDARY,"openFDA approval burst, faded",fda-fade: |z|=0.16 < 0.5
VIXRegime_LiveMax-00032,@VIXRegime_LiveMax,2026-06-05,2026-06-08,COLLECTED,QQQ,sell,160,market,filled,2026-06-08,,717.79,160,114846.4,5.5338,0.279,0.00034,716.070007,2026-06-08,data/real/prices/yahoo/QQQ.json,ae9ec3c0b0b8e0f5cd28ee45eac2dfcff9f95a7c5a1244e170ab0980d85979ed,SECONDARY,official VIXCLS/SP500 regime rule,"vix-regime[undecided]: VIX 21.51 vs 60d median 20.08, 252d 80th percentile 20.09; S&P 7,384 vs 100d mean 6,996"
OilDollar_FadeUNG-00105,@OilDollar_FadeUNG,2026-06-05,2026-06-08,COLLECTED,UNG,sell,400,market,filled,2026-06-08,,11.39,400,4556.0,3.6809,8.772,0.00956,11.37,2026-06-08,data/real/prices/yahoo/UNG.json,eb7bcc0769945fb2c40fbcd98753ed7e17e367cf69d2ce2bde9ae60f00a462cc,SECONDARY,official DCOILWTICO/DTWEXBGS 21-session rule,oil-dollar: oil -4.5%/21d against dollar +1.7%/21d
FDA_PDUFA_Drifter-00058,@FDA_PDUFA_Drifter,2026-06-05,2026-06-08,COLLECTED,XBI,buy,300,market,filled,2026-06-08,,130.23,300,39069.0,4.1232,1.535,0.00464,128.429993,2026-06-08,data/real/prices/yahoo/XBI.json,fe9eeb851e6faba2a7187e008fab271608d8a4d544227ad3543ac3d95d5dd769,SECONDARY,"openFDA approval count, trailing 30 days",fda-drift: 30d approvals 73 >= median 67
VolControl_MaxLev-00057,@VolControl_MaxLev,2026-06-05,2026-06-08,COLLECTED,QQQ,sell,160,market,filled,2026-06-08,,717.79,160,114846.4,5.5338,0.279,0.00034,716.070007,2026-06-08,data/real/prices/yahoo/QQQ.json,ae9ec3c0b0b8e0f5cd28ee45eac2dfcff9f95a7c5a1244e170ab0980d85979ed,SECONDARY,official VIXCLS tercile scaling,vol-control: volatile tercile (VIX 21.51 >= 18.17)
GoldVsRealRate_Live-00082,@GoldVsRealRate_Live,2026-06-05,2026-06-08,COLLECTED,GLD,sell,80,market,filled,2026-06-08,,397.5,80,31800.0,1.7209,0.503,0.00099,397.269989,2026-06-08,data/real/prices/yahoo/GLD.json,545093d31c9d8284e3b5dc66f668a6cb7391d9925b5abdf3e82bcaa71e423b40,SECONDARY,"DGS10 minus SOFR, 21-session change",gold-real-rate: opportunity-cost proxy rising +11.0bp
GoldVsRealRate_Live-00083,@GoldVsRealRate_Live,2026-06-05,2026-06-08,COLLECTED,TLT,buy,1000,market,filled,2026-06-08,,85.24,1000,85240.0,9.0195,1.173,0.00436,84.620003,2026-06-08,data/real/prices/yahoo/TLT.json,b2914ca7451d1c04fbe97f399361df69871d9a8afcbb0121541ac2bdd13a29f3,SECONDARY,"DGS10 minus SOFR, 21-session change",gold-real-rate: opportunity-cost proxy rising +11.0bp
KitchenSink_Official-00123,@KitchenSink_Official,2026-06-05,2026-06-08,COLLECTED,SPY,sell,80,market,filled,2026-06-08,,743.35,80,59468.0,2.0698,0.134,0.00016,739.219971,2026-06-08,data/real/prices/yahoo/SPY.json,e0f05aaf67be23da1db20513eaed93274b165898427ebeab80c7cb2eca1d9a2d,SECONDARY,sign of eight official 21-session changes,kitchen-sink[riskoff]: score -4 of 8 official signs
KitchenSink_Official-00124,@KitchenSink_Official,2026-06-05,2026-06-08,COLLECTED,TLT,buy,700,market,filled,2026-06-08,,85.24,700,59668.0,6.1971,1.173,0.00305,84.620003,2026-06-08,data/real/prices/yahoo/TLT.json,b2914ca7451d1c04fbe97f399361df69871d9a8afcbb0121541ac2bdd13a29f3,SECONDARY,sign of eight official 21-session changes,kitchen-sink[riskoff]: score -4 of 8 official signs
VIXRegime_LiveMax-00033,@VIXRegime_LiveMax,2026-06-08,2026-06-09,COLLECTED,QQQ,buy,80,market,filled,2026-06-09,,722.99,80,57839.2,1.4283,0.139,9e-05,707.830017,2026-06-09,data/real/prices/yahoo/QQQ.json,ae9ec3c0b0b8e0f5cd28ee45eac2dfcff9f95a7c5a1244e170ab0980d85979ed,SECONDARY,official VIXCLS/SP500 regime rule,"vix-regime[calm]: VIX 18.92 vs 60d median 19.94, 252d 80th percentile 20.09; S&P 7,406 vs 100d mean 7,000"
OilDollar_FadeUNG-00106,@OilDollar_FadeUNG,2026-06-08,2026-06-09,COLLECTED,UNG,sell,300,market,filled,2026-06-09,,11.34,300,3402.0,2.7359,-0.0,0.00721,11.39,2026-06-09,data/real/prices/yahoo/UNG.json,eb7bcc0769945fb2c40fbcd98753ed7e17e367cf69d2ce2bde9ae60f00a462cc,SECONDARY,official DCOILWTICO/DTWEXBGS 21-session rule,oil-dollar: oil -3.4%/21d against dollar +1.7%/21d
FDA_PDUFA_Drifter-00059,@FDA_PDUFA_Drifter,2026-06-08,2026-06-09,COLLECTED,XBI,buy,100,market,filled,2026-06-09,,131.14,100,13114.0,1.1221,0.762,0.00084,131.380005,2026-06-09,data/real/prices/yahoo/XBI.json,fe9eeb851e6faba2a7187e008fab271608d8a4d544227ad3543ac3d95d5dd769,SECONDARY,"openFDA approval count, trailing 30 days",fda-drift: 30d approvals 67 >= median 67
MLB_Attention_Live-00018,@MLB_Attention_Live,2026-06-08,2026-06-09,COLLECTED,DKNG,buy,300,market,filled,2026-06-09,,25.15,300,7545.0,2.7896,0.0,0.00148,27.59,2026-06-09,data/real/prices/yahoo/DKNG.json,728eccb3861f5cb322bf539a1926fb53cb11fdf0d1412a8d19111bd3a9ac37ef,SECONDARY,official MLB StatsAPI schedule density,mlb-attention: 92 games and 47 upsets in 7 days vs median 89
LeapStyle_AutoLiquidate-00018,@LeapStyle_AutoLiquidate,2026-06-08,2026-06-09,COLLECTED,TSLA,buy,40,market,filled,2026-06-09,,411.04,40,16441.6,0.6691,0.243,7e-05,396.679993,2026-06-09,data/real/prices/yahoo/TSLA.json,6916f4c63d07180ce9efd08a9e88d50b7d43121d02443b933214c54bbb6e84f7,SECONDARY,contest rank rotation,leap: leader TSLA at +19.14% over 42 sessions
VolControl_MaxLev-00058,@VolControl_MaxLev,2026-06-08,2026-06-09,COLLECTED,QQQ,sell,40,market,filled,2026-06-09,,722.97,40,28918.8,1.2608,0.138,4e-05,707.830017,2026-06-09,data/real/prices/yahoo/QQQ.json,ae9ec3c0b0b8e0f5cd28ee45eac2dfcff9f95a7c5a1244e170ab0980d85979ed,SECONDARY,official VIXCLS tercile scaling,vol-control: volatile tercile (VIX 18.92 >= 18.17)
GoldVsRealRate_Live-00084,@GoldVsRealRate_Live,2026-06-08,2026-06-09,COLLECTED,TLT,buy,400,market,filled,2026-06-09,,84.98,400,33992.0,3.4595,1.177,0.00177,85.120003,2026-06-09,data/real/prices/yahoo/TLT.json,b2914ca7451d1c04fbe97f399361df69871d9a8afcbb0121541ac2bdd13a29f3,SECONDARY,"DGS10 minus SOFR, 21-session change",gold-real-rate: opportunity-cost proxy rising +18.0bp
KitchenSink_Official-00125,@KitchenSink_Official,2026-06-08,2026-06-09,COLLECTED,TLT,sell,700,market,filled,2026-06-09,,84.97,700,59479.0,7.5624,0.0,0.00309,85.120003,2026-06-09,data/real/prices/yahoo/TLT.json,b2914ca7451d1c04fbe97f399361df69871d9a8afcbb0121541ac2bdd13a29f3,SECONDARY,sign of eight official 21-session changes,kitchen-sink[undecided]: score -2 of 8 official signs
KitchenSink_Official-00126,@KitchenSink_Official,2026-06-08,2026-06-09,COLLECTED,SPY,buy,80,market,filled,2026-06-09,,743.64,80,59491.2,0.8299,0.134,9e-05,737.049988,2026-06-09,data/real/prices/yahoo/SPY.json,e0f05aaf67be23da1db20513eaed93274b165898427ebeab80c7cb2eca1d9a2d,SECONDARY,sign of eight official 21-session changes,kitchen-sink[undecided]: score -2 of 8 official signs
VIXRegime_LiveMax-00034,@VIXRegime_LiveMax,2026-06-09,2026-06-10,COLLECTED,QQQ,buy,40,market,filled,2026-06-10,,701.67,40,28066.8,0.6469,0.143,6e-05,693.690002,2026-06-10,data/real/prices/yahoo/QQQ.json,ae9ec3c0b0b8e0f5cd28ee45eac2dfcff9f95a7c5a1244e170ab0980d85979ed,SECONDARY,official VIXCLS/SP500 regime rule,"vix-regime[calm]: VIX 19.87 vs 60d median 19.88, 252d 80th percentile 20.00; S&P 7,387 vs 100d mean 7,005"
MLB_Attention_Live-00019,@MLB_Attention_Live,2026-06-09,2026-06-10,COLLECTED,FLUT,buy,100,market,filled,2026-06-10,,111.82,100,11182.0,1.5704,0.895,0.00219,112.940002,2026-06-10,data/real/prices/yahoo/FLUT.json,b0ffbb30d24f61202de05dce905e96fb554a730be44b61df2e48712c8bcbabd0,SECONDARY,official MLB StatsAPI schedule density,mlb-attention: 91 games and 40 upsets in 7 days vs median 89
KitchenSink_Official-00127,@KitchenSink_Official,2026-06-09,2026-06-10,COLLECTED,SPY,sell,80,market,filled,2026-06-10,,733.39,80,58671.2,2.0474,0.0,0.00013,725.429993,2026-06-10,data/real/prices/yahoo/SPY.json,e0f05aaf67be23da1db20513eaed93274b165898427ebeab80c7cb2eca1d9a2d,SECONDARY,sign of eight official 21-session changes,kitchen-sink[riskoff]: score -5 of 8 official signs
KitchenSink_Official-00128,@KitchenSink_Official,2026-06-09,2026-06-10,COLLECTED,TLT,buy,700,market,filled,2026-06-10,,85.13,700,59591.0,6.2107,1.174,0.00329,84.879997,2026-06-10,data/real/prices/yahoo/TLT.json,b2914ca7451d1c04fbe97f399361df69871d9a8afcbb0121541ac2bdd13a29f3,SECONDARY,sign of eight official 21-session changes,kitchen-sink[riskoff]: score -5 of 8 official signs
VIXRegime_LiveMax-00035,@VIXRegime_LiveMax,2026-06-10,2026-06-11,COLLECTED,QQQ,sell,120,market,filled,2026-06-11,,699.27,120,83912.4,3.9976,0.286,0.00017,717.119995,2026-06-11,data/real/prices/yahoo/QQQ.json,ae9ec3c0b0b8e0f5cd28ee45eac2dfcff9f95a7c5a1244e170ab0980d85979ed,SECONDARY,official VIXCLS/SP500 regime rule,"vix-regime[undecided]: VIX 22.22 vs 60d median 19.88, 252d 80th percentile 20.00; S&P 7,267 vs 100d mean 7,008"
KitchenSink_Official-00129,@KitchenSink_Official,2026-06-10,2026-06-11,COLLECTED,TLT,buy,700,market,filled,2026-06-11,,85.17,700,59619.0,6.205,0.0,0.00199,85.980003,2026-06-11,data/real/prices/yahoo/TLT.json,b2914ca7451d1c04fbe97f399361df69871d9a8afcbb0121541ac2bdd13a29f3,SECONDARY,sign of eight official 21-session changes,kitchen-sink[riskoff]: score -4 of 8 official signs
VIXRegime_LiveMax-00036,@VIXRegime_LiveMax,2026-06-11,2026-06-12,COLLECTED,QQQ,buy,80,market,filled,2026-06-12,,717.63,80,57410.4,1.4682,0.279,0.00016,721.340027,2026-06-12,data/real/prices/yahoo/QQQ.json,ae9ec3c0b0b8e0f5cd28ee45eac2dfcff9f95a7c5a1244e170ab0980d85979ed,SECONDARY,official VIXCLS/SP500 regime rule,"vix-regime[calm]: VIX 19.44 vs 60d median 19.78, 252d 80th percentile 19.87; S&P 7,394 vs 100d mean 7,012"
OilDollar_FadeUNG-00107,@OilDollar_FadeUNG,2026-06-11,2026-06-12,COLLECTED,UNG,sell,300,market,filled,2026-06-12,,11.18,300,3354.0,2.7168,-0.0,0.00561,11.35,2026-06-12,data/real/prices/yahoo/UNG.json,eb7bcc0769945fb2c40fbcd98753ed7e17e367cf69d2ce2bde9ae60f00a462cc,SECONDARY,official DCOILWTICO/DTWEXBGS 21-session rule,oil-dollar: oil -13.4%/21d against dollar +1.3%/21d
GoldVsRealRate_Live-00085,@GoldVsRealRate_Live,2026-06-11,2026-06-12,COLLECTED,TLT,sell,1400,market,filled,2026-06-12,,85.63,1400,119882.0,15.8199,1.168,0.00606,85.769997,2026-06-12,data/real/prices/yahoo/TLT.json,b2914ca7451d1c04fbe97f399361df69871d9a8afcbb0121541ac2bdd13a29f3,SECONDARY,"DGS10 minus SOFR, 21-session change",gold-real-rate: proxy flat (+3.0bp)
GoldVsRealRate_Live-00086,@GoldVsRealRate_Live,2026-06-11,2026-06-12,COLLECTED,GLD,buy,80,market,filled,2026-06-12,,385.75,80,30860.0,1.1842,0.518,0.00106,386.540009,2026-06-12,data/real/prices/yahoo/GLD.json,545093d31c9d8284e3b5dc66f668a6cb7391d9925b5abdf3e82bcaa71e423b40,SECONDARY,"DGS10 minus SOFR, 21-session change",gold-real-rate: proxy flat (+3.0bp)
KitchenSink_Official-00130,@KitchenSink_Official,2026-06-11,2026-06-12,COLLECTED,SPY,sell,40,market,filled,2026-06-12,,740.71,40,29628.4,1.0165,0.0,7e-05,741.75,2026-06-12,data/real/prices/yahoo/SPY.json,e0f05aaf67be23da1db20513eaed93274b165898427ebeab80c7cb2eca1d9a2d,SECONDARY,sign of eight official 21-session changes,kitchen-sink[riskoff]: score -3 of 8 official signs
KitchenSink_Official-00131,@KitchenSink_Official,2026-06-11,2026-06-12,COLLECTED,TLT,buy,400,market,filled,2026-06-12,,85.64,400,34256.0,3.4867,0.0,0.00173,85.769997,2026-06-12,data/real/prices/yahoo/TLT.json,b2914ca7451d1c04fbe97f399361df69871d9a8afcbb0121541ac2bdd13a29f3,SECONDARY,sign of eight official 21-session changes,kitchen-sink[riskoff]: score -3 of 8 official signs
VIXRegime_LiveMax-00037,@VIXRegime_LiveMax,2026-06-12,2026-06-15,COLLECTED,QQQ,buy,40,market,filled,2026-06-15,,738.11,40,29524.4,0.675,0.136,9e-05,744.0,2026-06-15,data/real/prices/yahoo/QQQ.json,ae9ec3c0b0b8e0f5cd28ee45eac2dfcff9f95a7c5a1244e170ab0980d85979ed,SECONDARY,official VIXCLS/SP500 regime rule,"vix-regime[calm]: VIX 17.68 vs 60d median 19.68, 252d 80th percentile 19.86; S&P 7,431 vs 100d mean 7,019"
SOFRPivot_Rider-00130,@SOFRPivot_Rider,2026-06-12,2026-06-15,COLLECTED,SPY,sell,80,market,filled,2026-06-15,,751.84,80,60147.2,2.1206,0.133,0.00013,754.830017,2026-06-15,data/real/prices/yahoo/SPY.json,e0f05aaf67be23da1db20513eaed93274b165898427ebeab80c7cb2eca1d9a2d,SECONDARY,official SOFR 21-session direction,sofr-pivot: tightening (+6.0bp over 21 sessions)
SOFRPivot_Rider-00131,@SOFRPivot_Rider,2026-06-12,2026-06-15,COLLECTED,TLT,buy,800,market,filled,2026-06-15,,85.96,800,68768.0,7.2193,0.0,0.00454,85.720001,2026-06-15,data/real/prices/yahoo/TLT.json,b2914ca7451d1c04fbe97f399361df69871d9a8afcbb0121541ac2bdd13a29f3,SECONDARY,official SOFR 21-session direction,sofr-pivot: tightening (+6.0bp over 21 sessions)
OilDollar_FadeUNG-00108,@OilDollar_FadeUNG,2026-06-12,2026-06-15,COLLECTED,UNG,buy,200,market,filled,2026-06-15,,11.22,200,2244.0,1.7046,8.921,0.00424,11.43,2026-06-15,data/real/prices/yahoo/UNG.json,eb7bcc0769945fb2c40fbcd98753ed7e17e367cf69d2ce2bde9ae60f00a462cc,SECONDARY,official DCOILWTICO/DTWEXBGS 21-session rule,oil-dollar: oil -15.2%/21d against dollar +0.9%/21d
MLB_Attention_Live-00020,@MLB_Attention_Live,2026-06-12,2026-06-15,COLLECTED,DKNG,sell,3100,market,filled,2026-06-15,,28.52,3100,88412.0,46.6864,3.505,0.02922,28.790001,2026-06-15,data/real/prices/yahoo/DKNG.json,728eccb3861f5cb322bf539a1926fb53cb11fdf0d1412a8d19111bd3a9ac37ef,SECONDARY,official MLB StatsAPI schedule density,mlb-attention: sparse schedule (89 vs median 90)
MLB_Attention_Live-00021,@MLB_Attention_Live,2026-06-12,2026-06-15,COLLECTED,FLUT,sell,500,market,filled,2026-06-15,,109.75,500,54875.0,12.564,0.911,0.01862,108.980003,2026-06-15,data/real/prices/yahoo/FLUT.json,b0ffbb30d24f61202de05dce905e96fb554a730be44b61df2e48712c8bcbabd0,SECONDARY,official MLB StatsAPI schedule density,mlb-attention: sparse schedule (89 vs median 90)
MLB_Attention_Live-00022,@MLB_Attention_Live,2026-06-12,2026-06-15,COLLECTED,PENN,sell,1800,market,filled,2026-06-15,,21.83,1800,39294.0,26.7467,4.579,0.05943,21.84,2026-06-15,data/real/prices/yahoo/PENN.json,a08c607c0926b67cf07c1d783cb680772c85851bf312595d1e12c5291078fa04,SECONDARY,official MLB StatsAPI schedule density,mlb-attention: sparse schedule (89 vs median 90)
MLB_Attention_Live-00023,@MLB_Attention_Live,2026-06-12,2026-06-15,COLLECTED,SRAD,sell,3700,market,filled,2026-06-15,,15.9,3700,58830.0,74.1582,12.563,0.15101,15.96,2026-06-15,data/real/prices/yahoo/SRAD.json,2b98acbc8c99539adff859013008c24d152cb619d509bba11ec159ae2d4a7cb6,SECONDARY,official MLB StatsAPI schedule density,mlb-attention: sparse schedule (89 vs median 90)
VolControl_MaxLev-00059,@VolControl_MaxLev,2026-06-12,2026-06-15,COLLECTED,QQQ,buy,120,market,filled,2026-06-15,,738.12,120,88574.4,2.3653,0.271,0.00026,744.0,2026-06-15,data/real/prices/yahoo/QQQ.json,ae9ec3c0b0b8e0f5cd28ee45eac2dfcff9f95a7c5a1244e170ab0980d85979ed,SECONDARY,official VIXCLS tercile scaling,vol-control: middle tercile (VIX 17.68)
GoldVsRealRate_Live-00087,@GoldVsRealRate_Live,2026-06-12,2026-06-15,COLLECTED,GLD,buy,80,market,filled,2026-06-15,,399.5,80,31960.0,1.2072,0.251,0.00076,396.549988,2026-06-15,data/real/prices/yahoo/GLD.json,545093d31c9d8284e3b5dc66f668a6cb7391d9925b5abdf3e82bcaa71e423b40,SECONDARY,"DGS10 minus SOFR, 21-session change",gold-real-rate: proxy flat (-3.0bp)
KitchenSink_Official-00132,@KitchenSink_Official,2026-06-12,2026-06-15,COLLECTED,TLT,buy,100,market,filled,2026-06-15,,85.96,100,8596.0,0.8362,0.0,0.00057,85.720001,2026-06-15,data/real/prices/yahoo/TLT.json,b2914ca7451d1c04fbe97f399361df69871d9a8afcbb0121541ac2bdd13a29f3,SECONDARY,sign of eight official 21-session changes,kitchen-sink[riskoff]: score -6 of 8 official signs
VIXRegime_LiveMax-00038,@VIXRegime_LiveMax,2026-06-15,2026-06-16,COLLECTED,QQQ,buy,40,market,filled,2026-06-16,,742.26,40,29690.4,0.6882,0.135,9e-05,729.859985,2026-06-16,data/real/prices/yahoo/QQQ.json,ae9ec3c0b0b8e0f5cd28ee45eac2dfcff9f95a7c5a1244e170ab0980d85979ed,SECONDARY,official VIXCLS/SP500 regime rule,"vix-regime[calm]: VIX 16.20 vs 60d median 19.50, 252d 80th percentile 19.86; S&P 7,554 vs 100d mean 7,025"
SOFRPivot_Rider-00132,@SOFRPivot_Rider,2026-06-15,2026-06-16,COLLECTED,TLT,buy,800,market,filled,2026-06-16,,85.96,800,68768.0,7.2241,0.0,0.00302,86.190002,2026-06-16,data/real/prices/yahoo/TLT.json,b2914ca7451d1c04fbe97f399361df69871d9a8afcbb0121541ac2bdd13a29f3,SECONDARY,official SOFR 21-session direction,sofr-pivot: tightening (+13.0bp over 21 sessions)
MLB_Attention_Live-00024,@MLB_Attention_Live,2026-06-15,2026-06-16,COLLECTED,FLUT,sell,100,market,filled,2026-06-16,,110.82,100,11082.0,1.7131,0.902,0.00477,108.919998,2026-06-16,data/real/prices/yahoo/FLUT.json,b0ffbb30d24f61202de05dce905e96fb554a730be44b61df2e48712c8bcbabd0,SECONDARY,official MLB StatsAPI schedule density,mlb-attention: sparse schedule (89 vs median 90)
MLB_Attention_Live-00025,@MLB_Attention_Live,2026-06-15,2026-06-16,COLLECTED,PENN,sell,1600,market,filled,2026-06-16,,21.81,1600,34896.0,23.1825,9.162,0.06479,21.870001,2026-06-16,data/real/prices/yahoo/PENN.json,a08c607c0926b67cf07c1d783cb680772c85851bf312595d1e12c5291078fa04,SECONDARY,official MLB StatsAPI schedule density,mlb-attention: sparse schedule (89 vs median 90)
VolControl_MaxLev-00060,@VolControl_MaxLev,2026-06-15,2026-06-16,COLLECTED,QQQ,buy,40,market,filled,2026-06-16,,742.26,40,29690.4,0.6882,0.135,9e-05,729.859985,2026-06-16,data/real/prices/yahoo/QQQ.json,ae9ec3c0b0b8e0f5cd28ee45eac2dfcff9f95a7c5a1244e170ab0980d85979ed,SECONDARY,official VIXCLS tercile scaling,vol-control: calm tercile (VIX 16.20 <= 16.36)
GoldVsRealRate_Live-00088,@GoldVsRealRate_Live,2026-06-15,2026-06-16,COLLECTED,GLD,buy,160,market,filled,2026-06-16,,397.84,160,63654.4,2.996,0.252,0.00266,397.630005,2026-06-16,data/real/prices/yahoo/GLD.json,545093d31c9d8284e3b5dc66f668a6cb7391d9925b5abdf3e82bcaa71e423b40,SECONDARY,"DGS10 minus SOFR, 21-session change",gold-real-rate: opportunity-cost proxy falling -9.0bp
KitchenSink_Official-00133,@KitchenSink_Official,2026-06-15,2026-06-16,COLLECTED,TLT,sell,1900,market,filled,2026-06-16,,85.95,1900,163305.0,21.9507,1.163,0.00718,86.190002,2026-06-16,data/real/prices/yahoo/TLT.json,b2914ca7451d1c04fbe97f399361df69871d9a8afcbb0121541ac2bdd13a29f3,SECONDARY,sign of eight official 21-session changes,kitchen-sink[undecided]: score +1 of 8 official signs
KitchenSink_Official-00134,@KitchenSink_Official,2026-06-15,2026-06-16,COLLECTED,SPY,buy,40,market,filled,2026-06-16,,754.55,40,30182.0,0.4057,0.0,6e-05,750.330017,2026-06-16,data/real/prices/yahoo/SPY.json,e0f05aaf67be23da1db20513eaed93274b165898427ebeab80c7cb2eca1d9a2d,SECONDARY,sign of eight official 21-session changes,kitchen-sink[undecided]: score +1 of 8 official signs
SOFRPivot_Rider-00133,@SOFRPivot_Rider,2026-06-16,2026-06-17,COLLECTED,TLT,buy,400,market,filled,2026-06-17,,86.34,400,34536.0,3.4456,1.158,0.00116,86.330002,2026-06-17,data/real/prices/yahoo/TLT.json,b2914ca7451d1c04fbe97f399361df69871d9a8afcbb0121541ac2bdd13a29f3,SECONDARY,official SOFR 21-session direction,sofr-pivot: tightening (+8.0bp over 21 sessions)
CurveSteepener_MaxBeta-00119,@CurveSteepener_MaxBeta,2026-06-16,2026-06-17,COLLECTED,SPY,sell,80,market,filled,2026-06-17,,751.28,80,60102.4,2.1287,0.133,9e-05,740.960022,2026-06-17,data/real/prices/yahoo/SPY.json,e0f05aaf67be23da1db20513eaed93274b165898427ebeab80c7cb2eca1d9a2d,SECONDARY,official DGS10-DGS3MO 21-session change,curve-steepener: flattening -14.0bp
CurveSteepener_MaxBeta-00120,@CurveSteepener_MaxBeta,2026-06-16,2026-06-17,COLLECTED,TLT,buy,600,market,filled,2026-06-17,,86.34,600,51804.0,5.2512,1.158,0.00174,86.330002,2026-06-17,data/real/prices/yahoo/TLT.json,b2914ca7451d1c04fbe97f399361df69871d9a8afcbb0121541ac2bdd13a29f3,SECONDARY,official DGS10-DGS3MO 21-session change,curve-steepener: flattening -14.0bp
OilDollar_FadeUNG-00109,@OilDollar_FadeUNG,2026-06-16,2026-06-17,COLLECTED,UNG,buy,6800,market,filled,2026-06-17,,11.45,6800,77860.0,139.9536,8.741,0.12632,11.57,2026-06-17,data/real/prices/yahoo/UNG.json,eb7bcc0769945fb2c40fbcd98753ed7e17e367cf69d2ce2bde9ae60f00a462cc,SECONDARY,official DCOILWTICO/DTWEXBGS 21-session rule,"oil-dollar: mixed: oil -26.8%/21d, dollar -0.0%/21d"
OilDollar_FadeUNG-00110,@OilDollar_FadeUNG,2026-06-16,2026-06-17,COLLECTED,XOM,buy,200,market,filled,2026-06-17,,141.23,200,28246.0,2.2175,0.708,0.0012,140.740005,2026-06-17,data/real/prices/yahoo/XOM.json,4a2c7d18351df35d3cb2b11781aad7ea882659abaffcd9d31683a3d09881cf97,SECONDARY,official DCOILWTICO/DTWEXBGS 21-session rule,"oil-dollar: mixed: oil -26.8%/21d, dollar -0.0%/21d"
MLB_Attention_Live-00026,@MLB_Attention_Live,2026-06-16,2026-06-17,COLLECTED,DKNG,buy,3000,market,filled,2026-06-17,,28.78,3000,86340.0,52.8464,5.215,0.02314,26.32,2026-06-17,data/real/prices/yahoo/DKNG.json,728eccb3861f5cb322bf539a1926fb53cb11fdf0d1412a8d19111bd3a9ac37ef,SECONDARY,official MLB StatsAPI schedule density,mlb-attention: 91 games and 43 upsets in 7 days vs median 90
MLB_Attention_Live-00027,@MLB_Attention_Live,2026-06-16,2026-06-17,COLLECTED,FLUT,buy,600,market,filled,2026-06-17,,108.03,600,64818.0,14.2185,2.778,0.0271,101.650002,2026-06-17,data/real/prices/yahoo/FLUT.json,b0ffbb30d24f61202de05dce905e96fb554a730be44b61df2e48712c8bcbabd0,SECONDARY,official MLB StatsAPI schedule density,mlb-attention: 91 games and 43 upsets in 7 days vs median 90
MLB_Attention_Live-00028,@MLB_Attention_Live,2026-06-16,2026-06-17,COLLECTED,PENN,buy,3400,market,filled,2026-06-17,,22.09,3400,75106.0,70.5951,9.062,0.11089,21.23,2026-06-17,data/real/prices/yahoo/PENN.json,a08c607c0926b67cf07c1d783cb680772c85851bf312595d1e12c5291078fa04,SECONDARY,official MLB StatsAPI schedule density,mlb-attention: 91 games and 43 upsets in 7 days vs median 90
MLB_Attention_Live-00029,@MLB_Attention_Live,2026-06-16,2026-06-17,COLLECTED,SRAD,buy,3800,market,filled,2026-06-17,,15.82,3800,60116.0,92.1212,12.658,0.13695,15.03,2026-06-17,data/real/prices/yahoo/SRAD.json,2b98acbc8c99539adff859013008c24d152cb619d509bba11ec159ae2d4a7cb6,SECONDARY,official MLB StatsAPI schedule density,mlb-attention: 91 games and 43 upsets in 7 days vs median 90
GoldVsRealRate_Live-00089,@GoldVsRealRate_Live,2026-06-16,2026-06-17,COLLECTED,GLD,buy,80,market,filled,2026-06-17,,397.84,80,31827.2,1.2293,0.503,0.0006,388.600006,2026-06-17,data/real/prices/yahoo/GLD.json,545093d31c9d8284e3b5dc66f668a6cb7391d9925b5abdf3e82bcaa71e423b40,SECONDARY,"DGS10 minus SOFR, 21-session change",gold-real-rate: opportunity-cost proxy falling -11.0bp
KitchenSink_Official-00135,@KitchenSink_Official,2026-06-16,2026-06-17,COLLECTED,SPY,sell,40,market,filled,2026-06-17,,751.28,40,30051.2,1.0299,0.133,5e-05,740.960022,2026-06-17,data/real/prices/yahoo/SPY.json,e0f05aaf67be23da1db20513eaed93274b165898427ebeab80c7cb2eca1d9a2d,SECONDARY,sign of eight official 21-session changes,kitchen-sink[riskon]: score +4 of 8 official signs
KitchenSink_Official-00136,@KitchenSink_Official,2026-06-16,2026-06-17,COLLECTED,QQQ,buy,120,market,filled,2026-06-17,,735.21,120,88225.2,2.4361,0.272,0.00023,722.51001,2026-06-17,data/real/prices/yahoo/QQQ.json,ae9ec3c0b0b8e0f5cd28ee45eac2dfcff9f95a7c5a1244e170ab0980d85979ed,SECONDARY,sign of eight official 21-session changes,kitchen-sink[riskon]: score +4 of 8 official signs
SOFRPivot_Rider-00134,@SOFRPivot_Rider,2026-06-17,2026-06-18,COLLECTED,TLT,buy,100,market,filled,2026-06-18,,87.08,100,8708.0,0.8308,1.149,0.00031,86.75,2026-06-18,data/real/prices/yahoo/TLT.json,b2914ca7451d1c04fbe97f399361df69871d9a8afcbb0121541ac2bdd13a29f3,SECONDARY,official SOFR 21-session direction,sofr-pivot: tightening (+10.0bp over 21 sessions)
CurveSteepener_MaxBeta-00121,@CurveSteepener_MaxBeta,2026-06-17,2026-06-18,COLLECTED,SPY,sell,40,market,filled,2026-06-18,,747.76,40,29910.4,1.0301,0.0,5e-05,746.73999,2026-06-18,data/real/prices/yahoo/SPY.json,e0f05aaf67be23da1db20513eaed93274b165898427ebeab80c7cb2eca1d9a2d,SECONDARY,official DGS10-DGS3MO 21-session change,curve-steepener: flattening -24.0bp
CurveSteepener_MaxBeta-00122,@CurveSteepener_MaxBeta,2026-06-17,2026-06-18,COLLECTED,TLT,buy,700,market,filled,2026-06-18,,87.08,700,60956.0,6.1701,1.149,0.00216,86.75,2026-06-18,data/real/prices/yahoo/TLT.json,b2914ca7451d1c04fbe97f399361df69871d9a8afcbb0121541ac2bdd13a29f3,SECONDARY,official DGS10-DGS3MO 21-session change,curve-steepener: flattening -24.0bp
OilDollar_FadeUNG-00111,@OilDollar_FadeUNG,2026-06-17,2026-06-18,COLLECTED,UNG,sell,6500,market,filled,2026-06-18,,11.41,6500,74165.0,75.0498,-0.0,0.09549,11.74,2026-06-18,data/real/prices/yahoo/UNG.json,eb7bcc0769945fb2c40fbcd98753ed7e17e367cf69d2ce2bde9ae60f00a462cc,SECONDARY,official DCOILWTICO/DTWEXBGS 21-session rule,oil-dollar: oil -28.2%/21d against dollar +0.3%/21d
OilDollar_FadeUNG-00112,@OilDollar_FadeUNG,2026-06-17,2026-06-18,COLLECTED,XOM,sell,200,market,filled,2026-06-18,,138.32,200,27664.0,2.7948,0.001,0.00042,137.809998,2026-06-18,data/real/prices/yahoo/XOM.json,4a2c7d18351df35d3cb2b11781aad7ea882659abaffcd9d31683a3d09881cf97,SECONDARY,official DCOILWTICO/DTWEXBGS 21-session rule,oil-dollar: oil -28.2%/21d against dollar +0.3%/21d
FDA_PDUFA_Drifter-00060,@FDA_PDUFA_Drifter,2026-06-17,2026-06-18,COLLECTED,XBI,buy,100,market,filled,2026-06-18,,142.01,100,14201.0,1.1713,0.704,0.00104,140.720001,2026-06-18,data/real/prices/yahoo/XBI.json,fe9eeb851e6faba2a7187e008fab271608d8a4d544227ad3543ac3d95d5dd769,SECONDARY,"openFDA approval count, trailing 30 days",fda-drift: 30d approvals 73 >= median 67
VolControl_MaxLev-00061,@VolControl_MaxLev,2026-06-17,2026-06-18,COLLECTED,QQQ,sell,160,market,filled,2026-06-18,,737.18,160,117948.8,5.9049,0.271,0.00032,740.619995,2026-06-18,data/real/prices/yahoo/QQQ.json,ae9ec3c0b0b8e0f5cd28ee45eac2dfcff9f95a7c5a1244e170ab0980d85979ed,SECONDARY,official VIXCLS tercile scaling,vol-control: volatile tercile (VIX 18.44 >= 18.06)
GoldVsRealRate_Live-00090,@GoldVsRealRate_Live,2026-06-17,2026-06-18,COLLECTED,GLD,buy,40,market,filled,2026-06-18,,391.25,40,15650.0,0.5318,0.256,0.00052,387.119995,2026-06-18,data/real/prices/yahoo/GLD.json,545093d31c9d8284e3b5dc66f668a6cb7391d9925b5abdf3e82bcaa71e423b40,SECONDARY,"DGS10 minus SOFR, 21-session change",gold-real-rate: opportunity-cost proxy falling -18.0bp
KitchenSink_Official-00137,@KitchenSink_Official,2026-06-17,2026-06-18,COLLECTED,QQQ,sell,120,market,filled,2026-06-18,,737.18,120,88461.6,4.2916,0.271,0.00024,740.619995,2026-06-18,data/real/prices/yahoo/QQQ.json,ae9ec3c0b0b8e0f5cd28ee45eac2dfcff9f95a7c5a1244e170ab0980d85979ed,SECONDARY,sign of eight official 21-session changes,kitchen-sink[undecided]: score -2 of 8 official signs
KitchenSink_Official-00138,@KitchenSink_Official,2026-06-17,2026-06-18,COLLECTED,SPY,buy,80,market,filled,2026-06-18,,747.77,80,59821.6,0.8838,0.134,0.0001,746.73999,2026-06-18,data/real/prices/yahoo/SPY.json,e0f05aaf67be23da1db20513eaed93274b165898427ebeab80c7cb2eca1d9a2d,SECONDARY,sign of eight official 21-session changes,kitchen-sink[undecided]: score -2 of 8 official signs
SOFRPivot_Rider-00135,@SOFRPivot_Rider,2026-06-18,2026-06-22,COLLECTED,TLT,buy,100,market,filled,2026-06-22,,86.31,100,8631.0,0.829,1.158,0.00035,86.089996,2026-06-22,data/real/prices/yahoo/TLT.json,b2914ca7451d1c04fbe97f399361df69871d9a8afcbb0121541ac2bdd13a29f3,SECONDARY,official SOFR 21-session direction,sofr-pivot: tightening (+11.0bp over 21 sessions)
CurveSteepener_MaxBeta-00123,@CurveSteepener_MaxBeta,2026-06-18,2026-06-22,COLLECTED,TLT,buy,500,market,filled,2026-06-22,,86.31,500,43155.0,4.3245,1.158,0.00175,86.089996,2026-06-22,data/real/prices/yahoo/TLT.json,b2914ca7451d1c04fbe97f399361df69871d9a8afcbb0121541ac2bdd13a29f3,SECONDARY,official DGS10-DGS3MO 21-session change,curve-steepener: flattening -30.0bp
OilDollar_FadeUNG-00113,@OilDollar_FadeUNG,2026-06-18,2026-06-22,COLLECTED,UNG,buy,200,market,filled,2026-06-22,,11.87,200,2374.0,1.7125,0.0,0.00546,11.77,2026-06-22,data/real/prices/yahoo/UNG.json,eb7bcc0769945fb2c40fbcd98753ed7e17e367cf69d2ce2bde9ae60f00a462cc,SECONDARY,official DCOILWTICO/DTWEXBGS 21-session rule,oil-dollar: oil -28.3%/21d against dollar +0.8%/21d
VolControl_MaxLev-00062,@VolControl_MaxLev,2026-06-18,2026-06-22,COLLECTED,QQQ,buy,120,market,filled,2026-06-22,,742.04,120,89044.8,2.4868,0.269,0.00028,737.950012,2026-06-22,data/real/prices/yahoo/QQQ.json,ae9ec3c0b0b8e0f5cd28ee45eac2dfcff9f95a7c5a1244e170ab0980d85979ed,SECONDARY,official VIXCLS tercile scaling,vol-control: middle tercile (VIX 16.40)
KitchenSink_Official-00139,@KitchenSink_Official,2026-06-18,2026-06-22,COLLECTED,SPY,buy,40,market,filled,2026-06-22,,747.71,40,29908.4,0.4065,0.134,9e-05,744.390015,2026-06-22,data/real/prices/yahoo/SPY.json,e0f05aaf67be23da1db20513eaed93274b165898427ebeab80c7cb2eca1d9a2d,SECONDARY,sign of eight official 21-session changes,kitchen-sink[undecided]: score +2 of 8 official signs
CurveSteepener_MaxBeta-00124,@CurveSteepener_MaxBeta,2026-06-22,2026-06-23,COLLECTED,TLT,buy,200,market,filled,2026-06-23,,86.13,200,17226.0,1.6835,1.161,0.00104,86.199997,2026-06-23,data/real/prices/yahoo/TLT.json,b2914ca7451d1c04fbe97f399361df69871d9a8afcbb0121541ac2bdd13a29f3,SECONDARY,official DGS10-DGS3MO 21-session change,curve-steepener: flattening -34.0bp
MLB_Attention_Live-00030,@MLB_Attention_Live,2026-06-22,2026-06-23,COLLECTED,DKNG,sell,3000,market,filled,2026-06-23,,25.41,3000,76230.0,44.4046,7.865,0.0203,25.15,2026-06-23,data/real/prices/yahoo/DKNG.json,728eccb3861f5cb322bf539a1926fb53cb11fdf0d1412a8d19111bd3a9ac37ef,SECONDARY,official MLB StatsAPI schedule density,mlb-attention: sparse schedule (90 vs median 90)
MLB_Attention_Live-00031,@MLB_Attention_Live,2026-06-22,2026-06-23,COLLECTED,FLUT,sell,600,market,filled,2026-06-23,,97.61,600,58566.0,15.7783,3.072,0.02046,97.849998,2026-06-23,data/real/prices/yahoo/FLUT.json,b0ffbb30d24f61202de05dce905e96fb554a730be44b61df2e48712c8bcbabd0,SECONDARY,official MLB StatsAPI schedule density,mlb-attention: sparse schedule (90 vs median 90)
MLB_Attention_Live-00032,@MLB_Attention_Live,2026-06-22,2026-06-23,COLLECTED,PENN,sell,800,market,filled,2026-06-23,,20.7,800,16560.0,10.165,0.0,0.02834,20.5,2026-06-23,data/real/prices/yahoo/PENN.json,a08c607c0926b67cf07c1d783cb680772c85851bf312595d1e12c5291078fa04,SECONDARY,official MLB StatsAPI schedule density,mlb-attention: sparse schedule (90 vs median 90)
MLB_Attention_Live-00033,@MLB_Attention_Live,2026-06-22,2026-06-23,COLLECTED,SRAD,sell,3800,market,filled,2026-06-23,,14.48,3800,55024.0,75.5817,13.793,0.18665,14.7,2026-06-23,data/real/prices/yahoo/SRAD.json,2b98acbc8c99539adff859013008c24d152cb619d509bba11ec159ae2d4a7cb6,SECONDARY,official MLB StatsAPI schedule density,mlb-attention: sparse schedule (90 vs median 90)
VIXRegime_LiveMax-00039,@VIXRegime_LiveMax,2026-06-23,2026-06-24,COLLECTED,QQQ,sell,160,market,filled,2026-06-24,,715.35,160,114456.0,5.9588,0.28,0.0003,710.619995,2026-06-24,data/real/prices/yahoo/QQQ.json,ae9ec3c0b0b8e0f5cd28ee45eac2dfcff9f95a7c5a1244e170ab0980d85979ed,SECONDARY,official VIXCLS/SP500 regime rule,"vix-regime[undecided]: VIX 19.49 vs 60d median 18.45, 252d 80th percentile 19.86; S&P 7,365 vs 100d mean 7,051"
CurveSteepener_MaxBeta-00125,@CurveSteepener_MaxBeta,2026-06-23,2026-06-24,COLLECTED,TLT,buy,100,market,filled,2026-06-24,,87.16,100,8716.0,0.8301,1.147,0.00024,87.379997,2026-06-24,data/real/prices/yahoo/TLT.json,b2914ca7451d1c04fbe97f399361df69871d9a8afcbb0121541ac2bdd13a29f3,SECONDARY,official DGS10-DGS3MO 21-session change,curve-steepener: flattening -27.0bp
OilDollar_FadeUNG-00114,@OilDollar_FadeUNG,2026-06-23,2026-06-24,COLLECTED,UNG,sell,200,market,filled,2026-06-24,,11.52,200,2304.0,1.7939,-0.0,0.00426,11.73,2026-06-24,data/real/prices/yahoo/UNG.json,eb7bcc0769945fb2c40fbcd98753ed7e17e367cf69d2ce2bde9ae60f00a462cc,SECONDARY,official DCOILWTICO/DTWEXBGS 21-session rule,oil-dollar: oil -25.5%/21d against dollar +1.4%/21d
MLB_Attention_Live-00034,@MLB_Attention_Live,2026-06-23,2026-06-24,COLLECTED,DKNG,buy,2800,market,filled,2026-06-24,,25.0,2800,70000.0,46.6458,8.006,0.02394,24.530001,2026-06-24,data/real/prices/yahoo/DKNG.json,728eccb3861f5cb322bf539a1926fb53cb11fdf0d1412a8d19111bd3a9ac37ef,SECONDARY,official MLB StatsAPI schedule density,mlb-attention: 92 games and 44 upsets in 7 days vs median 90
MLB_Attention_Live-00035,@MLB_Attention_Live,2026-06-23,2026-06-24,COLLECTED,FLUT,buy,500,market,filled,2026-06-24,,97.99,500,48995.0,11.3774,2.041,0.01895,98.510002,2026-06-24,data/real/prices/yahoo/FLUT.json,b0ffbb30d24f61202de05dce905e96fb554a730be44b61df2e48712c8bcbabd0,SECONDARY,official MLB StatsAPI schedule density,mlb-attention: 92 games and 44 upsets in 7 days vs median 90
MLB_Attention_Live-00036,@MLB_Attention_Live,2026-06-23,2026-06-24,COLLECTED,PENN,buy,800,market,filled,2026-06-24,,20.5,800,16400.0,9.663,0.0,0.02184,20.379999,2026-06-24,data/real/prices/yahoo/PENN.json,a08c607c0926b67cf07c1d783cb680772c85851bf312595d1e12c5291078fa04,SECONDARY,official MLB StatsAPI schedule density,mlb-attention: 92 games and 44 upsets in 7 days vs median 90
MLB_Attention_Live-00037,@MLB_Attention_Live,2026-06-23,2026-06-24,COLLECTED,SRAD,buy,3400,market,filled,2026-06-24,,14.73,3400,50082.0,78.7408,13.596,0.19767,14.78,2026-06-24,data/real/prices/yahoo/SRAD.json,2b98acbc8c99539adff859013008c24d152cb619d509bba11ec159ae2d4a7cb6,SECONDARY,official MLB StatsAPI schedule density,mlb-attention: 92 games and 44 upsets in 7 days vs median 90
VolControl_MaxLev-00063,@VolControl_MaxLev,2026-06-23,2026-06-24,COLLECTED,QQQ,sell,80,market,filled,2026-06-24,,715.35,80,57228.0,2.7612,0.28,0.00015,710.619995,2026-06-24,data/real/prices/yahoo/QQQ.json,ae9ec3c0b0b8e0f5cd28ee45eac2dfcff9f95a7c5a1244e170ab0980d85979ed,SECONDARY,official VIXCLS tercile scaling,vol-control: volatile tercile (VIX 19.49 >= 18.17)
KitchenSink_Official-00140,@KitchenSink_Official,2026-06-23,2026-06-24,COLLECTED,SPY,sell,80,market,filled,2026-06-24,,735.16,80,58812.8,2.1208,0.136,0.00014,733.23999,2026-06-24,data/real/prices/yahoo/SPY.json,e0f05aaf67be23da1db20513eaed93274b165898427ebeab80c7cb2eca1d9a2d,SECONDARY,sign of eight official 21-session changes,kitchen-sink[riskoff]: score -4 of 8 official signs
KitchenSink_Official-00141,@KitchenSink_Official,2026-06-23,2026-06-24,COLLECTED,TLT,buy,700,market,filled,2026-06-24,,87.16,700,61012.0,6.1582,1.147,0.00167,87.379997,2026-06-24,data/real/prices/yahoo/TLT.json,b2914ca7451d1c04fbe97f399361df69871d9a8afcbb0121541ac2bdd13a29f3,SECONDARY,sign of eight official 21-session changes,kitchen-sink[riskoff]: score -4 of 8 official signs
CurveSteepener_MaxBeta-00126,@CurveSteepener_MaxBeta,2026-06-24,2026-06-25,COLLECTED,TLT,buy,100,market,filled,2026-06-25,,87.59,100,8759.0,0.8344,1.142,0.00035,87.349998,2026-06-25,data/real/prices/yahoo/TLT.json,b2914ca7451d1c04fbe97f399361df69871d9a8afcbb0121541ac2bdd13a29f3,SECONDARY,official DGS10-DGS3MO 21-session change,curve-steepener: flattening -33.0bp
OilDollar_FadeUNG-00115,@OilDollar_FadeUNG,2026-06-24,2026-06-25,COLLECTED,UNG,buy,200,market,filled,2026-06-25,,11.94,200,2388.0,1.7074,0.0,0.00319,11.75,2026-06-25,data/real/prices/yahoo/UNG.json,eb7bcc0769945fb2c40fbcd98753ed7e17e367cf69d2ce2bde9ae60f00a462cc,SECONDARY,official DCOILWTICO/DTWEXBGS 21-session rule,oil-dollar: oil -28.8%/21d against dollar +1.8%/21d
FDA_PDUFA_Drifter-00061,@FDA_PDUFA_Drifter,2026-06-24,2026-06-25,COLLECTED,IBB,buy,100,market,filled,2026-06-25,,182.18,100,18218.0,1.6396,0.549,0.00508,183.669998,2026-06-25,data/real/prices/yahoo/IBB.json,20849c9611587299a52489fe22060adc7823c700fb3483f21091d85a6cf8acb0,SECONDARY,"openFDA approval count, trailing 30 days",fda-drift: 30d approvals 78 >= median 67
MLB_Attention_Live-00038,@MLB_Attention_Live,2026-06-24,2026-06-25,COLLECTED,DKNG,buy,100,market,filled,2026-06-25,,24.78,100,2478.0,0.9097,2.018,0.0008,23.1,2026-06-25,data/real/prices/yahoo/DKNG.json,728eccb3861f5cb322bf539a1926fb53cb11fdf0d1412a8d19111bd3a9ac37ef,SECONDARY,official MLB StatsAPI schedule density,mlb-attention: 91 games and 45 upsets in 7 days vs median 90
VolControl_MaxLev-00064,@VolControl_MaxLev,2026-06-24,2026-06-25,COLLECTED,QQQ,sell,40,market,filled,2026-06-25,,725.89,40,29035.6,1.315,0.138,8e-05,716.380005,2026-06-25,data/real/prices/yahoo/QQQ.json,ae9ec3c0b0b8e0f5cd28ee45eac2dfcff9f95a7c5a1244e170ab0980d85979ed,SECONDARY,official VIXCLS tercile scaling,vol-control: volatile tercile (VIX 18.63 >= 18.23)
KitchenSink_Official-00142,@KitchenSink_Official,2026-06-24,2026-06-25,COLLECTED,SPY,sell,40,market,filled,2026-06-25,,738.9,40,29556.0,1.0268,0.135,7e-05,734.299988,2026-06-25,data/real/prices/yahoo/SPY.json,e0f05aaf67be23da1db20513eaed93274b165898427ebeab80c7cb2eca1d9a2d,SECONDARY,sign of eight official 21-session changes,kitchen-sink[riskoff]: score -4 of 8 official signs
KitchenSink_Official-00143,@KitchenSink_Official,2026-06-24,2026-06-25,COLLECTED,TLT,buy,700,market,filled,2026-06-25,,87.59,700,61313.0,6.2369,1.142,0.00247,87.349998,2026-06-25,data/real/prices/yahoo/TLT.json,b2914ca7451d1c04fbe97f399361df69871d9a8afcbb0121541ac2bdd13a29f3,SECONDARY,sign of eight official 21-session changes,kitchen-sink[riskoff]: score -4 of 8 official signs
SOFRPivot_Rider-00136,@SOFRPivot_Rider,2026-06-25,2026-06-26,COLLECTED,TLT,sell,2100,market,filled,2026-06-26,,87.01,2100,182721.0,24.2449,0.0,0.0097,87.360001,2026-06-26,data/real/prices/yahoo/TLT.json,b2914ca7451d1c04fbe97f399361df69871d9a8afcbb0121541ac2bdd13a29f3,SECONDARY,official SOFR 21-session direction,sofr-pivot: flat (+1.0bp over 21 sessions)
KitchenSink_Official-00144,@KitchenSink_Official,2026-06-25,2026-06-26,COLLECTED,TLT,buy,500,market,filled,2026-06-26,,87.02,500,43510.0,4.3801,1.149,0.00231,87.360001,2026-06-26,data/real/prices/yahoo/TLT.json,b2914ca7451d1c04fbe97f399361df69871d9a8afcbb0121541ac2bdd13a29f3,SECONDARY,sign of eight official 21-session changes,kitchen-sink[riskoff]: score -4 of 8 official signs
SOFRPivot_Rider-00137,@SOFRPivot_Rider,2026-06-26,2026-06-29,COLLECTED,SPY,buy,80,market,filled,2026-06-29,,736.54,80,58923.2,0.8954,0.135,0.00014,741.0,2026-06-29,data/real/prices/yahoo/SPY.json,e0f05aaf67be23da1db20513eaed93274b165898427ebeab80c7cb2eca1d9a2d,SECONDARY,official SOFR 21-session direction,sofr-pivot: flat (-1.0bp over 21 sessions)
FDA_PDUFA_Drifter-00062,@FDA_PDUFA_Drifter,2026-06-26,2026-06-29,COLLECTED,XBI,buy,100,market,filled,2026-06-29,,155.51,100,15551.0,1.204,0.643,0.00082,158.309998,2026-06-29,data/real/prices/yahoo/XBI.json,fe9eeb851e6faba2a7187e008fab271608d8a4d544227ad3543ac3d95d5dd769,SECONDARY,"openFDA approval count, trailing 30 days",fda-drift: 30d approvals 84 >= median 67
PinePilot_EMA_Live-00017,@PinePilot_EMA_Live,2026-06-26,2026-06-29,COLLECTED,QQQ,sell,320,market,filled,2026-06-29,,713.97,320,228470.4,13.1437,0.28,0.00071,724.080017,2026-06-29,data/real/prices/yahoo/QQQ.json,ae9ec3c0b0b8e0f5cd28ee45eac2dfcff9f95a7c5a1244e170ab0980d85979ed,SECONDARY,9/21 EMA cross,pinepilot: EMA9 718.77 < EMA21 718.89
KitchenSink_Official-00145,@KitchenSink_Official,2026-06-26,2026-06-29,COLLECTED,TLT,sell,1900,market,filled,2026-06-29,,87.36,1900,165984.0,21.832,0.0,0.00977,87.449997,2026-06-29,data/real/prices/yahoo/TLT.json,b2914ca7451d1c04fbe97f399361df69871d9a8afcbb0121541ac2bdd13a29f3,SECONDARY,sign of eight official 21-session changes,kitchen-sink[undecided]: score -2 of 8 official signs
VIXRegime_LiveMax-00040,@VIXRegime_LiveMax,2026-06-29,2026-06-30,COLLECTED,QQQ,buy,80,market,filled,2026-06-30,,724.2,80,57936.0,1.5973,0.276,0.00019,736.400024,2026-06-30,data/real/prices/yahoo/QQQ.json,ae9ec3c0b0b8e0f5cd28ee45eac2dfcff9f95a7c5a1244e170ab0980d85979ed,SECONDARY,official VIXCLS/SP500 regime rule,"vix-regime[calm]: VIX 17.65 vs 60d median 18.05, 252d 80th percentile 19.86; S&P 7,440 vs 100d mean 7,068"
SOFRPivot_Rider-00138,@SOFRPivot_Rider,2026-06-29,2026-06-30,COLLECTED,TLT,sell,100,market,filled,2026-06-30,,87.15,100,8715.0,1.033,0.0,0.00032,86.419998,2026-06-30,data/real/prices/yahoo/TLT.json,b2914ca7451d1c04fbe97f399361df69871d9a8afcbb0121541ac2bdd13a29f3,SECONDARY,official SOFR 21-session direction,sofr-pivot: flat (+0.0bp over 21 sessions)
OilDollar_FadeUNG-00116,@OilDollar_FadeUNG,2026-06-29,2026-06-30,COLLECTED,UNG,sell,300,market,filled,2026-06-30,,11.71,300,3513.0,2.7015,8.532,0.00492,11.72,2026-06-30,data/real/prices/yahoo/UNG.json,eb7bcc0769945fb2c40fbcd98753ed7e17e367cf69d2ce2bde9ae60f00a462cc,SECONDARY,official DCOILWTICO/DTWEXBGS 21-session rule,oil-dollar: oil -22.4%/21d against dollar +1.6%/21d
PinePilot_EMA_Live-00018,@PinePilot_EMA_Live,2026-06-29,2026-06-30,COLLECTED,QQQ,buy,240,market,filled,2026-06-30,,724.2,240,173808.0,6.0157,0.276,0.00057,736.400024,2026-06-30,data/real/prices/yahoo/QQQ.json,ae9ec3c0b0b8e0f5cd28ee45eac2dfcff9f95a7c5a1244e170ab0980d85979ed,SECONDARY,9/21 EMA cross,pinepilot: EMA9 719.83 > EMA21 719.36
VolControl_MaxLev-00065,@VolControl_MaxLev,2026-06-29,2026-06-30,COLLECTED,QQQ,buy,120,market,filled,2026-06-30,,724.2,120,86904.0,2.5838,0.276,0.00028,736.400024,2026-06-30,data/real/prices/yahoo/QQQ.json,ae9ec3c0b0b8e0f5cd28ee45eac2dfcff9f95a7c5a1244e170ab0980d85979ed,SECONDARY,official VIXCLS tercile scaling,vol-control: middle tercile (VIX 17.65)
KitchenSink_Official-00146,@KitchenSink_Official,2026-06-29,2026-06-30,COLLECTED,TLT,buy,1200,market,filled,2026-06-30,,87.16,1200,104592.0,11.0125,1.147,0.00386,86.419998,2026-06-30,data/real/prices/yahoo/TLT.json,b2914ca7451d1c04fbe97f399361df69871d9a8afcbb0121541ac2bdd13a29f3,SECONDARY,sign of eight official 21-session changes,kitchen-sink[riskoff]: score -3 of 8 official signs
VIXRegime_LiveMax-00041,@VIXRegime_LiveMax,2026-06-30,2026-07-01,COLLECTED,QQQ,buy,40,market,filled,2026-07-01,,729.21,40,29168.4,0.7227,0.274,0.0001,725.169983,2026-07-01,data/real/prices/yahoo/QQQ.json,ae9ec3c0b0b8e0f5cd28ee45eac2dfcff9f95a7c5a1244e170ab0980d85979ed,SECONDARY,official VIXCLS/SP500 regime rule,"vix-regime[calm]: VIX 16.45 vs 60d median 17.89, 252d 80th percentile 19.86; S&P 7,499 vs 100d mean 7,074"
SOFRPivot_Rider-00139,@SOFRPivot_Rider,2026-06-30,2026-07-01,COLLECTED,SPY,sell,40,market,filled,2026-07-01,,745.0,40,29800.0,1.0409,-0.0,8e-05,745.76001,2026-07-01,data/real/prices/yahoo/SPY.json,e0f05aaf67be23da1db20513eaed93274b165898427ebeab80c7cb2eca1d9a2d,SECONDARY,official SOFR 21-session direction,sofr-pivot: tightening (+5.0bp over 21 sessions)
SOFRPivot_Rider-00140,@SOFRPivot_Rider,2026-06-30,2026-07-01,COLLECTED,TLT,buy,800,market,filled,2026-07-01,,85.49,800,68392.0,7.2484,1.17,0.00285,85.519997,2026-07-01,data/real/prices/yahoo/TLT.json,b2914ca7451d1c04fbe97f399361df69871d9a8afcbb0121541ac2bdd13a29f3,SECONDARY,official SOFR 21-session direction,sofr-pivot: tightening (+5.0bp over 21 sessions)
OilDollar_FadeUNG-00117,@OilDollar_FadeUNG,2026-06-30,2026-07-01,COLLECTED,UNG,buy,300,market,filled,2026-07-01,,11.65,300,3495.0,2.5758,0.0,0.00814,11.52,2026-07-01,data/real/prices/yahoo/UNG.json,eb7bcc0769945fb2c40fbcd98753ed7e17e367cf69d2ce2bde9ae60f00a462cc,SECONDARY,official DCOILWTICO/DTWEXBGS 21-session rule,oil-dollar: oil -22.6%/21d against dollar +1.7%/21d
PinePilot_EMA_Live-00019,@PinePilot_EMA_Live,2026-06-30,2026-07-01,COLLECTED,QQQ,buy,40,market,filled,2026-07-01,,729.21,40,29168.4,0.7227,0.274,0.0001,725.169983,2026-07-01,data/real/prices/yahoo/QQQ.json,ae9ec3c0b0b8e0f5cd28ee45eac2dfcff9f95a7c5a1244e170ab0980d85979ed,SECONDARY,9/21 EMA cross,pinepilot: EMA9 723.14 > EMA21 720.91
KitchenSink_Official-00147,@KitchenSink_Official,2026-06-30,2026-07-01,COLLECTED,TLT,buy,600,market,filled,2026-07-01,,85.49,600,51294.0,5.351,1.17,0.00213,85.519997,2026-07-01,data/real/prices/yahoo/TLT.json,b2914ca7451d1c04fbe97f399361df69871d9a8afcbb0121541ac2bdd13a29f3,SECONDARY,sign of eight official 21-session changes,kitchen-sink[riskoff]: score -4 of 8 official signs
VIXRegime_LiveMax-00042,@VIXRegime_LiveMax,2026-07-01,2026-07-02,COLLECTED,QQQ,buy,40,market,filled,2026-07-02,,725.6,40,29024.0,0.7257,0.275,8e-05,712.599976,2026-07-02,data/real/prices/yahoo/QQQ.json,ae9ec3c0b0b8e0f5cd28ee45eac2dfcff9f95a7c5a1244e170ab0980d85979ed,SECONDARY,official VIXCLS/SP500 regime rule,"vix-regime[calm]: VIX 16.59 vs 60d median 17.82, 252d 80th percentile 19.86; S&P 7,483 vs 100d mean 7,081"
SOFRPivot_Rider-00141,@SOFRPivot_Rider,2026-07-01,2026-07-02,COLLECTED,TLT,sell,700,market,filled,2026-07-02,,85.37,700,59759.0,7.7106,1.171,0.00336,85.510002,2026-07-02,data/real/prices/yahoo/TLT.json,b2914ca7451d1c04fbe97f399361df69871d9a8afcbb0121541ac2bdd13a29f3,SECONDARY,official SOFR 21-session direction,sofr-pivot: flat (+1.0bp over 21 sessions)
SOFRPivot_Rider-00142,@SOFRPivot_Rider,2026-07-01,2026-07-02,COLLECTED,SPY,buy,40,market,filled,2026-07-02,,747.41,40,29896.4,0.4208,0.133,7e-05,744.780029,2026-07-02,data/real/prices/yahoo/SPY.json,e0f05aaf67be23da1db20513eaed93274b165898427ebeab80c7cb2eca1d9a2d,SECONDARY,official SOFR 21-session direction,sofr-pivot: flat (+1.0bp over 21 sessions)
OilDollar_FadeUNG-00118,@OilDollar_FadeUNG,2026-07-01,2026-07-02,COLLECTED,UNG,sell,200,market,filled,2026-07-02,,11.46,200,2292.0,1.7774,8.718,0.00391,11.58,2026-07-02,data/real/prices/yahoo/UNG.json,eb7bcc0769945fb2c40fbcd98753ed7e17e367cf69d2ce2bde9ae60f00a462cc,SECONDARY,official DCOILWTICO/DTWEXBGS 21-session rule,oil-dollar: oil -27.3%/21d against dollar +1.7%/21d
PinePilot_EMA_Live-00020,@PinePilot_EMA_Live,2026-07-01,2026-07-02,COLLECTED,QQQ,buy,40,market,filled,2026-07-02,,725.6,40,29024.0,0.7257,0.275,8e-05,712.599976,2026-07-02,data/real/prices/yahoo/QQQ.json,ae9ec3c0b0b8e0f5cd28ee45eac2dfcff9f95a7c5a1244e170ab0980d85979ed,SECONDARY,9/21 EMA cross,pinepilot: EMA9 723.55 > EMA21 721.30
GoldVsRealRate_Live-00091,@GoldVsRealRate_Live,2026-07-01,2026-07-02,COLLECTED,GLD,sell,240,market,filled,2026-07-02,,377.43,240,90583.2,7.2975,0.265,0.00316,378.130005,2026-07-02,data/real/prices/yahoo/GLD.json,545093d31c9d8284e3b5dc66f668a6cb7391d9925b5abdf3e82bcaa71e423b40,SECONDARY,"DGS10 minus SOFR, 21-session change",gold-real-rate: proxy flat (+0.0bp)
KitchenSink_Official-00148,@KitchenSink_Official,2026-07-01,2026-07-02,COLLECTED,TLT,buy,100,market,filled,2026-07-02,,85.38,100,8538.0,0.8401,0.0,0.00048,85.510002,2026-07-02,data/real/prices/yahoo/TLT.json,b2914ca7451d1c04fbe97f399361df69871d9a8afcbb0121541ac2bdd13a29f3,SECONDARY,sign of eight official 21-session changes,kitchen-sink[riskoff]: score -6 of 8 official signs
SOFRPivot_Rider-00143,@SOFRPivot_Rider,2026-07-02,2026-07-06,COLLECTED,TLT,sell,100,market,filled,2026-07-06,,85.43,100,8543.0,1.0357,-0.0,0.00056,85.449997,2026-07-06,data/real/prices/yahoo/TLT.json,b2914ca7451d1c04fbe97f399361df69871d9a8afcbb0121541ac2bdd13a29f3,SECONDARY,official SOFR 21-session direction,sofr-pivot: flat (+1.0bp over 21 sessions)
CurveSteepener_MaxBeta-00127,@CurveSteepener_MaxBeta,2026-07-02,2026-07-06,COLLECTED,TLT,sell,2200,market,filled,2026-07-06,,85.43,2200,187946.0,26.0464,-0.0,0.01226,85.449997,2026-07-06,data/real/prices/yahoo/TLT.json,b2914ca7451d1c04fbe97f399361df69871d9a8afcbb0121541ac2bdd13a29f3,SECONDARY,official DGS10-DGS3MO 21-session change,curve-steepener: flat -2.0bp
VolControl_MaxLev-00066,@VolControl_MaxLev,2026-07-02,2026-07-06,COLLECTED,QQQ,buy,40,market,filled,2026-07-06,,719.95,40,28798.0,0.7276,0.278,0.00013,722.820007,2026-07-06,data/real/prices/yahoo/QQQ.json,ae9ec3c0b0b8e0f5cd28ee45eac2dfcff9f95a7c5a1244e170ab0980d85979ed,SECONDARY,official VIXCLS tercile scaling,vol-control: calm tercile (VIX 16.15 <= 16.37)
CurveSteepener_MaxBeta-00128,@CurveSteepener_MaxBeta,2026-07-06,2026-07-07,COLLECTED,SPY,buy,120,market,filled,2026-07-07,,750.22,120,90026.4,1.4942,0.0,0.00027,747.710022,2026-07-07,data/real/prices/yahoo/SPY.json,e0f05aaf67be23da1db20513eaed93274b165898427ebeab80c7cb2eca1d9a2d,SECONDARY,official DGS10-DGS3MO 21-session change,curve-steepener: flat -8.0bp
FDA_PDUFA_Drifter-00063,@FDA_PDUFA_Drifter,2026-07-06,2026-07-07,COLLECTED,IBB,sell,200,market,filled,2026-07-07,,197.77,200,39554.0,4.7153,1.011,0.00761,198.229996,2026-07-07,data/real/prices/yahoo/IBB.json,20849c9611587299a52489fe22060adc7823c700fb3483f21091d85a6cf8acb0,SECONDARY,"openFDA approval count, trailing 30 days",fda-drift: 30d approvals 64 < median 67
FDA_PDUFA_Drifter-00064,@FDA_PDUFA_Drifter,2026-07-06,2026-07-07,COLLECTED,XBI,sell,1400,market,filled,2026-07-07,,162.02,1400,226828.0,34.8824,1.234,0.01466,163.869995,2026-07-07,data/real/prices/yahoo/XBI.json,fe9eeb851e6faba2a7187e008fab271608d8a4d544227ad3543ac3d95d5dd769,SECONDARY,"openFDA approval count, trailing 30 days",fda-drift: 30d approvals 64 < median 67
MLB_Attention_Live-00039,@MLB_Attention_Live,2026-07-06,2026-07-07,COLLECTED,DKNG,buy,200,market,filled,2026-07-07,,26.38,200,5276.0,1.951,0.0,0.00226,26.91,2026-07-07,data/real/prices/yahoo/DKNG.json,728eccb3861f5cb322bf539a1926fb53cb11fdf0d1412a8d19111bd3a9ac37ef,SECONDARY,official MLB StatsAPI schedule density,mlb-attention: 94 games and 38 upsets in 7 days vs median 91
VolControl_MaxLev-00067,@VolControl_MaxLev,2026-07-06,2026-07-07,COLLECTED,QQQ,buy,40,market,filled,2026-07-07,,714.19,40,28567.6,0.7295,0.28,9e-05,709.429993,2026-07-07,data/real/prices/yahoo/QQQ.json,ae9ec3c0b0b8e0f5cd28ee45eac2dfcff9f95a7c5a1244e170ab0980d85979ed,SECONDARY,official VIXCLS tercile scaling,vol-control: calm tercile (VIX 15.57 <= 16.36)
KitchenSink_Official-00149,@KitchenSink_Official,2026-07-06,2026-07-07,COLLECTED,TLT,sell,1800,market,filled,2026-07-07,,85.12,1800,153216.0,20.9515,0.0,0.00725,84.550003,2026-07-07,data/real/prices/yahoo/TLT.json,b2914ca7451d1c04fbe97f399361df69871d9a8afcbb0121541ac2bdd13a29f3,SECONDARY,sign of eight official 21-session changes,kitchen-sink[undecided]: score -2 of 8 official signs
OilDollar_FadeUNG-00119,@OilDollar_FadeUNG,2026-07-07,2026-07-08,COLLECTED,UNG,buy,200,market,filled,2026-07-08,,11.85,200,2370.0,1.6869,8.446,0.00336,11.6,2026-07-08,data/real/prices/yahoo/UNG.json,eb7bcc0769945fb2c40fbcd98753ed7e17e367cf69d2ce2bde9ae60f00a462cc,SECONDARY,official DCOILWTICO/DTWEXBGS 21-session rule,oil-dollar: oil -26.1%/21d against dollar +1.2%/21d
FDA_PDUFA_Drifter-00065,@FDA_PDUFA_Drifter,2026-07-07,2026-07-08,COLLECTED,IBB,buy,200,market,filled,2026-07-08,,196.96,200,39392.0,3.7782,1.015,0.01019,196.339996,2026-07-08,data/real/prices/yahoo/IBB.json,20849c9611587299a52489fe22060adc7823c700fb3483f21091d85a6cf8acb0,SECONDARY,"openFDA approval count, trailing 30 days",fda-drift: 30d approvals 67 >= median 67
FDA_PDUFA_Drifter-00066,@FDA_PDUFA_Drifter,2026-07-07,2026-07-08,COLLECTED,XBI,buy,900,market,filled,2026-07-08,,162.24,900,146016.0,16.6753,0.617,0.00834,162.970001,2026-07-08,data/real/prices/yahoo/XBI.json,fe9eeb851e6faba2a7187e008fab271608d8a4d544227ad3543ac3d95d5dd769,SECONDARY,"openFDA approval count, trailing 30 days",fda-drift: 30d approvals 67 >= median 67
MLB_Attention_Live-00040,@MLB_Attention_Live,2026-07-07,2026-07-08,COLLECTED,DKNG,sell,3000,market,filled,2026-07-08,,26.65,3000,79950.0,46.9651,3.751,0.03058,27.17,2026-07-08,data/real/prices/yahoo/DKNG.json,728eccb3861f5cb322bf539a1926fb53cb11fdf0d1412a8d19111bd3a9ac37ef,SECONDARY,official MLB StatsAPI schedule density,mlb-attention: sparse schedule (89 vs median 91)
MLB_Attention_Live-00041,@MLB_Attention_Live,2026-07-07,2026-07-08,COLLECTED,FLUT,sell,400,market,filled,2026-07-08,,107.1,400,42840.0,9.9786,0.934,0.01737,111.32,2026-07-08,data/real/prices/yahoo/FLUT.json,b0ffbb30d24f61202de05dce905e96fb554a730be44b61df2e48712c8bcbabd0,SECONDARY,official MLB StatsAPI schedule density,mlb-attention: sparse schedule (89 vs median 91)
MLB_Attention_Live-00042,@MLB_Attention_Live,2026-07-07,2026-07-08,COLLECTED,PENN,sell,2000,market,filled,2026-07-08,,20.79,2000,41580.0,26.5079,0.0,0.04003,20.120001,2026-07-08,data/real/prices/yahoo/PENN.json,a08c607c0926b67cf07c1d783cb680772c85851bf312595d1e12c5291078fa04,SECONDARY,official MLB StatsAPI schedule density,mlb-attention: sparse schedule (89 vs median 91)
MLB_Attention_Live-00043,@MLB_Attention_Live,2026-07-07,2026-07-08,COLLECTED,SRAD,sell,3500,market,filled,2026-07-08,,15.65,3500,54775.0,70.9432,12.763,0.17745,16.16,2026-07-08,data/real/prices/yahoo/SRAD.json,2b98acbc8c99539adff859013008c24d152cb619d509bba11ec159ae2d4a7cb6,SECONDARY,official MLB StatsAPI schedule density,mlb-attention: sparse schedule (89 vs median 91)
PinePilot_EMA_Live-00021,@PinePilot_EMA_Live,2026-07-07,2026-07-08,COLLECTED,QQQ,sell,320,market,filled,2026-07-08,,704.93,320,225577.6,13.6126,0.284,0.0009,711.440002,2026-07-08,data/real/prices/yahoo/QQQ.json,ae9ec3c0b0b8e0f5cd28ee45eac2dfcff9f95a7c5a1244e170ab0980d85979ed,SECONDARY,9/21 EMA cross,pinepilot: EMA9 719.21 < EMA21 719.69
KitchenSink_Official-00150,@KitchenSink_Official,2026-07-07,2026-07-08,COLLECTED,TLT,buy,1200,market,filled,2026-07-08,,84.31,1200,101172.0,11.3325,0.0,0.00465,84.360001,2026-07-08,data/real/prices/yahoo/TLT.json,b2914ca7451d1c04fbe97f399361df69871d9a8afcbb0121541ac2bdd13a29f3,SECONDARY,sign of eight official 21-session changes,kitchen-sink[riskoff]: score -3 of 8 official signs
SOFRPivot_Rider-00144,@SOFRPivot_Rider,2026-07-08,2026-07-09,COLLECTED,SPY,sell,80,market,filled,2026-07-09,,747.34,80,59787.2,2.1371,0.133,0.00019,751.710022,2026-07-09,data/real/prices/yahoo/SPY.json,e0f05aaf67be23da1db20513eaed93274b165898427ebeab80c7cb2eca1d9a2d,SECONDARY,official SOFR 21-session direction,sofr-pivot: easing (-5.0bp over 21 sessions)
SOFRPivot_Rider-00145,@SOFRPivot_Rider,2026-07-08,2026-07-09,COLLECTED,QQQ,buy,80,market,filled,2026-07-09,,718.35,80,57468.0,1.5708,0.278,0.00024,723.280029,2026-07-09,data/real/prices/yahoo/QQQ.json,ae9ec3c0b0b8e0f5cd28ee45eac2dfcff9f95a7c5a1244e170ab0980d85979ed,SECONDARY,official SOFR 21-session direction,sofr-pivot: easing (-5.0bp over 21 sessions)
SOFRPivot_Rider-00146,@SOFRPivot_Rider,2026-07-08,2026-07-09,COLLECTED,TSLA,buy,120,market,filled,2026-07-09,,394.01,120,47281.2,2.5592,0.508,0.00032,406.549988,2026-07-09,data/real/prices/yahoo/TSLA.json,6916f4c63d07180ce9efd08a9e88d50b7d43121d02443b933214c54bbb6e84f7,SECONDARY,official SOFR 21-session direction,sofr-pivot: easing (-5.0bp over 21 sessions)
FDA_PDUFA_Drifter-00067,@FDA_PDUFA_Drifter,2026-07-08,2026-07-09,COLLECTED,XBI,buy,300,market,filled,2026-07-09,,162.82,300,48846.0,3.9386,1.228,0.00398,164.279999,2026-07-09,data/real/prices/yahoo/XBI.json,fe9eeb851e6faba2a7187e008fab271608d8a4d544227ad3543ac3d95d5dd769,SECONDARY,"openFDA approval count, trailing 30 days",fda-drift: 30d approvals 71 >= median 67
MLB_Attention_Live-00044,@MLB_Attention_Live,2026-07-08,2026-07-09,COLLECTED,FLUT,sell,100,market,filled,2026-07-09,,109.92,100,10992.0,1.7999,0.91,0.00434,110.790001,2026-07-09,data/real/prices/yahoo/FLUT.json,b0ffbb30d24f61202de05dce905e96fb554a730be44b61df2e48712c8bcbabd0,SECONDARY,official MLB StatsAPI schedule density,mlb-attention: sparse schedule (90 vs median 91)
MLB_Attention_Live-00045,@MLB_Attention_Live,2026-07-08,2026-07-09,COLLECTED,PENN,sell,1500,market,filled,2026-07-09,,20.53,1500,30795.0,18.9724,0.0,0.05693,20.690001,2026-07-09,data/real/prices/yahoo/PENN.json,a08c607c0926b67cf07c1d783cb680772c85851bf312595d1e12c5291078fa04,SECONDARY,official MLB StatsAPI schedule density,mlb-attention: sparse schedule (90 vs median 91)
VolControl_MaxLev-00068,@VolControl_MaxLev,2026-07-08,2026-07-09,COLLECTED,QQQ,sell,40,market,filled,2026-07-09,,718.32,40,28732.8,1.3073,0.139,0.00012,723.280029,2026-07-09,data/real/prices/yahoo/QQQ.json,ae9ec3c0b0b8e0f5cd28ee45eac2dfcff9f95a7c5a1244e170ab0980d85979ed,SECONDARY,official VIXCLS tercile scaling,vol-control: middle tercile (VIX 16.90)
GoldVsRealRate_Live-00092,@GoldVsRealRate_Live,2026-07-08,2026-07-09,COLLECTED,GLD,sell,160,market,filled,2026-07-09,,378.5,160,60560.0,4.4192,0.264,0.00337,378.179993,2026-07-09,data/real/prices/yahoo/GLD.json,545093d31c9d8284e3b5dc66f668a6cb7391d9925b5abdf3e82bcaa71e423b40,SECONDARY,"DGS10 minus SOFR, 21-session change",gold-real-rate: opportunity-cost proxy rising +13.0bp
GoldVsRealRate_Live-00093,@GoldVsRealRate_Live,2026-07-08,2026-07-09,COLLECTED,TLT,buy,600,market,filled,2026-07-09,,84.28,600,50568.0,5.4055,0.0,0.00322,84.489998,2026-07-09,data/real/prices/yahoo/TLT.json,b2914ca7451d1c04fbe97f399361df69871d9a8afcbb0121541ac2bdd13a29f3,SECONDARY,"DGS10 minus SOFR, 21-session change",gold-real-rate: opportunity-cost proxy rising +13.0bp
KitchenSink_Official-00151,@KitchenSink_Official,2026-07-08,2026-07-09,COLLECTED,TLT,sell,1200,market,filled,2026-07-09,,84.27,1200,101124.0,13.6297,1.186,0.00644,84.489998,2026-07-09,data/real/prices/yahoo/TLT.json,b2914ca7451d1c04fbe97f399361df69871d9a8afcbb0121541ac2bdd13a29f3,SECONDARY,sign of eight official 21-session changes,kitchen-sink[undecided]: score +2 of 8 official signs
KitchenSink_Official-00152,@KitchenSink_Official,2026-07-08,2026-07-09,COLLECTED,SPY,buy,40,market,filled,2026-07-09,,747.35,40,29894.0,0.4083,0.0,0.0001,751.710022,2026-07-09,data/real/prices/yahoo/SPY.json,e0f05aaf67be23da1db20513eaed93274b165898427ebeab80c7cb2eca1d9a2d,SECONDARY,sign of eight official 21-session changes,kitchen-sink[undecided]: score +2 of 8 official signs
SOFRPivot_Rider-00147,@SOFRPivot_Rider,2026-07-09,2026-07-10,COLLECTED,QQQ,buy,40,market,filled,2026-07-10,,720.71,40,28828.4,0.7097,0.139,0.00015,725.51001,2026-07-10,data/real/prices/yahoo/QQQ.json,ae9ec3c0b0b8e0f5cd28ee45eac2dfcff9f95a7c5a1244e170ab0980d85979ed,SECONDARY,official SOFR 21-session direction,sofr-pivot: easing (-10.0bp over 21 sessions)
OilDollar_FadeUNG-00120,@OilDollar_FadeUNG,2026-07-09,2026-07-10,COLLECTED,UNG,sell,1000,market,filled,2026-07-10,,10.57,1000,10570.0,9.4017,-0.0,0.01197,10.6,2026-07-10,data/real/prices/yahoo/UNG.json,eb7bcc0769945fb2c40fbcd98753ed7e17e367cf69d2ce2bde9ae60f00a462cc,SECONDARY,official DCOILWTICO/DTWEXBGS 21-session rule,oil-dollar: oil -23.0%/21d against dollar +0.6%/21d
FDA_PDUFA_Drifter-00068,@FDA_PDUFA_Drifter,2026-07-09,2026-07-10,COLLECTED,XBI,buy,100,market,filled,2026-07-10,,163.89,100,16389.0,1.0925,0.0,0.00082,159.029999,2026-07-10,data/real/prices/yahoo/XBI.json,fe9eeb851e6faba2a7187e008fab271608d8a4d544227ad3543ac3d95d5dd769,SECONDARY,"openFDA approval count, trailing 30 days",fda-drift: 30d approvals 70 >= median 67
VolControl_MaxLev-00069,@VolControl_MaxLev,2026-07-09,2026-07-10,COLLECTED,QQQ,buy,40,market,filled,2026-07-10,,720.71,40,28828.4,0.7097,0.139,0.00015,725.51001,2026-07-10,data/real/prices/yahoo/QQQ.json,ae9ec3c0b0b8e0f5cd28ee45eac2dfcff9f95a7c5a1244e170ab0980d85979ed,SECONDARY,official VIXCLS tercile scaling,vol-control: calm tercile (VIX 15.84 <= 16.35)
GoldVsRealRate_Live-00094,@GoldVsRealRate_Live,2026-07-09,2026-07-10,COLLECTED,TLT,buy,700,market,filled,2026-07-10,,84.52,700,59164.0,6.3568,1.183,0.00484,84.470001,2026-07-10,data/real/prices/yahoo/TLT.json,b2914ca7451d1c04fbe97f399361df69871d9a8afcbb0121541ac2bdd13a29f3,SECONDARY,"DGS10 minus SOFR, 21-session change",gold-real-rate: opportunity-cost proxy rising +9.0bp
KitchenSink_Official-00153,@KitchenSink_Official,2026-07-09,2026-07-10,COLLECTED,SPY,sell,40,market,filled,2026-07-10,,752.04,40,30081.6,1.0384,0.133,9e-05,754.950012,2026-07-10,data/real/prices/yahoo/SPY.json,e0f05aaf67be23da1db20513eaed93274b165898427ebeab80c7cb2eca1d9a2d,SECONDARY,sign of eight official 21-session changes,kitchen-sink[riskon]: score +4 of 8 official signs
KitchenSink_Official-00154,@KitchenSink_Official,2026-07-09,2026-07-10,COLLECTED,QQQ,buy,120,market,filled,2026-07-10,,720.72,120,86486.4,2.5456,0.277,0.00045,725.51001,2026-07-10,data/real/prices/yahoo/QQQ.json,ae9ec3c0b0b8e0f5cd28ee45eac2dfcff9f95a7c5a1244e170ab0980d85979ed,SECONDARY,sign of eight official 21-session changes,kitchen-sink[riskon]: score +4 of 8 official signs
SOFRPivot_Rider-00148,@SOFRPivot_Rider,2026-07-10,2026-07-13,COLLECTED,QQQ,buy,40,market,filled,2026-07-13,,717.73,40,28709.2,0.7073,0.14,0.00011,711.73999,2026-07-13,data/real/prices/yahoo/QQQ.json,ae9ec3c0b0b8e0f5cd28ee45eac2dfcff9f95a7c5a1244e170ab0980d85979ed,SECONDARY,official SOFR 21-session direction,sofr-pivot: easing (-5.0bp over 21 sessions)
OilDollar_FadeUNG-00121,@OilDollar_FadeUNG,2026-07-10,2026-07-13,COLLECTED,UNG,sell,300,market,filled,2026-07-13,,10.3,300,3090.0,2.6835,9.699,0.00259,10.37,2026-07-13,data/real/prices/yahoo/UNG.json,eb7bcc0769945fb2c40fbcd98753ed7e17e367cf69d2ce2bde9ae60f00a462cc,SECONDARY,official DCOILWTICO/DTWEXBGS 21-session rule,oil-dollar: oil -21.2%/21d against dollar +0.5%/21d
FDA_PDUFA_Drifter-00069,@FDA_PDUFA_Drifter,2026-07-10,2026-07-13,COLLECTED,XBI,buy,100,market,filled,2026-07-13,,157.23,100,15723.0,1.1273,0.0,0.00088,155.339996,2026-07-13,data/real/prices/yahoo/XBI.json,fe9eeb851e6faba2a7187e008fab271608d8a4d544227ad3543ac3d95d5dd769,SECONDARY,"openFDA approval count, trailing 30 days",fda-drift: 30d approvals 69 >= median 67
MLB_Attention_Live-00046,@MLB_Attention_Live,2026-07-10,2026-07-13,COLLECTED,DKNG,buy,3000,market,filled,2026-07-13,,26.82,3000,80460.0,51.8355,3.73,0.02203,26.450001,2026-07-13,data/real/prices/yahoo/DKNG.json,728eccb3861f5cb322bf539a1926fb53cb11fdf0d1412a8d19111bd3a9ac37ef,SECONDARY,official MLB StatsAPI schedule density,mlb-attention: 95 games and 37 upsets in 7 days vs median 91
MLB_Attention_Live-00047,@MLB_Attention_Live,2026-07-10,2026-07-13,COLLECTED,FLUT,buy,500,market,filled,2026-07-13,,112.87,500,56435.0,11.6524,1.772,0.01707,112.400002,2026-07-13,data/real/prices/yahoo/FLUT.json,b0ffbb30d24f61202de05dce905e96fb554a730be44b61df2e48712c8bcbabd0,SECONDARY,official MLB StatsAPI schedule density,mlb-attention: 95 games and 37 upsets in 7 days vs median 91
MLB_Attention_Live-00048,@MLB_Attention_Live,2026-07-10,2026-07-13,COLLECTED,PENN,buy,3500,market,filled,2026-07-13,,20.38,3500,71330.0,62.7939,9.823,0.13386,20.48,2026-07-13,data/real/prices/yahoo/PENN.json,a08c607c0926b67cf07c1d783cb680772c85851bf312595d1e12c5291078fa04,SECONDARY,official MLB StatsAPI schedule density,mlb-attention: 95 games and 37 upsets in 7 days vs median 91
MLB_Attention_Live-00049,@MLB_Attention_Live,2026-07-10,2026-07-13,COLLECTED,SRAD,buy,3800,market,filled,2026-07-13,,15.6,3800,59280.0,87.5609,12.837,0.17613,15.59,2026-07-13,data/real/prices/yahoo/SRAD.json,2b98acbc8c99539adff859013008c24d152cb619d509bba11ec159ae2d4a7cb6,SECONDARY,official MLB StatsAPI schedule density,mlb-attention: 95 games and 37 upsets in 7 days vs median 91
PinePilot_EMA_Live-00022,@PinePilot_EMA_Live,2026-07-10,2026-07-13,COLLECTED,QQQ,buy,240,market,filled,2026-07-13,,717.74,240,172257.6,5.8733,0.279,0.00066,711.73999,2026-07-13,data/real/prices/yahoo/QQQ.json,ae9ec3c0b0b8e0f5cd28ee45eac2dfcff9f95a7c5a1244e170ab0980d85979ed,SECONDARY,9/21 EMA cross,pinepilot: EMA9 720.12 > EMA21 719.90
KitchenSink_Official-00155,@KitchenSink_Official,2026-07-10,2026-07-13,COLLECTED,QQQ,sell,120,market,filled,2026-07-13,,717.7,120,86124.0,4.331,0.278,0.00033,711.73999,2026-07-13,data/real/prices/yahoo/QQQ.json,ae9ec3c0b0b8e0f5cd28ee45eac2dfcff9f95a7c5a1244e170ab0980d85979ed,SECONDARY,sign of eight official 21-session changes,kitchen-sink[undecided]: score +2 of 8 official signs
KitchenSink_Official-00156,@KitchenSink_Official,2026-07-10,2026-07-13,COLLECTED,SPY,buy,80,market,filled,2026-07-13,,752.47,80,60197.6,0.8977,0.0,0.00018,749.169983,2026-07-13,data/real/prices/yahoo/SPY.json,e0f05aaf67be23da1db20513eaed93274b165898427ebeab80c7cb2eca1d9a2d,SECONDARY,sign of eight official 21-session changes,kitchen-sink[undecided]: score +2 of 8 official signs
SOFRPivot_Rider-00149,@SOFRPivot_Rider,2026-07-13,2026-07-14,COLLECTED,QQQ,sell,160,market,filled,2026-07-14,,720.2,160,115232.0,5.9839,0.277,0.00054,719.690002,2026-07-14,data/real/prices/yahoo/QQQ.json,ae9ec3c0b0b8e0f5cd28ee45eac2dfcff9f95a7c5a1244e170ab0980d85979ed,SECONDARY,official SOFR 21-session direction,sofr-pivot: flat (+1.0bp over 21 sessions)
SOFRPivot_Rider-00150,@SOFRPivot_Rider,2026-07-13,2026-07-14,COLLECTED,TSLA,sell,120,market,filled,2026-07-14,,399.03,120,47883.6,3.5536,0.501,0.00051,396.179993,2026-07-14,data/real/prices/yahoo/TSLA.json,6916f4c63d07180ce9efd08a9e88d50b7d43121d02443b933214c54bbb6e84f7,SECONDARY,official SOFR 21-session direction,sofr-pivot: flat (+1.0bp over 21 sessions)
OilDollar_FadeUNG-00122,@OilDollar_FadeUNG,2026-07-13,2026-07-14,COLLECTED,UNG,sell,300,market,filled,2026-07-14,,10.41,300,3123.0,2.6852,-0.0,0.0053,10.52,2026-07-14,data/real/prices/yahoo/UNG.json,eb7bcc0769945fb2c40fbcd98753ed7e17e367cf69d2ce2bde9ae60f00a462cc,SECONDARY,official DCOILWTICO/DTWEXBGS 21-session rule,oil-dollar: oil -15.5%/21d against dollar +0.7%/21d
FDA_PDUFA_Drifter-00070,@FDA_PDUFA_Drifter,2026-07-13,2026-07-14,COLLECTED,IBB,sell,200,market,filled,2026-07-14,,189.54,200,37908.0,4.5155,0.528,0.01658,188.669998,2026-07-14,data/real/prices/yahoo/IBB.json,20849c9611587299a52489fe22060adc7823c700fb3483f21091d85a6cf8acb0,SECONDARY,"openFDA approval count, trailing 30 days",fda-drift: 30d approvals 64 < median 67
FDA_PDUFA_Drifter-00071,@FDA_PDUFA_Drifter,2026-07-13,2026-07-14,COLLECTED,XBI,sell,1400,market,filled,2026-07-14,,155.71,1400,217994.0,33.2562,0.642,0.0171,155.449997,2026-07-14,data/real/prices/yahoo/XBI.json,fe9eeb851e6faba2a7187e008fab271608d8a4d544227ad3543ac3d95d5dd769,SECONDARY,"openFDA approval count, trailing 30 days",fda-drift: 30d approvals 64 < median 67
PinePilot_EMA_Live-00023,@PinePilot_EMA_Live,2026-07-13,2026-07-14,COLLECTED,QQQ,sell,240,market,filled,2026-07-14,,720.2,240,172848.0,9.4812,0.277,0.00081,719.690002,2026-07-14,data/real/prices/yahoo/QQQ.json,ae9ec3c0b0b8e0f5cd28ee45eac2dfcff9f95a7c5a1244e170ab0980d85979ed,SECONDARY,9/21 EMA cross,pinepilot: EMA9 718.45 < EMA21 719.16
VolControl_MaxLev-00070,@VolControl_MaxLev,2026-07-13,2026-07-14,COLLECTED,QQQ,sell,40,market,filled,2026-07-14,,720.21,40,28808.4,1.3086,0.138,0.00014,719.690002,2026-07-14,data/real/prices/yahoo/QQQ.json,ae9ec3c0b0b8e0f5cd28ee45eac2dfcff9f95a7c5a1244e170ab0980d85979ed,SECONDARY,official VIXCLS tercile scaling,vol-control: middle tercile (VIX 17.16)
GoldVsRealRate_Live-00095,@GoldVsRealRate_Live,2026-07-13,2026-07-14,COLLECTED,GLD,sell,40,market,filled,2026-07-14,,374.51,40,14980.4,0.848,0.534,0.00063,372.149994,2026-07-14,data/real/prices/yahoo/GLD.json,545093d31c9d8284e3b5dc66f668a6cb7391d9925b5abdf3e82bcaa71e423b40,SECONDARY,"DGS10 minus SOFR, 21-session change",gold-real-rate: opportunity-cost proxy rising +9.0bp
SOFRPivot_Rider-00151,@SOFRPivot_Rider,2026-07-14,2026-07-15,COLLECTED,SPY,buy,80,market,filled,2026-07-15,,754.24,80,60339.2,0.866,0.0,0.00018,754.809998,2026-07-15,data/real/prices/yahoo/SPY.json,e0f05aaf67be23da1db20513eaed93274b165898427ebeab80c7cb2eca1d9a2d,SECONDARY,official SOFR 21-session direction,sofr-pivot: flat (+3.0bp over 21 sessions)
FDA_PDUFA_Drifter-00072,@FDA_PDUFA_Drifter,2026-07-14,2026-07-15,COLLECTED,IBB,buy,200,market,filled,2026-07-15,,188.27,200,37654.0,3.5772,1.062,0.01704,189.899994,2026-07-15,data/real/prices/yahoo/IBB.json,20849c9611587299a52489fe22060adc7823c700fb3483f21091d85a6cf8acb0,SECONDARY,"openFDA approval count, trailing 30 days",fda-drift: 30d approvals 67 >= median 67
FDA_PDUFA_Drifter-00073,@FDA_PDUFA_Drifter,2026-07-14,2026-07-15,COLLECTED,XBI,buy,800,market,filled,2026-07-15,,154.27,800,123416.0,13.5482,1.297,0.01426,156.220001,2026-07-15,data/real/prices/yahoo/XBI.json,fe9eeb851e6faba2a7187e008fab271608d8a4d544227ad3543ac3d95d5dd769,SECONDARY,"openFDA approval count, trailing 30 days",fda-drift: 30d approvals 67 >= median 67
MLB_Attention_Live-00050,@MLB_Attention_Live,2026-07-14,2026-07-15,COLLECTED,DKNG,sell,3000,market,filled,2026-07-15,,25.19,3000,75570.0,42.1647,5.951,0.0285,25.25,2026-07-15,data/real/prices/yahoo/DKNG.json,728eccb3861f5cb322bf539a1926fb53cb11fdf0d1412a8d19111bd3a9ac37ef,SECONDARY,official MLB StatsAPI schedule density,mlb-attention: sparse schedule (89 vs median 91)
MLB_Attention_Live-00051,@MLB_Attention_Live,2026-07-14,2026-07-15,COLLECTED,FLUT,sell,400,market,filled,2026-07-15,,109.99,400,43996.0,9.6545,0.909,0.02243,110.0,2026-07-15,data/real/prices/yahoo/FLUT.json,b0ffbb30d24f61202de05dce905e96fb554a730be44b61df2e48712c8bcbabd0,SECONDARY,official MLB StatsAPI schedule density,mlb-attention: sparse schedule (89 vs median 91)
MLB_Attention_Live-00052,@MLB_Attention_Live,2026-07-14,2026-07-15,COLLECTED,PENN,sell,1300,market,filled,2026-07-15,,20.51,1300,26663.0,15.1783,-0.0,0.04307,21.120001,2026-07-15,data/real/prices/yahoo/PENN.json,a08c607c0926b67cf07c1d783cb680772c85851bf312595d1e12c5291078fa04,SECONDARY,official MLB StatsAPI schedule density,mlb-attention: sparse schedule (89 vs median 91)
MLB_Attention_Live-00053,@MLB_Attention_Live,2026-07-14,2026-07-15,COLLECTED,SRAD,sell,3800,market,filled,2026-07-15,,15.1,3800,57380.0,71.1241,13.228,0.19439,15.1,2026-07-15,data/real/prices/yahoo/SRAD.json,2b98acbc8c99539adff859013008c24d152cb619d509bba11ec159ae2d4a7cb6,SECONDARY,official MLB StatsAPI schedule density,mlb-attention: sparse schedule (89 vs median 91)
GoldVsRealRate_Live-00096,@GoldVsRealRate_Live,2026-07-14,2026-07-15,COLLECTED,TLT,sell,1300,market,filled,2026-07-15,,84.08,1300,109304.0,14.5795,0.0,0.00729,84.239998,2026-07-15,data/real/prices/yahoo/TLT.json,b2914ca7451d1c04fbe97f399361df69871d9a8afcbb0121541ac2bdd13a29f3,SECONDARY,"DGS10 minus SOFR, 21-session change",gold-real-rate: proxy flat (-1.0bp)
GoldVsRealRate_Live-00097,@GoldVsRealRate_Live,2026-07-14,2026-07-15,COLLECTED,GLD,buy,80,market,filled,2026-07-15,,372.12,80,29769.6,1.1865,0.269,0.00104,372.350006,2026-07-15,data/real/prices/yahoo/GLD.json,545093d31c9d8284e3b5dc66f668a6cb7391d9925b5abdf3e82bcaa71e423b40,SECONDARY,"DGS10 minus SOFR, 21-session change",gold-real-rate: proxy flat (-1.0bp)
FDA_PDUFA_Drifter-00074,@FDA_PDUFA_Drifter,2026-07-15,2026-07-16,COLLECTED,XBI,buy,300,market,filled,2026-07-16,,155.04,300,46512.0,4.0587,1.29,0.00305,152.0,2026-07-16,data/real/prices/yahoo/XBI.json,fe9eeb851e6faba2a7187e008fab271608d8a4d544227ad3543ac3d95d5dd769,SECONDARY,"openFDA approval count, trailing 30 days",fda-drift: 30d approvals 71 >= median 67
MLB_Attention_Live-00054,@MLB_Attention_Live,2026-07-15,2026-07-16,COLLECTED,FLUT,sell,100,market,filled,2026-07-16,,110.92,100,11092.0,1.7429,0.901,0.00573,108.300003,2026-07-16,data/real/prices/yahoo/FLUT.json,b0ffbb30d24f61202de05dce905e96fb554a730be44b61df2e48712c8bcbabd0,SECONDARY,official MLB StatsAPI schedule density,mlb-attention: sparse schedule (73 vs median 91)
MLB_Attention_Live-00055,@MLB_Attention_Live,2026-07-15,2026-07-16,COLLECTED,PENN,sell,1700,market,filled,2026-07-16,,21.2,1700,36040.0,21.3142,4.714,0.05429,21.27,2026-07-16,data/real/prices/yahoo/PENN.json,a08c607c0926b67cf07c1d783cb680772c85851bf312595d1e12c5291078fa04,SECONDARY,official MLB StatsAPI schedule density,mlb-attention: sparse schedule (73 vs median 91)
VolControl_MaxLev-00071,@VolControl_MaxLev,2026-07-15,2026-07-16,COLLECTED,QQQ,buy,40,market,filled,2026-07-16,,712.02,40,28480.8,0.6926,0.14,0.0001,705.940002,2026-07-16,data/real/prices/yahoo/QQQ.json,ae9ec3c0b0b8e0f5cd28ee45eac2dfcff9f95a7c5a1244e170ab0980d85979ed,SECONDARY,official VIXCLS tercile scaling,vol-control: calm tercile (VIX 15.67 <= 16.35)
GoldVsRealRate_Live-00098,@GoldVsRealRate_Live,2026-07-15,2026-07-16,COLLECTED,GLD,sell,80,market,filled,2026-07-16,,367.44,80,29395.2,1.8014,0.272,0.00088,364.959991,2026-07-16,data/real/prices/yahoo/GLD.json,545093d31c9d8284e3b5dc66f668a6cb7391d9925b5abdf3e82bcaa71e423b40,SECONDARY,"DGS10 minus SOFR, 21-session change",gold-real-rate: opportunity-cost proxy rising +6.0bp
GoldVsRealRate_Live-00099,@GoldVsRealRate_Live,2026-07-15,2026-07-16,COLLECTED,TLT,buy,900,market,filled,2026-07-16,,83.84,900,75456.0,8.1654,0.0,0.00432,84.209999,2026-07-16,data/real/prices/yahoo/TLT.json,b2914ca7451d1c04fbe97f399361df69871d9a8afcbb0121541ac2bdd13a29f3,SECONDARY,"DGS10 minus SOFR, 21-session change",gold-real-rate: opportunity-cost proxy rising +6.0bp
DowNasdaq_SpreadMax-00048,@DowNasdaq_SpreadMax,2026-07-16,2026-07-17,COLLECTED,QQQ,sell,120,market,filled,2026-07-17,,691.63,120,82995.6,4.1052,0.29,0.00022,695.330017,2026-07-17,data/real/prices/yahoo/QQQ.json,ae9ec3c0b0b8e0f5cd28ee45eac2dfcff9f95a7c5a1244e170ab0980d85979ed,SECONDARY,official DJIA vs NASDAQCOM 63-session relative strength,dow-vs-nasdaq: within 1pp (Dow +8.44% vs Nasdaq +7.77%)
SOFRPivot_Rider-00152,@SOFRPivot_Rider,2026-07-16,2026-07-17,COLLECTED,SPY,sell,80,market,filled,2026-07-17,,742.08,80,59366.4,2.0795,0.0,0.00013,743.289978,2026-07-17,data/real/prices/yahoo/SPY.json,e0f05aaf67be23da1db20513eaed93274b165898427ebeab80c7cb2eca1d9a2d,SECONDARY,official SOFR 21-session direction,sofr-pivot: easing (-7.0bp over 21 sessions)
SOFRPivot_Rider-00153,@SOFRPivot_Rider,2026-07-16,2026-07-17,COLLECTED,QQQ,buy,80,market,filled,2026-07-17,,691.67,80,55333.6,1.4821,0.289,0.00015,695.330017,2026-07-17,data/real/prices/yahoo/QQQ.json,ae9ec3c0b0b8e0f5cd28ee45eac2dfcff9f95a7c5a1244e170ab0980d85979ed,SECONDARY,official SOFR 21-session direction,sofr-pivot: easing (-7.0bp over 21 sessions)
SOFRPivot_Rider-00154,@SOFRPivot_Rider,2026-07-16,2026-07-17,COLLECTED,TSLA,buy,120,market,filled,2026-07-17,,381.8,120,45816.0,2.481,0.524,0.00038,380.839996,2026-07-17,data/real/prices/yahoo/TSLA.json,6916f4c63d07180ce9efd08a9e88d50b7d43121d02443b933214c54bbb6e84f7,SECONDARY,official SOFR 21-session direction,sofr-pivot: easing (-7.0bp over 21 sessions)
FDA_PDUFA_Drifter-00075,@FDA_PDUFA_Drifter,2026-07-16,2026-07-17,COLLECTED,XBI,buy,200,market,filled,2026-07-17,,149.58,200,29916.0,2.5376,0.668,0.00173,154.259995,2026-07-17,data/real/prices/yahoo/XBI.json,fe9eeb851e6faba2a7187e008fab271608d8a4d544227ad3543ac3d95d5dd769,SECONDARY,"openFDA approval count, trailing 30 days",fda-drift: 30d approvals 69 >= median 67
VolControl_MaxLev-00072,@VolControl_MaxLev,2026-07-16,2026-07-17,COLLECTED,QQQ,sell,40,market,filled,2026-07-17,,691.64,40,27665.6,1.254,0.145,7e-05,695.330017,2026-07-17,data/real/prices/yahoo/QQQ.json,ae9ec3c0b0b8e0f5cd28ee45eac2dfcff9f95a7c5a1244e170ab0980d85979ed,SECONDARY,official VIXCLS tercile scaling,vol-control: middle tercile (VIX 16.73)
GoldVsRealRate_Live-00100,@GoldVsRealRate_Live,2026-07-16,2026-07-17,COLLECTED,TLT,buy,400,market,filled,2026-07-17,,84.63,400,33852.0,3.4882,1.181,0.00181,84.519997,2026-07-17,data/real/prices/yahoo/TLT.json,b2914ca7451d1c04fbe97f399361df69871d9a8afcbb0121541ac2bdd13a29f3,SECONDARY,"DGS10 minus SOFR, 21-session change",gold-real-rate: opportunity-cost proxy rising +12.0bp
DowNasdaq_SpreadMax-00049,@DowNasdaq_SpreadMax,2026-07-17,2026-07-20,COLLECTED,QQQ,sell,160,market,filled,2026-07-20,,702.14,160,112342.4,5.6782,0.284,0.00054,696.059998,2026-07-20,data/real/prices/yahoo/QQQ.json,ae9ec3c0b0b8e0f5cd28ee45eac2dfcff9f95a7c5a1244e170ab0980d85979ed,SECONDARY,official DJIA vs NASDAQCOM 63-session relative strength,dow-vs-nasdaq: Dow leg stronger (+7.34% vs +5.88%)
DowNasdaq_SpreadMax-00050,@DowNasdaq_SpreadMax,2026-07-17,2026-07-20,COLLECTED,SPY,buy,40,market,filled,2026-07-20,,747.06,40,29882.4,0.3932,0.0,8e-05,742.090027,2026-07-20,data/real/prices/yahoo/SPY.json,e0f05aaf67be23da1db20513eaed93274b165898427ebeab80c7cb2eca1d9a2d,SECONDARY,official DJIA vs NASDAQCOM 63-session relative strength,dow-vs-nasdaq: Dow leg stronger (+7.34% vs +5.88%)
VIXRegime_LiveMax-00043,@VIXRegime_LiveMax,2026-07-17,2026-07-20,COLLECTED,QQQ,sell,200,market,filled,2026-07-20,,702.14,200,140428.0,7.2825,0.284,0.00067,696.059998,2026-07-20,data/real/prices/yahoo/QQQ.json,ae9ec3c0b0b8e0f5cd28ee45eac2dfcff9f95a7c5a1244e170ab0980d85979ed,SECONDARY,official VIXCLS/SP500 regime rule,"vix-regime[undecided]: VIX 18.77 vs 60d median 17.34, 252d 80th percentile 19.86; S&P 7,458 vs 100d mean 7,151"
SOFRPivot_Rider-00155,@SOFRPivot_Rider,2026-07-17,2026-07-20,COLLECTED,QQQ,buy,80,market,filled,2026-07-20,,702.18,80,56174.4,1.4829,0.285,0.00027,696.059998,2026-07-20,data/real/prices/yahoo/QQQ.json,ae9ec3c0b0b8e0f5cd28ee45eac2dfcff9f95a7c5a1244e170ab0980d85979ed,SECONDARY,official SOFR 21-session direction,sofr-pivot: easing (-4.0bp over 21 sessions)
OilDollar_FadeUNG-00123,@OilDollar_FadeUNG,2026-07-17,2026-07-20,COLLECTED,UNG,buy,7900,market,filled,2026-07-20,,10.39,7900,82081.0,169.0632,9.634,0.11029,10.29,2026-07-20,data/real/prices/yahoo/UNG.json,eb7bcc0769945fb2c40fbcd98753ed7e17e367cf69d2ce2bde9ae60f00a462cc,SECONDARY,official DCOILWTICO/DTWEXBGS 21-session rule,"oil-dollar: mixed: oil +4.5%/21d, dollar +1.1%/21d"
OilDollar_FadeUNG-00124,@OilDollar_FadeUNG,2026-07-17,2026-07-20,COLLECTED,XOM,buy,200,market,filled,2026-07-20,,146.51,200,29302.0,2.1801,0.683,0.00165,148.360001,2026-07-20,data/real/prices/yahoo/XOM.json,4a2c7d18351df35d3cb2b11781aad7ea882659abaffcd9d31683a3d09881cf97,SECONDARY,official DCOILWTICO/DTWEXBGS 21-session rule,"oil-dollar: mixed: oil +4.5%/21d, dollar +1.1%/21d"
FDA_PDUFA_Drifter-00076,@FDA_PDUFA_Drifter,2026-07-17,2026-07-20,COLLECTED,XBI,buy,100,market,filled,2026-07-20,,154.64,100,15464.0,1.1387,0.0,0.00128,150.940002,2026-07-20,data/real/prices/yahoo/XBI.json,fe9eeb851e6faba2a7187e008fab271608d8a4d544227ad3543ac3d95d5dd769,SECONDARY,"openFDA approval count, trailing 30 days",fda-drift: 30d approvals 68 >= median 67
MLB_Attention_Live-00056,@MLB_Attention_Live,2026-07-17,2026-07-20,COLLECTED,PENN,sell,200,market,filled,2026-07-20,,20.87,200,4174.0,1.9992,4.789,0.00806,21.23,2026-07-20,data/real/prices/yahoo/PENN.json,a08c607c0926b67cf07c1d783cb680772c85851bf312595d1e12c5291078fa04,SECONDARY,official MLB StatsAPI schedule density,mlb-attention: sparse schedule (46 vs median 91)
VolControl_MaxLev-00073,@VolControl_MaxLev,2026-07-17,2026-07-20,COLLECTED,QQQ,sell,160,market,filled,2026-07-20,,702.14,160,112342.4,5.6782,0.284,0.00054,696.059998,2026-07-20,data/real/prices/yahoo/QQQ.json,ae9ec3c0b0b8e0f5cd28ee45eac2dfcff9f95a7c5a1244e170ab0980d85979ed,SECONDARY,official VIXCLS tercile scaling,vol-control: volatile tercile (VIX 18.77 >= 18.38)
DowNasdaq_SpreadMax-00051,@DowNasdaq_SpreadMax,2026-07-20,2026-07-21,COLLECTED,QQQ,buy,80,market,filled,2026-07-21,,706.59,80,56527.2,1.4852,0.283,0.00024,708.969971,2026-07-21,data/real/prices/yahoo/QQQ.json,ae9ec3c0b0b8e0f5cd28ee45eac2dfcff9f95a7c5a1244e170ab0980d85979ed,SECONDARY,official DJIA vs NASDAQCOM 63-session relative strength,dow-vs-nasdaq: within 1pp (Dow +4.84% vs Nasdaq +4.25%)
DowNasdaq_SpreadMax-00052,@DowNasdaq_SpreadMax,2026-07-20,2026-07-21,COLLECTED,SPY,buy,80,market,filled,2026-07-21,,746.29,80,59703.2,0.8344,0.0,0.00023,748.280029,2026-07-21,data/real/prices/yahoo/SPY.json,e0f05aaf67be23da1db20513eaed93274b165898427ebeab80c7cb2eca1d9a2d,SECONDARY,official DJIA vs NASDAQCOM 63-session relative strength,dow-vs-nasdaq: within 1pp (Dow +4.84% vs Nasdaq +4.25%)
CurveSteepener_MaxBeta-00129,@CurveSteepener_MaxBeta,2026-07-20,2026-07-21,COLLECTED,SPY,sell,80,market,filled,2026-07-21,,746.28,80,59702.4,2.0799,0.134,0.00023,748.280029,2026-07-21,data/real/prices/yahoo/SPY.json,e0f05aaf67be23da1db20513eaed93274b165898427ebeab80c7cb2eca1d9a2d,SECONDARY,official DGS10-DGS3MO 21-session change,curve-steepener: steepening +10.0bp
CurveSteepener_MaxBeta-00130,@CurveSteepener_MaxBeta,2026-07-20,2026-07-21,COLLECTED,JPM,buy,120,market,filled,2026-07-21,,340.13,120,40815.6,1.6845,0.294,0.00199,345.230011,2026-07-21,data/real/prices/yahoo/JPM.json,169021a2b0a0985c1c427b57fe640e22b6ce82a79377bc3075417c6a8b98d12c,SECONDARY,official DGS10-DGS3MO 21-session change,curve-steepener: steepening +10.0bp
CurveSteepener_MaxBeta-00131,@CurveSteepener_MaxBeta,2026-07-20,2026-07-21,COLLECTED,XOM,buy,300,market,filled,2026-07-21,,149.01,300,44703.0,3.4838,0.0,0.00228,151.710007,2026-07-21,data/real/prices/yahoo/XOM.json,4a2c7d18351df35d3cb2b11781aad7ea882659abaffcd9d31683a3d09881cf97,SECONDARY,official DGS10-DGS3MO 21-session change,curve-steepener: steepening +10.0bp
FDA_PDUFA_Drifter-00077,@FDA_PDUFA_Drifter,2026-07-20,2026-07-21,COLLECTED,IBB,sell,200,market,filled,2026-07-21,,186.23,200,37246.0,4.4535,0.537,0.01605,189.309998,2026-07-21,data/real/prices/yahoo/IBB.json,20849c9611587299a52489fe22060adc7823c700fb3483f21091d85a6cf8acb0,SECONDARY,"openFDA approval count, trailing 30 days",fda-drift: 30d approvals 63 < median 67
FDA_PDUFA_Drifter-00078,@FDA_PDUFA_Drifter,2026-07-20,2026-07-21,COLLECTED,XBI,sell,1300,market,filled,2026-07-21,,151.01,1300,196313.0,30.3496,0.662,0.01675,154.5,2026-07-21,data/real/prices/yahoo/XBI.json,fe9eeb851e6faba2a7187e008fab271608d8a4d544227ad3543ac3d95d5dd769,SECONDARY,"openFDA approval count, trailing 30 days",fda-drift: 30d approvals 63 < median 67
KitchenSink_Official-00157,@KitchenSink_Official,2026-07-20,2026-07-21,COLLECTED,TLT,sell,100,market,filled,2026-07-21,,83.73,100,8373.0,1.028,1.194,0.0007,83.660004,2026-07-21,data/real/prices/yahoo/TLT.json,b2914ca7451d1c04fbe97f399361df69871d9a8afcbb0121541ac2bdd13a29f3,SECONDARY,sign of eight official 21-session changes,kitchen-sink[undecided]: score +0 of 8 official signs
VIXRegime_LiveMax-00044,@VIXRegime_LiveMax,2026-07-21,2026-07-22,COLLECTED,QQQ,buy,80,market,filled,2026-07-22,,703.64,80,56291.2,1.4703,0.284,0.00034,705.349976,2026-07-22,data/real/prices/yahoo/QQQ.json,ae9ec3c0b0b8e0f5cd28ee45eac2dfcff9f95a7c5a1244e170ab0980d85979ed,SECONDARY,official VIXCLS/SP500 regime rule,"vix-regime[calm]: VIX 17.05 vs 60d median 17.34, 252d 80th percentile 19.86; S&P 7,509 vs 100d mean 7,162"
SOFRPivot_Rider-00156,@SOFRPivot_Rider,2026-07-21,2026-07-22,COLLECTED,QQQ,sell,160,market,filled,2026-07-22,,703.6,160,112576.0,5.6474,0.284,0.00068,705.349976,2026-07-22,data/real/prices/yahoo/QQQ.json,ae9ec3c0b0b8e0f5cd28ee45eac2dfcff9f95a7c5a1244e170ab0980d85979ed,SECONDARY,official SOFR 21-session direction,sofr-pivot: flat (-1.0bp over 21 sessions)
SOFRPivot_Rider-00157,@SOFRPivot_Rider,2026-07-21,2026-07-22,COLLECTED,TSLA,sell,120,market,filled,2026-07-22,,375.51,120,45061.2,3.4594,0.533,0.00039,374.01001,2026-07-22,data/real/prices/yahoo/TSLA.json,6916f4c63d07180ce9efd08a9e88d50b7d43121d02443b933214c54bbb6e84f7,SECONDARY,official SOFR 21-session direction,sofr-pivot: flat (-1.0bp over 21 sessions)
CurveSteepener_MaxBeta-00132,@CurveSteepener_MaxBeta,2026-07-21,2026-07-22,COLLECTED,JPM,sell,120,market,filled,2026-07-22,,345.06,120,41407.2,2.5325,0.29,0.00149,348.209991,2026-07-22,data/real/prices/yahoo/JPM.json,169021a2b0a0985c1c427b57fe640e22b6ce82a79377bc3075417c6a8b98d12c,SECONDARY,official DGS10-DGS3MO 21-session change,curve-steepener: flat +10.0bp
CurveSteepener_MaxBeta-00133,@CurveSteepener_MaxBeta,2026-07-21,2026-07-22,COLLECTED,XOM,sell,300,market,filled,2026-07-22,,153.86,300,46158.0,4.5036,0.0,0.00218,154.449997,2026-07-22,data/real/prices/yahoo/XOM.json,4a2c7d18351df35d3cb2b11781aad7ea882659abaffcd9d31683a3d09881cf97,SECONDARY,official DGS10-DGS3MO 21-session change,curve-steepener: flat +10.0bp
CurveSteepener_MaxBeta-00134,@CurveSteepener_MaxBeta,2026-07-21,2026-07-22,COLLECTED,SPY,buy,40,market,filled,2026-07-22,,746.62,40,29864.8,0.3891,0.0,0.00012,747.409973,2026-07-22,data/real/prices/yahoo/SPY.json,e0f05aaf67be23da1db20513eaed93274b165898427ebeab80c7cb2eca1d9a2d,SECONDARY,official DGS10-DGS3MO 21-session change,curve-steepener: flat +10.0bp
FDA_PDUFA_Drifter-00079,@FDA_PDUFA_Drifter,2026-07-21,2026-07-22,COLLECTED,IBB,sell,100,market,filled,2026-07-22,,188.35,100,18835.0,1.9506,0.531,0.01224,187.0,2026-07-22,data/real/prices/yahoo/IBB.json,20849c9611587299a52489fe22060adc7823c700fb3483f21091d85a6cf8acb0,SECONDARY,"openFDA approval count, trailing 30 days",fda-drift: 30d approvals 64 < median 67
FDA_PDUFA_Drifter-00080,@FDA_PDUFA_Drifter,2026-07-21,2026-07-22,COLLECTED,XBI,sell,100,market,filled,2026-07-22,,153.63,100,15363.0,1.4836,0.651,0.00159,152.110001,2026-07-22,data/real/prices/yahoo/XBI.json,fe9eeb851e6faba2a7187e008fab271608d8a4d544227ad3543ac3d95d5dd769,SECONDARY,"openFDA approval count, trailing 30 days",fda-drift: 30d approvals 64 < median 67
VolControl_MaxLev-00074,@VolControl_MaxLev,2026-07-21,2026-07-22,COLLECTED,QQQ,buy,120,market,filled,2026-07-22,,703.64,120,84436.8,2.3505,0.284,0.00051,705.349976,2026-07-22,data/real/prices/yahoo/QQQ.json,ae9ec3c0b0b8e0f5cd28ee45eac2dfcff9f95a7c5a1244e170ab0980d85979ed,SECONDARY,official VIXCLS tercile scaling,vol-control: middle tercile (VIX 17.05)
VIXRegime_LiveMax-00045,@VIXRegime_LiveMax,2026-07-22,2026-07-23,COLLECTED,QQQ,buy,40,market,filled,2026-07-23,,694.68,40,27787.2,0.6708,0.144,9e-05,691.960022,2026-07-23,data/real/prices/yahoo/QQQ.json,ae9ec3c0b0b8e0f5cd28ee45eac2dfcff9f95a7c5a1244e170ab0980d85979ed,SECONDARY,official VIXCLS/SP500 regime rule,"vix-regime[calm]: VIX 16.64 vs 60d median 17.30, 252d 80th percentile 19.86; S&P 7,499 vs 100d mean 7,168"
SOFRPivot_Rider-00158,@SOFRPivot_Rider,2026-07-22,2026-07-23,COLLECTED,SPY,buy,80,market,filled,2026-07-23,,739.37,80,59149.6,0.8336,0.0,0.00014,738.179993,2026-07-23,data/real/prices/yahoo/SPY.json,e0f05aaf67be23da1db20513eaed93274b165898427ebeab80c7cb2eca1d9a2d,SECONDARY,official SOFR 21-session direction,sofr-pivot: flat (+1.0bp over 21 sessions)
CurveSteepener_MaxBeta-00135,@CurveSteepener_MaxBeta,2026-07-22,2026-07-23,COLLECTED,SPY,sell,40,market,filled,2026-07-23,,739.36,40,29574.4,1.0055,0.135,7e-05,738.179993,2026-07-23,data/real/prices/yahoo/SPY.json,e0f05aaf67be23da1db20513eaed93274b165898427ebeab80c7cb2eca1d9a2d,SECONDARY,official DGS10-DGS3MO 21-session change,curve-steepener: steepening +15.0bp
CurveSteepener_MaxBeta-00136,@CurveSteepener_MaxBeta,2026-07-22,2026-07-23,COLLECTED,JPM,buy,200,market,filled,2026-07-23,,346.59,200,69318.0,3.0492,0.289,0.00183,349.899994,2026-07-23,data/real/prices/yahoo/JPM.json,169021a2b0a0985c1c427b57fe640e22b6ce82a79377bc3075417c6a8b98d12c,SECONDARY,official DGS10-DGS3MO 21-session change,curve-steepener: steepening +15.0bp
CurveSteepener_MaxBeta-00137,@CurveSteepener_MaxBeta,2026-07-22,2026-07-23,COLLECTED,XOM,buy,400,market,filled,2026-07-23,,156.61,400,62644.0,4.9471,0.638,0.00253,156.889999,2026-07-23,data/real/prices/yahoo/XOM.json,4a2c7d18351df35d3cb2b11781aad7ea882659abaffcd9d31683a3d09881cf97,SECONDARY,official DGS10-DGS3MO 21-session change,curve-steepener: steepening +15.0bp
FDA_PDUFA_Drifter-00081,@FDA_PDUFA_Drifter,2026-07-22,2026-07-23,COLLECTED,IBB,buy,300,market,filled,2026-07-23,,186.24,300,55872.0,6.2287,0.537,0.02323,188.979996,2026-07-23,data/real/prices/yahoo/IBB.json,20849c9611587299a52489fe22060adc7823c700fb3483f21091d85a6cf8acb0,SECONDARY,"openFDA approval count, trailing 30 days",fda-drift: 30d approvals 68 >= median 67
FDA_PDUFA_Drifter-00082,@FDA_PDUFA_Drifter,2026-07-22,2026-07-23,COLLECTED,XBI,buy,900,market,filled,2026-07-23,,150.01,900,135009.0,15.8803,1.333,0.01354,152.229996,2026-07-23,data/real/prices/yahoo/XBI.json,fe9eeb851e6faba2a7187e008fab271608d8a4d544227ad3543ac3d95d5dd769,SECONDARY,"openFDA approval count, trailing 30 days",fda-drift: 30d approvals 68 >= median 67
DowNasdaq_SpreadMax-00053,@DowNasdaq_SpreadMax,2026-07-23,2026-07-24,COLLECTED,QQQ,sell,120,market,filled,2026-07-24,,690.39,120,82846.8,4.0121,0.289,0.00028,684.22998,2026-07-24,data/real/prices/yahoo/QQQ.json,ae9ec3c0b0b8e0f5cd28ee45eac2dfcff9f95a7c5a1244e170ab0980d85979ed,SECONDARY,official DJIA vs NASDAQCOM 63-session relative strength,dow-vs-nasdaq: Dow leg stronger (+4.49% vs +1.95%)
DowNasdaq_SpreadMax-00054,@DowNasdaq_SpreadMax,2026-07-23,2026-07-24,COLLECTED,SPY,buy,40,market,filled,2026-07-24,,738.52,40,29540.8,0.3863,0.135,9e-05,738.929993,2026-07-24,data/real/prices/yahoo/SPY.json,e0f05aaf67be23da1db20513eaed93274b165898427ebeab80c7cb2eca1d9a2d,SECONDARY,official DJIA vs NASDAQCOM 63-session relative strength,dow-vs-nasdaq: Dow leg stronger (+4.49% vs +1.95%)
VIXRegime_LiveMax-00046,@VIXRegime_LiveMax,2026-07-23,2026-07-24,COLLECTED,QQQ,sell,120,market,filled,2026-07-24,,690.39,120,82846.8,4.0121,0.289,0.00028,684.22998,2026-07-24,data/real/prices/yahoo/QQQ.json,ae9ec3c0b0b8e0f5cd28ee45eac2dfcff9f95a7c5a1244e170ab0980d85979ed,SECONDARY,official VIXCLS/SP500 regime rule,"vix-regime[undecided]: VIX 18.70 vs 60d median 17.33, 252d 80th percentile 19.86; S&P 7,408 vs 100d mean 7,173"
CurveSteepener_MaxBeta-00138,@CurveSteepener_MaxBeta,2026-07-23,2026-07-24,COLLECTED,JPM,buy,40,market,filled,2026-07-24,,350.65,40,14026.0,0.45,0.285,0.00053,353.209991,2026-07-24,data/real/prices/yahoo/JPM.json,169021a2b0a0985c1c427b57fe640e22b6ce82a79377bc3075417c6a8b98d12c,SECONDARY,official DGS10-DGS3MO 21-session change,curve-steepener: steepening +10.0bp
CurveSteepener_MaxBeta-00139,@CurveSteepener_MaxBeta,2026-07-23,2026-07-24,COLLECTED,XOM,buy,100,market,filled,2026-07-24,,157.0,100,15700.0,1.0207,0.637,0.00083,156.940002,2026-07-24,data/real/prices/yahoo/XOM.json,4a2c7d18351df35d3cb2b11781aad7ea882659abaffcd9d31683a3d09881cf97,SECONDARY,official DGS10-DGS3MO 21-session change,curve-steepener: steepening +10.0bp
OilDollar_FadeUNG-00125,@OilDollar_FadeUNG,2026-07-23,2026-07-24,COLLECTED,UNG,buy,6300,market,filled,2026-07-24,,10.82,6300,68166.0,119.265,9.251,0.08701,10.55,2026-07-24,data/real/prices/yahoo/UNG.json,eb7bcc0769945fb2c40fbcd98753ed7e17e367cf69d2ce2bde9ae60f00a462cc,SECONDARY,official DCOILWTICO/DTWEXBGS 21-session rule,oil-dollar: oil +24.7%/21d with dollar -0.1%/21d
OilDollar_FadeUNG-00126,@OilDollar_FadeUNG,2026-07-23,2026-07-24,COLLECTED,XOM,buy,300,market,filled,2026-07-24,,157.0,300,47100.0,3.5468,0.637,0.00248,156.940002,2026-07-24,data/real/prices/yahoo/XOM.json,4a2c7d18351df35d3cb2b11781aad7ea882659abaffcd9d31683a3d09881cf97,SECONDARY,official DCOILWTICO/DTWEXBGS 21-session rule,oil-dollar: oil +24.7%/21d with dollar -0.1%/21d
FDA_PDUFA_Drifter-00083,@FDA_PDUFA_Drifter,2026-07-23,2026-07-24,COLLECTED,XBI,buy,300,market,filled,2026-07-24,,152.79,300,45837.0,4.0939,0.655,0.00406,150.479996,2026-07-24,data/real/prices/yahoo/XBI.json,fe9eeb851e6faba2a7187e008fab271608d8a4d544227ad3543ac3d95d5dd769,SECONDARY,"openFDA approval count, trailing 30 days",fda-drift: 30d approvals 72 >= median 67
VolControl_MaxLev-00075,@VolControl_MaxLev,2026-07-23,2026-07-24,COLLECTED,QQQ,sell,120,market,filled,2026-07-24,,690.39,120,82846.8,4.0121,0.289,0.00028,684.22998,2026-07-24,data/real/prices/yahoo/QQQ.json,ae9ec3c0b0b8e0f5cd28ee45eac2dfcff9f95a7c5a1244e170ab0980d85979ed,SECONDARY,official VIXCLS tercile scaling,vol-control: volatile tercile (VIX 18.70 >= 18.43)
DowNasdaq_SpreadMax-00055,@DowNasdaq_SpreadMax,2026-07-24,2026-07-27,COLLECTED,SPY,buy,80,market,filled,2026-07-27,,744.91,80,59592.8,0.8296,0.0,0.00019,739.090027,2026-07-27,data/real/prices/yahoo/SPY.json,e0f05aaf67be23da1db20513eaed93274b165898427ebeab80c7cb2eca1d9a2d,SECONDARY,official DJIA vs NASDAQCOM 63-session relative strength,dow-vs-nasdaq: Dow leg stronger (+5.35% vs +2.20%)
CurveSteepener_MaxBeta-00140,@CurveSteepener_MaxBeta,2026-07-24,2026-07-27,COLLECTED,JPM,sell,240,market,filled,2026-07-27,,357.88,240,85891.2,5.6936,0.28,0.00304,356.200012,2026-07-27,data/real/prices/yahoo/JPM.json,169021a2b0a0985c1c427b57fe640e22b6ce82a79377bc3075417c6a8b98d12c,SECONDARY,official DGS10-DGS3MO 21-session change,curve-steepener: flat +8.0bp
CurveSteepener_MaxBeta-00141,@CurveSteepener_MaxBeta,2026-07-24,2026-07-27,COLLECTED,XOM,sell,400,market,filled,2026-07-27,,153.07,400,61228.0,6.148,0.0,0.00287,154.770004,2026-07-27,data/real/prices/yahoo/XOM.json,4a2c7d18351df35d3cb2b11781aad7ea882659abaffcd9d31683a3d09881cf97,SECONDARY,official DGS10-DGS3MO 21-session change,curve-steepener: flat +8.0bp
FDA_PDUFA_Drifter-00084,@FDA_PDUFA_Drifter,2026-07-24,2026-07-27,COLLECTED,XBI,buy,100,market,filled,2026-07-27,,151.76,100,15176.0,1.1205,0.0,0.00107,150.589996,2026-07-27,data/real/prices/yahoo/XBI.json,fe9eeb851e6faba2a7187e008fab271608d8a4d544227ad3543ac3d95d5dd769,SECONDARY,"openFDA approval count, trailing 30 days",fda-drift: 30d approvals 68 >= median 67
MLB_Attention_Live-00057,@MLB_Attention_Live,2026-07-24,2026-07-27,COLLECTED,DKNG,buy,3200,market,filled,2026-07-27,,23.62,3200,75584.0,52.6814,8.475,0.03111,24.110001,2026-07-27,data/real/prices/yahoo/DKNG.json,728eccb3861f5cb322bf539a1926fb53cb11fdf0d1412a8d19111bd3a9ac37ef,SECONDARY,official MLB StatsAPI schedule density,mlb-attention: 95 games and 41 upsets in 7 days vs median 91
MLB_Attention_Live-00058,@MLB_Attention_Live,2026-07-24,2026-07-27,COLLECTED,FLUT,buy,500,market,filled,2026-07-27,,105.96,500,52980.0,10.8796,1.888,0.01907,105.839996,2026-07-27,data/real/prices/yahoo/FLUT.json,b0ffbb30d24f61202de05dce905e96fb554a730be44b61df2e48712c8bcbabd0,SECONDARY,official MLB StatsAPI schedule density,mlb-attention: 95 games and 41 upsets in 7 days vs median 91
MLB_Attention_Live-00059,@MLB_Attention_Live,2026-07-24,2026-07-27,COLLECTED,PENN,buy,3100,market,filled,2026-07-27,,20.64,3100,63984.0,53.4803,4.848,0.14615,21.18,2026-07-27,data/real/prices/yahoo/PENN.json,a08c607c0926b67cf07c1d783cb680772c85851bf312595d1e12c5291078fa04,SECONDARY,official MLB StatsAPI schedule density,mlb-attention: 95 games and 41 upsets in 7 days vs median 91
MLB_Attention_Live-00060,@MLB_Attention_Live,2026-07-24,2026-07-27,COLLECTED,SRAD,buy,3800,market,filled,2026-07-27,,14.57,3800,55366.0,86.5948,13.746,0.39268,14.68,2026-07-27,data/real/prices/yahoo/SRAD.json,2b98acbc8c99539adff859013008c24d152cb619d509bba11ec159ae2d4a7cb6,SECONDARY,official MLB StatsAPI schedule density,mlb-attention: 95 games and 41 upsets in 7 days vs median 91
DowNasdaq_SpreadMax-00056,@DowNasdaq_SpreadMax,2026-07-27,2026-07-28,COLLECTED,SPY,buy,40,market,filled,2026-07-28,,739.2,40,29568.0,0.3865,0.135,8e-05,740.859985,2026-07-28,data/real/prices/yahoo/SPY.json,e0f05aaf67be23da1db20513eaed93274b165898427ebeab80c7cb2eca1d9a2d,SECONDARY,official DJIA vs NASDAQCOM 63-session relative strength,dow-vs-nasdaq: Dow leg stronger (+6.05% vs +0.38%)
CurveSteepener_MaxBeta-00142,@CurveSteepener_MaxBeta,2026-07-27,2026-07-28,COLLECTED,SPY,sell,40,market,filled,2026-07-28,,739.19,40,29567.6,1.0034,0.0,8e-05,740.859985,2026-07-28,data/real/prices/yahoo/SPY.json,e0f05aaf67be23da1db20513eaed93274b165898427ebeab80c7cb2eca1d9a2d,SECONDARY,official DGS10-DGS3MO 21-session change,curve-steepener: steepening +13.0bp
CurveSteepener_MaxBeta-00143,@CurveSteepener_MaxBeta,2026-07-27,2026-07-28,COLLECTED,JPM,buy,200,market,filled,2026-07-28,,357.31,200,71462.0,3.0895,0.28,0.00306,357.309998,2026-07-28,data/real/prices/yahoo/JPM.json,169021a2b0a0985c1c427b57fe640e22b6ce82a79377bc3075417c6a8b98d12c,SECONDARY,official DGS10-DGS3MO 21-session change,curve-steepener: steepening +13.0bp
CurveSteepener_MaxBeta-00144,@CurveSteepener_MaxBeta,2026-07-27,2026-07-28,COLLECTED,XOM,buy,400,market,filled,2026-07-28,,154.17,400,61668.0,4.8898,0.0,0.00245,153.039993,2026-07-28,data/real/prices/yahoo/XOM.json,4a2c7d18351df35d3cb2b11781aad7ea882659abaffcd9d31683a3d09881cf97,SECONDARY,official DGS10-DGS3MO 21-session change,curve-steepener: steepening +13.0bp
FDA_PDUFA_Drifter-00085,@FDA_PDUFA_Drifter,2026-07-27,2026-07-28,COLLECTED,IBB,sell,200,market,filled,2026-07-28,,190.01,200,38002.0,4.4691,1.052,0.01886,190.520004,2026-07-28,data/real/prices/yahoo/IBB.json,20849c9611587299a52489fe22060adc7823c700fb3483f21091d85a6cf8acb0,SECONDARY,"openFDA approval count, trailing 30 days",fda-drift: 30d approvals 59 < median 67
FDA_PDUFA_Drifter-00086,@FDA_PDUFA_Drifter,2026-07-27,2026-07-28,COLLECTED,XBI,sell,1200,market,filled,2026-07-28,,150.49,1200,180588.0,26.5738,0.664,0.01346,149.779999,2026-07-28,data/real/prices/yahoo/XBI.json,fe9eeb851e6faba2a7187e008fab271608d8a4d544227ad3543ac3d95d5dd769,SECONDARY,"openFDA approval count, trailing 30 days",fda-drift: 30d approvals 59 < median 67
CurveSteepener_MaxBeta-00145,@CurveSteepener_MaxBeta,2026-07-28,2026-07-29,COLLECTED,JPM,buy,40,market,filled,2026-07-29,,356.51,40,14260.4,0.443,0.281,0.00048,344.709991,2026-07-29,data/real/prices/yahoo/JPM.json,169021a2b0a0985c1c427b57fe640e22b6ce82a79377bc3075417c6a8b98d12c,SECONDARY,official DGS10-DGS3MO 21-session change,curve-steepener: steepening +15.0bp
FDA_PDUFA_Drifter-00087,@FDA_PDUFA_Drifter,2026-07-28,2026-07-29,COLLECTED,IBB,sell,100,market,filled,2026-07-29,,190.38,100,19038.0,1.911,1.05,0.00724,188.529999,2026-07-29,data/real/prices/yahoo/IBB.json,20849c9611587299a52489fe22060adc7823c700fb3483f21091d85a6cf8acb0,SECONDARY,"openFDA approval count, trailing 30 days",fda-drift: 30d approvals 62 < median 67
FDA_PDUFA_Drifter-00088,@FDA_PDUFA_Drifter,2026-07-28,2026-07-29,COLLECTED,XBI,sell,100,market,filled,2026-07-29,,149.22,100,14922.0,1.4199,0.67,0.00111,147.910004,2026-07-29,data/real/prices/yahoo/XBI.json,fe9eeb851e6faba2a7187e008fab271608d8a4d544227ad3543ac3d95d5dd769,SECONDARY,"openFDA approval count, trailing 30 days",fda-drift: 30d approvals 62 < median 67
MLB_Attention_Live-00061,@MLB_Attention_Live,2026-07-28,2026-07-29,COLLECTED,DKNG,sell,3300,market,filled,2026-07-29,,24.45,3300,80685.0,39.7856,0.0,0.04344,24.549999,2026-07-29,data/real/prices/yahoo/DKNG.json,728eccb3861f5cb322bf539a1926fb53cb11fdf0d1412a8d19111bd3a9ac37ef,SECONDARY,official MLB StatsAPI schedule density,mlb-attention: sparse schedule (91 vs median 91)
MLB_Attention_Live-00062,@MLB_Attention_Live,2026-07-28,2026-07-29,COLLECTED,FLUT,sell,400,market,filled,2026-07-29,,107.82,400,43128.0,8.3752,1.391,0.02094,107.779999,2026-07-29,data/real/prices/yahoo/FLUT.json,b0ffbb30d24f61202de05dce905e96fb554a730be44b61df2e48712c8bcbabd0,SECONDARY,official MLB StatsAPI schedule density,mlb-attention: sparse schedule (91 vs median 91)
MLB_Attention_Live-00063,@MLB_Attention_Live,2026-07-28,2026-07-29,COLLECTED,PENN,sell,1700,market,filled,2026-07-29,,20.95,1700,35615.0,21.7138,4.771,0.07772,21.200001,2026-07-29,data/real/prices/yahoo/PENN.json,a08c607c0926b67cf07c1d783cb680772c85851bf312595d1e12c5291078fa04,SECONDARY,official MLB StatsAPI schedule density,mlb-attention: sparse schedule (91 vs median 91)
MLB_Attention_Live-00064,@MLB_Attention_Live,2026-07-28,2026-07-29,COLLECTED,SRAD,sell,3700,market,filled,2026-07-29,,14.75,3700,54575.0,69.0599,13.541,0.28845,14.95,2026-07-29,data/real/prices/yahoo/SRAD.json,2b98acbc8c99539adff859013008c24d152cb619d509bba11ec159ae2d4a7cb6,SECONDARY,official MLB StatsAPI schedule density,mlb-attention: sparse schedule (91 vs median 91)
VolControl_MaxLev-00076,@VolControl_MaxLev,2026-07-28,2026-07-29,COLLECTED,QQQ,buy,120,market,filled,2026-07-29,,675.53,120,81063.6,2.2564,0.296,0.00021,661.72998,2026-07-29,data/real/prices/yahoo/QQQ.json,ae9ec3c0b0b8e0f5cd28ee45eac2dfcff9f95a7c5a1244e170ab0980d85979ed,SECONDARY,official VIXCLS tercile scaling,vol-control: middle tercile (VIX 18.21)
VIXRegime_LiveMax-00047,@VIXRegime_LiveMax,2026-07-29,2026-07-30,COLLECTED,QQQ,sell,240,market,filled,2026-07-30,,674.75,240,161940.0,7.1438,0.148,0.00036,683.549988,2026-07-30,data/real/prices/yahoo/QQQ.json,ae9ec3c0b0b8e0f5cd28ee45eac2dfcff9f95a7c5a1244e170ab0980d85979ed,SECONDARY,official VIXCLS/SP500 regime rule,"vix-regime[stress-with-downtrend]: VIX 20.66 vs 60d median 17.43, 252d 80th percentile 19.86; S&P 7,316 vs 100d mean 7,195"
FDA_PDUFA_Drifter-00089,@FDA_PDUFA_Drifter,2026-07-29,2026-07-30,COLLECTED,IBB,buy,300,market,filled,2026-07-30,,186.51,300,55953.0,5.9275,1.072,0.01624,189.960007,2026-07-30,data/real/prices/yahoo/IBB.json,20849c9611587299a52489fe22060adc7823c700fb3483f21091d85a6cf8acb0,SECONDARY,"openFDA approval count, trailing 30 days",fda-drift: 30d approvals 81 >= median 67
FDA_PDUFA_Drifter-00090,@FDA_PDUFA_Drifter,2026-07-29,2026-07-30,COLLECTED,XBI,buy,900,market,filled,2026-07-30,,148.02,900,133218.0,14.782,1.351,0.01338,151.460007,2026-07-30,data/real/prices/yahoo/XBI.json,fe9eeb851e6faba2a7187e008fab271608d8a4d544227ad3543ac3d95d5dd769,SECONDARY,"openFDA approval count, trailing 30 days",fda-drift: 30d approvals 81 >= median 67
MLB_Attention_Live-00065,@MLB_Attention_Live,2026-07-29,2026-07-30,COLLECTED,DKNG,buy,3200,market,filled,2026-07-30,,24.05,3200,76960.0,47.9766,8.323,0.0297,23.719999,2026-07-30,data/real/prices/yahoo/DKNG.json,728eccb3861f5cb322bf539a1926fb53cb11fdf0d1412a8d19111bd3a9ac37ef,SECONDARY,official MLB StatsAPI schedule density,mlb-attention: 93 games and 37 upsets in 7 days vs median 91
MLB_Attention_Live-00066,@MLB_Attention_Live,2026-07-29,2026-07-30,COLLECTED,FLUT,buy,400,market,filled,2026-07-30,,104.82,400,41928.0,7.3444,1.908,0.01808,102.129997,2026-07-30,data/real/prices/yahoo/FLUT.json,b0ffbb30d24f61202de05dce905e96fb554a730be44b61df2e48712c8bcbabd0,SECONDARY,official MLB StatsAPI schedule density,mlb-attention: 93 games and 37 upsets in 7 days vs median 91
MLB_Attention_Live-00067,@MLB_Attention_Live,2026-07-29,2026-07-30,COLLECTED,PENN,buy,1700,market,filled,2026-07-30,,21.08,1700,35836.0,20.7019,4.746,0.05743,20.52,2026-07-30,data/real/prices/yahoo/PENN.json,a08c607c0926b67cf07c1d783cb680772c85851bf312595d1e12c5291078fa04,SECONDARY,official MLB StatsAPI schedule density,mlb-attention: 93 games and 37 upsets in 7 days vs median 91
MLB_Attention_Live-00068,@MLB_Attention_Live,2026-07-29,2026-07-30,COLLECTED,SRAD,buy,3700,market,filled,2026-07-30,,14.81,3700,54797.0,84.65,13.523,0.12458,14.7,2026-07-30,data/real/prices/yahoo/SRAD.json,2b98acbc8c99539adff859013008c24d152cb619d509bba11ec159ae2d4a7cb6,SECONDARY,official MLB StatsAPI schedule density,mlb-attention: 93 games and 37 upsets in 7 days vs median 91
LeapStyle_AutoLiquidate-00019,@LeapStyle_AutoLiquidate,2026-07-29,2026-07-30,COLLECTED,NVDA,sell,100,market,filled,2026-07-30,,193.44,100,19344.0,1.3606,0.517,8e-05,195.039993,2026-07-30,data/real/prices/yahoo/NVDA.json,e8c9fe33254a091dcfb1fde394469dac5a6683a2528f85b45fb2428857eadae2,SECONDARY,contest rank rotation,"leap: no positive leader (best IWM -1.18%), duration park"
LeapStyle_AutoLiquidate-00020,@LeapStyle_AutoLiquidate,2026-07-29,2026-07-30,COLLECTED,QQQ,sell,80,market,filled,2026-07-30,,674.76,80,53980.8,2.1219,0.0,0.00012,683.549988,2026-07-30,data/real/prices/yahoo/QQQ.json,ae9ec3c0b0b8e0f5cd28ee45eac2dfcff9f95a7c5a1244e170ab0980d85979ed,SECONDARY,contest rank rotation,"leap: no positive leader (best IWM -1.18%), duration park"
LeapStyle_AutoLiquidate-00021,@LeapStyle_AutoLiquidate,2026-07-29,2026-07-30,COLLECTED,TSLA,sell,40,market,filled,2026-07-30,,302.69,40,12107.6,0.9441,0.331,0.00011,308.850006,2026-07-30,data/real/prices/yahoo/TSLA.json,6916f4c63d07180ce9efd08a9e88d50b7d43121d02443b933214c54bbb6e84f7,SECONDARY,contest rank rotation,"leap: no positive leader (best IWM -1.18%), duration park"
VolControl_MaxLev-00077,@VolControl_MaxLev,2026-07-29,2026-07-30,COLLECTED,QQQ,sell,80,market,filled,2026-07-30,,674.76,80,53980.8,2.1219,0.0,0.00012,683.549988,2026-07-30,data/real/prices/yahoo/QQQ.json,ae9ec3c0b0b8e0f5cd28ee45eac2dfcff9f95a7c5a1244e170ab0980d85979ed,SECONDARY,official VIXCLS tercile scaling,vol-control: volatile tercile (VIX 20.66 >= 18.56)
KitchenSink_Official-00158,@KitchenSink_Official,2026-07-29,2026-07-30,COLLECTED,SPY,sell,80,market,filled,2026-07-30,,736.04,80,58883.2,2.0464,0.136,0.00012,741.690002,2026-07-30,data/real/prices/yahoo/SPY.json,e0f05aaf67be23da1db20513eaed93274b165898427ebeab80c7cb2eca1d9a2d,SECONDARY,sign of eight official 21-session changes,kitchen-sink[riskoff]: score -4 of 8 official signs
KitchenSink_Official-00159,@KitchenSink_Official,2026-07-29,2026-07-30,COLLECTED,TLT,buy,900,market,filled,2026-07-30,,82.81,900,74529.0,8.148,0.0,0.00223,82.800003,2026-07-30,data/real/prices/yahoo/TLT.json,b2914ca7451d1c04fbe97f399361df69871d9a8afcbb0121541ac2bdd13a29f3,SECONDARY,sign of eight official 21-session changes,kitchen-sink[riskoff]: score -4 of 8 official signs
VIXRegime_LiveMax-00048,@VIXRegime_LiveMax,2026-07-30,2026-07-31,COLLECTED,QQQ,buy,280,market,filled,2026-07-31,,692.13,280,193796.4,6.2849,0.289,0.00055,687.98999,2026-07-31,data/real/prices/yahoo/QQQ.json,ae9ec3c0b0b8e0f5cd28ee45eac2dfcff9f95a7c5a1244e170ab0980d85979ed,SECONDARY,official VIXCLS/SP500 regime rule,"vix-regime[calm]: VIX 17.09 vs 60d median 17.43, 252d 80th percentile 19.86; S&P 7,438 vs 100d mean 7,202"
SOFRPivot_Rider-00159,@SOFRPivot_Rider,2026-07-30,2026-07-31,COLLECTED,SPY,sell,80,market,filled,2026-07-31,,744.67,80,59573.6,2.0828,0.134,0.00013,747.030029,2026-07-31,data/real/prices/yahoo/SPY.json,e0f05aaf67be23da1db20513eaed93274b165898427ebeab80c7cb2eca1d9a2d,SECONDARY,official SOFR 21-session direction,sofr-pivot: easing (-3.0bp over 21 sessions)
SOFRPivot_Rider-00160,@SOFRPivot_Rider,2026-07-30,2026-07-31,COLLECTED,QQQ,buy,80,market,filled,2026-07-31,,692.13,80,55370.4,1.4439,0.289,0.00016,687.98999,2026-07-31,data/real/prices/yahoo/QQQ.json,ae9ec3c0b0b8e0f5cd28ee45eac2dfcff9f95a7c5a1244e170ab0980d85979ed,SECONDARY,official SOFR 21-session direction,sofr-pivot: easing (-3.0bp over 21 sessions)
SOFRPivot_Rider-00161,@SOFRPivot_Rider,2026-07-30,2026-07-31,COLLECTED,TSLA,buy,120,market,filled,2026-07-31,,309.71,120,37165.2,2.4632,0.646,0.00033,311.209991,2026-07-31,data/real/prices/yahoo/TSLA.json,6916f4c63d07180ce9efd08a9e88d50b7d43121d02443b933214c54bbb6e84f7,SECONDARY,official SOFR 21-session direction,sofr-pivot: easing (-3.0bp over 21 sessions)
FDA_PDUFA_Drifter-00091,@FDA_PDUFA_Drifter,2026-07-30,2026-07-31,COLLECTED,XBI,buy,300,market,filled,2026-07-31,,151.21,300,45363.0,3.9926,0.662,0.00373,147.009995,2026-07-31,data/real/prices/yahoo/XBI.json,fe9eeb851e6faba2a7187e008fab271608d8a4d544227ad3543ac3d95d5dd769,SECONDARY,"openFDA approval count, trailing 30 days",fda-drift: 30d approvals 81 >= median 67
LeapStyle_AutoLiquidate-00022,@LeapStyle_AutoLiquidate,2026-07-30,2026-07-31,COLLECTED,IWM,buy,160,market,filled,2026-07-31,,293.56,160,46969.6,1.6282,0.0,0.00056,291.200012,2026-07-31,data/real/prices/yahoo/IWM.json,4f6191d7931ac8755dec346902f769128dd059359a542aaf947e90ff8f2d344a,SECONDARY,contest rank rotation,leap: leader IWM at +0.74% over 42 sessions
VolControl_MaxLev-00078,@VolControl_MaxLev,2026-07-30,2026-07-31,COLLECTED,QQQ,buy,80,market,filled,2026-07-31,,692.13,80,55370.4,1.4439,0.289,0.00016,687.98999,2026-07-31,data/real/prices/yahoo/QQQ.json,ae9ec3c0b0b8e0f5cd28ee45eac2dfcff9f95a7c5a1244e170ab0980d85979ed,SECONDARY,official VIXCLS tercile scaling,vol-control: middle tercile (VIX 17.09)
KitchenSink_Official-00160,@KitchenSink_Official,2026-07-30,2026-07-31,COLLECTED,TLT,sell,800,market,filled,2026-07-31,,82.44,800,65952.0,8.6526,1.212,0.00159,82.25,2026-07-31,data/real/prices/yahoo/TLT.json,b2914ca7451d1c04fbe97f399361df69871d9a8afcbb0121541ac2bdd13a29f3,SECONDARY,sign of eight official 21-session changes,kitchen-sink[undecided]: score -2 of 8 official signs
KitchenSink_Official-00161,@KitchenSink_Official,2026-07-30,2026-07-31,COLLECTED,SPY,buy,80,market,filled,2026-07-31,,744.68,80,59574.4,0.84,0.0,0.00013,747.030029,2026-07-31,data/real/prices/yahoo/SPY.json,e0f05aaf67be23da1db20513eaed93274b165898427ebeab80c7cb2eca1d9a2d,SECONDARY,sign of eight official 21-session changes,kitchen-sink[undecided]: score -2 of 8 official signs
VIXRegime_LiveMax-00049,@VIXRegime_LiveMax,2026-07-31,2026-08-03,COLLECTED,QQQ,buy,80,market,filled,2026-08-03,,688.31,80,55064.8,1.4382,0.145,0.00018,700.070007,2026-08-03,data/real/prices/yahoo/QQQ.json,ae9ec3c0b0b8e0f5cd28ee45eac2dfcff9f95a7c5a1244e170ab0980d85979ed,SECONDARY,official VIXCLS/SP500 regime rule,"vix-regime[calm]: VIX 15.99 vs 60d median 17.41, 252d 80th percentile 19.86; S&P 7,490 vs 100d mean 7,209"
SOFRPivot_Rider-00162,@SOFRPivot_Rider,2026-07-31,2026-08-03,COLLECTED,QQQ,sell,80,market,filled,2026-08-03,,688.29,80,55063.2,2.5881,0.145,0.00018,700.070007,2026-08-03,data/real/prices/yahoo/QQQ.json,ae9ec3c0b0b8e0f5cd28ee45eac2dfcff9f95a7c5a1244e170ab0980d85979ed,SECONDARY,official SOFR 21-session direction,sofr-pivot: flat (+0.0bp over 21 sessions)
SOFRPivot_Rider-00163,@SOFRPivot_Rider,2026-07-31,2026-08-03,COLLECTED,TSLA,sell,120,market,filled,2026-08-03,,310.94,120,37312.8,3.2591,0.643,0.00031,322.079987,2026-08-03,data/real/prices/yahoo/TSLA.json,6916f4c63d07180ce9efd08a9e88d50b7d43121d02443b933214c54bbb6e84f7,SECONDARY,official SOFR 21-session direction,sofr-pivot: flat (+0.0bp over 21 sessions)
SOFRPivot_Rider-00164,@SOFRPivot_Rider,2026-07-31,2026-08-03,COLLECTED,SPY,buy,80,market,filled,2026-08-03,,749.45,80,59956.0,0.8458,0.133,0.00013,757.669983,2026-08-03,data/real/prices/yahoo/SPY.json,e0f05aaf67be23da1db20513eaed93274b165898427ebeab80c7cb2eca1d9a2d,SECONDARY,official SOFR 21-session direction,sofr-pivot: flat (+0.0bp over 21 sessions)
FDA_PDUFA_Drifter-00092,@FDA_PDUFA_Drifter,2026-07-31,2026-08-03,COLLECTED,XBI,buy,100,market,filled,2026-08-03,,146.98,100,14698.0,1.1143,0.0,0.00149,147.309998,2026-08-03,data/real/prices/yahoo/XBI.json,fe9eeb851e6faba2a7187e008fab271608d8a4d544227ad3543ac3d95d5dd769,SECONDARY,"openFDA approval count, trailing 30 days",fda-drift: 30d approvals 79 >= median 67
LeapStyle_AutoLiquidate-00023,@LeapStyle_AutoLiquidate,2026-07-31,2026-08-03,COLLECTED,IWM,buy,80,market,filled,2026-08-03,,292.9,80,23432.0,0.7631,0.0,0.00035,296.220001,2026-08-03,data/real/prices/yahoo/IWM.json,4f6191d7931ac8755dec346902f769128dd059359a542aaf947e90ff8f2d344a,SECONDARY,contest rank rotation,leap: leader IWM at +0.77% over 42 sessions
VolControl_MaxLev-00079,@VolControl_MaxLev,2026-07-31,2026-08-03,COLLECTED,QQQ,buy,40,market,filled,2026-08-03,,688.31,40,27532.4,0.6608,0.145,9e-05,700.070007,2026-08-03,data/real/prices/yahoo/QQQ.json,ae9ec3c0b0b8e0f5cd28ee45eac2dfcff9f95a7c5a1244e170ab0980d85979ed,SECONDARY,official VIXCLS tercile scaling,vol-control: calm tercile (VIX 15.99 <= 16.37)
KitchenSink_Official-00162,@KitchenSink_Official,2026-07-31,2026-08-03,COLLECTED,SPY,sell,80,market,filled,2026-08-03,,749.44,80,59955.2,2.0965,0.0,0.00013,757.669983,2026-08-03,data/real/prices/yahoo/SPY.json,e0f05aaf67be23da1db20513eaed93274b165898427ebeab80c7cb2eca1d9a2d,SECONDARY,sign of eight official 21-session changes,kitchen-sink[riskon]: score +3 of 8 official signs
KitchenSink_Official-00163,@KitchenSink_Official,2026-07-31,2026-08-03,COLLECTED,TLT,sell,100,market,filled,2026-08-03,,82.23,100,8223.0,1.0199,1.216,0.00031,82.190002,2026-08-03,data/real/prices/yahoo/TLT.json,b2914ca7451d1c04fbe97f399361df69871d9a8afcbb0121541ac2bdd13a29f3,SECONDARY,sign of eight official 21-session changes,kitchen-sink[riskon]: score +3 of 8 official signs
KitchenSink_Official-00164,@KitchenSink_Official,2026-07-31,2026-08-03,COLLECTED,QQQ,buy,80,market,filled,2026-08-03,,688.31,80,55064.8,1.4382,0.145,0.00018,700.070007,2026-08-03,data/real/prices/yahoo/QQQ.json,ae9ec3c0b0b8e0f5cd28ee45eac2dfcff9f95a7c5a1244e170ab0980d85979ed,SECONDARY,sign of eight official 21-session changes,kitchen-sink[riskon]: score +3 of 8 official signs
VIXRegime_LiveMax-00050,@VIXRegime_LiveMax,2026-08-03,2026-08-04,COLLECTED,QQQ,buy,40,market,filled,2026-08-04,,708.17,40,28326.8,0.6666,0.142,7e-05,723.849976,2026-08-04,data/real/prices/yahoo/QQQ.json,ae9ec3c0b0b8e0f5cd28ee45eac2dfcff9f95a7c5a1244e170ab0980d85979ed,SECONDARY,official VIXCLS/SP500 regime rule,"vix-regime[calm]: VIX 15.86 vs 60d median 17.37, 252d 80th percentile 19.86; S&P 7,600 vs 100d mean 7,217"
FDA_PDUFA_Drifter-00093,@FDA_PDUFA_Drifter,2026-08-03,2026-08-04,COLLECTED,XBI,buy,100,market,filled,2026-08-04,,148.78,100,14878.0,1.0989,0.672,0.00128,151.880005,2026-08-04,data/real/prices/yahoo/XBI.json,fe9eeb851e6faba2a7187e008fab271608d8a4d544227ad3543ac3d95d5dd769,SECONDARY,"openFDA approval count, trailing 30 days",fda-drift: 30d approvals 78 >= median 67
MLB_Attention_Live-00069,@MLB_Attention_Live,2026-08-03,2026-08-04,COLLECTED,DKNG,sell,100,market,filled,2026-08-04,,23.29,100,2329.0,0.9229,0.0,0.00078,23.610001,2026-08-04,data/real/prices/yahoo/DKNG.json,728eccb3861f5cb322bf539a1926fb53cb11fdf0d1412a8d19111bd3a9ac37ef,SECONDARY,official MLB StatsAPI schedule density,mlb-attention: 96 games and 40 upsets in 7 days vs median 91
MLB_Attention_Live-00070,@MLB_Attention_Live,2026-08-03,2026-08-04,COLLECTED,SRAD,buy,300,market,filled,2026-08-04,,12.15,300,3645.0,4.4863,8.237,0.00426,12.91,2026-08-04,data/real/prices/yahoo/SRAD.json,2b98acbc8c99539adff859013008c24d152cb619d509bba11ec159ae2d4a7cb6,SECONDARY,official MLB StatsAPI schedule density,mlb-attention: 96 games and 40 upsets in 7 days vs median 91
LeapStyle_AutoLiquidate-00024,@LeapStyle_AutoLiquidate,2026-08-03,2026-08-04,COLLECTED,IWM,buy,40,market,filled,2026-08-04,,297.59,40,11903.6,0.3688,0.0,0.00019,301.709991,2026-08-04,data/real/prices/yahoo/IWM.json,4f6191d7931ac8755dec346902f769128dd059359a542aaf947e90ff8f2d344a,SECONDARY,contest rank rotation,leap: leader IWM at +1.56% over 42 sessions
VolControl_MaxLev-00080,@VolControl_MaxLev,2026-08-03,2026-08-04,COLLECTED,QQQ,buy,40,market,filled,2026-08-04,,708.17,40,28326.8,0.6666,0.142,7e-05,723.849976,2026-08-04,data/real/prices/yahoo/QQQ.json,ae9ec3c0b0b8e0f5cd28ee45eac2dfcff9f95a7c5a1244e170ab0980d85979ed,SECONDARY,official VIXCLS tercile scaling,vol-control: calm tercile (VIX 15.86 <= 16.37)
KitchenSink_Official-00165,@KitchenSink_Official,2026-08-03,2026-08-04,COLLECTED,QQQ,sell,80,market,filled,2026-08-04,,708.14,80,56651.2,2.6371,0.282,0.00013,723.849976,2026-08-04,data/real/prices/yahoo/QQQ.json,ae9ec3c0b0b8e0f5cd28ee45eac2dfcff9f95a7c5a1244e170ab0980d85979ed,SECONDARY,sign of eight official 21-session changes,kitchen-sink[undecided]: score +2 of 8 official signs
KitchenSink_Official-00166,@KitchenSink_Official,2026-08-03,2026-08-04,COLLECTED,SPY,buy,80,market,filled,2026-08-04,,760.64,80,60851.2,0.8638,0.131,0.00012,771.330017,2026-08-04,data/real/prices/yahoo/SPY.json,e0f05aaf67be23da1db20513eaed93274b165898427ebeab80c7cb2eca1d9a2d,SECONDARY,sign of eight official 21-session changes,kitchen-sink[undecided]: score +2 of 8 official signs
CurveSteepener_MaxBeta-00146,@CurveSteepener_MaxBeta,2026-08-04,2026-08-05,COLLECTED,JPM,sell,200,market,filled,2026-08-05,,358.96,200,71792.0,4.8165,0.279,0.0038,359.23999,2026-08-05,data/real/prices/yahoo/JPM.json,169021a2b0a0985c1c427b57fe640e22b6ce82a79377bc3075417c6a8b98d12c,SECONDARY,official DGS10-DGS3MO 21-session change,curve-steepener: flat +7.0bp
CurveSteepener_MaxBeta-00147,@CurveSteepener_MaxBeta,2026-08-04,2026-08-05,COLLECTED,XOM,sell,400,market,filled,2026-08-05,,155.03,400,62012.0,6.3738,0.645,0.00327,151.630005,2026-08-05,data/real/prices/yahoo/XOM.json,4a2c7d18351df35d3cb2b11781aad7ea882659abaffcd9d31683a3d09881cf97,SECONDARY,official DGS10-DGS3MO 21-session change,curve-steepener: flat +7.0bp
VolControl_MaxLev-00081,@VolControl_MaxLev,2026-08-04,2026-08-05,COLLECTED,QQQ,sell,40,market,filled,2026-08-05,,726.24,40,29049.6,1.2906,0.138,0.00012,717.299988,2026-08-05,data/real/prices/yahoo/QQQ.json,ae9ec3c0b0b8e0f5cd28ee45eac2dfcff9f95a7c5a1244e170ab0980d85979ed,SECONDARY,official VIXCLS tercile scaling,vol-control: middle tercile (VIX 16.50)
CurveSteepener_MaxBeta-00148,@CurveSteepener_MaxBeta,2026-08-05,2026-08-06,COLLECTED,JPM,buy,200,market,filled,2026-08-06,,362.82,200,72564.0,3.3186,0.276,0.00344,356.299988,2026-08-06,data/real/prices/yahoo/JPM.json,169021a2b0a0985c1c427b57fe640e22b6ce82a79377bc3075417c6a8b98d12c,SECONDARY,official DGS10-DGS3MO 21-session change,curve-steepener: steepening +13.0bp
CurveSteepener_MaxBeta-00149,@CurveSteepener_MaxBeta,2026-08-05,2026-08-06,COLLECTED,XOM,buy,400,market,filled,2026-08-06,,154.23,400,61692.0,4.8826,0.648,0.00337,154.839996,2026-08-06,data/real/prices/yahoo/XOM.json,4a2c7d18351df35d3cb2b11781aad7ea882659abaffcd9d31683a3d09881cf97,SECONDARY,official DGS10-DGS3MO 21-session change,curve-steepener: steepening +13.0bp
MLB_Attention_Live-00071,@MLB_Attention_Live,2026-08-05,2026-08-06,COLLECTED,DKNG,sell,100,market,filled,2026-08-06,,21.37,100,2137.0,0.9216,0.0,0.00039,22.17,2026-08-06,data/real/prices/yahoo/DKNG.json,728eccb3861f5cb322bf539a1926fb53cb11fdf0d1412a8d19111bd3a9ac37ef,SECONDARY,official MLB StatsAPI schedule density,mlb-attention: 93 games and 39 upsets in 7 days vs median 92
MLB_Attention_Live-00072,@MLB_Attention_Live,2026-08-05,2026-08-06,COLLECTED,SRAD,sell,400,market,filled,2026-08-06,,12.52,400,5008.0,6.2482,7.981,0.0184,12.7,2026-08-06,data/real/prices/yahoo/SRAD.json,2b98acbc8c99539adff859013008c24d152cb619d509bba11ec159ae2d4a7cb6,SECONDARY,official MLB StatsAPI schedule density,mlb-attention: 93 games and 39 upsets in 7 days vs median 92
VolControl_MaxLev-00082,@VolControl_MaxLev,2026-08-05,2026-08-06,COLLECTED,QQQ,buy,40,market,filled,2026-08-06,,710.83,40,28433.2,0.6771,0.141,0.00012,714.650024,2026-08-06,data/real/prices/yahoo/QQQ.json,ae9ec3c0b0b8e0f5cd28ee45eac2dfcff9f95a7c5a1244e170ab0980d85979ed,SECONDARY,official VIXCLS tercile scaling,vol-control: calm tercile (VIX 15.81 <= 16.40)
KitchenSink_Official-00167,@KitchenSink_Official,2026-08-05,2026-08-06,COLLECTED,SPY,sell,40,market,filled,2026-08-06,,770.21,40,30808.4,1.0478,0.0,0.0001,768.559998,2026-08-06,data/real/prices/yahoo/SPY.json,e0f05aaf67be23da1db20513eaed93274b165898427ebeab80c7cb2eca1d9a2d,SECONDARY,sign of eight official 21-session changes,kitchen-sink[riskon]: score +4 of 8 official signs
KitchenSink_Official-00168,@KitchenSink_Official,2026-08-05,2026-08-06,COLLECTED,QQQ,buy,80,market,filled,2026-08-06,,710.84,80,56867.2,1.4842,0.281,0.00024,714.650024,2026-08-06,data/real/prices/yahoo/QQQ.json,ae9ec3c0b0b8e0f5cd28ee45eac2dfcff9f95a7c5a1244e170ab0980d85979ed,SECONDARY,sign of eight official 21-session changes,kitchen-sink[riskon]: score +4 of 8 official signs
SOFRPivot_Rider-00165,@SOFRPivot_Rider,2026-08-06,2026-08-07,COLLECTED,SPY,sell,40,market,filled,2026-08-07,,771.02,40,30840.8,1.0485,0.0,9e-05,773.26001,2026-08-07,data/real/prices/yahoo/SPY.json,e0f05aaf67be23da1db20513eaed93274b165898427ebeab80c7cb2eca1d9a2d,SECONDARY,official SOFR 21-session direction,sofr-pivot: tightening (+7.0bp over 21 sessions)
SOFRPivot_Rider-00166,@SOFRPivot_Rider,2026-08-06,2026-08-07,COLLECTED,TLT,buy,900,market,filled,2026-08-07,,82.81,900,74529.0,8.0539,1.207,0.00094,82.760002,2026-08-07,data/real/prices/yahoo/TLT.json,b2914ca7451d1c04fbe97f399361df69871d9a8afcbb0121541ac2bdd13a29f3,SECONDARY,official SOFR 21-session direction,sofr-pivot: tightening (+7.0bp over 21 sessions)
MLB_Attention_Live-00073,@MLB_Attention_Live,2026-08-06,2026-08-07,COLLECTED,DKNG,sell,2900,market,filled,2026-08-07,,22.89,2900,66381.0,34.9467,2.184,0.00768,24.030001,2026-08-07,data/real/prices/yahoo/DKNG.json,728eccb3861f5cb322bf539a1926fb53cb11fdf0d1412a8d19111bd3a9ac37ef,SECONDARY,official MLB StatsAPI schedule density,mlb-attention: sparse schedule (92 vs median 92)
MLB_Attention_Live-00074,@MLB_Attention_Live,2026-08-06,2026-08-07,COLLECTED,FLUT,sell,400,market,filled,2026-08-07,,94.4,400,37760.0,9.4172,1.06,0.00633,94.739998,2026-08-07,data/real/prices/yahoo/FLUT.json,b0ffbb30d24f61202de05dce905e96fb554a730be44b61df2e48712c8bcbabd0,SECONDARY,official MLB StatsAPI schedule density,mlb-attention: sparse schedule (92 vs median 92)
MLB_Attention_Live-00075,@MLB_Attention_Live,2026-08-06,2026-08-07,COLLECTED,PENN,sell,1200,market,filled,2026-08-07,,20.17,1200,24204.0,14.1579,4.955,0.04814,20.18,2026-08-07,data/real/prices/yahoo/PENN.json,a08c607c0926b67cf07c1d783cb680772c85851bf312595d1e12c5291078fa04,SECONDARY,official MLB StatsAPI schedule density,mlb-attention: sparse schedule (92 vs median 92)
MLB_Attention_Live-00076,@MLB_Attention_Live,2026-08-06,2026-08-07,COLLECTED,SRAD,sell,3700,market,filled,2026-08-07,,12.77,3700,47249.0,74.4973,15.637,0.14269,13.02,2026-08-07,data/real/prices/yahoo/SRAD.json,2b98acbc8c99539adff859013008c24d152cb619d509bba11ec159ae2d4a7cb6,SECONDARY,official MLB StatsAPI schedule density,mlb-attention: sparse schedule (92 vs median 92)
PinePilot_EMA_Live-00024,@PinePilot_EMA_Live,2026-08-06,2026-08-07,COLLECTED,QQQ,buy,240,market,filled,2026-08-07,,720.17,240,172840.8,5.4637,0.277,0.00077,723.030029,2026-08-07,data/real/prices/yahoo/QQQ.json,ae9ec3c0b0b8e0f5cd28ee45eac2dfcff9f95a7c5a1244e170ab0980d85979ed,SECONDARY,9/21 EMA cross,pinepilot: EMA9 703.16 > EMA21 702.62
KitchenSink_Official-00169,@KitchenSink_Official,2026-08-06,2026-08-07,COLLECTED,QQQ,buy,80,market,filled,2026-08-07,,720.17,80,57613.6,1.491,0.277,0.00026,723.030029,2026-08-07,data/real/prices/yahoo/QQQ.json,ae9ec3c0b0b8e0f5cd28ee45eac2dfcff9f95a7c5a1244e170ab0980d85979ed,SECONDARY,sign of eight official 21-session changes,kitchen-sink[riskon]: score +4 of 8 official signs
SOFRPivot_Rider-00167,@SOFRPivot_Rider,2026-08-07,2026-08-10,COLLECTED,SPY,sell,40,market,filled,2026-08-10,,772.59,40,30903.6,1.0493,0.129,0.0001,773.030029,2026-08-10,data/real/prices/yahoo/SPY.json,e0f05aaf67be23da1db20513eaed93274b165898427ebeab80c7cb2eca1d9a2d,SECONDARY,official SOFR 21-session direction,sofr-pivot: tightening (+9.0bp over 21 sessions)
SOFRPivot_Rider-00168,@SOFRPivot_Rider,2026-08-07,2026-08-10,COLLECTED,TLT,buy,600,market,filled,2026-08-10,,82.41,600,49446.0,5.2558,1.213,0.00163,82.059998,2026-08-10,data/real/prices/yahoo/TLT.json,b2914ca7451d1c04fbe97f399361df69871d9a8afcbb0121541ac2bdd13a29f3,SECONDARY,official SOFR 21-session direction,sofr-pivot: tightening (+9.0bp over 21 sessions)
CurveSteepener_MaxBeta-00150,@CurveSteepener_MaxBeta,2026-08-07,2026-08-10,COLLECTED,JPM,sell,200,market,filled,2026-08-10,,357.94,200,71588.0,4.6401,0.558,0.00375,359.790009,2026-08-10,data/real/prices/yahoo/JPM.json,169021a2b0a0985c1c427b57fe640e22b6ce82a79377bc3075417c6a8b98d12c,SECONDARY,official DGS10-DGS3MO 21-session change,curve-steepener: flat +9.0bp
CurveSteepener_MaxBeta-00151,@CurveSteepener_MaxBeta,2026-08-07,2026-08-10,COLLECTED,XOM,sell,500,market,filled,2026-08-10,,154.5,500,77250.0,7.947,-0.0,0.00253,159.789993,2026-08-10,data/real/prices/yahoo/XOM.json,4a2c7d18351df35d3cb2b11781aad7ea882659abaffcd9d31683a3d09881cf97,SECONDARY,official DGS10-DGS3MO 21-session change,curve-steepener: flat +9.0bp
FDA_PDUFA_Drifter-00094,@FDA_PDUFA_Drifter,2026-08-07,2026-08-10,COLLECTED,XBI,buy,100,market,filled,2026-08-10,,155.98,100,15598.0,1.1466,0.0,0.00134,158.029999,2026-08-10,data/real/prices/yahoo/XBI.json,fe9eeb851e6faba2a7187e008fab271608d8a4d544227ad3543ac3d95d5dd769,SECONDARY,"openFDA approval count, trailing 30 days",fda-drift: 30d approvals 80 >= median 67
MLB_Attention_Live-00077,@MLB_Attention_Live,2026-08-07,2026-08-10,COLLECTED,DKNG,buy,2700,market,filled,2026-08-10,,23.71,2700,64017.0,39.6439,6.33,0.01439,24.27,2026-08-10,data/real/prices/yahoo/DKNG.json,728eccb3861f5cb322bf539a1926fb53cb11fdf0d1412a8d19111bd3a9ac37ef,SECONDARY,official MLB StatsAPI schedule density,mlb-attention: 93 games and 37 upsets in 7 days vs median 92
MLB_Attention_Live-00078,@MLB_Attention_Live,2026-08-07,2026-08-10,COLLECTED,FLUT,buy,400,market,filled,2026-08-10,,93.03,400,37212.0,8.5494,2.15,0.00927,94.269997,2026-08-10,data/real/prices/yahoo/FLUT.json,b0ffbb30d24f61202de05dce905e96fb554a730be44b61df2e48712c8bcbabd0,SECONDARY,official MLB StatsAPI schedule density,mlb-attention: 93 games and 37 upsets in 7 days vs median 92
MLB_Attention_Live-00079,@MLB_Attention_Live,2026-08-07,2026-08-10,COLLECTED,PENN,buy,1300,market,filled,2026-08-10,,20.03,1300,26039.0,14.5197,4.995,0.0407,18.85,2026-08-10,data/real/prices/yahoo/PENN.json,a08c607c0926b67cf07c1d783cb680772c85851bf312595d1e12c5291078fa04,SECONDARY,official MLB StatsAPI schedule density,mlb-attention: 93 games and 37 upsets in 7 days vs median 92
MLB_Attention_Live-00080,@MLB_Attention_Live,2026-08-07,2026-08-10,COLLECTED,SRAD,buy,3700,market,filled,2026-08-10,,12.93,3700,47841.0,90.0254,15.492,0.15601,13.34,2026-08-10,data/real/prices/yahoo/SRAD.json,2b98acbc8c99539adff859013008c24d152cb619d509bba11ec159ae2d4a7cb6,SECONDARY,official MLB StatsAPI schedule density,mlb-attention: 93 games and 37 upsets in 7 days vs median 92
PinePilot_EMA_Live-00025,@PinePilot_EMA_Live,2026-08-07,2026-08-10,COLLECTED,QQQ,buy,40,market,filled,2026-08-10,,722.4,40,28896.0,0.6782,0.138,0.00015,720.869995,2026-08-10,data/real/prices/yahoo/QQQ.json,ae9ec3c0b0b8e0f5cd28ee45eac2dfcff9f95a7c5a1244e170ab0980d85979ed,SECONDARY,9/21 EMA cross,pinepilot: EMA9 707.13 > EMA21 704.48
KitchenSink_Official-00170,@KitchenSink_Official,2026-08-07,2026-08-10,COLLECTED,SPY,sell,40,market,filled,2026-08-10,,772.59,40,30903.6,1.0493,0.129,0.0001,773.030029,2026-08-10,data/real/prices/yahoo/SPY.json,e0f05aaf67be23da1db20513eaed93274b165898427ebeab80c7cb2eca1d9a2d,SECONDARY,sign of eight official 21-session changes,kitchen-sink[riskon]: score +4 of 8 official signs
KitchenSink_Official-00171,@KitchenSink_Official,2026-08-07,2026-08-10,COLLECTED,QQQ,buy,40,market,filled,2026-08-10,,722.4,40,28896.0,0.6782,0.138,0.00015,720.869995,2026-08-10,data/real/prices/yahoo/QQQ.json,ae9ec3c0b0b8e0f5cd28ee45eac2dfcff9f95a7c5a1244e170ab0980d85979ed,SECONDARY,sign of eight official 21-session changes,kitchen-sink[riskon]: score +4 of 8 official signs
SOFRPivot_Rider-00169,@SOFRPivot_Rider,2026-08-10,2026-08-11,COLLECTED,TLT,buy,500,market,filled,2026-08-11,,82.27,500,41135.0,4.3601,0.0,0.00215,82.190002,2026-08-11,data/real/prices/yahoo/TLT.json,b2914ca7451d1c04fbe97f399361df69871d9a8afcbb0121541ac2bdd13a29f3,SECONDARY,official SOFR 21-session direction,sofr-pivot: tightening (+8.0bp over 21 sessions)
CurveSteepener_MaxBeta-00152,@CurveSteepener_MaxBeta,2026-08-10,2026-08-11,COLLECTED,JPM,buy,200,market,filled,2026-08-11,,360.06,200,72012.0,3.1431,0.278,0.00437,362.040009,2026-08-11,data/real/prices/yahoo/JPM.json,169021a2b0a0985c1c427b57fe640e22b6ce82a79377bc3075417c6a8b98d12c,SECONDARY,official DGS10-DGS3MO 21-session change,curve-steepener: steepening +12.0bp
CurveSteepener_MaxBeta-00153,@CurveSteepener_MaxBeta,2026-08-10,2026-08-11,COLLECTED,XOM,buy,500,market,filled,2026-08-11,,159.68,500,79840.0,6.686,1.252,0.00364,159.800003,2026-08-11,data/real/prices/yahoo/XOM.json,4a2c7d18351df35d3cb2b11781aad7ea882659abaffcd9d31683a3d09881cf97,SECONDARY,official DGS10-DGS3MO 21-session change,curve-steepener: steepening +12.0bp
KitchenSink_Official-00172,@KitchenSink_Official,2026-08-10,2026-08-11,COLLECTED,QQQ,sell,200,market,filled,2026-08-11,,723.27,200,144654.0,7.3959,0.276,0.00068,718.450012,2026-08-11,data/real/prices/yahoo/QQQ.json,ae9ec3c0b0b8e0f5cd28ee45eac2dfcff9f95a7c5a1244e170ab0980d85979ed,SECONDARY,sign of eight official 21-session changes,kitchen-sink[undecided]: score +2 of 8 official signs
KitchenSink_Official-00173,@KitchenSink_Official,2026-08-10,2026-08-11,COLLECTED,SPY,buy,40,market,filled,2026-08-11,,774.54,40,30981.6,0.405,0.129,0.00011,770.559998,2026-08-11,data/real/prices/yahoo/SPY.json,e0f05aaf67be23da1db20513eaed93274b165898427ebeab80c7cb2eca1d9a2d,SECONDARY,sign of eight official 21-session changes,kitchen-sink[undecided]: score +2 of 8 official signs
SOFRPivot_Rider-00170,@SOFRPivot_Rider,2026-08-11,2026-08-12,COLLECTED,TLT,sell,2000,market,filled,2026-08-12,,82.44,2000,164880.0,22.6367,1.212,0.00933,82.110001,2026-08-12,data/real/prices/yahoo/TLT.json,b2914ca7451d1c04fbe97f399361df69871d9a8afcbb0121541ac2bdd13a29f3,SECONDARY,official SOFR 21-session direction,sofr-pivot: flat (+4.0bp over 21 sessions)
MLB_Attention_Live-00081,@MLB_Attention_Live,2026-08-11,2026-08-12,COLLECTED,SRAD,buy,200,market,filled,2026-08-12,,13.22,200,2644.0,2.9246,7.57,0.01124,12.99,2026-08-12,data/real/prices/yahoo/SRAD.json,2b98acbc8c99539adff859013008c24d152cb619d509bba11ec159ae2d4a7cb6,SECONDARY,official MLB StatsAPI schedule density,mlb-attention: 96 games and 35 upsets in 7 days vs median 92
KitchenSink_Official-00174,@KitchenSink_Official,2026-08-11,2026-08-12,COLLECTED,QQQ,buy,120,market,filled,2026-08-12,,727.1,120,87252.0,2.3624,0.275,0.00041,723.700012,2026-08-12,data/real/prices/yahoo/QQQ.json,ae9ec3c0b0b8e0f5cd28ee45eac2dfcff9f95a7c5a1244e170ab0980d85979ed,SECONDARY,sign of eight official 21-session changes,kitchen-sink[riskon]: score +4 of 8 official signs
SOFRPivot_Rider-00171,@SOFRPivot_Rider,2026-08-12,2026-08-13,COLLECTED,SPY,buy,80,market,filled,2026-08-13,,774.87,80,61989.6,0.8767,0.0,0.00022,777.880005,2026-08-13,data/real/prices/yahoo/SPY.json,e0f05aaf67be23da1db20513eaed93274b165898427ebeab80c7cb2eca1d9a2d,SECONDARY,official SOFR 21-session direction,sofr-pivot: flat (-1.0bp over 21 sessions)
CurveSteepener_MaxBeta-00154,@CurveSteepener_MaxBeta,2026-08-12,2026-08-13,COLLECTED,JPM,sell,240,market,filled,2026-08-13,,366.49,240,87957.6,5.6917,0.273,0.0047,363.109985,2026-08-13,data/real/prices/yahoo/JPM.json,169021a2b0a0985c1c427b57fe640e22b6ce82a79377bc3075417c6a8b98d12c,SECONDARY,official DGS10-DGS3MO 21-session change,curve-steepener: flat +8.0bp
CurveSteepener_MaxBeta-00155,@CurveSteepener_MaxBeta,2026-08-12,2026-08-13,COLLECTED,XOM,sell,500,market,filled,2026-08-13,,158.02,500,79010.0,8.1141,0.633,0.00474,158.610001,2026-08-13,data/real/prices/yahoo/XOM.json,4a2c7d18351df35d3cb2b11781aad7ea882659abaffcd9d31683a3d09881cf97,SECONDARY,official DGS10-DGS3MO 21-session change,curve-steepener: flat +8.0bp
GoldVsRealRate_Live-00101,@GoldVsRealRate_Live,2026-08-12,2026-08-13,COLLECTED,TLT,sell,1200,market,filled,2026-08-13,,82.58,1200,99096.0,13.1989,1.21,0.00446,82.589996,2026-08-13,data/real/prices/yahoo/TLT.json,b2914ca7451d1c04fbe97f399361df69871d9a8afcbb0121541ac2bdd13a29f3,SECONDARY,"DGS10 minus SOFR, 21-session change",gold-real-rate: proxy flat (+4.0bp)
GoldVsRealRate_Live-00102,@GoldVsRealRate_Live,2026-08-12,2026-08-13,COLLECTED,GLD,buy,80,market,filled,2026-08-13,,402.19,80,32175.2,1.1936,0.497,0.00092,398.959991,2026-08-13,data/real/prices/yahoo/GLD.json,545093d31c9d8284e3b5dc66f668a6cb7391d9925b5abdf3e82bcaa71e423b40,SECONDARY,"DGS10 minus SOFR, 21-session change",gold-real-rate: proxy flat (+4.0bp)
KitchenSink_Official-00175,@KitchenSink_Official,2026-08-12,2026-08-13,COLLECTED,SPY,sell,40,market,filled,2026-08-13,,774.86,40,30994.4,1.05,0.129,0.00011,777.880005,2026-08-13,data/real/prices/yahoo/SPY.json,e0f05aaf67be23da1db20513eaed93274b165898427ebeab80c7cb2eca1d9a2d,SECONDARY,sign of eight official 21-session changes,kitchen-sink[riskon]: score +6 of 8 official signs
KitchenSink_Official-00176,@KitchenSink_Official,2026-08-12,2026-08-13,COLLECTED,QQQ,buy,40,market,filled,2026-08-13,,725.16,40,29006.4,0.6734,0.138,0.00013,732.070007,2026-08-13,data/real/prices/yahoo/QQQ.json,ae9ec3c0b0b8e0f5cd28ee45eac2dfcff9f95a7c5a1244e170ab0980d85979ed,SECONDARY,sign of eight official 21-session changes,kitchen-sink[riskon]: score +6 of 8 official signs
CurveSteepener_MaxBeta-00156,@CurveSteepener_MaxBeta,2026-08-13,2026-08-14,COLLECTED,SPY,buy,120,market,filled,2026-08-14,,778.54,120,93424.8,1.401,0.0,0.00038,776.340027,2026-08-14,data/real/prices/yahoo/SPY.json,e0f05aaf67be23da1db20513eaed93274b165898427ebeab80c7cb2eca1d9a2d,SECONDARY,official DGS10-DGS3MO 21-session change,curve-steepener: flat +2.0bp
MLB_Attention_Live-00082,@MLB_Attention_Live,2026-08-13,2026-08-14,COLLECTED,DKNG,buy,100,market,filled,2026-08-14,,25.7,100,2570.0,0.8865,3.892,0.00112,26.139999,2026-08-14,data/real/prices/yahoo/DKNG.json,728eccb3861f5cb322bf539a1926fb53cb11fdf0d1412a8d19111bd3a9ac37ef,SECONDARY,official MLB StatsAPI schedule density,mlb-attention: 96 games and 39 upsets in 7 days vs median 92
GoldVsRealRate_Live-00103,@GoldVsRealRate_Live,2026-08-13,2026-08-14,COLLECTED,GLD,sell,40,market,filled,2026-08-14,,402.16,40,16086.4,0.8614,0.497,0.00059,401.480011,2026-08-14,data/real/prices/yahoo/GLD.json,545093d31c9d8284e3b5dc66f668a6cb7391d9925b5abdf3e82bcaa71e423b40,SECONDARY,"DGS10 minus SOFR, 21-session change",gold-real-rate: opportunity-cost proxy rising +6.0bp
GoldVsRealRate_Live-00104,@GoldVsRealRate_Live,2026-08-13,2026-08-14,COLLECTED,TLT,buy,800,market,filled,2026-08-14,,82.24,800,65792.0,7.1384,1.216,0.00255,82.040001,2026-08-14,data/real/prices/yahoo/TLT.json,b2914ca7451d1c04fbe97f399361df69871d9a8afcbb0121541ac2bdd13a29f3,SECONDARY,"DGS10 minus SOFR, 21-session change",gold-real-rate: opportunity-cost proxy rising +6.0bp
KitchenSink_Official-00177,@KitchenSink_Official,2026-08-13,2026-08-14,COLLECTED,QQQ,buy,40,market,filled,2026-08-14,,733.42,40,29336.8,0.6771,0.137,0.00017,731.070007,2026-08-14,data/real/prices/yahoo/QQQ.json,ae9ec3c0b0b8e0f5cd28ee45eac2dfcff9f95a7c5a1244e170ab0980d85979ed,SECONDARY,sign of eight official 21-session changes,kitchen-sink[riskon]: score +6 of 8 official signs
CurveSteepener_MaxBeta-00157,@CurveSteepener_MaxBeta,2026-08-14,2026-08-17,COLLECTED,SPY,sell,80,market,filled,2026-08-17,,776.17,80,62093.6,2.1717,0.129,0.00023,772.669983,2026-08-17,data/real/prices/yahoo/SPY.json,e0f05aaf67be23da1db20513eaed93274b165898427ebeab80c7cb2eca1d9a2d,SECONDARY,official DGS10-DGS3MO 21-session change,curve-steepener: steepening +10.0bp
CurveSteepener_MaxBeta-00158,@CurveSteepener_MaxBeta,2026-08-14,2026-08-17,COLLECTED,JPM,buy,120,market,filled,2026-08-17,,361.96,120,43435.2,1.6087,0.553,0.00227,360.959991,2026-08-17,data/real/prices/yahoo/JPM.json,169021a2b0a0985c1c427b57fe640e22b6ce82a79377bc3075417c6a8b98d12c,SECONDARY,official DGS10-DGS3MO 21-session change,curve-steepener: steepening +10.0bp
CurveSteepener_MaxBeta-00159,@CurveSteepener_MaxBeta,2026-08-14,2026-08-17,COLLECTED,XOM,buy,300,market,filled,2026-08-17,,160.11,300,48033.0,3.5353,0.624,0.00233,161.460007,2026-08-17,data/real/prices/yahoo/XOM.json,4a2c7d18351df35d3cb2b11781aad7ea882659abaffcd9d31683a3d09881cf97,SECONDARY,official DGS10-DGS3MO 21-session change,curve-steepener: steepening +10.0bp
MLB_Attention_Live-00083,@MLB_Attention_Live,2026-08-14,2026-08-17,COLLECTED,FLUT,buy,100,market,filled,2026-08-17,,101.93,100,10193.0,1.5718,1.962,0.00409,96.389999,2026-08-17,data/real/prices/yahoo/FLUT.json,b0ffbb30d24f61202de05dce905e96fb554a730be44b61df2e48712c8bcbabd0,SECONDARY,official MLB StatsAPI schedule density,mlb-attention: 94 games and 41 upsets in 7 days vs median 93
GoldVsRealRate_Live-00105,@GoldVsRealRate_Live,2026-08-14,2026-08-17,COLLECTED,GLD,sell,40,market,filled,2026-08-17,,402.33,40,16093.2,0.8483,0.248,0.00042,405.48999,2026-08-17,data/real/prices/yahoo/GLD.json,545093d31c9d8284e3b5dc66f668a6cb7391d9925b5abdf3e82bcaa71e423b40,SECONDARY,"DGS10 minus SOFR, 21-session change",gold-real-rate: opportunity-cost proxy rising +15.0bp
GoldVsRealRate_Live-00106,@GoldVsRealRate_Live,2026-08-14,2026-08-17,COLLECTED,TLT,buy,400,market,filled,2026-08-17,,81.77,400,32708.0,3.4649,0.0,0.00127,81.349998,2026-08-17,data/real/prices/yahoo/TLT.json,b2914ca7451d1c04fbe97f399361df69871d9a8afcbb0121541ac2bdd13a29f3,SECONDARY,"DGS10 minus SOFR, 21-session change",gold-real-rate: opportunity-cost proxy rising +15.0bp
KitchenSink_Official-00178,@KitchenSink_Official,2026-08-14,2026-08-17,COLLECTED,QQQ,buy,40,market,filled,2026-08-17,,732.96,40,29318.4,0.6722,0.136,0.00015,729.869995,2026-08-17,data/real/prices/yahoo/QQQ.json,ae9ec3c0b0b8e0f5cd28ee45eac2dfcff9f95a7c5a1244e170ab0980d85979ed,SECONDARY,sign of eight official 21-session changes,kitchen-sink[riskon]: score +5 of 8 official signs
SOFRPivot_Rider-00172,@SOFRPivot_Rider,2026-08-17,2026-08-18,COLLECTED,SPY,sell,40,market,filled,2026-08-18,,768.7,40,30748.0,1.0418,0.0,9e-05,767.450012,2026-08-18,data/real/prices/yahoo/SPY.json,e0f05aaf67be23da1db20513eaed93274b165898427ebeab80c7cb2eca1d9a2d,SECONDARY,official SOFR 21-session direction,sofr-pivot: tightening (+7.0bp over 21 sessions)
SOFRPivot_Rider-00173,@SOFRPivot_Rider,2026-08-17,2026-08-18,COLLECTED,TLT,buy,900,market,filled,2026-08-18,,81.27,900,73143.0,8.1064,1.23,0.00359,81.660004,2026-08-18,data/real/prices/yahoo/TLT.json,b2914ca7451d1c04fbe97f399361df69871d9a8afcbb0121541ac2bdd13a29f3,SECONDARY,official SOFR 21-session direction,sofr-pivot: tightening (+7.0bp over 21 sessions)
CurveSteepener_MaxBeta-00160,@CurveSteepener_MaxBeta,2026-08-17,2026-08-18,COLLECTED,JPM,buy,80,market,filled,2026-08-18,,362.34,80,28987.2,0.9937,0.0,0.00145,363.25,2026-08-18,data/real/prices/yahoo/JPM.json,169021a2b0a0985c1c427b57fe640e22b6ce82a79377bc3075417c6a8b98d12c,SECONDARY,official DGS10-DGS3MO 21-session change,curve-steepener: steepening +12.0bp
CurveSteepener_MaxBeta-00161,@CurveSteepener_MaxBeta,2026-08-17,2026-08-18,COLLECTED,XOM,buy,200,market,filled,2026-08-18,,164.36,200,32872.0,2.2384,0.608,0.00106,165.559998,2026-08-18,data/real/prices/yahoo/XOM.json,4a2c7d18351df35d3cb2b11781aad7ea882659abaffcd9d31683a3d09881cf97,SECONDARY,official DGS10-DGS3MO 21-session change,curve-steepener: steepening +12.0bp
MLB_Attention_Live-00084,@MLB_Attention_Live,2026-08-17,2026-08-18,COLLECTED,DKNG,sell,2800,market,filled,2026-08-18,,25.25,2800,70700.0,37.4445,1.979,0.03217,24.040001,2026-08-18,data/real/prices/yahoo/DKNG.json,728eccb3861f5cb322bf539a1926fb53cb11fdf0d1412a8d19111bd3a9ac37ef,SECONDARY,official MLB StatsAPI schedule density,mlb-attention: sparse schedule (93 vs median 93)
MLB_Attention_Live-00085,@MLB_Attention_Live,2026-08-17,2026-08-18,COLLECTED,FLUT,sell,500,market,filled,2026-08-18,,96.17,500,48085.0,13.526,2.079,0.03017,92.889999,2026-08-18,data/real/prices/yahoo/FLUT.json,b0ffbb30d24f61202de05dce905e96fb554a730be44b61df2e48712c8bcbabd0,SECONDARY,official MLB StatsAPI schedule density,mlb-attention: sparse schedule (93 vs median 93)
MLB_Attention_Live-00086,@MLB_Attention_Live,2026-08-17,2026-08-18,COLLECTED,PENN,sell,1200,market,filled,2026-08-18,,18.67,1200,22404.0,13.814,-0.0,0.0548,18.290001,2026-08-18,data/real/prices/yahoo/PENN.json,a08c607c0926b67cf07c1d783cb680772c85851bf312595d1e12c5291078fa04,SECONDARY,official MLB StatsAPI schedule density,mlb-attention: sparse schedule (93 vs median 93)
MLB_Attention_Live-00087,@MLB_Attention_Live,2026-08-17,2026-08-18,COLLECTED,SRAD,sell,3800,market,filled,2026-08-18,,13.18,3800,50084.0,79.6891,15.152,0.30366,12.86,2026-08-18,data/real/prices/yahoo/SRAD.json,2b98acbc8c99539adff859013008c24d152cb619d509bba11ec159ae2d4a7cb6,SECONDARY,official MLB StatsAPI schedule density,mlb-attention: sparse schedule (93 vs median 93)
SOFRPivot_Rider-00174,@SOFRPivot_Rider,2026-08-18,2026-08-19,COLLECTED,SPY,sell,40,market,filled,2026-08-19,,770.35,40,30814.0,1.0452,0.13,0.0001,769.059998,2026-08-19,data/real/prices/yahoo/SPY.json,e0f05aaf67be23da1db20513eaed93274b165898427ebeab80c7cb2eca1d9a2d,SECONDARY,official SOFR 21-session direction,sofr-pivot: tightening (+8.0bp over 21 sessions)
SOFRPivot_Rider-00175,@SOFRPivot_Rider,2026-08-18,2026-08-19,COLLECTED,TLT,buy,600,market,filled,2026-08-19,,82.81,600,49686.0,5.3007,0.0,0.00117,83.019997,2026-08-19,data/real/prices/yahoo/TLT.json,b2914ca7451d1c04fbe97f399361df69871d9a8afcbb0121541ac2bdd13a29f3,SECONDARY,official SOFR 21-session direction,sofr-pivot: tightening (+8.0bp over 21 sessions)
CurveSteepener_MaxBeta-00162,@CurveSteepener_MaxBeta,2026-08-18,2026-08-19,COLLECTED,SPY,sell,40,market,filled,2026-08-19,,770.35,40,30814.0,1.0452,0.13,0.0001,769.059998,2026-08-19,data/real/prices/yahoo/SPY.json,e0f05aaf67be23da1db20513eaed93274b165898427ebeab80c7cb2eca1d9a2d,SECONDARY,official DGS10-DGS3MO 21-session change,curve-steepener: steepening +15.0bp
OilDollar_FadeUNG-00127,@OilDollar_FadeUNG,2026-08-18,2026-08-19,COLLECTED,UNG,buy,300,market,filled,2026-08-19,,10.29,300,3087.0,2.5395,0.0,0.00268,10.01,2026-08-19,data/real/prices/yahoo/UNG.json,eb7bcc0769945fb2c40fbcd98753ed7e17e367cf69d2ce2bde9ae60f00a462cc,SECONDARY,official DCOILWTICO/DTWEXBGS 21-session rule,oil-dollar: oil +2.5%/21d with dollar -1.3%/21d
MLB_Attention_Live-00088,@MLB_Attention_Live,2026-08-18,2026-08-19,COLLECTED,DKNG,buy,2800,market,filled,2026-08-19,,24.29,2800,68012.0,43.4084,8.241,0.04085,25.309999,2026-08-19,data/real/prices/yahoo/DKNG.json,728eccb3861f5cb322bf539a1926fb53cb11fdf0d1412a8d19111bd3a9ac37ef,SECONDARY,official MLB StatsAPI schedule density,mlb-attention: 94 games and 46 upsets in 7 days vs median 93
MLB_Attention_Live-00089,@MLB_Attention_Live,2026-08-18,2026-08-19,COLLECTED,FLUT,buy,500,market,filled,2026-08-19,,93.37,500,46685.0,12.3317,2.143,0.02608,99.160004,2026-08-19,data/real/prices/yahoo/FLUT.json,b0ffbb30d24f61202de05dce905e96fb554a730be44b61df2e48712c8bcbabd0,SECONDARY,official MLB StatsAPI schedule density,mlb-attention: 94 games and 46 upsets in 7 days vs median 93
MLB_Attention_Live-00090,@MLB_Attention_Live,2026-08-18,2026-08-19,COLLECTED,PENN,buy,1100,market,filled,2026-08-19,,18.46,1100,20306.0,11.6803,0.001,0.05559,18.559999,2026-08-19,data/real/prices/yahoo/PENN.json,a08c607c0926b67cf07c1d783cb680772c85851bf312595d1e12c5291078fa04,SECONDARY,official MLB StatsAPI schedule density,mlb-attention: 94 games and 46 upsets in 7 days vs median 93
MLB_Attention_Live-00091,@MLB_Attention_Live,2026-08-18,2026-08-19,COLLECTED,SRAD,buy,3900,market,filled,2026-08-19,,12.86,3900,50154.0,98.0706,19.478,0.28484,13.05,2026-08-19,data/real/prices/yahoo/SRAD.json,2b98acbc8c99539adff859013008c24d152cb619d509bba11ec159ae2d4a7cb6,SECONDARY,official MLB StatsAPI schedule density,mlb-attention: 94 games and 46 upsets in 7 days vs median 93
SOFRPivot_Rider-00176,@SOFRPivot_Rider,2026-08-19,2026-08-20,COLLECTED,TLT,sell,1400,market,filled,2026-08-20,,82.36,1400,115304.0,15.9505,0.0,0.00354,82.339996,2026-08-20,data/real/prices/yahoo/TLT.json,b2914ca7451d1c04fbe97f399361df69871d9a8afcbb0121541ac2bdd13a29f3,SECONDARY,official SOFR 21-session direction,sofr-pivot: flat (+1.0bp over 21 sessions)
SOFRPivot_Rider-00177,@SOFRPivot_Rider,2026-08-19,2026-08-20,COLLECTED,SPY,buy,40,market,filled,2026-08-20,,765.97,40,30638.8,0.401,0.13,9e-05,762.599976,2026-08-20,data/real/prices/yahoo/SPY.json,e0f05aaf67be23da1db20513eaed93274b165898427ebeab80c7cb2eca1d9a2d,SECONDARY,official SOFR 21-session direction,sofr-pivot: flat (+1.0bp over 21 sessions)
CurveSteepener_MaxBeta-00163,@CurveSteepener_MaxBeta,2026-08-19,2026-08-20,COLLECTED,JPM,sell,200,market,filled,2026-08-20,,357.59,200,71518.0,4.5008,0.28,0.00294,351.549988,2026-08-20,data/real/prices/yahoo/JPM.json,169021a2b0a0985c1c427b57fe640e22b6ce82a79377bc3075417c6a8b98d12c,SECONDARY,official DGS10-DGS3MO 21-session change,curve-steepener: flat +5.0bp
CurveSteepener_MaxBeta-00164,@CurveSteepener_MaxBeta,2026-08-19,2026-08-20,COLLECTED,XOM,sell,400,market,filled,2026-08-20,,167.02,400,66808.0,6.5325,0.0,0.0029,166.149994,2026-08-20,data/real/prices/yahoo/XOM.json,4a2c7d18351df35d3cb2b11781aad7ea882659abaffcd9d31683a3d09881cf97,SECONDARY,official DGS10-DGS3MO 21-session change,curve-steepener: flat +5.0bp
FDA_PDUFA_Drifter-00095,@FDA_PDUFA_Drifter,2026-08-19,2026-08-20,COLLECTED,XBI,buy,100,market,filled,2026-08-20,,166.67,100,16667.0,1.1759,0.6,0.00067,163.380005,2026-08-20,data/real/prices/yahoo/XBI.json,fe9eeb851e6faba2a7187e008fab271608d8a4d544227ad3543ac3d95d5dd769,SECONDARY,"openFDA approval count, trailing 30 days",fda-drift: 30d approvals 78 >= median 67
MLB_Attention_Live-00092,@MLB_Attention_Live,2026-08-19,2026-08-20,COLLECTED,DKNG,buy,100,market,filled,2026-08-20,,25.31,100,2531.0,0.8953,0.0,0.00121,25.030001,2026-08-20,data/real/prices/yahoo/DKNG.json,728eccb3861f5cb322bf539a1926fb53cb11fdf0d1412a8d19111bd3a9ac37ef,SECONDARY,official MLB StatsAPI schedule density,mlb-attention: 94 games and 41 upsets in 7 days vs median 93
GoldVsRealRate_Live-00107,@GoldVsRealRate_Live,2026-08-19,2026-08-20,COLLECTED,TLT,sell,1200,market,filled,2026-08-20,,82.36,1200,98832.0,13.5382,0.0,0.00303,82.339996,2026-08-20,data/real/prices/yahoo/TLT.json,b2914ca7451d1c04fbe97f399361df69871d9a8afcbb0121541ac2bdd13a29f3,SECONDARY,"DGS10 minus SOFR, 21-session change",gold-real-rate: proxy flat (+0.0bp)
GoldVsRealRate_Live-00108,@GoldVsRealRate_Live,2026-08-19,2026-08-20,COLLECTED,GLD,buy,80,market,filled,2026-08-20,,410.09,80,32807.2,1.2573,0.244,0.00058,415.26001,2026-08-20,data/real/prices/yahoo/GLD.json,545093d31c9d8284e3b5dc66f668a6cb7391d9925b5abdf3e82bcaa71e423b40,SECONDARY,"DGS10 minus SOFR, 21-session change",gold-real-rate: proxy flat (+0.0bp)
SOFRPivot_Rider-00178,@SOFRPivot_Rider,2026-08-20,2026-08-21,COLLECTED,SPY,buy,40,market,filled,2026-08-21,,766.05,40,30642.0,0.4034,0.0,0.0001,765.719971,2026-08-21,data/real/prices/yahoo/SPY.json,e0f05aaf67be23da1db20513eaed93274b165898427ebeab80c7cb2eca1d9a2d,SECONDARY,official SOFR 21-session direction,sofr-pivot: flat (+1.0bp over 21 sessions)
CurveSteepener_MaxBeta-00165,@CurveSteepener_MaxBeta,2026-08-20,2026-08-21,COLLECTED,XOM,sell,100,market,filled,2026-08-21,,166.53,100,16653.0,1.3928,0.6,0.0007,165.110001,2026-08-21,data/real/prices/yahoo/XOM.json,4a2c7d18351df35d3cb2b11781aad7ea882659abaffcd9d31683a3d09881cf97,SECONDARY,official DGS10-DGS3MO 21-session change,curve-steepener: flat +6.0bp
CurveSteepener_MaxBeta-00166,@CurveSteepener_MaxBeta,2026-08-20,2026-08-21,COLLECTED,SPY,buy,120,market,filled,2026-08-21,,766.05,120,91926.0,1.3936,0.0,0.00031,765.719971,2026-08-21,data/real/prices/yahoo/SPY.json,e0f05aaf67be23da1db20513eaed93274b165898427ebeab80c7cb2eca1d9a2d,SECONDARY,official DGS10-DGS3MO 21-session change,curve-steepener: flat +6.0bp
MLB_Attention_Live-00093,@MLB_Attention_Live,2026-08-20,2026-08-21,COLLECTED,SRAD,buy,200,market,filled,2026-08-21,,12.61,200,2522.0,2.9283,7.937,0.00675,13.0,2026-08-21,data/real/prices/yahoo/SRAD.json,2b98acbc8c99539adff859013008c24d152cb619d509bba11ec159ae2d4a7cb6,SECONDARY,official MLB StatsAPI schedule density,mlb-attention: 94 games and 43 upsets in 7 days vs median 93
GoldVsRealRate_Live-00109,@GoldVsRealRate_Live,2026-08-20,2026-08-21,COLLECTED,GLD,buy,40,market,filled,2026-08-21,,420.54,40,16821.6,0.5411,0.238,0.00028,423.359985,2026-08-21,data/real/prices/yahoo/GLD.json,545093d31c9d8284e3b5dc66f668a6cb7391d9925b5abdf3e82bcaa71e423b40,SECONDARY,"DGS10 minus SOFR, 21-session change",gold-real-rate: proxy flat (+4.0bp)
OilDollar_FadeUNG-00128,@OilDollar_FadeUNG,2026-08-21,2026-08-24,COLLECTED,UNG,sell,6500,market,filled,2026-08-24,,10.3,6500,66950.0,68.1604,-0.0,0.06377,10.15,2026-08-24,data/real/prices/yahoo/UNG.json,eb7bcc0769945fb2c40fbcd98753ed7e17e367cf69d2ce2bde9ae60f00a462cc,SECONDARY,official DCOILWTICO/DTWEXBGS 21-session rule,"oil-dollar: mixed: oil -6.3%/21d, dollar -2.4%/21d"
OilDollar_FadeUNG-00129,@OilDollar_FadeUNG,2026-08-21,2026-08-24,COLLECTED,XOM,sell,200,market,filled,2026-08-24,,163.86,200,32772.0,2.9508,0.61,0.00184,164.050003,2026-08-24,data/real/prices/yahoo/XOM.json,4a2c7d18351df35d3cb2b11781aad7ea882659abaffcd9d31683a3d09881cf97,SECONDARY,official DCOILWTICO/DTWEXBGS 21-session rule,"oil-dollar: mixed: oil -6.3%/21d, dollar -2.4%/21d"
KitchenSink_Official-00179,@KitchenSink_Official,2026-08-21,2026-08-24,COLLECTED,QQQ,sell,240,market,filled,2026-08-24,,709.64,240,170313.6,8.7138,0.281,0.00064,706.320007,2026-08-24,data/real/prices/yahoo/QQQ.json,ae9ec3c0b0b8e0f5cd28ee45eac2dfcff9f95a7c5a1244e170ab0980d85979ed,SECONDARY,sign of eight official 21-session changes,kitchen-sink[undecided]: score +2 of 8 official signs
SOFRPivot_Rider-00179,@SOFRPivot_Rider,2026-08-24,2026-08-25,COLLECTED,TLT,sell,100,market,filled,2026-08-25,,83.11,100,8311.0,1.0332,0.0,0.00029,83.470001,2026-08-25,data/real/prices/yahoo/TLT.json,b2914ca7451d1c04fbe97f399361df69871d9a8afcbb0121541ac2bdd13a29f3,SECONDARY,official SOFR 21-session direction,sofr-pivot: flat (+1.0bp over 21 sessions)
GoldVsRealRate_Live-00110,@GoldVsRealRate_Live,2026-08-24,2026-08-25,COLLECTED,TLT,sell,100,market,filled,2026-08-25,,83.11,100,8311.0,1.0332,0.0,0.00029,83.470001,2026-08-25,data/real/prices/yahoo/TLT.json,b2914ca7451d1c04fbe97f399361df69871d9a8afcbb0121541ac2bdd13a29f3,SECONDARY,"DGS10 minus SOFR, 21-session change",gold-real-rate: proxy flat (-2.0bp)
KitchenSink_Official-00180,@KitchenSink_Official,2026-08-24,2026-08-25,COLLECTED,SPY,buy,80,market,filled,2026-08-25,,766.16,80,61292.8,0.8635,0.0,0.00029,765.909973,2026-08-25,data/real/prices/yahoo/SPY.json,e0f05aaf67be23da1db20513eaed93274b165898427ebeab80c7cb2eca1d9a2d,SECONDARY,sign of eight official 21-session changes,kitchen-sink[undecided]: score +2 of 8 official signs
GoldVsRealRate_Live-00111,@GoldVsRealRate_Live,2026-08-25,2026-08-26,COLLECTED,GLD,buy,160,market,filled,2026-08-26,,423.02,160,67683.2,2.93,0.473,0.00163,421.320007,2026-08-26,data/real/prices/yahoo/GLD.json,545093d31c9d8284e3b5dc66f668a6cb7391d9925b5abdf3e82bcaa71e423b40,SECONDARY,"DGS10 minus SOFR, 21-session change",gold-real-rate: opportunity-cost proxy falling -7.0bp
KitchenSink_Official-00181,@KitchenSink_Official,2026-08-25,2026-08-26,COLLECTED,SPY,sell,40,market,filled,2026-08-26,,764.72,40,30588.8,1.037,0.131,0.00014,766.080017,2026-08-26,data/real/prices/yahoo/SPY.json,e0f05aaf67be23da1db20513eaed93274b165898427ebeab80c7cb2eca1d9a2d,SECONDARY,sign of eight official 21-session changes,kitchen-sink[riskon]: score +4 of 8 official signs
KitchenSink_Official-00182,@KitchenSink_Official,2026-08-25,2026-08-26,COLLECTED,QQQ,buy,80,market,filled,2026-08-26,,708.42,80,56673.6,1.4304,0.142,0.00039,711.369995,2026-08-26,data/real/prices/yahoo/QQQ.json,ae9ec3c0b0b8e0f5cd28ee45eac2dfcff9f95a7c5a1244e170ab0980d85979ed,SECONDARY,sign of eight official 21-session changes,kitchen-sink[riskon]: score +4 of 8 official signs
CurveSteepener_MaxBeta-00167,@CurveSteepener_MaxBeta,2026-08-26,2026-08-27,COLLECTED,SPY,sell,80,market,filled,2026-08-27,,768.5,80,61480.0,2.1473,-0.0,0.00023,771.099976,2026-08-27,data/real/prices/yahoo/SPY.json,e0f05aaf67be23da1db20513eaed93274b165898427ebeab80c7cb2eca1d9a2d,SECONDARY,official DGS10-DGS3MO 21-session change,curve-steepener: steepening +12.0bp
CurveSteepener_MaxBeta-00168,@CurveSteepener_MaxBeta,2026-08-26,2026-08-27,COLLECTED,JPM,buy,120,market,filled,2026-08-27,,354.69,120,42562.8,1.6365,0.282,0.0023,354.220001,2026-08-27,data/real/prices/yahoo/JPM.json,169021a2b0a0985c1c427b57fe640e22b6ce82a79377bc3075417c6a8b98d12c,SECONDARY,official DGS10-DGS3MO 21-session change,curve-steepener: steepening +12.0bp
CurveSteepener_MaxBeta-00169,@CurveSteepener_MaxBeta,2026-08-26,2026-08-27,COLLECTED,XOM,buy,300,market,filled,2026-08-27,,157.64,300,47292.0,3.5793,0.634,0.0021,156.440002,2026-08-27,data/real/prices/yahoo/XOM.json,4a2c7d18351df35d3cb2b11781aad7ea882659abaffcd9d31683a3d09881cf97,SECONDARY,official DGS10-DGS3MO 21-session change,curve-steepener: steepening +12.0bp
OilDollar_FadeUNG-00130,@OilDollar_FadeUNG,2026-08-26,2026-08-27,COLLECTED,UNG,buy,5600,market,filled,2026-08-27,,10.57,5600,59192.0,94.1229,18.957,0.05386,10.43,2026-08-27,data/real/prices/yahoo/UNG.json,eb7bcc0769945fb2c40fbcd98753ed7e17e367cf69d2ce2bde9ae60f00a462cc,SECONDARY,official DCOILWTICO/DTWEXBGS 21-session rule,oil-dollar: oil +3.2%/21d with dollar -1.8%/21d
OilDollar_FadeUNG-00131,@OilDollar_FadeUNG,2026-08-26,2026-08-27,COLLECTED,XOM,buy,200,market,filled,2026-08-27,,157.64,200,31528.0,2.2419,0.634,0.0014,156.440002,2026-08-27,data/real/prices/yahoo/XOM.json,4a2c7d18351df35d3cb2b11781aad7ea882659abaffcd9d31683a3d09881cf97,SECONDARY,official DCOILWTICO/DTWEXBGS 21-session rule,oil-dollar: oil +3.2%/21d with dollar -1.8%/21d
GoldVsRealRate_Live-00112,@GoldVsRealRate_Live,2026-08-26,2026-08-27,COLLECTED,GLD,sell,120,market,filled,2026-08-27,,420.81,120,50497.2,3.0946,0.238,0.00169,422.600006,2026-08-27,data/real/prices/yahoo/GLD.json,545093d31c9d8284e3b5dc66f668a6cb7391d9925b5abdf3e82bcaa71e423b40,SECONDARY,"DGS10 minus SOFR, 21-session change",gold-real-rate: proxy flat (+1.0bp)
KitchenSink_Official-00183,@KitchenSink_Official,2026-08-26,2026-08-27,COLLECTED,SPY,sell,40,market,filled,2026-08-27,,768.5,40,30740.0,1.0407,-0.0,0.00012,771.099976,2026-08-27,data/real/prices/yahoo/SPY.json,e0f05aaf67be23da1db20513eaed93274b165898427ebeab80c7cb2eca1d9a2d,SECONDARY,sign of eight official 21-session changes,kitchen-sink[riskon]: score +6 of 8 official signs
KitchenSink_Official-00184,@KitchenSink_Official,2026-08-26,2026-08-27,COLLECTED,QQQ,buy,80,market,filled,2026-08-27,,716.93,80,57354.4,1.029,0.0,0.00028,721.109985,2026-08-27,data/real/prices/yahoo/QQQ.json,ae9ec3c0b0b8e0f5cd28ee45eac2dfcff9f95a7c5a1244e170ab0980d85979ed,SECONDARY,sign of eight official 21-session changes,kitchen-sink[riskon]: score +6 of 8 official signs
CurveSteepener_MaxBeta-00170,@CurveSteepener_MaxBeta,2026-08-27,2026-08-28,COLLECTED,SPY,sell,40,market,filled,2026-08-28,,771.76,40,30870.4,1.0346,0.0,0.00011,769.349976,2026-08-28,data/real/prices/yahoo/SPY.json,e0f05aaf67be23da1db20513eaed93274b165898427ebeab80c7cb2eca1d9a2d,SECONDARY,official DGS10-DGS3MO 21-session change,curve-steepener: steepening +12.0bp
CurveSteepener_MaxBeta-00171,@CurveSteepener_MaxBeta,2026-08-27,2026-08-28,COLLECTED,JPM,buy,80,market,filled,2026-08-28,,355.68,80,28454.4,0.9182,0.281,0.00204,357.619995,2026-08-28,data/real/prices/yahoo/JPM.json,169021a2b0a0985c1c427b57fe640e22b6ce82a79377bc3075417c6a8b98d12c,SECONDARY,official DGS10-DGS3MO 21-session change,curve-steepener: steepening +12.0bp
CurveSteepener_MaxBeta-00172,@CurveSteepener_MaxBeta,2026-08-27,2026-08-28,COLLECTED,XOM,buy,200,market,filled,2026-08-28,,156.61,200,31322.0,2.212,0.638,0.00176,156.710007,2026-08-28,data/real/prices/yahoo/XOM.json,4a2c7d18351df35d3cb2b11781aad7ea882659abaffcd9d31683a3d09881cf97,SECONDARY,official DGS10-DGS3MO 21-session change,curve-steepener: steepening +12.0bp
OilDollar_FadeUNG-00132,@OilDollar_FadeUNG,2026-08-27,2026-08-28,COLLECTED,UNG,sell,5700,market,filled,2026-08-28,,10.39,5700,59223.0,57.2812,-0.0,0.06605,10.33,2026-08-28,data/real/prices/yahoo/UNG.json,eb7bcc0769945fb2c40fbcd98753ed7e17e367cf69d2ce2bde9ae60f00a462cc,SECONDARY,official DCOILWTICO/DTWEXBGS 21-session rule,"oil-dollar: mixed: oil -1.5%/21d, dollar -2.0%/21d"
OilDollar_FadeUNG-00133,@OilDollar_FadeUNG,2026-08-27,2026-08-28,COLLECTED,XOM,sell,200,market,filled,2026-08-28,,156.6,200,31320.0,2.8962,0.0,0.00176,156.710007,2026-08-28,data/real/prices/yahoo/XOM.json,4a2c7d18351df35d3cb2b11781aad7ea882659abaffcd9d31683a3d09881cf97,SECONDARY,official DCOILWTICO/DTWEXBGS 21-session rule,"oil-dollar: mixed: oil -1.5%/21d, dollar -2.0%/21d"
GoldVsRealRate_Live-00113,@GoldVsRealRate_Live,2026-08-27,2026-08-28,COLLECTED,GLD,sell,160,market,filled,2026-08-28,,422.22,160,67555.2,4.3588,0.473,0.00064,408.890015,2026-08-28,data/real/prices/yahoo/GLD.json,545093d31c9d8284e3b5dc66f668a6cb7391d9925b5abdf3e82bcaa71e423b40,SECONDARY,"DGS10 minus SOFR, 21-session change",gold-real-rate: opportunity-cost proxy rising +7.0bp
GoldVsRealRate_Live-00114,@GoldVsRealRate_Live,2026-08-27,2026-08-28,COLLECTED,TLT,buy,700,market,filled,2026-08-28,,83.05,700,58135.0,6.3082,1.204,0.00196,82.879997,2026-08-28,data/real/prices/yahoo/TLT.json,b2914ca7451d1c04fbe97f399361df69871d9a8afcbb0121541ac2bdd13a29f3,SECONDARY,"DGS10 minus SOFR, 21-session change",gold-real-rate: opportunity-cost proxy rising +7.0bp
KitchenSink_Official-00185,@KitchenSink_Official,2026-08-27,2026-08-28,COLLECTED,QQQ,buy,40,market,filled,2026-08-28,,719.74,40,28789.6,0.4496,0.0,0.00012,716.429993,2026-08-28,data/real/prices/yahoo/QQQ.json,ae9ec3c0b0b8e0f5cd28ee45eac2dfcff9f95a7c5a1244e170ab0980d85979ed,SECONDARY,sign of eight official 21-session changes,kitchen-sink[riskon]: score +5 of 8 official signs
CurveSteepener_MaxBeta-00173,@CurveSteepener_MaxBeta,2026-08-28,2026-08-31,COLLECTED,JPM,sell,200,market,filled,2026-08-31,,355.88,200,71176.0,4.1418,0.562,0.00251,356.019989,2026-08-31,data/real/prices/yahoo/JPM.json,169021a2b0a0985c1c427b57fe640e22b6ce82a79377bc3075417c6a8b98d12c,SECONDARY,official DGS10-DGS3MO 21-session change,curve-steepener: flat -1.0bp
CurveSteepener_MaxBeta-00174,@CurveSteepener_MaxBeta,2026-08-28,2026-08-31,COLLECTED,XOM,sell,400,market,filled,2026-08-31,,159.94,400,63976.0,6.3788,0.0,0.00218,160.949997,2026-08-31,data/real/prices/yahoo/XOM.json,4a2c7d18351df35d3cb2b11781aad7ea882659abaffcd9d31683a3d09881cf97,SECONDARY,official DGS10-DGS3MO 21-session change,curve-steepener: flat -1.0bp
FDA_PDUFA_Drifter-00096,@FDA_PDUFA_Drifter,2026-08-28,2026-08-31,COLLECTED,IBB,sell,300,market,filled,2026-08-31,,207.22,300,62166.0,9.9149,0.965,0.02455,209.050003,2026-08-31,data/real/prices/yahoo/IBB.json,20849c9611587299a52489fe22060adc7823c700fb3483f21091d85a6cf8acb0,SECONDARY,"openFDA approval count, trailing 30 days",fda-drift: 30d approvals 56 < median 68
FDA_PDUFA_Drifter-00097,@FDA_PDUFA_Drifter,2026-08-28,2026-08-31,COLLECTED,XBI,sell,1600,market,filled,2026-08-31,,160.98,1600,257568.0,45.5155,1.242,0.02175,162.5,2026-08-31,data/real/prices/yahoo/XBI.json,fe9eeb851e6faba2a7187e008fab271608d8a4d544227ad3543ac3d95d5dd769,SECONDARY,"openFDA approval count, trailing 30 days",fda-drift: 30d approvals 56 < median 68
MLB_Attention_Live-00094,@MLB_Attention_Live,2026-08-28,2026-08-31,COLLECTED,DKNG,sell,2900,market,filled,2026-08-31,,24.81,2900,71949.0,40.2473,8.055,0.02513,24.290001,2026-08-31,data/real/prices/yahoo/DKNG.json,728eccb3861f5cb322bf539a1926fb53cb11fdf0d1412a8d19111bd3a9ac37ef,SECONDARY,official MLB StatsAPI schedule density,mlb-attention: sparse schedule (92 vs median 93)
MLB_Attention_Live-00095,@MLB_Attention_Live,2026-08-28,2026-08-31,COLLECTED,FLUT,sell,500,market,filled,2026-08-31,,101.61,500,50805.0,15.1007,2.951,0.00838,100.18,2026-08-31,data/real/prices/yahoo/FLUT.json,b0ffbb30d24f61202de05dce905e96fb554a730be44b61df2e48712c8bcbabd0,SECONDARY,official MLB StatsAPI schedule density,mlb-attention: sparse schedule (92 vs median 93)
MLB_Attention_Live-00096,@MLB_Attention_Live,2026-08-28,2026-08-31,COLLECTED,PENN,sell,1600,market,filled,2026-08-31,,17.3,1600,27680.0,18.2282,5.776,0.06541,16.709999,2026-08-31,data/real/prices/yahoo/PENN.json,a08c607c0926b67cf07c1d783cb680772c85851bf312595d1e12c5291078fa04,SECONDARY,official MLB StatsAPI schedule density,mlb-attention: sparse schedule (92 vs median 93)
MLB_Attention_Live-00097,@MLB_Attention_Live,2026-08-28,2026-08-31,COLLECTED,SRAD,sell,4200,market,filled,2026-08-31,,12.91,4200,54222.0,89.3947,11.605,0.45907,12.43,2026-08-31,data/real/prices/yahoo/SRAD.json,2b98acbc8c99539adff859013008c24d152cb619d509bba11ec159ae2d4a7cb6,SECONDARY,official MLB StatsAPI schedule density,mlb-attention: sparse schedule (92 vs median 93)
GoldVsRealRate_Live-00115,@GoldVsRealRate_Live,2026-08-28,2026-08-31,COLLECTED,TLT,buy,600,market,filled,2026-08-31,,82.48,600,49488.0,5.3605,1.212,0.00161,82.519997,2026-08-31,data/real/prices/yahoo/TLT.json,b2914ca7451d1c04fbe97f399361df69871d9a8afcbb0121541ac2bdd13a29f3,SECONDARY,"DGS10 minus SOFR, 21-session change",gold-real-rate: opportunity-cost proxy rising +6.0bp
FDA_Fade_Live-00032,@FDA_Fade_Live,2026-08-28,2026-08-31,COLLECTED,XBI,buy,700,market,filled,2026-08-31,,161.02,700,112714.0,13.4415,1.242,0.00952,162.5,2026-08-31,data/real/prices/yahoo/XBI.json,fe9eeb851e6faba2a7187e008fab271608d8a4d544227ad3543ac3d95d5dd769,SECONDARY,"openFDA approval drought, bought",fda-fade: approval z -1.12 < -1.0
KitchenSink_Official-00186,@KitchenSink_Official,2026-08-28,2026-08-31,COLLECTED,QQQ,buy,40,market,filled,2026-08-31,,715.17,40,28606.8,0.4327,0.0,0.00012,716.76001,2026-08-31,data/real/prices/yahoo/QQQ.json,ae9ec3c0b0b8e0f5cd28ee45eac2dfcff9f95a7c5a1244e170ab0980d85979ed,SECONDARY,sign of eight official 21-session changes,kitchen-sink[riskon]: score +3 of 8 official signs
CurveSteepener_MaxBeta-00175,@CurveSteepener_MaxBeta,2026-08-31,2026-09-01,COLLECTED,XOM,sell,100,market,filled,2026-09-01,,163.6,100,16360.0,1.3976,0.0,0.00088,164.550003,2026-09-01,data/real/prices/yahoo/XOM.json,4a2c7d18351df35d3cb2b11781aad7ea882659abaffcd9d31683a3d09881cf97,SECONDARY,official DGS10-DGS3MO 21-session change,curve-steepener: flat -2.0bp
CurveSteepener_MaxBeta-00176,@CurveSteepener_MaxBeta,2026-08-31,2026-09-01,COLLECTED,SPY,buy,120,market,filled,2026-09-01,,762.02,120,91442.4,1.2876,0.131,0.00029,761.780029,2026-09-01,data/real/prices/yahoo/SPY.json,e0f05aaf67be23da1db20513eaed93274b165898427ebeab80c7cb2eca1d9a2d,SECONDARY,official DGS10-DGS3MO 21-session change,curve-steepener: flat -2.0bp
OilDollar_FadeUNG-00134,@OilDollar_FadeUNG,2026-08-31,2026-09-01,COLLECTED,UNG,buy,5500,market,filled,2026-09-01,,10.29,5500,56595.0,91.1292,19.474,0.03733,10.58,2026-09-01,data/real/prices/yahoo/UNG.json,eb7bcc0769945fb2c40fbcd98753ed7e17e367cf69d2ce2bde9ae60f00a462cc,SECONDARY,official DCOILWTICO/DTWEXBGS 21-session rule,oil-dollar: oil +1.0%/21d with dollar -0.9%/21d
OilDollar_FadeUNG-00135,@OilDollar_FadeUNG,2026-08-31,2026-09-01,COLLECTED,XOM,buy,200,market,filled,2026-09-01,,163.61,200,32722.0,2.282,0.611,0.00176,164.550003,2026-09-01,data/real/prices/yahoo/XOM.json,4a2c7d18351df35d3cb2b11781aad7ea882659abaffcd9d31683a3d09881cf97,SECONDARY,official DCOILWTICO/DTWEXBGS 21-session rule,oil-dollar: oil +1.0%/21d with dollar -0.9%/21d
MLB_Attention_Live-00098,@MLB_Attention_Live,2026-08-31,2026-09-01,COLLECTED,PENN,sell,2200,market,filled,2026-09-01,,16.77,2200,36894.0,26.2596,-0.0,0.06223,16.4,2026-09-01,data/real/prices/yahoo/PENN.json,a08c607c0926b67cf07c1d783cb680772c85851bf312595d1e12c5291078fa04,SECONDARY,official MLB StatsAPI schedule density,mlb-attention: sparse schedule (93 vs median 93)
GoldVsRealRate_Live-00116,@GoldVsRealRate_Live,2026-08-31,2026-09-01,COLLECTED,TLT,sell,1200,market,filled,2026-09-01,,81.88,1200,98256.0,13.4053,1.221,0.00468,81.870003,2026-09-01,data/real/prices/yahoo/TLT.json,b2914ca7451d1c04fbe97f399361df69871d9a8afcbb0121541ac2bdd13a29f3,SECONDARY,"DGS10 minus SOFR, 21-session change",gold-real-rate: proxy flat (+4.0bp)
GoldVsRealRate_Live-00117,@GoldVsRealRate_Live,2026-08-31,2026-09-01,COLLECTED,GLD,buy,80,market,filled,2026-09-01,,398.31,80,31864.8,1.2313,0.502,0.00061,396.75,2026-09-01,data/real/prices/yahoo/GLD.json,545093d31c9d8284e3b5dc66f668a6cb7391d9925b5abdf3e82bcaa71e423b40,SECONDARY,"DGS10 minus SOFR, 21-session change",gold-real-rate: proxy flat (+4.0bp)
FDA_Fade_Live-00033,@FDA_Fade_Live,2026-08-31,2026-09-01,COLLECTED,XBI,buy,300,market,filled,2026-09-01,,161.77,300,48531.0,4.4817,1.236,0.00355,163.399994,2026-09-01,data/real/prices/yahoo/XBI.json,fe9eeb851e6faba2a7187e008fab271608d8a4d544227ad3543ac3d95d5dd769,SECONDARY,"openFDA approval drought, bought",fda-fade: approval z -1.90 < -1.0
OilDollar_FadeUNG-00136,@OilDollar_FadeUNG,2026-09-01,2026-09-02,COLLECTED,UNG,buy,900,market,filled,2026-09-02,,10.58,900,9522.0,7.8162,9.461,0.00736,10.75,2026-09-02,data/real/prices/yahoo/UNG.json,eb7bcc0769945fb2c40fbcd98753ed7e17e367cf69d2ce2bde9ae60f00a462cc,SECONDARY,official DCOILWTICO/DTWEXBGS 21-session rule,oil-dollar: oil +11.6%/21d with dollar -0.9%/21d
MLB_Attention_Live-00099,@MLB_Attention_Live,2026-09-01,2026-09-02,COLLECTED,DKNG,buy,3200,market,filled,2026-09-02,,23.89,3200,76448.0,55.1825,4.188,0.03005,24.209999,2026-09-02,data/real/prices/yahoo/DKNG.json,728eccb3861f5cb322bf539a1926fb53cb11fdf0d1412a8d19111bd3a9ac37ef,SECONDARY,official MLB StatsAPI schedule density,mlb-attention: 95 games and 42 upsets in 7 days vs median 93
MLB_Attention_Live-00100,@MLB_Attention_Live,2026-09-01,2026-09-02,COLLECTED,FLUT,buy,500,market,filled,2026-09-02,,97.83,500,48915.0,13.5361,3.067,0.01997,101.980003,2026-09-02,data/real/prices/yahoo/FLUT.json,b0ffbb30d24f61202de05dce905e96fb554a730be44b61df2e48712c8bcbabd0,SECONDARY,official MLB StatsAPI schedule density,mlb-attention: 95 games and 42 upsets in 7 days vs median 93
MLB_Attention_Live-00101,@MLB_Attention_Live,2026-09-01,2026-09-02,COLLECTED,PENN,buy,3800,market,filled,2026-09-02,,16.55,3800,62890.0,64.9429,12.099,0.16222,16.889999,2026-09-02,data/real/prices/yahoo/PENN.json,a08c607c0926b67cf07c1d783cb680772c85851bf312595d1e12c5291078fa04,SECONDARY,official MLB StatsAPI schedule density,mlb-attention: 95 games and 42 upsets in 7 days vs median 93
MLB_Attention_Live-00102,@MLB_Attention_Live,2026-09-01,2026-09-02,COLLECTED,SRAD,buy,4500,market,filled,2026-09-02,,12.43,4500,55935.0,105.9018,16.116,0.15994,12.92,2026-09-02,data/real/prices/yahoo/SRAD.json,2b98acbc8c99539adff859013008c24d152cb619d509bba11ec159ae2d4a7cb6,SECONDARY,official MLB StatsAPI schedule density,mlb-attention: 95 games and 42 upsets in 7 days vs median 93
GoldVsRealRate_Live-00118,@GoldVsRealRate_Live,2026-09-01,2026-09-02,COLLECTED,TLT,sell,100,market,filled,2026-09-02,,81.98,100,8198.0,1.0268,0.0,0.00047,81.949997,2026-09-02,data/real/prices/yahoo/TLT.json,b2914ca7451d1c04fbe97f399361df69871d9a8afcbb0121541ac2bdd13a29f3,SECONDARY,"DGS10 minus SOFR, 21-session change",gold-real-rate: proxy flat (+4.0bp)
GoldVsRealRate_Live-00119,@GoldVsRealRate_Live,2026-09-01,2026-09-02,COLLECTED,GLD,buy,80,market,filled,2026-09-02,,399.72,80,31977.6,1.2783,0.25,0.00058,402.779999,2026-09-02,data/real/prices/yahoo/GLD.json,545093d31c9d8284e3b5dc66f668a6cb7391d9925b5abdf3e82bcaa71e423b40,SECONDARY,"DGS10 minus SOFR, 21-session change",gold-real-rate: proxy flat (+4.0bp)
FDA_Fade_Live-00034,@FDA_Fade_Live,2026-09-01,2026-09-02,COLLECTED,XBI,buy,100,market,filled,2026-09-02,,164.45,100,16445.0,1.2092,0.0,0.00116,165.369995,2026-09-02,data/real/prices/yahoo/XBI.json,fe9eeb851e6faba2a7187e008fab271608d8a4d544227ad3543ac3d95d5dd769,SECONDARY,"openFDA approval drought, bought",fda-fade: approval z -1.36 < -1.0
KitchenSink_Official-00187,@KitchenSink_Official,2026-09-01,2026-09-02,COLLECTED,QQQ,sell,200,market,filled,2026-09-02,,707.08,200,141416.0,5.7763,0.283,0.00085,709.23999,2026-09-02,data/real/prices/yahoo/QQQ.json,ae9ec3c0b0b8e0f5cd28ee45eac2dfcff9f95a7c5a1244e170ab0980d85979ed,SECONDARY,sign of eight official 21-session changes,kitchen-sink[undecided]: score +0 of 8 official signs
PinePilot_EMA_Live-00026,@PinePilot_EMA_Live,2026-09-02,2026-09-03,COLLECTED,QQQ,sell,280,market,filled,2026-09-03,,710.83,280,199032.4,7.8858,0.281,0.00095,717.669983,2026-09-03,data/real/prices/yahoo/QQQ.json,ae9ec3c0b0b8e0f5cd28ee45eac2dfcff9f95a7c5a1244e170ab0980d85979ed,SECONDARY,9/21 EMA cross,pinepilot: EMA9 713.12 < EMA21 713.28
GoldVsRealRate_Live-00120,@GoldVsRealRate_Live,2026-09-02,2026-09-03,COLLECTED,GLD,sell,120,market,filled,2026-09-03,,410.69,120,49282.8,3.2053,0.487,0.00096,410.220001,2026-09-03,data/real/prices/yahoo/GLD.json,545093d31c9d8284e3b5dc66f668a6cb7391d9925b5abdf3e82bcaa71e423b40,SECONDARY,"DGS10 minus SOFR, 21-session change",gold-real-rate: opportunity-cost proxy rising +9.0bp
GoldVsRealRate_Live-00121,@GoldVsRealRate_Live,2026-09-02,2026-09-03,COLLECTED,TLT,buy,700,market,filled,2026-09-03,,82.37,700,57659.0,6.2908,1.214,0.00388,82.07,2026-09-03,data/real/prices/yahoo/TLT.json,b2914ca7451d1c04fbe97f399361df69871d9a8afcbb0121541ac2bdd13a29f3,SECONDARY,"DGS10 minus SOFR, 21-session change",gold-real-rate: opportunity-cost proxy rising +9.0bp
KitchenSink_Official-00188,@KitchenSink_Official,2026-09-02,2026-09-03,COLLECTED,QQQ,sell,40,market,filled,2026-09-03,,710.84,40,28433.6,0.994,0.14,0.00014,717.669983,2026-09-03,data/real/prices/yahoo/QQQ.json,ae9ec3c0b0b8e0f5cd28ee45eac2dfcff9f95a7c5a1244e170ab0980d85979ed,SECONDARY,sign of eight official 21-session changes,kitchen-sink[undecided]: score +0 of 8 official signs
KitchenSink_Official-00189,@KitchenSink_Official,2026-09-02,2026-09-03,COLLECTED,SPY,buy,80,market,filled,2026-09-03,,767.91,80,61432.8,0.766,0.13,0.00018,773.169983,2026-09-03,data/real/prices/yahoo/SPY.json,e0f05aaf67be23da1db20513eaed93274b165898427ebeab80c7cb2eca1d9a2d,SECONDARY,sign of eight official 21-session changes,kitchen-sink[undecided]: score +0 of 8 official signs
CurveSteepener_MaxBeta-00177,@CurveSteepener_MaxBeta,2026-09-03,2026-09-04,COLLECTED,SPY,sell,120,market,filled,2026-09-04,,772.01,120,92641.2,3.1534,0.0,0.00035,770.190002,2026-09-04,data/real/prices/yahoo/SPY.json,e0f05aaf67be23da1db20513eaed93274b165898427ebeab80c7cb2eca1d9a2d,SECONDARY,official DGS10-DGS3MO 21-session change,curve-steepener: steepening +14.0bp
CurveSteepener_MaxBeta-00178,@CurveSteepener_MaxBeta,2026-09-03,2026-09-04,COLLECTED,JPM,buy,160,market,filled,2026-09-04,,361.01,160,57761.6,2.0658,0.277,0.00328,358.640015,2026-09-04,data/real/prices/yahoo/JPM.json,169021a2b0a0985c1c427b57fe640e22b6ce82a79377bc3075417c6a8b98d12c,SECONDARY,official DGS10-DGS3MO 21-session change,curve-steepener: steepening +14.0bp
CurveSteepener_MaxBeta-00179,@CurveSteepener_MaxBeta,2026-09-03,2026-09-04,COLLECTED,XOM,buy,300,market,filled,2026-09-04,,161.03,300,48309.0,3.6554,0.621,0.00185,159.470001,2026-09-04,data/real/prices/yahoo/XOM.json,4a2c7d18351df35d3cb2b11781aad7ea882659abaffcd9d31683a3d09881cf97,SECONDARY,official DGS10-DGS3MO 21-session change,curve-steepener: steepening +14.0bp
PinePilot_EMA_Live-00027,@PinePilot_EMA_Live,2026-09-03,2026-09-04,COLLECTED,QQQ,buy,240,market,filled,2026-09-04,,719.36,240,172646.4,3.155,0.139,0.00073,718.960022,2026-09-04,data/real/prices/yahoo/QQQ.json,ae9ec3c0b0b8e0f5cd28ee45eac2dfcff9f95a7c5a1244e170ab0980d85979ed,SECONDARY,9/21 EMA cross,pinepilot: EMA9 714.03 > EMA21 713.68
GoldVsRealRate_Live-00122,@GoldVsRealRate_Live,2026-09-03,2026-09-04,COLLECTED,GLD,sell,40,market,filled,2026-09-04,,404.65,40,16186.0,0.8679,0.247,0.00041,406.769989,2026-09-04,data/real/prices/yahoo/GLD.json,545093d31c9d8284e3b5dc66f668a6cb7391d9925b5abdf3e82bcaa71e423b40,SECONDARY,"DGS10 minus SOFR, 21-session change",gold-real-rate: opportunity-cost proxy rising +14.0bp
GoldVsRealRate_Live-00123,@GoldVsRealRate_Live,2026-09-03,2026-09-04,COLLECTED,TLT,buy,600,market,filled,2026-09-04,,82.3,600,49380.0,5.3464,1.215,0.00362,82.209999,2026-09-04,data/real/prices/yahoo/TLT.json,b2914ca7451d1c04fbe97f399361df69871d9a8afcbb0121541ac2bdd13a29f3,SECONDARY,"DGS10 minus SOFR, 21-session change",gold-real-rate: opportunity-cost proxy rising +14.0bp
CurveSteepener_MaxBeta-00180,@CurveSteepener_MaxBeta,2026-09-04,2026-09-08,COLLECTED,JPM,buy,80,market,filled,2026-09-08,,357.11,80,28568.8,0.9181,0.28,0.00142,353.51001,2026-09-08,data/real/prices/yahoo/JPM.json,169021a2b0a0985c1c427b57fe640e22b6ce82a79377bc3075417c6a8b98d12c,SECONDARY,official DGS10-DGS3MO 21-session change,curve-steepener: steepening +13.0bp
CurveSteepener_MaxBeta-00181,@CurveSteepener_MaxBeta,2026-09-04,2026-09-08,COLLECTED,XOM,buy,200,market,filled,2026-09-08,,160.62,200,32124.0,2.2832,0.623,0.00159,160.660004,2026-09-08,data/real/prices/yahoo/XOM.json,4a2c7d18351df35d3cb2b11781aad7ea882659abaffcd9d31683a3d09881cf97,SECONDARY,official DGS10-DGS3MO 21-session change,curve-steepener: steepening +13.0bp
PinePilot_EMA_Live-00028,@PinePilot_EMA_Live,2026-09-04,2026-09-08,COLLECTED,QQQ,buy,40,market,filled,2026-09-08,,720.91,40,28836.4,0.4049,0.0,0.00014,718.359985,2026-09-08,data/real/prices/yahoo/QQQ.json,ae9ec3c0b0b8e0f5cd28ee45eac2dfcff9f95a7c5a1244e170ab0980d85979ed,SECONDARY,9/21 EMA cross,pinepilot: EMA9 715.01 > EMA21 714.16
KitchenSink_Official-00190,@KitchenSink_Official,2026-09-04,2026-09-08,COLLECTED,SPY,sell,80,market,filled,2026-09-08,,769.07,80,61525.6,2.068,0.0,0.00018,765.960022,2026-09-08,data/real/prices/yahoo/SPY.json,e0f05aaf67be23da1db20513eaed93274b165898427ebeab80c7cb2eca1d9a2d,SECONDARY,sign of eight official 21-session changes,kitchen-sink[riskon]: score +3 of 8 official signs
KitchenSink_Official-00191,@KitchenSink_Official,2026-09-04,2026-09-08,COLLECTED,QQQ,buy,80,market,filled,2026-09-08,,720.91,80,57672.8,0.8802,0.0,0.00028,718.359985,2026-09-08,data/real/prices/yahoo/QQQ.json,ae9ec3c0b0b8e0f5cd28ee45eac2dfcff9f95a7c5a1244e170ab0980d85979ed,SECONDARY,sign of eight official 21-session changes,kitchen-sink[riskon]: score +3 of 8 official signs
CurveSteepener_MaxBeta-00182,@CurveSteepener_MaxBeta,2026-09-08,2026-09-09,COLLECTED,JPM,sell,240,market,filled,2026-09-09,,351.99,240,84477.6,5.2201,0.284,0.0038,354.709991,2026-09-09,data/real/prices/yahoo/JPM.json,169021a2b0a0985c1c427b57fe640e22b6ce82a79377bc3075417c6a8b98d12c,SECONDARY,official DGS10-DGS3MO 21-session change,curve-steepener: flat +7.0bp
CurveSteepener_MaxBeta-00183,@CurveSteepener_MaxBeta,2026-09-08,2026-09-09,COLLECTED,XOM,sell,400,market,filled,2026-09-09,,162.88,400,65152.0,6.5532,0.0,0.00305,164.229996,2026-09-09,data/real/prices/yahoo/XOM.json,4a2c7d18351df35d3cb2b11781aad7ea882659abaffcd9d31683a3d09881cf97,SECONDARY,official DGS10-DGS3MO 21-session change,curve-steepener: flat +7.0bp
KitchenSink_Official-00192,@KitchenSink_Official,2026-09-08,2026-09-09,COLLECTED,QQQ,sell,80,market,filled,2026-09-09,,716.4,80,57312.0,2.0637,0.0,0.0003,716.309998,2026-09-09,data/real/prices/yahoo/QQQ.json,ae9ec3c0b0b8e0f5cd28ee45eac2dfcff9f95a7c5a1244e170ab0980d85979ed,SECONDARY,sign of eight official 21-session changes,kitchen-sink[riskoff]: score -4 of 8 official signs
KitchenSink_Official-00193,@KitchenSink_Official,2026-09-08,2026-09-09,COLLECTED,TLT,buy,900,market,filled,2026-09-09,,82.2,900,73980.0,8.1873,1.216,0.00221,81.730003,2026-09-09,data/real/prices/yahoo/TLT.json,b2914ca7451d1c04fbe97f399361df69871d9a8afcbb0121541ac2bdd13a29f3,SECONDARY,sign of eight official 21-session changes,kitchen-sink[riskoff]: score -4 of 8 official signs
DowNasdaq_SpreadMax-00057,@DowNasdaq_SpreadMax,2026-09-09,2026-09-10,COLLECTED,SPY,sell,120,market,filled,2026-09-10,,758.03,120,90963.6,3.1238,0.0,0.00028,757.830017,2026-09-10,data/real/prices/yahoo/SPY.json,e0f05aaf67be23da1db20513eaed93274b165898427ebeab80c7cb2eca1d9a2d,SECONDARY,official DJIA vs NASDAQCOM 63-session relative strength,dow-vs-nasdaq: within 1pp (Dow +2.97% vs Nasdaq +2.24%)
VIXRegime_LiveMax-00051,@VIXRegime_LiveMax,2026-09-09,2026-09-10,COLLECTED,QQQ,sell,160,market,filled,2026-09-10,,707.54,160,113206.4,4.2868,0.141,0.00051,708.690002,2026-09-10,data/real/prices/yahoo/QQQ.json,ae9ec3c0b0b8e0f5cd28ee45eac2dfcff9f95a7c5a1244e170ab0980d85979ed,SECONDARY,official VIXCLS/SP500 regime rule,"vix-regime[undecided]: VIX 16.46 vs 60d median 16.35, 252d 80th percentile 19.86; S&P 7,636 vs 100d mean 7,487"
CurveSteepener_MaxBeta-00184,@CurveSteepener_MaxBeta,2026-09-09,2026-09-10,COLLECTED,SPY,buy,120,market,filled,2026-09-10,,758.04,120,90964.8,1.2266,0.132,0.00028,757.830017,2026-09-10,data/real/prices/yahoo/SPY.json,e0f05aaf67be23da1db20513eaed93274b165898427ebeab80c7cb2eca1d9a2d,SECONDARY,official DGS10-DGS3MO 21-session change,curve-steepener: flat +10.0bp
VolControl_MaxLev-00083,@VolControl_MaxLev,2026-09-09,2026-09-10,COLLECTED,QQQ,sell,40,market,filled,2026-09-10,,707.54,40,28301.6,0.9913,0.141,0.00013,708.690002,2026-09-10,data/real/prices/yahoo/QQQ.json,ae9ec3c0b0b8e0f5cd28ee45eac2dfcff9f95a7c5a1244e170ab0980d85979ed,SECONDARY,official VIXCLS tercile scaling,vol-control: middle tercile (VIX 16.46)
KitchenSink_Official-00194,@KitchenSink_Official,2026-09-09,2026-09-10,COLLECTED,TLT,buy,800,market,filled,2026-09-10,,81.01,800,64808.0,7.1933,1.235,0.00132,80.779999,2026-09-10,data/real/prices/yahoo/TLT.json,b2914ca7451d1c04fbe97f399361df69871d9a8afcbb0121541ac2bdd13a29f3,SECONDARY,sign of eight official 21-session changes,kitchen-sink[riskoff]: score -4 of 8 official signs
DowNasdaq_SpreadMax-00058,@DowNasdaq_SpreadMax,2026-09-10,2026-09-11,COLLECTED,QQQ,buy,80,market,filled,2026-09-11,,715.68,80,57254.4,0.8804,0.0,0.0003,714.880005,2026-09-11,data/real/prices/yahoo/QQQ.json,ae9ec3c0b0b8e0f5cd28ee45eac2dfcff9f95a7c5a1244e170ab0980d85979ed,SECONDARY,official DJIA vs NASDAQCOM 63-session relative strength,dow-vs-nasdaq: within 1pp (Dow +4.30% vs Nasdaq +3.62%)
CurveSteepener_MaxBeta-00185,@CurveSteepener_MaxBeta,2026-09-10,2026-09-11,COLLECTED,SPY,sell,80,market,filled,2026-09-11,,764.71,80,61176.8,2.0656,0.13,0.00018,764.289978,2026-09-11,data/real/prices/yahoo/SPY.json,e0f05aaf67be23da1db20513eaed93274b165898427ebeab80c7cb2eca1d9a2d,SECONDARY,official DGS10-DGS3MO 21-session change,curve-steepener: steepening +12.0bp
CurveSteepener_MaxBeta-00186,@CurveSteepener_MaxBeta,2026-09-10,2026-09-11,COLLECTED,JPM,buy,120,market,filled,2026-09-11,,358.33,120,42999.6,1.4965,0.279,0.00224,356.230011,2026-09-11,data/real/prices/yahoo/JPM.json,169021a2b0a0985c1c427b57fe640e22b6ce82a79377bc3075417c6a8b98d12c,SECONDARY,official DGS10-DGS3MO 21-session change,curve-steepener: steepening +12.0bp
CurveSteepener_MaxBeta-00187,@CurveSteepener_MaxBeta,2026-09-10,2026-09-11,COLLECTED,XOM,buy,300,market,filled,2026-09-11,,165.08,300,49524.0,3.5024,0.605,0.00264,165.990005,2026-09-11,data/real/prices/yahoo/XOM.json,4a2c7d18351df35d3cb2b11781aad7ea882659abaffcd9d31683a3d09881cf97,SECONDARY,official DGS10-DGS3MO 21-session change,curve-steepener: steepening +12.0bp
KitchenSink_Official-00195,@KitchenSink_Official,2026-09-10,2026-09-11,COLLECTED,TLT,sell,1700,market,filled,2026-09-11,,81.3,1700,138210.0,19.39,0.0,0.00524,80.870003,2026-09-11,data/real/prices/yahoo/TLT.json,b2914ca7451d1c04fbe97f399361df69871d9a8afcbb0121541ac2bdd13a29f3,SECONDARY,sign of eight official 21-session changes,kitchen-sink[undecided]: score -2 of 8 official signs
KitchenSink_Official-00196,@KitchenSink_Official,2026-09-10,2026-09-11,COLLECTED,SPY,buy,40,market,filled,2026-09-11,,764.72,40,30588.8,0.3729,0.0,9e-05,764.289978,2026-09-11,data/real/prices/yahoo/SPY.json,e0f05aaf67be23da1db20513eaed93274b165898427ebeab80c7cb2eca1d9a2d,SECONDARY,sign of eight official 21-session changes,kitchen-sink[undecided]: score -2 of 8 official signs
DowNasdaq_SpreadMax-00059,@DowNasdaq_SpreadMax,2026-09-11,2026-09-14,COLLECTED,QQQ,sell,80,market,filled,2026-09-14,,703.33,80,56266.4,2.0553,0.0,0.00023,709.179993,2026-09-14,data/real/prices/yahoo/QQQ.json,ae9ec3c0b0b8e0f5cd28ee45eac2dfcff9f95a7c5a1244e170ab0980d85979ed,SECONDARY,official DJIA vs NASDAQCOM 63-session relative strength,dow-vs-nasdaq: Dow leg stronger (+3.39% vs +2.03%)
DowNasdaq_SpreadMax-00060,@DowNasdaq_SpreadMax,2026-09-11,2026-09-14,COLLECTED,SPY,buy,40,market,filled,2026-09-14,,759.01,40,30360.4,0.3763,0.132,9e-05,760.880005,2026-09-14,data/real/prices/yahoo/SPY.json,e0f05aaf67be23da1db20513eaed93274b165898427ebeab80c7cb2eca1d9a2d,SECONDARY,official DJIA vs NASDAQCOM 63-session relative strength,dow-vs-nasdaq: Dow leg stronger (+3.39% vs +2.03%)
VIXRegime_LiveMax-00052,@VIXRegime_LiveMax,2026-09-11,2026-09-14,COLLECTED,QQQ,buy,80,market,filled,2026-09-14,,703.34,80,56267.2,0.8807,0.142,0.00023,709.179993,2026-09-14,data/real/prices/yahoo/QQQ.json,ae9ec3c0b0b8e0f5cd28ee45eac2dfcff9f95a7c5a1244e170ab0980d85979ed,SECONDARY,official VIXCLS/SP500 regime rule,"vix-regime[calm]: VIX 15.84 vs 60d median 16.35, 252d 80th percentile 19.86; S&P 7,657 vs 100d mean 7,497"
CurveSteepener_MaxBeta-00188,@CurveSteepener_MaxBeta,2026-09-11,2026-09-14,COLLECTED,JPM,sell,120,market,filled,2026-09-14,,354.23,120,42507.6,2.3881,0.0,0.00125,350.130005,2026-09-14,data/real/prices/yahoo/JPM.json,169021a2b0a0985c1c427b57fe640e22b6ce82a79377bc3075417c6a8b98d12c,SECONDARY,official DGS10-DGS3MO 21-session change,curve-steepener: flat +8.0bp
CurveSteepener_MaxBeta-00189,@CurveSteepener_MaxBeta,2026-09-11,2026-09-14,COLLECTED,XOM,sell,300,market,filled,2026-09-14,,168.69,300,50607.0,4.6315,0.593,0.00215,165.080002,2026-09-14,data/real/prices/yahoo/XOM.json,4a2c7d18351df35d3cb2b11781aad7ea882659abaffcd9d31683a3d09881cf97,SECONDARY,official DGS10-DGS3MO 21-session change,curve-steepener: flat +8.0bp
CurveSteepener_MaxBeta-00190,@CurveSteepener_MaxBeta,2026-09-11,2026-09-14,COLLECTED,SPY,buy,40,market,filled,2026-09-14,,759.01,40,30360.4,0.3763,0.132,9e-05,760.880005,2026-09-14,data/real/prices/yahoo/SPY.json,e0f05aaf67be23da1db20513eaed93274b165898427ebeab80c7cb2eca1d9a2d,SECONDARY,official DGS10-DGS3MO 21-session change,curve-steepener: flat +8.0bp
MLB_Attention_Live-00103,@MLB_Attention_Live,2026-09-11,2026-09-14,COLLECTED,DKNG,sell,3300,market,filled,2026-09-14,,25.01,3300,82533.0,44.1666,-0.0,0.03948,24.85,2026-09-14,data/real/prices/yahoo/DKNG.json,728eccb3861f5cb322bf539a1926fb53cb11fdf0d1412a8d19111bd3a9ac37ef,SECONDARY,official MLB StatsAPI schedule density,mlb-attention: sparse schedule (92 vs median 93)
MLB_Attention_Live-00104,@MLB_Attention_Live,2026-09-11,2026-09-14,COLLECTED,FLUT,sell,500,market,filled,2026-09-14,,101.74,500,50870.0,13.2447,2.948,0.02716,100.650002,2026-09-14,data/real/prices/yahoo/FLUT.json,b0ffbb30d24f61202de05dce905e96fb554a730be44b61df2e48712c8bcbabd0,SECONDARY,official MLB StatsAPI schedule density,mlb-attention: sparse schedule (92 vs median 93)
MLB_Attention_Live-00105,@MLB_Attention_Live,2026-09-11,2026-09-14,COLLECTED,PENN,sell,1700,market,filled,2026-09-14,,17.82,1700,30294.0,19.6614,-0.0,0.05785,18.0,2026-09-14,data/real/prices/yahoo/PENN.json,a08c607c0926b67cf07c1d783cb680772c85851bf312595d1e12c5291078fa04,SECONDARY,official MLB StatsAPI schedule density,mlb-attention: sparse schedule (92 vs median 93)
MLB_Attention_Live-00106,@MLB_Attention_Live,2026-09-11,2026-09-14,COLLECTED,SRAD,sell,4400,market,filled,2026-09-14,,12.98,4400,57112.0,82.2714,15.385,0.29845,13.2,2026-09-14,data/real/prices/yahoo/SRAD.json,2b98acbc8c99539adff859013008c24d152cb619d509bba11ec159ae2d4a7cb6,SECONDARY,official MLB StatsAPI schedule density,mlb-attention: sparse schedule (92 vs median 93)
VolControl_MaxLev-00084,@VolControl_MaxLev,2026-09-11,2026-09-14,COLLECTED,QQQ,buy,40,market,filled,2026-09-14,,703.34,40,28133.6,0.4051,0.142,0.00011,709.179993,2026-09-14,data/real/prices/yahoo/QQQ.json,ae9ec3c0b0b8e0f5cd28ee45eac2dfcff9f95a7c5a1244e170ab0980d85979ed,SECONDARY,official VIXCLS tercile scaling,vol-control: calm tercile (VIX 15.84 <= 16.40)
KitchenSink_Official-00197,@KitchenSink_Official,2026-09-11,2026-09-14,COLLECTED,TLT,buy,1000,market,filled,2026-09-14,,80.83,1000,80830.0,9.1742,1.237,0.00296,80.93,2026-09-14,data/real/prices/yahoo/TLT.json,b2914ca7451d1c04fbe97f399361df69871d9a8afcbb0121541ac2bdd13a29f3,SECONDARY,sign of eight official 21-session changes,kitchen-sink[riskoff]: score -3 of 8 official signs
DowNasdaq_SpreadMax-00061,@DowNasdaq_SpreadMax,2026-09-14,2026-09-15,COLLECTED,SPY,buy,40,market,filled,2026-09-15,,760.12,40,30404.8,0.3744,0.0,9e-05,757.390015,2026-09-15,data/real/prices/yahoo/SPY.json,e0f05aaf67be23da1db20513eaed93274b165898427ebeab80c7cb2eca1d9a2d,SECONDARY,official DJIA vs NASDAQCOM 63-session relative strength,dow-vs-nasdaq: Dow leg stronger (+2.38% vs +1.15%)
VIXRegime_LiveMax-00053,@VIXRegime_LiveMax,2026-09-14,2026-09-15,COLLECTED,QQQ,sell,80,market,filled,2026-09-15,,708.79,80,56703.2,2.057,0.141,0.0003,704.539978,2026-09-15,data/real/prices/yahoo/QQQ.json,ae9ec3c0b0b8e0f5cd28ee45eac2dfcff9f95a7c5a1244e170ab0980d85979ed,SECONDARY,official VIXCLS/SP500 regime rule,"vix-regime[undecided]: VIX 17.10 vs 60d median 16.35, 252d 80th percentile 19.86; S&P 7,620 vs 100d mean 7,502"
CurveSteepener_MaxBeta-00191,@CurveSteepener_MaxBeta,2026-09-14,2026-09-15,COLLECTED,XOM,sell,100,market,filled,2026-09-15,,165.36,100,16536.0,1.3731,0.0,0.00081,169.320007,2026-09-15,data/real/prices/yahoo/XOM.json,4a2c7d18351df35d3cb2b11781aad7ea882659abaffcd9d31683a3d09881cf97,SECONDARY,official DGS10-DGS3MO 21-session change,curve-steepener: flat +5.0bp
CurveSteepener_MaxBeta-00192,@CurveSteepener_MaxBeta,2026-09-14,2026-09-15,COLLECTED,SPY,buy,40,market,filled,2026-09-15,,760.12,40,30404.8,0.3744,0.0,9e-05,757.390015,2026-09-15,data/real/prices/yahoo/SPY.json,e0f05aaf67be23da1db20513eaed93274b165898427ebeab80c7cb2eca1d9a2d,SECONDARY,official DGS10-DGS3MO 21-session change,curve-steepener: flat +5.0bp
MLB_Attention_Live-00107,@MLB_Attention_Live,2026-09-14,2026-09-15,COLLECTED,FLUT,sell,100,market,filled,2026-09-15,,99.49,100,9949.0,1.7334,1.005,0.00609,99.910004,2026-09-15,data/real/prices/yahoo/FLUT.json,b0ffbb30d24f61202de05dce905e96fb554a730be44b61df2e48712c8bcbabd0,SECONDARY,official MLB StatsAPI schedule density,mlb-attention: sparse schedule (91 vs median 93)
MLB_Attention_Live-00108,@MLB_Attention_Live,2026-09-14,2026-09-15,COLLECTED,PENN,sell,2100,market,filled,2026-09-15,,17.95,2100,37695.0,25.0307,5.567,0.07739,17.74,2026-09-15,data/real/prices/yahoo/PENN.json,a08c607c0926b67cf07c1d783cb680772c85851bf312595d1e12c5291078fa04,SECONDARY,official MLB StatsAPI schedule density,mlb-attention: sparse schedule (91 vs median 93)
PinePilot_EMA_Live-00029,@PinePilot_EMA_Live,2026-09-14,2026-09-15,COLLECTED,QQQ,sell,280,market,filled,2026-09-15,,708.78,280,198458.4,7.9107,0.282,0.00105,704.539978,2026-09-15,data/real/prices/yahoo/QQQ.json,ae9ec3c0b0b8e0f5cd28ee45eac2dfcff9f95a7c5a1244e170ab0980d85979ed,SECONDARY,9/21 EMA cross,pinepilot: EMA9 713.42 < EMA21 713.76
VolControl_MaxLev-00085,@VolControl_MaxLev,2026-09-14,2026-09-15,COLLECTED,QQQ,sell,40,market,filled,2026-09-15,,708.79,40,28351.6,0.9943,0.141,0.00015,704.539978,2026-09-15,data/real/prices/yahoo/QQQ.json,ae9ec3c0b0b8e0f5cd28ee45eac2dfcff9f95a7c5a1244e170ab0980d85979ed,SECONDARY,official VIXCLS tercile scaling,vol-control: middle tercile (VIX 17.10)
KitchenSink_Official-00198,@KitchenSink_Official,2026-09-14,2026-09-15,COLLECTED,SPY,sell,40,market,filled,2026-09-15,,760.11,40,30404.4,1.0085,0.131,9e-05,757.390015,2026-09-15,data/real/prices/yahoo/SPY.json,e0f05aaf67be23da1db20513eaed93274b165898427ebeab80c7cb2eca1d9a2d,SECONDARY,sign of eight official 21-session changes,kitchen-sink[riskoff]: score -3 of 8 official signs
KitchenSink_Official-00199,@KitchenSink_Official,2026-09-14,2026-09-15,COLLECTED,TLT,buy,500,market,filled,2026-09-15,,80.63,500,40315.0,4.4037,0.0,0.00143,80.709999,2026-09-15,data/real/prices/yahoo/TLT.json,b2914ca7451d1c04fbe97f399361df69871d9a8afcbb0121541ac2bdd13a29f3,SECONDARY,sign of eight official 21-session changes,kitchen-sink[riskoff]: score -3 of 8 official signs
DowNasdaq_SpreadMax-00062,@DowNasdaq_SpreadMax,2026-09-15,2026-09-16,COLLECTED,SPY,buy,40,market,filled,2026-09-16,,759.51,40,30380.4,0.375,0.132,7e-05,754.049988,2026-09-16,data/real/prices/yahoo/SPY.json,e0f05aaf67be23da1db20513eaed93274b165898427ebeab80c7cb2eca1d9a2d,SECONDARY,official DJIA vs NASDAQCOM 63-session relative strength,dow-vs-nasdaq: Dow leg stronger (+0.82% vs -2.63%)
CurveSteepener_MaxBeta-00193,@CurveSteepener_MaxBeta,2026-09-15,2026-09-16,COLLECTED,SPY,sell,80,market,filled,2026-09-16,,759.5,80,60760.0,2.0628,-0.0,0.00014,754.049988,2026-09-16,data/real/prices/yahoo/SPY.json,e0f05aaf67be23da1db20513eaed93274b165898427ebeab80c7cb2eca1d9a2d,SECONDARY,official DGS10-DGS3MO 21-session change,curve-steepener: steepening +13.0bp
CurveSteepener_MaxBeta-00194,@CurveSteepener_MaxBeta,2026-09-15,2026-09-16,COLLECTED,JPM,buy,160,market,filled,2026-09-16,,353.4,160,56544.0,2.1572,0.566,0.00193,348.920013,2026-09-16,data/real/prices/yahoo/JPM.json,169021a2b0a0985c1c427b57fe640e22b6ce82a79377bc3075417c6a8b98d12c,SECONDARY,official DGS10-DGS3MO 21-session change,curve-steepener: steepening +13.0bp
CurveSteepener_MaxBeta-00195,@CurveSteepener_MaxBeta,2026-09-15,2026-09-16,COLLECTED,XOM,buy,300,market,filled,2026-09-16,,167.23,300,50169.0,3.5933,0.0,0.00223,163.320007,2026-09-16,data/real/prices/yahoo/XOM.json,4a2c7d18351df35d3cb2b11781aad7ea882659abaffcd9d31683a3d09881cf97,SECONDARY,official DGS10-DGS3MO 21-session change,curve-steepener: steepening +13.0bp
KitchenSink_Official-00200,@KitchenSink_Official,2026-09-15,2026-09-16,COLLECTED,TLT,buy,400,market,filled,2026-09-16,,80.95,400,32380.0,3.4837,1.235,0.00071,80.879997,2026-09-16,data/real/prices/yahoo/TLT.json,b2914ca7451d1c04fbe97f399361df69871d9a8afcbb0121541ac2bdd13a29f3,SECONDARY,sign of eight official 21-session changes,kitchen-sink[riskoff]: score -4 of 8 official signs
